# .PCD v0.7 - Point Cloud Data file format
VERSION 0.7
FIELDS x y z rgb
SIZE 4 4 4 4
TYPE F F F U
COUNT 1 1 1 1
WIDTH 20299
HEIGHT 1
VIEWPOINT 0 0 0 1 0 0 0
POINTS 20299
DATA ascii
1.391093 0.73170209 0.19955513 9211020
1.3913355 0.72295898 0.19958991 9211020
1.391578 0.71421278 0.19962469 9211020
1.3918207 0.70546359 0.19965951 9211020
1.3920633 0.69671124 0.19969431 9211020
1.3923061 0.68795592 0.19972914 9211020
1.392549 0.67919755 0.199764 9211020
1.3927919 0.67043608 0.19979882 9211020
1.3930349 0.66167158 0.19983369 9211020
1.3932781 0.65290403 0.19986857 9211020
1.3935213 0.64413339 0.19990347 9211020
1.3937646 0.6353597 0.19993837 9211020
1.394008 0.62658298 0.19997329 9211020
1.3942515 0.61780316 0.20000821 9211020
1.394495 0.60902023 0.20004314 9211020
1.3947387 0.60023433 0.2000781 9211020
1.3949823 0.59144527 0.20011306 9211020
1.3952262 0.58265316 0.20014805 9211020
1.3954701 0.57385802 0.20018303 9211020
1.395714 0.56505972 0.20021802 9211020
1.3959582 0.55625844 0.20025304 9211020
1.3962023 0.54745406 0.20028806 9211020
1.3964465 0.53864652 0.20032309 9211020
1.3966908 0.529836 0.20035814 9211020
1.3969353 0.52102238 0.20039321 9211020
1.3971797 0.5122056 0.20042828 9211020
1.3974243 0.50338578 0.20046337 9211020
1.3976691 0.49456289 0.20049848 9211020
1.3979138 0.48573691 0.20053358 9211020
1.3981587 0.47690782 0.20056871 9211020
1.3984035 0.4680756 0.20060383 9211020
1.3986485 0.45924032 0.20063898 9211020
1.3988936 0.45040193 0.20067413 9211020
1.3991388 0.44156048 0.20070931 9211020
1.3993841 0.43271592 0.20074449 9211020
1.3996295 0.42386824 0.20077969 9211020
1.3998748 0.41501743 0.20081489 9211020
1.4001204 0.40616357 0.20085011 9211020
1.4003661 0.39730659 0.20088536 9211020
1.4006118 0.38844651 0.20092061 9211020
1.4008576 0.3795833 0.20095587 9211020
1.4011034 0.37071696 0.20099112 7960953
1.4013493 0.36184755 0.20102641 7960953
1.4015954 0.35297498 0.20106171 7960953
1.4018415 0.34409934 0.20109701 7960953
1.4020877 0.33522055 0.20113233 7960953
1.4023341 0.32633868 0.20116767 7960953
1.4025805 0.31745365 0.20120303 7960953
1.4028269 0.3085655 0.20123838 7960953
1.4030735 0.29967424 0.20127375 7960953
1.4033203 0.29077989 0.20130916 7960953
1.403567 0.28188235 0.20134453 7960953
1.4038138 0.2729817 0.20137995 7960953
1.4040607 0.26407793 0.20141536 7960953
1.4043077 0.255171 0.20145079 7960953
1.4045548 0.24626097 0.20148624 7960953
1.4048018 0.23734777 0.20152168 7960953
1.4050492 0.22843145 0.20155716 7960953
1.4052966 0.219512 0.20159265 7960953
1.4055439 0.21058938 0.20162813 7960953
1.4057915 0.20166366 0.20166366 7960953
1.4060391 0.19273476 0.20169917 7960953
1.4062867 0.18380272 0.20173469 7960953
1.4065346 0.17486754 0.20177025 7960953
1.4067825 0.16592923 0.20180582 7960953
1.4070303 0.15698773 0.20184137 7960953
1.4072784 0.1480431 0.20187695 7960953
1.4075266 0.13909532 0.20191255 7960953
1.4077747 0.13014436 0.20194814 7960953
1.4080231 0.12119026 0.20198378 7960953
1.4082716 0.11223301 0.20201942 7960953
1.4085199 0.10327258 0.20205504 7960953
1.4087685 0.094309002 0.20209071 7960953
1.4090172 0.085342251 0.20212638 7960953
1.4092659 0.076372333 0.20216206 7960953
1.4095148 0.067399256 0.20219776 7960953
1.4097637 0.058423001 0.20223346 7960953
1.4100127 0.04944358 0.2022692 7960953
1.4102618 0.040460985 0.20230491 7960953
1.410511 0.031475216 0.20234068 7960953
1.4107603 0.022486269 0.20237643 7960953
1.4110097 0.013494147 0.2024122 7960953
1.4112591 0.004498844 0.20244798 7960953
1.4115086 -0.0044996394 0.20248377 7960953
1.4117582 -0.013501305 0.20251958 7960953
1.4120079 -0.022506157 0.2025554 7960953
1.4122577 -0.031514194 0.20259124 7960953
1.4125077 -0.040525418 0.20262709 7960953
1.4127575 -0.049539831 0.20266294 7960953
1.4130076 -0.058557436 0.20269881 7960953
1.4132578 -0.067578234 0.20273471 7960953
1.4135081 -0.076602228 0.20277061 7960953
1.4137584 -0.085629418 0.20280652 7960953
1.4140089 -0.094659805 0.20284244 7960953
1.4142592 -0.10369338 0.20287836 7960953
1.4145099 -0.11273018 0.20291433 7960953
1.4147606 -0.12177017 0.20295028 7960953
1.4150113 -0.13081336 0.20298624 7960953
1.4152622 -0.13985977 0.20302224 7960953
1.4155132 -0.14890938 0.20305824 7960953
1.4157642 -0.1579622 0.20309426 7960953
1.4160154 -0.16701823 0.20313029 7960953
1.4162666 -0.17607747 0.20316632 7960953
1.4165179 -0.18513994 0.20320237 7960953
1.4167693 -0.19420561 0.20323843 7960953
1.4170208 -0.20327452 0.20327452 7960953
1.4172723 -0.21234663 0.20331059 7960953
1.417524 -0.22142196 0.2033467 7960953
1.4177756 -0.2305005 0.2033828 7960953
1.4180275 -0.2395823 0.20341893 7960953
1.4182795 -0.24866733 0.20345509 7960953
1.4185318 -0.25775561 0.20349127 7960953
1.4187838 -0.26684707 0.20352742 7960953
1.419036 -0.27594179 0.2035636 7960953
1.4192884 -0.28503972 0.20359981 7960953
1.4195406 -0.29414088 0.20363599 7960953
1.4197931 -0.30324531 0.20367222 7960953
1.4200457 -0.31235296 0.20370845 7960953
1.4082079 -0.31872734 0.20201029 7960953
1.4084585 -0.32776389 0.20204623 7960953
1.4087092 -0.33680367 0.2020822 7960953
1.40896 -0.34584665 0.20211817 7960953
1.4092108 -0.35489285 0.20215416 7960953
1.4094617 -0.36394227 0.20219016 7960953
1.4097128 -0.37299493 0.20222616 7960953
1.409964 -0.38205081 0.20226219 6710886
1.4102151 -0.39110991 0.20229822 6710886
1.4104664 -0.40017223 0.20233428 6710886
1.4107178 -0.4092378 0.20237035 6710886
1.4109694 -0.41830662 0.20240642 6710886
1.4112209 -0.42737862 0.20244251 6710886
1.4114726 -0.43645388 0.20247862 6710886
1.4117244 -0.44553244 0.20251474 6710886
1.4119762 -0.45461416 0.20255086 7960953
1.4122281 -0.46369913 0.20258699 6710886
1.4124801 -0.47278735 0.20262314 6710886
1.4127322 -0.48187882 0.20265931 6710886
1.4129844 -0.4909735 0.20269549 6710886
1.4132366 -0.50007147 0.20273167 6710886
1.413489 -0.50917268 0.20276786 7960953
1.3717899 0.99267632 0.18804 6710886
1.3720276 0.98410076 0.18807259 6710886
1.3722656 0.97552234 0.18810521 6710886
1.3725036 0.966941 0.18813784 6710886
1.3727417 0.95835662 0.18817048 6710886
1.3729798 0.94976914 0.18820311 6710886
1.3732179 0.9411788 0.18823576 6710886
1.3734562 0.93258542 0.18826842 6710886
1.3736947 0.92398912 0.1883011 6710886
1.3739331 0.91538978 0.18833378 6710886
1.3741716 0.90678746 0.18836649 6710886
1.3744103 0.89818221 0.1883992 6710886
1.3746489 0.88957393 0.1884319 6710886
1.3748877 0.88096261 0.18846464 6710886
1.3751266 0.87234837 0.18849739 6710886
1.3753656 0.86373115 0.18853015 6710886
1.3756046 0.85511088 0.18856291 6710886
1.3758438 0.84648764 0.1885957 6710886
1.376083 0.83786142 0.18862849 6710886
1.3763223 0.82923216 0.18866129 6710886
1.3765616 0.82059991 0.1886941 6710886
1.376801 0.81196463 0.18872692 6710886
1.3770406 0.80332643 0.18875976 6710886
1.3772801 0.79468507 0.18879259 6710886
1.37752 0.7860409 0.18882546 6710886
1.3777597 0.77739358 0.18885833 6710886
1.3779997 0.76874334 0.18889122 6710886
1.3782395 0.76008993 0.18892409 6710886
1.3784796 0.75143367 0.18895701 6710886
1.3787197 0.74277431 0.18898992 6710886
1.37896 0.73411202 0.18902285 6710886
1.3792002 0.72544664 0.18905579 6710886
1.3794405 0.71677822 0.18908873 6710886
1.3796811 0.70810682 0.18912171 6710886
1.3799217 0.69943243 0.18915468 6710886
1.3801622 0.69075495 0.18918766 6710886
1.3804029 0.68207443 0.18922065 6710886
1.3806438 0.67339098 0.18925367 6710886
1.3808846 0.66470438 0.18928668 6710886
1.3811256 0.6560148 0.1893197 6710886
1.3813667 0.64732224 0.18935277 6710886
1.3816079 0.63862658 0.18938582 6710886
1.3818489 0.62992781 0.18941887 6710886
1.3820903 0.62122619 0.18945195 6710886
1.3823317 0.61252141 0.18948504 6710886
1.3825732 0.60381365 0.18951815 6710886
1.3828146 0.59510273 0.18955123 6710886
1.3830564 0.58638889 0.18958437 6710886
1.3832982 0.57767195 0.18961751 6710886
1.3835399 0.56895196 0.18965065 6710886
1.3837818 0.56022894 0.18968381 6710886
1.3840238 0.55150288 0.18971698 6710886
1.3842658 0.54277372 0.18975015 6710886
1.3845079 0.53404152 0.18978333 6710886
1.3847501 0.52530628 0.18981655 6710886
1.3849925 0.51656795 0.18984976 6710886
1.385235 0.50782663 0.18988301 6710886
1.3854773 0.49908218 0.18991622 6710886
1.3857199 0.49033469 0.18994948 6710886
1.3859626 0.48158416 0.18998274 6710886
1.3862054 0.47283059 0.19001603 6710886
1.3864481 0.4640739 0.19004931 6710886
1.3866911 0.45531416 0.19008261 6710886
1.3869342 0.44655135 0.19011593 6710886
1.3871772 0.43778548 0.19014925 6710886
1.3874203 0.42901647 0.19018257 6710886
1.3876636 0.42024446 0.19021592 6710886
1.3879069 0.41146934 0.19024926 6710886
1.3881503 0.40269116 0.19028263 6710886
1.3883939 0.3939099 0.19031602 6710886
1.3886374 0.38512555 0.1903494 6710886
1.3888812 0.37633812 0.19038282 6710886
1.3891249 0.3675476 0.19041622 6710886
1.3893688 0.35875401 0.19044966 6710886
1.3896127 0.34995729 0.19048309 6710886
1.3898567 0.34115753 0.19051653 6710886
1.3901007 0.33235464 0.19054998 6710886
1.390345 0.32354867 0.19058347 6710886
1.3905892 0.31473961 0.19061695 6710886
1.3908336 0.30592746 0.19065045 6710886
1.391078 0.2971122 0.19068395 6710886
1.3913226 0.28829387 0.19071747 6710886
1.3915672 0.27947241 0.19075102 6710886
1.3918118 0.27064782 0.19078454 6710886
1.3920567 0.2618202 0.1908181 6710886
1.3923016 0.25298941 0.19085167 6710886
1.3925465 0.24415556 0.19088525 6710886
1.3927915 0.23531856 0.19091883 6710886
1.3930367 0.22647847 0.19095245 6710886
1.3932819 0.21763527 0.19098605 6710886
1.3935273 0.20878896 0.19101968 6710886
1.3937726 0.19993952 0.19105332 6710886
1.3940182 0.19108698 0.19108698 6710886
1.3942637 0.18223131 0.19112064 6710886
1.3945093 0.17337251 0.1911543 6710886
1.3947551 0.16451061 0.19118799 6710886
1.3950009 0.15564556 0.19122168 6710886
1.3952469 0.14677741 0.19125541 6710886
1.3954928 0.1379061 0.19128911 6710886
1.395739 0.12903169 0.19132286 6710886
1.3959851 0.12015414 0.1913566 6710886
1.3962314 0.11127347 0.19139037 6710886
1.3964777 0.10238965 0.19142412 6710886
1.3967241 0.093502693 0.1914579 6710886
1.3969707 0.084612615 0.19149171 6710886
1.3972174 0.075719386 0.19152552 6710886
1.3974639 0.066823013 0.1915593 6710886
1.3977108 0.057923511 0.19159316 6710886
1.3979577 0.049020857 0.191627 6710886
1.3982046 0.040115058 0.19166084 6710886
1.3984516 0.031206112 0.19169469 6710886
1.3986988 0.02229402 0.19172858 6710886
1.398946 0.013378778 0.19176248 6710886
1.3991933 0.0044603804 0.19179636 6710886
1.3994408 -0.0044611692 0.19183029 6710886
1.3996882 -0.013385875 0.19186421 6710886
1.3999358 -0.022313738 0.19189815 6710886
1.4001834 -0.031244759 0.19193208 6710886
1.4004312 -0.04017894 0.19196604 6710886
1.4006791 -0.049116287 0.19200003 6710886
1.4009271 -0.058056798 0.19203402 6710886
1.4011749 -0.067000464 0.192068 6710886
1.4014231 -0.075947307 0.19210202 6710886
1.4016713 -0.084897317 0.19213603 6710886
1.4019195 -0.093850493 0.19217005 6710886
1.4021679 -0.10280685 0.19220412 6710886
1.4024163 -0.11176638 0.19223817 6710886
1.4026649 -0.12072908 0.19227225 6710886
1.4029135 -0.12969495 0.19230631 6710886
1.4031622 -0.13866402 0.19234042 6710886
1.403411 -0.14763625 0.19237451 6710886
1.4036599 -0.15661168 0.19240864 6710886
1.4039088 -0.16559027 0.19244276 6710886
1.404158 -0.17457208 0.19247691 6710886
1.4044071 -0.18355706 0.19251105 6710886
1.4046564 -0.19254522 0.19254522 6710886
1.4049057 -0.20153658 0.1925794 6710886
1.4051551 -0.21053113 0.19261359 6710886
1.4054047 -0.21952888 0.1926478 6710886
1.4056542 -0.22852981 0.192682 6710886
1.4059038 -0.23753394 0.19271621 6710886
1.4061537 -0.24654129 0.19275047 6710886
1.4064035 -0.25555184 0.19278471 6710886
1.4066534 -0.26456556 0.19281897 6710886
1.4069035 -0.27358252 0.19285326 6710886
1.4071536 -0.28260267 0.19288753 6710886
1.4074039 -0.29162607 0.19292185 6710886
1.4076542 -0.30065259 0.19295615 6710886
1.4079046 -0.3096824 0.19299048 6710886
1.4081551 -0.31871539 0.19302481 6710886
1.4084057 -0.32775161 0.19305916 6710886
1.4086562 -0.33679101 0.19309351 6710886
1.4089071 -0.34583366 0.19312789 6710886
1.409158 -0.35487956 0.19316229 6710886
1.4094088 -0.36392862 0.19319667 6710886
1.4096599 -0.37298092 0.19323108 6710886
1.409911 -0.38203648 0.19326551 6710886
1.4101622 -0.39109522 0.19329995 6710886
1.4104135 -0.40015721 0.19333439 6710886
1.4106649 -0.40922245 0.19336885 6710886
1.4109163 -0.41829088 0.19340332 6710886
1.411168 -0.42736259 0.19343781 6710886
1.4114195 -0.43643749 0.1934723 6710886
1.4116713 -0.44551566 0.19350681 6710886
1.4119231 -0.45459703 0.19354132 6710886
1.4121748 -0.46368164 0.19357583 6710886
1.4124269 -0.47276956 0.19361039 6710886
1.412679 -0.48186064 0.19364493 6710886
1.4129311 -0.490955 0.1936795 6710886
1.4131833 -0.50005257 0.19371407 6710886
1.4134357 -0.50915349 0.19374867 7960953
1.3717399 0.99264008 0.17928742 6710886
1.3719777 0.98406494 0.1793185 6710886
1.3722154 0.9754867 0.17934957 6710886
1.3724535 0.96690565 0.17938069 6710886
1.3726915 0.95832157 0.1794118 6710886
1.3729295 0.94973439 0.1794429 6710886
1.3731678 0.94114441 0.17947404 6710886
1.3734061 0.93255138 0.17950518 6710886
1.3736445 0.92395538 0.17953636 6710886
1.3738828 0.91535628 0.1795675 6710886
1.3741213 0.90675431 0.17959867 6710886
1.37436 0.89814931 0.17962986 6710886
1.3745987 0.88954145 0.17966108 6710886
1.3748374 0.88093036 0.17969227 6710886
1.3750763 0.87231648 0.17972349 6710886
1.3753152 0.8636995 0.17975472 6710886
1.3755543 0.85507959 0.17978597 6710886
1.3757933 0.84645665 0.17981721 6710886
1.3760326 0.83783072 0.17984848 6710886
1.3762718 0.82920176 0.17987975 6710886
1.3765111 0.82056981 0.17991102 6710886
1.3767506 0.81193489 0.17994232 6710886
1.3769901 0.80329692 0.17997363 6710886
1.3772298 0.79465604 0.18000495 6710886
1.3774693 0.78601199 0.18003626 6710886
1.3777092 0.77736503 0.18006761 6710886
1.377949 0.76871508 0.18009895 6710886
1.378189 0.7600621 0.18013032 6710886
1.3784289 0.75140607 0.18016168 6710886
1.3786691 0.74274707 0.18019308 6710886
1.3789093 0.73408508 0.18022448 6710886
1.3791497 0.72542006 0.18025589 6710886
1.3793899 0.71675187 0.18028729 6710886
1.3796303 0.70808077 0.18031871 6710886
1.3798709 0.69940668 0.18035015 6710886
1.3801115 0.6907295 0.1803816 6710886
1.3803521 0.68204933 0.18041305 6710886
1.3805931 0.67336619 0.18044454 6710886
1.3808339 0.66467994 0.18047601 6710886
1.3810748 0.65599066 0.1805075 6710886
1.3813158 0.6472984 0.180539 6710886
1.381557 0.63860309 0.18057053 6710886
1.3817983 0.62990475 0.18060206 6710886
1.3820394 0.6212033 0.18063357 6710886
1.3822808 0.61249888 0.18066514 6710886
1.3825223 0.60379142 0.1806967 6710886
1.3827639 0.59508085 0.18072826 6710886
1.3830054 0.58636725 0.18075983 6710886
1.3832471 0.57765067 0.18079142 6710886
1.383489 0.56893104 0.18082304 6710886
1.3837308 0.56020826 0.18085463 6710886
1.3839728 0.5514825 0.18088627 6710886
1.3842148 0.5427537 0.1809179 6710886
1.384457 0.53402185 0.18094955 6710886
1.3846991 0.52528691 0.1809812 6710886
1.3849415 0.51654893 0.18101288 6710886
1.3851838 0.50780791 0.18104455 6710886
1.3854263 0.49906379 0.18107624 6710886
1.3856688 0.4903166 0.18110794 6710886
1.3859115 0.4815664 0.18113966 6710886
1.3861542 0.4728131 0.18117137 6710886
1.386397 0.46405676 0.18120311 6710886
1.3866398 0.45529732 0.18123485 6710886
1.3868829 0.44653484 0.18126662 6710886
1.387126 0.43776929 0.18129839 6710886
1.387369 0.42900062 0.18133016 6710886
1.3876123 0.42022893 0.18136196 6710886
1.3878556 0.41145414 0.18139376 6710886
1.3880991 0.40267628 0.18142559 6710886
1.3883425 0.39389533 0.1814574 6710886
1.388586 0.38511127 0.18148923 6710886
1.3888298 0.37632421 0.18152109 6710886
1.3890735 0.36753398 0.18155293 6710886
1.3893173 0.35874069 0.18158481 6710886
1.3895613 0.34994435 0.18161669 6710886
1.3898053 0.34114492 0.18164858 6710886
1.3900492 0.33234233 0.18168047 6710886
1.3902935 0.32353669 0.18171239 6710886
1.3905377 0.31472796 0.18174432 6710886
1.3907821 0.30591613 0.18177626 6710886
1.3910265 0.2971012 0.18180819 6710886
1.391271 0.28828317 0.18184015 6710886
1.3915156 0.27946204 0.18187213 6710886
1.3917603 0.27063781 0.18190411 6710886
1.3920051 0.26181048 0.1819361 6710886
1.3922499 0.25298005 0.18196811 6710886
1.3924949 0.2441465 0.18200012 6710886
1.39274 0.23530985 0.18203215 6710886
1.392985 0.22647007 0.18206418 6710886
1.3932302 0.2176272 0.18209623 6710886
1.3934755 0.20878121 0.18212828 6710886
1.3937209 0.1999321 0.18216035 6710886
1.3939663 0.19107987 0.18219243 6710886
1.3942119 0.18222453 0.18222453 6710886
1.3944576 0.17336607 0.18225664 6710886
1.3947033 0.16450448 0.18228875 6710886
1.3949491 0.15563978 0.18232088 6710886
1.395195 0.14677195 0.18235302 6710886
1.3954411 0.13790099 0.18238518 6710886
1.395687 0.12902689 0.18241732 6710886
1.3959332 0.12014967 0.1824495 6710886
1.3961794 0.11126933 0.18248169 6710886
1.3964258 0.10238584 0.18251389 6710886
1.3966721 0.093499213 0.18254608 6710886
1.3969187 0.084609456 0.18257831 6710886
1.3971653 0.075716563 0.18261054 6710886
1.3974119 0.066820532 0.18264277 6710886
1.3976587 0.05792135 0.18267503 6710886
1.3979056 0.049019031 0.18270729 6710886
1.3981526 0.040113568 0.18273959 6710886
1.3983995 0.03120495 0.18277185 6710886
1.3986467 0.022293191 0.18280417 6710886
1.3988938 0.013378277 0.18283646 6710886
1.3991413 0.0044602146 0.18286881 6710886
1.3993886 -0.004461003 0.18290113 6710886
1.399636 -0.013385376 0.18293346 6710886
1.3998836 -0.022312906 0.18296583 6710886
1.4001313 -0.031243596 0.18299821 6710886
1.4003789 -0.040177442 0.18303056 6710886
1.4006268 -0.049114451 0.18306296 6710886
1.4008747 -0.05805463 0.18309537 6710886
1.4011226 -0.06699796 0.18312776 6710886
1.4013708 -0.075944476 0.1831602 6710886
1.401619 -0.08489415 0.18319264 6710886
1.4018673 -0.093846999 0.1832251 6710886
1.4021155 -0.10280301 0.18325754 6710886
1.4023639 -0.1117622 0.18329 6710886
1.4026124 -0.12072457 0.18332249 6710886
1.4028611 -0.12969011 0.18335499 6710886
1.4031098 -0.13865884 0.18338749 6710886
1.4033586 -0.14763074 0.18342 6710886
1.4036075 -0.15660582 0.18345255 6710886
1.4038564 -0.16558409 0.18348508 6710886
1.4041054 -0.17456554 0.18351762 6710886
1.4043546 -0.18355018 0.18355018 6710886
1.4046038 -0.19253802 0.18358277 6710886
1.4048531 -0.20152904 0.18361534 6710886
1.4051025 -0.21052325 0.18364795 6710886
1.405352 -0.21952066 0.18368055 6710886
1.4056016 -0.22852127 0.18371318 6710886
1.4058512 -0.23752506 0.1837458 6710886
1.406101 -0.24653205 0.18377845 6710886
1.4063509 -0.25554225 0.1838111 6710886
1.4066008 -0.26455566 0.18384378 6710886
1.4068507 -0.27357224 0.18387643 6710886
1.4071009 -0.28259209 0.18390913 6710886
1.4073511 -0.2916151 0.18394184 6710886
1.4076014 -0.30064133 0.18397455 6710886
1.4078517 -0.30967075 0.18400726 6710886
1.4081023 -0.31870344 0.18404001 6710886
1.4083529 -0.3277393 0.18407276 6710886
1.4086034 -0.33677837 0.18410552 6710886
1.4088541 -0.34582067 0.18413828 6710886
1.4091051 -0.35486624 0.18417108 6710886
1.409356 -0.36391497 0.18420388 6710886
1.4096069 -0.37296692 0.18423668 6710886
1.409858 -0.38202211 0.18426949 6710886
1.4101093 -0.39108056 0.18430233 6710886
1.4103606 -0.40014219 0.18433517 6710886
1.4106119 -0.40920708 0.18436801 6710886
1.4108633 -0.41827518 0.18440087 6710886
1.4111149 -0.42734653 0.18443377 6710886
1.4113666 -0.43642113 0.18446666 6710886
1.4116182 -0.44549891 0.18449955 6710886
1.4118699 -0.45457992 0.18453245 6710886
1.4121218 -0.4636642 0.18456537 6710886
1.4123737 -0.47275171 0.18459828 6710886
1.4126258 -0.48184252 0.18463124 6710886
1.4128778 -0.49093646 0.18466417 6710886
1.4131302 -0.5000338 0.18469717 6710886
1.4133825 -0.50913429 0.18473014 7960953
1.3716897 0.99260378 0.17053545 6710886
1.3719275 0.98402894 0.17056502 6710886
1.3721652 0.97545099 0.17059457 6710886
1.3724033 0.96687031 0.17062417 6710886
1.3726412 0.95828646 0.17065375 6710886
1.3728794 0.94969976 0.17068337 6710886
1.3731174 0.9411099 0.17071296 6710886
1.3733557 0.93251717 0.17074259 6710886
1.3735942 0.92392153 0.17077222 6710886
1.3738326 0.91532284 0.17080186 6710886
1.374071 0.90672112 0.17083152 6710886
1.3743097 0.89811647 0.17086118 6710886
1.3745483 0.88950878 0.17089085 6710886
1.3747871 0.88089818 0.17092054 6710886
1.3750259 0.87228447 0.17095022 6710886
1.3752649 0.86366791 0.17097993 6710886
1.3755039 0.8550483 0.17100966 6710886
1.3757429 0.84642559 0.17103937 6710886
1.375982 0.83779997 0.1710691 6710886
1.3762214 0.82917142 0.17109886 6710886
1.3764607 0.82053971 0.1711286 6710886
1.3767 0.81190509 0.17115836 6710886
1.3769397 0.80326748 0.17118816 6710886
1.3771793 0.79462689 0.17121795 6710886
1.3774189 0.7859832 0.17124774 6710886
1.3776586 0.77733654 0.17127754 6710886
1.3778985 0.76868689 0.17130736 6710886
1.3781384 0.7600342 0.17133719 6710886
1.3783784 0.75137848 0.17136702 6710886
1.3786185 0.74271977 0.17139688 6710886
1.3788587 0.73405808 0.17142674 6710886
1.379099 0.72539335 0.17145662 6710886
1.3793392 0.71672553 0.17148648 6710886
1.3795797 0.70805478 0.17151637 6710886
1.3798202 0.69938099 0.17154628 6710886
1.3800608 0.69070417 0.17157619 6710886
1.3803015 0.6820243 0.17160611 6710886
1.3805423 0.67334145 0.17163604 6710886
1.3807831 0.66465551 0.171666 6710886
1.3810241 0.65596658 0.17169596 6710886
1.381265 0.64727455 0.17172591 6710886
1.3815061 0.63857955 0.17175588 6710886
1.3817474 0.62988156 0.17178588 6710886
1.3819885 0.62118042 0.17181586 6710886
1.3822299 0.61247629 0.17184587 6710886
1.3824713 0.60376912 0.17187588 6710886
1.382713 0.59505898 0.17190592 6710886
1.3829545 0.58634567 0.17193595 6710886
1.3831961 0.57762933 0.17196599 6710886
1.383438 0.56891006 0.17199606 6710886
1.3836799 0.56018764 0.17202613 6710886
1.3839216 0.55146217 0.17205618 6710886
1.3841637 0.54273367 0.17208628 6710886
1.3844059 0.53400213 0.17211638 6710886
1.3846481 0.52526754 0.17214651 6710886
1.3848903 0.51652986 0.17217663 6710886
1.3851327 0.50778913 0.17220676 6710886
1.3853751 0.49904537 0.1722369 6710886
1.3856176 0.49029851 0.17226705 6710886
1.3858603 0.48154864 0.17229722 6710886
1.386103 0.47279567 0.1723274 6710886
1.3863459 0.46403965 0.17235759 6710886
1.3865886 0.45528048 0.17238776 6710886
1.3868316 0.44651836 0.17241798 6710886
1.3870747 0.43775311 0.1724482 6710886
1.3873179 0.42898482 0.17247844 6710886
1.387561 0.42021337 0.17250866 6710886
1.3878043 0.41143891 0.17253891 6710886
1.3880477 0.40266138 0.17256917 6710886
1.3882912 0.39388078 0.17259943 6710886
1.3885347 0.38509703 0.1726297 6710886
1.3887783 0.37631026 0.17265999 6710886
1.3890221 0.36752039 0.1726903 6710886
1.3892659 0.35872743 0.17272061 6710886
1.3895098 0.34993139 0.17275093 6710886
1.3897538 0.34113225 0.17278127 6710886
1.389998 0.33233005 0.17281163 6710886
1.390242 0.32352471 0.17284197 6710886
1.3904862 0.31471631 0.17287233 6710886
1.3907306 0.30590481 0.17290272 6710886
1.390975 0.2970902 0.1729331 6710886
1.3912195 0.2882725 0.1729635 6710886
1.3914641 0.2794517 0.17299391 6710886
1.3917087 0.2706278 0.17302433 6710886
1.3919536 0.2618008 0.17305477 6710886
1.3921983 0.25297067 0.1730852 6710886
1.3924433 0.24413745 0.17311564 6710886
1.3926883 0.23530112 0.1731461 6710886
1.3929334 0.22646168 0.17317657 6710886
1.3931786 0.21761914 0.17320706 6710886
1.3934238 0.20877345 0.17323755 6710886
1.3936692 0.19992469 0.17326806 6710886
1.3939146 0.19107278 0.17329857 6710886
1.3941602 0.18221776 0.1733291 6710886
1.3944058 0.17335965 0.17335965 6710886
1.3946515 0.16449839 0.17339018 6710886
1.3948972 0.15563399 0.17342073 6710886
1.3951432 0.14676648 0.1734513 6710886
1.3953892 0.13789587 0.1734819 6710886
1.3956352 0.12902211 0.17351249 6710886
1.3958813 0.12014521 0.17354308 6710886
1.3961276 0.11126519 0.1735737 6710886
1.3963739 0.10238203 0.17360431 6710886
1.3966202 0.093495734 0.17363493 6710886
1.3968667 0.084606312 0.17366558 6710886
1.3971133 0.075713746 0.17369625 6710886
1.39736 0.066818044 0.17372692 6710886
1.3976067 0.057919197 0.1737576 6710886
1.3978535 0.049017206 0.17378826 6710886
1.3981005 0.040112071 0.17381898 6710886
1.3983475 0.03120379 0.17384969 6710886
1.3985945 0.022292359 0.1738804 6710886
1.3988417 0.013377779 0.17391114 6710886
1.3990891 0.0044600484 0.17394188 6710886
1.3993363 -0.0044608368 0.17397262 6710886
1.3995838 -0.013384877 0.17400339 6710886
1.3998314 -0.022312073 0.17403418 6710886
1.4000791 -0.03124243 0.17406498 6710886
1.4003267 -0.040175945 0.17409575 6710886
1.4005746 -0.049112622 0.17412657 6710886
1.4008224 -0.058052462 0.17415738 6710886
1.4010705 -0.066995472 0.17418823 6710886
1.4013184 -0.075941637 0.17421904 6710886
1.4015666 -0.084890977 0.1742499 6710886
1.4018148 -0.09384349 0.17428076 6710886
1.4020633 -0.10279918 0.17431165 6710886
1.4023116 -0.11175802 0.17434251 6710886
1.4025601 -0.12072006 0.17437342 6710886
1.4028087 -0.12968527 0.17440432 6710886
1.4030573 -0.13865365 0.17443524 6710886
1.4033061 -0.14762522 0.17446616 6710886
1.403555 -0.15659997 0.17449711 6710886
1.4038039 -0.1655779 0.17452806 6710886
1.4040529 -0.17455901 0.17455901 6710886
1.404302 -0.18354331 0.17458998 6710886
1.4045513 -0.19253081 0.17462097 6710886
1.4048007 -0.20152152 0.17465198 6710886
1.4050499 -0.21051537 0.17468296 6710886
1.4052994 -0.21951245 0.17471398 6710886
1.4055489 -0.2285127 0.17474501 6710886
1.4057987 -0.23751618 0.17477606 6710886
1.4060483 -0.24652281 0.17480709 6710886
1.4062982 -0.25553268 0.17483816 6710886
1.4065481 -0.26454577 0.17486924 6710886
1.406798 -0.27356201 0.17490029 6710886
1.4070481 -0.28258148 0.17493139 6710886
1.4072983 -0.29160416 0.17496251 6710886
1.4075487 -0.30063006 0.17499362 6710886
1.407799 -0.30965915 0.17502475 6710886
1.4080495 -0.31869149 0.17505589 6710886
1.4083 -0.32772702 0.17508703 6710886
1.4085506 -0.33676577 0.17511819 6710886
1.4088013 -0.3458077 0.17514937 6710886
1.4090521 -0.35485289 0.17518054 6710886
1.4093031 -0.36390132 0.17521174 6710886
1.4095541 -0.37295294 0.17524295 6710886
1.4098051 -0.38200778 0.17527415 6710886
1.4100562 -0.39106584 0.17530538 6710886
1.4103075 -0.40012714 0.17533661 6710886
1.4105589 -0.4091917 0.17536788 6710886
1.4108104 -0.41825947 0.17539914 6710886
1.4110619 -0.42733046 0.1754304 6710886
1.4113134 -0.43640468 0.17546168 6710886
1.4115651 -0.44548213 0.17549296 6710886
1.411817 -0.45456287 0.17552428 6710886
1.4120685 -0.46364671 0.17555556 6710886
1.4123205 -0.47273391 0.17558688 6710886
1.4125725 -0.48182434 0.17561822 6710886
1.4128246 -0.49091801 0.17564955 6710886
1.4130769 -0.5000149 0.17568092 6710886
1.4133292 -0.5091151 0.17571229 7960953
1.3716396 0.99256754 0.16178414 6710886
1.3718773 0.98399293 0.16181217 6710886
1.3721153 0.97541553 0.16184025 6710886
1.3723531 0.9668349 0.16186829 6710886
1.372591 0.95825142 0.16189636 6710886
1.3728292 0.94966501 0.16192445 6710886
1.3730674 0.94107556 0.16195254 6710886
1.3733056 0.93248314 0.16198063 6710886
1.3735439 0.92388767 0.16200875 6710886
1.3737823 0.91528934 0.16203687 6710886
1.3740207 0.90668792 0.16206498 6710886
1.3742594 0.89808357 0.16209313 6710886
1.374498 0.88947624 0.16212128 6710886
1.3747368 0.88086593 0.16214944 6710886
1.3749756 0.87225258 0.16217761 6710886
1.3752145 0.86363626 0.16220579 6710886
1.3754535 0.85501695 0.16223398 6710886
1.3756926 0.84639466 0.16226219 6710886
1.3759316 0.83776927 0.16229038 6710886
1.3761709 0.82914096 0.1623186 6710886
1.3764102 0.82050967 0.16234683 6710886
1.3766497 0.8118754 0.16237508 6710886
1.3768891 0.80323803 0.16240332 6710886
1.3771287 0.79459769 0.16243158 6710886
1.3773683 0.78595436 0.16245984 6710886
1.3776081 0.77730799 0.16248812 6710886
1.3778479 0.76865864 0.1625164 6710886
1.3780878 0.76000625 0.1625447 6710886
1.3783278 0.75135094 0.16257301 6710886
1.3785678 0.74269247 0.16260132 6710886
1.378808 0.73403114 0.16262965 6710886
1.3790482 0.72536665 0.16265798 6710886
1.3792887 0.7166993 0.16268635 6710886
1.379529 0.70802879 0.16271469 6710886
1.3797694 0.69935524 0.16274305 6710886
1.3800101 0.69067878 0.16277143 6710886
1.3802508 0.68199927 0.16279982 6710886
1.3804915 0.67331666 0.16282821 6710886
1.3807323 0.66463107 0.16285661 6710886
1.3809732 0.65594244 0.16288503 6710886
1.3812141 0.64725071 0.16291344 6710886
1.3814553 0.63855606 0.16294189 6710886
1.3816965 0.62985831 0.16297033 6710886
1.3819377 0.62115759 0.1629988 6710886
1.382179 0.61245376 0.16302726 6710886
1.3824204 0.60374689 0.16305573 6710886
1.3826619 0.59503698 0.16308421 6710886
1.3829036 0.5863241 0.16311271 6710886
1.3831452 0.57760811 0.16314122 6710886
1.383387 0.56888908 0.16316973 6710886
1.3836288 0.56016701 0.16319826 6710886
1.3838707 0.55144185 0.1632268 6710886
1.3841127 0.5427137 0.16325533 6710886
1.3843548 0.53398246 0.16328388 6710886
1.3845971 0.52524817 0.16331246 6710886
1.3848392 0.51651078 0.16334102 6710886
1.3850815 0.50777042 0.16336961 6710886
1.385324 0.49902695 0.16339821 6710886
1.3855666 0.49028045 0.16342682 6710886
1.3858091 0.48153082 0.16345541 6710886
1.3860518 0.47277817 0.16348405 6710886
1.3862946 0.46402249 0.16351269 6710886
1.3865376 0.45526373 0.16354135 6710886
1.3867804 0.44650185 0.16356999 6710886
1.3870234 0.43773693 0.16359866 6710886
1.3872666 0.42896897 0.16362734 6710886
1.3875098 0.4201979 0.16365603 6710886
1.387753 0.41142371 0.16368471 6710886
1.3879964 0.40264651 0.16371341 6710886
1.3882399 0.39386621 0.16374213 6710886
1.3884833 0.38508278 0.16377084 6710886
1.3887269 0.37629634 0.16379958 6710886
1.3889707 0.3675068 0.16382833 6710886
1.3892145 0.35871416 0.16385709 6710886
1.3894583 0.34991843 0.16388585 6710886
1.3897023 0.34111962 0.16391462 6710886
1.3899465 0.33231774 0.16394342 6710886
1.3901906 0.32351276 0.16397221 6710886
1.3904347 0.31470466 0.16400102 6710886
1.3906791 0.30589348 0.16402984 6710886
1.3909235 0.29707921 0.16405866 6710886
1.3911679 0.2882618 0.16408749 6710886
1.3914125 0.27944133 0.16411634 6710886
1.3916571 0.27061775 0.16414519 6710886
1.391902 0.26179108 0.16417408 6710886
1.3921467 0.25296128 0.16420294 6710886
1.3923916 0.24412838 0.16423182 6710886
1.3926367 0.23529239 0.16426073 6710886
1.3928818 0.22645329 0.16428964 6710886
1.3931268 0.21761104 0.16431855 6710886
1.3933721 0.2087657 0.16434747 6710886
1.3936175 0.19991727 0.16437642 6710886
1.393863 0.1910657 0.16440538 6710886
1.3941084 0.18221101 0.16443433 6710886
1.394354 0.1733532 0.16446328 6710886
1.3945997 0.16449226 0.16449226 6710886
1.3948454 0.1556282 0.16452125 6710886
1.3950913 0.14676103 0.16455024 6710886
1.3953372 0.13789073 0.16457926 6710886
1.3955834 0.12901731 0.1646083 6710886
1.3958293 0.12014073 0.1646373 6710886
1.3960756 0.11126105 0.16466635 6710886
1.3963219 0.10237822 0.1646954 6710886
1.3965683 0.093492262 0.16472447 6710886
1.3968147 0.084603161 0.16475353 6710886
1.3970613 0.07571093 0.16478261 6710886
1.397308 0.066815555 0.16481172 6710886
1.3975548 0.057917044 0.16484082 6710886
1.3978015 0.04901538 0.16486992 6710886
1.3980484 0.040110577 0.16489904 6710886
1.3982954 0.031202627 0.16492817 6710886
1.3985424 0.022291528 0.16495731 6710886
1.3987896 0.013377281 0.16498648 6710886
1.399037 0.0044598822 0.16501565 6710886
1.3992844 -0.004460671 0.16504481 6710886
1.3995317 -0.013384379 0.16507399 6710886
1.3997792 -0.022311242 0.16510318 6710886
1.4000268 -0.031241262 0.16513239 6710886
1.4002745 -0.040174447 0.16516161 6710886
1.4005222 -0.049110785 0.16519083 6710886
1.4007702 -0.058050297 0.16522007 6710886
1.4010181 -0.066992968 0.16524932 6710886
1.4012662 -0.075938806 0.16527858 6710886
1.4015143 -0.08488781 0.16530783 6710886
1.4017625 -0.093839981 0.16533712 6710886
1.4020108 -0.10279533 0.1653664 6710886
1.4022591 -0.11175384 0.16539569 6710886
1.4025077 -0.12071554 0.165425 6710886
1.4027562 -0.12968041 0.16545433 6710886
1.403005 -0.13864848 0.16548367 6710886
1.4032537 -0.14761971 0.16551299 6710886
1.4035025 -0.15659411 0.16554235 6710886
1.4037515 -0.16557172 0.16557172 6710886
1.4040005 -0.1745525 0.16560109 6710886
1.4042495 -0.18353646 0.16563046 6710886
1.4044987 -0.19252361 0.16565984 6710886
1.4047481 -0.20151398 0.16568926 6710886
1.4049975 -0.21050751 0.16571867 6710886
1.4052467 -0.21950421 0.16574807 6710886
1.4054964 -0.22850415 0.16577752 6710886
1.405746 -0.23750727 0.16580696 6710886
1.4059956 -0.24651358 0.16583641 6710886
1.4062455 -0.25552312 0.16586588 6710886
1.4064955 -0.26453584 0.16589537 6710886
1.4067454 -0.27355179 0.16592485 6710886
1.4069954 -0.2825709 0.16595434 6710886
1.4072456 -0.29159325 0.16598386 6710886
1.4074959 -0.3006188 0.16601336 6710886
1.4077463 -0.30964759 0.16604291 6710886
1.4079967 -0.31867954 0.16607243 6710886
1.4082471 -0.32771471 0.16610198 6710886
1.4084978 -0.33675313 0.16613154 6710886
1.4087485 -0.34579474 0.16616111 6710886
1.4089992 -0.35483956 0.16619068 6710886
1.4092501 -0.36388764 0.16622028 6710886
1.4095012 -0.37293893 0.16624989 6710886
1.4097522 -0.38199344 0.16627951 6710886
1.4100033 -0.39105117 0.16630912 6710886
1.4102546 -0.40011215 0.16633876 6710886
1.4105059 -0.40917632 0.1663684 6710886
1.4107573 -0.41824374 0.16639805 6710886
1.4110088 -0.4273144 0.16642772 6710886
1.4112602 -0.43638825 0.16645737 6710886
1.411512 -0.44546539 0.16648707 6710886
1.4117638 -0.45454577 0.16651677 6710886
1.4120153 -0.46362925 0.16654643 6710886
1.4122673 -0.47271612 0.16657616 6710886
1.4125195 -0.48180622 0.16660589 6710886
1.4127715 -0.49089953 0.16663562 6710886
1.4130237 -0.4999961 0.16666538 8750469
1.4132761 -0.50909597 0.16669513 10000536
1.3715894 0.99253124 0.15303345 6710886
1.3718272 0.98395705 0.15305999 6710886
1.3720651 0.97537982 0.15308651 6710886
1.372303 0.96679968 0.15311307 6710886
1.3725408 0.95821637 0.15313961 6710886
1.372779 0.94963032 0.15316617 6710886
1.3730171 0.94104111 0.15319274 6710886
1.3732553 0.93244898 0.15321931 6710886
1.3734937 0.92385393 0.15324591 6710886
1.3737321 0.9152559 0.15327251 6710886
1.3739705 0.90665478 0.15329912 6710886
1.374209 0.89805073 0.15332574 6710886
1.3744477 0.8894437 0.15335236 6710886
1.3746865 0.88083369 0.15337899 6710886
1.3749253 0.87222064 0.15340564 6710886
1.375164 0.86360455 0.15343228 6710886
1.375403 0.85498559 0.15345895 6710886
1.3756422 0.8463636 0.15348563 6710886
1.3758813 0.83773863 0.15351231 6710886
1.3761204 0.82911056 0.15353899 6710886
1.3763598 0.82047963 0.1535657 6710886
1.3765992 0.8118456 0.15359241 6710886
1.3768386 0.80320853 0.15361911 6710886
1.3770782 0.79456854 0.15364586 6710886
1.3773178 0.78592551 0.15367259 6710886
1.3775576 0.77727956 0.15369935 6710886
1.3777972 0.76863039 0.15372609 6710886
1.3780372 0.75997841 0.15375285 6710886
1.3782772 0.75132334 0.15377963 6710886
1.3785173 0.74266529 0.15380642 6710886
1.3787574 0.73400414 0.15383321 6710886
1.3789976 0.72534001 0.15386 6710886
1.379238 0.71667296 0.15388682 6710886
1.3794783 0.70800275 0.15391365 6710886
1.3797188 0.69932956 0.15394047 6710886
1.3799593 0.69065338 0.15396732 6710886
1.3802 0.68197417 0.15399417 6710886
1.3804407 0.67329192 0.15402102 6710886
1.3806815 0.66460663 0.15404789 6710886
1.3809224 0.6559183 0.15407477 6710886
1.3811635 0.64722699 0.15410167 6710886
1.3814044 0.63853252 0.15412855 6710886
1.3816456 0.62983513 0.15415545 6710886
1.3818868 0.6211347 0.15418237 6710886
1.3821282 0.61243123 0.1542093 6710886
1.3823695 0.60372466 0.15423623 6710886
1.382611 0.59501511 0.15426317 6710886
1.3828527 0.58630252 0.15429014 6710886
1.3830943 0.57758683 0.1543171 6710886
1.3833359 0.5688681 0.15434405 6710886
1.3835778 0.56014633 0.15437104 6710886
1.3838197 0.55142152 0.15439802 6710886
1.3840617 0.54269367 0.15442502 6710886
1.3843038 0.53396279 0.15445204 6710886
1.3845459 0.5252288 0.15447906 6710886
1.3847883 0.51649183 0.1545061 6710886
1.3850305 0.5077517 0.15453312 6710886
1.3852729 0.49900854 0.15456016 6710886
1.3855155 0.49026236 0.15458722 6710886
1.385758 0.48151308 0.1546143 6710886
1.3860006 0.47276074 0.15464136 6710886
1.3862435 0.46400538 0.15466845 6710886
1.3864863 0.4552469 0.15469556 6710886
1.3867291 0.44648534 0.15472265 6710886
1.3869722 0.43772075 0.15474977 6710886
1.3872153 0.42895308 0.15477689 6710886
1.3874586 0.42018238 0.15480404 6710886
1.3877017 0.41140851 0.15483117 6710886
1.3879451 0.40263161 0.15485831 6710886
1.3881886 0.39385167 0.15488549 6710886
1.3884321 0.3850686 0.15491265 6710886
1.3886756 0.37628242 0.15493982 6710886
1.3889194 0.36749321 0.15496701 6710886
1.3891631 0.3587009 0.15499422 6710886
1.389407 0.34990552 0.15502143 6710886
1.3896509 0.34110701 0.15504864 6710886
1.389895 0.33230543 0.15507586 6710886
1.3901391 0.32350078 0.1551031 6710886
1.3903832 0.314693 0.15513034 6710886
1.3906275 0.30588213 0.1551576 6710886
1.390872 0.29706821 0.15518488 6710886
1.3911164 0.28825113 0.15521215 6710886
1.3913609 0.27943096 0.15523943 6710886
1.3916056 0.27060774 0.15526673 6710886
1.3918504 0.26178139 0.15529405 6710886
1.3920951 0.25295192 0.15532134 6710886
1.3923399 0.24411933 0.15534866 6710886
1.3925849 0.23528366 0.155376 6710886
1.39283 0.22644487 0.15540335 6710886
1.3930752 0.21760298 0.1554307 6710886
1.3933203 0.20875795 0.15545805 6710886
1.3935658 0.19990985 0.15548544 6710886
1.3938112 0.19105861 0.15551282 6710886
1.3940566 0.18220423 0.1555402 6710886
1.3943022 0.17334676 0.1555676 6710886
1.3945479 0.16448617 0.15559502 6710886
1.3947936 0.15562244 0.15562244 6710886
1.3950394 0.14675558 0.15564986 6710886
1.3952854 0.1378856 0.1556773 6710886
1.3955314 0.12901251 0.15570475 6710886
1.3957776 0.12013628 0.15573221 6710886
1.3960236 0.1112569 0.15575966 6710886
1.39627 0.10237442 0.15578716 6710886
1.3965164 0.09348879 0.15581465 6710886
1.3967628 0.084600024 0.15584214 6710886
1.3970094 0.075708114 0.15586965 6710886
1.397256 0.066813074 0.15589717 6710886
1.3975027 0.057914883 0.15592469 6710886
1.3977494 0.049013555 0.15595222 6710886
1.3979963 0.040109083 0.15597977 6710886
1.3982433 0.031201465 0.15600732 6710886
1.3984904 0.022290699 0.1560349 6710886
1.3987375 0.013376784 0.15606247 6710886
1.3989848 0.0044597159 0.15609005 6710886
1.3992321 -0.0044605043 0.15611765 6710886
1.3994796 -0.01338388 0.15614526 6710886
1.399727 -0.02231041 0.15617287 6710886
1.3999746 -0.031240098 0.15620048 6710886
1.4002223 -0.040172946 0.15622813 6710886
1.4004701 -0.04910896 0.15625578 6710886
1.4007179 -0.058048129 0.15628342 6710886
1.4009658 -0.066990465 0.15631108 6710886
1.4012139 -0.075935975 0.15633877 6710886
1.401462 -0.084884644 0.15636644 6710886
1.4017102 -0.093836479 0.15639414 6710886
1.4019585 -0.1027915 0.15642184 6710886
1.4022069 -0.11174969 0.15644956 6710886
1.4024552 -0.12071103 0.15647726 6710886
1.4027039 -0.12967558 0.156505 6710886
1.4029526 -0.13864329 0.15653275 6710886
1.4032013 -0.1476142 0.15656051 6710886
1.40345 -0.15658826 0.15658826 6710886
1.4036989 -0.16556552 0.15661603 6710886
1.4039479 -0.17454596 0.15664381 6710886
1.404197 -0.18352959 0.1566716 6710886
1.4044461 -0.1925164 0.1566994 6710886
1.4046954 -0.20150641 0.15672721 6710886
1.4049448 -0.21049961 0.15675503 6710886
1.4051942 -0.219496 0.15678287 6710886
1.4054437 -0.22849558 0.1568107 6710886
1.4056934 -0.23749839 0.15683857 6710886
1.405943 -0.24650437 0.15686642 6710886
1.4061928 -0.25551355 0.15689428 6710886
1.4064426 -0.26452592 0.15692216 6710886
1.4066927 -0.27354154 0.15695006 6710886
1.4069427 -0.28256032 0.15697795 6710886
1.4071928 -0.29158232 0.15700586 6710886
1.407443 -0.3006075 0.15703377 6710886
1.4076935 -0.30963597 0.15706173 6710886
1.4079438 -0.31866759 0.15708965 6710886
1.4081943 -0.3277024 0.15711759 6710886
1.408445 -0.33674049 0.15714556 6710886
1.4086957 -0.34578177 0.15717354 6710886
1.4089465 -0.3548263 0.15720153 6710886
1.4091972 -0.36387396 0.1572295 6710886
1.4094483 -0.37292495 0.15725751 6710886
1.4096993 -0.38197911 0.15728551 6710886
1.4099504 -0.39103648 0.15731353 6710886
1.4102015 -0.4000971 0.15734155 6710886
1.410453 -0.40916097 0.1573696 6710886
1.4107043 -0.41822803 0.15739764 6710886
1.4109558 -0.42729834 0.1574257 6710886
1.4112072 -0.43637183 0.15745376 6710886
1.411459 -0.44544867 0.15748185 6710886
1.4117107 -0.45452869 0.15750994 6710886
1.4056562 -0.46154127 0.15683441 7171437
1.3807256 -0.46215844 0.15405281 6776679
1.3568926 -0.46283206 0.15139367 6710886
1.3339161 -0.46349943 0.14883009 6710886
1.3116373 -0.46412069 0.14634436 6710886
1.3010437 -0.46866718 0.1451624 13158600
1.3012112 -0.47702357 0.14518109 13158600
1.3013786 -0.48538205 0.14519976 13158600
1.3015441 -0.49374196 0.14521822 13158600
1.3017092 -0.50210381 0.14523664 13158600
1.3018744 -0.51046783 0.14525507 12763842
1.3715395 0.99249506 0.14428343 6710886
1.3717771 0.98392105 0.14430842 6710886
1.3720149 0.97534412 0.14433344 6710886
1.3722528 0.96676427 0.14435847 6710886
1.3724906 0.95818132 0.14438349 6710886
1.3727287 0.94959551 0.14440854 6710886
1.3729669 0.94100672 0.14443359 6710886
1.3732052 0.93241495 0.14445865 6710886
1.3734434 0.92382008 0.14448372 6710886
1.3736818 0.91522235 0.14450879 6710886
1.3739202 0.90662158 0.14453387 6710886
1.3741589 0.89801794 0.14455898 6710886
1.3743974 0.88941115 0.14458407 6710886
1.3746361 0.88080138 0.14460918 6710886
1.3748749 0.87218875 0.14463431 6710886
1.3751138 0.86357307 0.14465944 6710886
1.3753526 0.85495424 0.14468457 6710886
1.3755918 0.84633261 0.14470972 6710886
1.3758309 0.83770794 0.14473487 6710886
1.37607 0.82908016 0.14476003 6710886
1.3763093 0.82044947 0.1447852 6710886
1.3765488 0.81181586 0.14481039 6710886
1.3767881 0.80317909 0.14483558 6710886
1.3770276 0.79453939 0.14486077 6710886
1.3772672 0.78589666 0.14488597 6710886
1.377507 0.77725095 0.1449112 6710886
1.3777468 0.76860225 0.14493643 6710886
1.3779867 0.75995052 0.14496166 6710886
1.3782266 0.7512958 0.1449869 6710886
1.3784667 0.74263805 0.14501216 6710886
1.3787067 0.7339772 0.14503741 6710886
1.3789469 0.72531337 0.14506267 6710886
1.3791872 0.71664655 0.14508796 6710886
1.3794277 0.70797676 0.14511324 6710886
1.379668 0.69930387 0.14513853 6710886
1.3799087 0.69062805 0.14516385 6710886
1.3801492 0.68194908 0.14518917 6710886
1.38039 0.67326719 0.1452145 6710886
1.3806307 0.66458219 0.14523982 6710886
1.3808717 0.65589416 0.14526516 6710886
1.3811126 0.64720315 0.14529049 6710886
1.3813537 0.63850909 0.14531587 6710886
1.3815948 0.629812 0.14534123 6710886
1.3818361 0.62111187 0.14536661 6710886
1.3820773 0.6124087 0.14539199 6710886
1.3823186 0.60370243 0.14541738 6710886
1.3825601 0.59499317 0.14544278 6710886
1.3828017 0.58628088 0.14546819 6710886
1.3830434 0.57756561 0.14549363 6710886
1.383285 0.56884718 0.14551903 6710886
1.3835268 0.56012571 0.14554447 6710886
1.3837688 0.55140126 0.14556994 6710886
1.3840107 0.54267365 0.14559537 6710886
1.3842527 0.53394306 0.14562084 6710886
1.3844949 0.52520943 0.14564632 6710886
1.3847371 0.51647276 0.1456718 6710886
1.3849795 0.50773299 0.1456973 6710886
1.3852218 0.49899015 0.14572279 6710886
1.3854643 0.49024427 0.14574829 6710886
1.3857069 0.48149532 0.14577381 6710886
1.3859495 0.4727433 0.14579934 6710886
1.3861922 0.46398821 0.14582486 6710886
1.386435 0.45523009 0.14585041 6710886
1.386678 0.44646889 0.14587598 6710886
1.3869209 0.43770459 0.14590153 6710886
1.387164 0.42893723 0.1459271 6710886
1.3874072 0.42016682 0.14595269 6710886
1.3876505 0.41139331 0.14597827 6710886
1.3878938 0.40261674 0.14600387 6710886
1.3881372 0.39383709 0.14602947 6710886
1.3883808 0.38505435 0.1460551 6710886
1.3886243 0.37626854 0.14608072 6710886
1.388868 0.36747962 0.14610635 6710886
1.3891118 0.35868764 0.14613199 6710886
1.3893557 0.34989259 0.14615765 6710886
1.3895994 0.34109437 0.1461833 6710886
1.3898435 0.33229312 0.14620897 6710886
1.3900876 0.32348877 0.14623466 6710886
1.3903319 0.31468135 0.14626035 6710886
1.390576 0.3058708 0.14628604 6710886
1.3908204 0.29705718 0.14631175 6710886
1.3910649 0.28824046 0.14633746 6710886
1.3913095 0.27942064 0.1463632 6710886
1.391554 0.2705977 0.14638892 6710886
1.3917987 0.26177168 0.14641467 6710886
1.3920435 0.25294253 0.14644042 6710886
1.3922884 0.2441103 0.14646618 6710886
1.3925333 0.23527493 0.14649194 6710886
1.3927784 0.22643648 0.14651772 6710886
1.3930235 0.21759491 0.1465435 6710886
1.3932687 0.20875022 0.1465693 6710886
1.393514 0.19990243 0.14659511 6710886
1.3937594 0.1910515 0.14662091 6710886
1.3940049 0.18219748 0.14664675 6710886
1.3942504 0.17334032 0.14667258 6710886
1.3944961 0.16448005 0.14669842 6710886
1.3947419 0.15561666 0.14672428 6710886
1.3949877 0.14675014 0.14675014 6710886
1.3952335 0.13788047 0.14677599 6710886
1.3954796 0.12900771 0.14680187 6710886
1.3957257 0.12013182 0.14682777 6710886
1.3959718 0.11125277 0.14685366 6710886
1.3962181 0.10237061 0.14687957 6710886
1.3964645 0.093485311 0.1469055 6710886
1.3967109 0.084596872 0.14693141 6710886
1.3969573 0.07570529 0.14695734 6710886
1.3972039 0.066810578 0.14698328 6710886
1.3974507 0.05791273 0.14700924 6710886
1.3976974 0.049011733 0.1470352 6710886
1.3979443 0.040107593 0.14706117 6710886
1.3981912 0.031200303 0.14708714 6710886
1.3984383 0.022289868 0.14711314 6710886
1.3986855 0.013376285 0.14713913 6710886
1.3989327 0.0044595497 0.14716515 6710886
1.3991801 -0.0044603385 0.14719117 6710886
1.3994274 -0.013383381 0.14721718 6710886
1.3996748 -0.022309577 0.1472432 6710886
1.3999224 -0.031238932 0.14726925 6710886
1.4001701 -0.040171448 0.14729531 6710886
1.4004179 -0.049107131 0.14732139 6710886
1.4006656 -0.058045965 0.14734745 6710886
1.4009136 -0.066987969 0.14737353 6710886
1.4011616 -0.075933136 0.14739962 6710886
1.4014097 -0.084881477 0.14742573 6710886
1.4016578 -0.093832977 0.14745182 6710886
1.4019061 -0.10278766 0.14747794 6710886
1.4021546 -0.11174551 0.14750408 6710886
1.402403 -0.12070654 0.14753021 6710886
1.4026514 -0.12967072 0.14755635 6710886
1.4029001 -0.13863811 0.1475825 6710886
1.4031488 -0.14760867 0.14760867 6710886
1.4033976 -0.1565824 0.14763483 6710886
1.4036465 -0.16555934 0.14766103 6710886
1.4038955 -0.17453945 0.14768723 6710886
1.4041445 -0.18352273 0.14771342 6710886
1.4043936 -0.19250919 0.14773962 6710886
1.4046429 -0.20149888 0.14776585 6710886
1.4048922 -0.21049175 0.14779207 6710886
1.4051417 -0.21948782 0.14781833 6710886
1.4053911 -0.22848704 0.14784455 6710886
1.4056407 -0.23748949 0.14787081 6710886
1.4058905 -0.24649514 0.14789709 6710886
1.4061402 -0.25550398 0.14792337 6710886
1.40639 -0.264516 0.14794964 6710886
1.4066399 -0.27353126 0.14797594 6710886
1.40689 -0.28254974 0.14800224 6710886
1.4071401 -0.29157138 0.14802855 6710886
1.4073904 -0.30059627 0.14805487 6710886
1.4076407 -0.30962434 0.14808121 6710886
1.4078912 -0.31865564 0.14810756 6710886
1.4081415 -0.32769012 0.14813389 6710886
1.4083921 -0.33672786 0.14816025 6710886
1.4086428 -0.34576878 0.14818662 6710886
1.4088936 -0.35481298 0.14821301 6710886
1.4091443 -0.36386031 0.14823939 6710886
1.4093953 -0.37291095 0.14826579 6710886
1.4096464 -0.38196477 0.1482922 6710886
1.4098974 -0.39102182 0.14831862 6710886
1.4101486 -0.40008208 0.14834504 6710886
1.4103999 -0.40914559 0.14837147 6710886
1.4106512 -0.41821229 0.14839791 6710886
1.4109027 -0.42728227 0.14842437 6710886
1.4111543 -0.43635547 0.14845084 6710886
1.4114059 -0.44543192 0.1484773 6710886
1.4116576 -0.45451155 0.14850378 6710886
1.4055691 -0.46151266 0.14786328 6710886
1.3809081 -0.46221954 0.14526899 6710886
1.3570689 -0.4628922 0.14276116 6710886
1.334079 -0.46355605 0.14034265 6710886
1.3117976 -0.46417743 0.1379987 6710886
1.2902951 -0.46479526 0.13573667 7829367
1.2879156 -0.4721494 0.13548635 10790052
1.2881012 -0.48042992 0.13550587 10790052
1.2882884 -0.48871338 0.13552557 10790052
1.2884756 -0.49699929 0.13554527 10790052
1.288663 -0.50528765 0.13556498 10790052
1.2888503 -0.51357836 0.13558468 10921638
1.3714893 0.99245876 0.13553402 6710886
1.3717269 0.98388505 0.1355575 6710886
1.3719647 0.97530848 0.135581 6710886
1.3722026 0.96672893 0.13560452 6710886
1.3724406 0.95814639 0.13562803 6710886
1.3726785 0.94956076 0.13565154 6710886
1.3729167 0.94097233 0.13567507 6710886
1.3731549 0.9323808 0.13569862 6710886
1.3733932 0.92378634 0.13572216 6710886
1.3736315 0.91518885 0.13574572 6710886
1.3738699 0.90658838 0.13576928 6710886
1.3741086 0.89798504 0.13579287 6710886
1.374347 0.88937849 0.13581643 6710886
1.3745857 0.88076913 0.13584001 6710886
1.3748245 0.87215674 0.13586362 6710886
1.3750634 0.86354136 0.13588722 6710886
1.3753023 0.85492295 0.13591082 6710886
1.3755413 0.84630156 0.13593446 6710886
1.3757805 0.83767724 0.13595808 6710886
1.3760197 0.82904989 0.13598172 6710886
1.3762589 0.82041943 0.13600536 6710886
1.3764982 0.81178606 0.13602902 6710886
1.3767377 0.8031497 0.13605268 6710886
1.3769772 0.7945103 0.13607635 6710886
1.3772167 0.78586781 0.13610001 6710886
1.3774564 0.77722245 0.1361237 6710886
1.3776963 0.76857406 0.13614741 6710886
1.377936 0.75992256 0.1361711 6710886
1.378176 0.75126815 0.13619481 6710886
1.3784161 0.74261075 0.13621853 6710886
1.3786561 0.73395026 0.13624227 6710886
1.3788962 0.72528672 0.13626599 6710886
1.3791366 0.71662027 0.13628975 6710886
1.379377 0.70795077 0.1363135 6710886
1.3796175 0.69927824 0.13633727 6710886
1.3798579 0.6906026 0.13636102 6710886
1.3800986 0.68192405 0.13638481 6710886
1.3803393 0.67324239 0.1364086 6710886
1.3805801 0.66455775 0.13643239 6710886
1.3808209 0.65587008 0.13645619 6710886
1.3810618 0.64717937 0.13648 6710886
1.3813028 0.63848561 0.13650382 6710886
1.3815439 0.62978876 0.13652764 6710886
1.3817852 0.62108898 0.13655148 6710886
1.3820264 0.61238611 0.13657533 6710886
1.3822678 0.60368025 0.13659918 6710886
1.3825092 0.5949713 0.13662304 6710886
1.3827507 0.58625931 0.1366469 6710886
1.3829924 0.57754427 0.13667078 6710886
1.3832341 0.5688262 0.13669467 6710886
1.3834759 0.56010509 0.13671857 6710886
1.3837178 0.55138093 0.13674247 6710886
1.3839597 0.54265368 0.13676637 6710886
1.3842018 0.53392339 0.13679029 6710886
1.3844438 0.52519006 0.13681421 6710886
1.384686 0.51645368 0.13683815 6710886
1.3849283 0.50771421 0.1368621 6710886
1.3851707 0.49897173 0.13688605 6710886
1.3854132 0.49022618 0.13691001 6710886
1.3856558 0.48147756 0.13693398 6710886
1.3858984 0.47272584 0.13695796 6710886
1.3861411 0.46397111 0.13698195 6710886
1.3863839 0.45521328 0.13700594 6710886
1.3866268 0.44645241 0.13702995 6710886
1.3868698 0.43768844 0.13705395 6710886
1.3871127 0.42892137 0.13707797 6710886
1.3873559 0.42015129 0.13710199 6710886
1.3875992 0.41137812 0.13712604 6710886
1.3878425 0.40260187 0.13715008 6710886
1.3880858 0.39382249 0.13717413 6710886
1.3883294 0.3850401 0.13719819 6710886
1.3885729 0.37625459 0.13722226 6710886
1.3888166 0.36746603 0.13724634 6710886
1.3890604 0.35867438 0.13727044 6710886
1.3893042 0.34987959 0.13729453 6710886
1.3895481 0.34108177 0.13731863 6710886
1.3897921 0.33228084 0.13734275 6710886
1.3900361 0.32347679 0.13736686 6710886
1.3902804 0.3146697 0.137391 6710886
1.3905246 0.30585951 0.13741514 6710886
1.3907689 0.29704618 0.13743928 6710886
1.3910133 0.28822976 0.13746342 6710886
1.3912579 0.27941027 0.13748761 6710886
1.3915024 0.27058765 0.13751176 6710886
1.3917471 0.26176196 0.13753594 6710886
1.3919919 0.25293314 0.13756013 6710886
1.3922368 0.24410126 0.13758434 6710886
1.3924817 0.23526621 0.13760854 6710886
1.3927267 0.22642806 0.13763274 6710886
1.3929719 0.21758685 0.13765699 6710886
1.3932171 0.20874248 0.13768122 6710886
1.3934623 0.19989499 0.13770545 6710886
1.3937076 0.19104441 0.13772969 6710886
1.3939532 0.18219072 0.13775396 6710886
1.3941988 0.1733339 0.13777822 6710886
1.3944442 0.16447394 0.13780248 6710886
1.39469 0.15561087 0.13782677 6710886
1.3949358 0.14674468 0.13785106 6710886
1.3951817 0.13787536 0.13787536 6710886
1.3954277 0.12900291 0.13789967 6710886
1.3956738 0.12012734 0.13792399 6710886
1.3959199 0.11124864 0.13794832 6710886
1.3961661 0.1023668 0.13797264 6710886
1.3964125 0.093481831 0.13799699 6710886
1.3966589 0.084593728 0.13802134 6710886
1.3969054 0.075702481 0.1380457 6710886
1.3971519 0.066808097 0.13807006 6710886
1.3973987 0.057910576 0.13809446 6710886
1.3976455 0.049009912 0.13811883 6710886
1.3978924 0.040106099 0.13814324 6710886
1.3981391 0.03119914 0.13816762 6710886
1.3983862 0.02228904 0.13819204 6710886
1.3986334 0.013375787 0.13821647 6710886
1.3988805 0.0044593834 0.13824089 6710886
1.3991278 -0.0044601718 0.13826533 6710886
1.3993752 -0.013382881 0.13828978 6710886
1.3996228 -0.022308748 0.13831425 6710886
1.3998702 -0.031237768 0.13833869 6710886
1.4001179 -0.040169951 0.13836317 6710886
1.4003656 -0.049105294 0.13838765 6710886
1.4006134 -0.0580438 0.13841213 6710886
1.4008613 -0.066985466 0.13843663 6710886
1.4011093 -0.075930305 0.13846114 6710886
1.4013574 -0.084878311 0.13848566 6710886
1.4016056 -0.093829483 0.13851018 6710886
1.4018538 -0.10278382 0.13853471 6710886
1.4021021 -0.11174133 0.13855925 6710886
1.4023505 -0.12070202 0.13858381 6710886
1.402599 -0.12966588 0.13860835 6710886
1.4028476 -0.13863292 0.13863292 6710886
1.4030963 -0.14760315 0.13865751 6710886
1.4033452 -0.15657656 0.1386821 6710886
1.403594 -0.16555314 0.13870668 6710886
1.4038429 -0.17453291 0.13873129 6710886
1.4040921 -0.18351588 0.1387559 6710886
1.4043412 -0.19250202 0.13878053 6710886
1.4045904 -0.20149134 0.13880515 6710886
1.4048396 -0.21048386 0.13882978 6710886
1.4050891 -0.21947959 0.13885444 6710886
1.4053386 -0.22847851 0.13887909 6710886
1.405588 -0.2374806 0.13890374 6710886
1.4058378 -0.2464859 0.13892843 6710886
1.4060875 -0.25549442 0.1389531 6710886
1.4063373 -0.2645061 0.13897778 6710886
1.4065872 -0.27352101 0.13900249 6710886
1.4068373 -0.28253916 0.13902721 6710886
1.4070874 -0.29156047 0.13905191 6710886
1.4073375 -0.30058497 0.13907664 6710886
1.4075879 -0.30961272 0.13910137 6710886
1.4078383 -0.31864369 0.13912612 6710886
1.4080888 -0.32767788 0.13915087 6710886
1.4083393 -0.33671522 0.13917562 6710886
1.40859 -0.34575582 0.1392004 6710886
1.4088407 -0.35479963 0.13922517 6710886
1.4090916 -0.36384669 0.13924997 6710886
1.4093424 -0.37289694 0.13927476 6710886
1.4095935 -0.38195044 0.13929957 6710886
1.4098444 -0.3910071 0.13932437 6710886
1.4100956 -0.40006703 0.13934919 6710886
1.410347 -0.40913022 0.13937403 6710886
1.4105982 -0.41819656 0.13939886 6710886
1.4108497 -0.42726621 0.13942371 6710886
1.4111012 -0.43633908 0.13944857 6710886
1.4113528 -0.44541514 0.13947342 6710886
1.4116045 -0.45449448 0.13949831 6710886
1.4057508 -0.46157232 0.13891982 6710886
1.3810906 -0.4622806 0.13648285 6710886
1.3572452 -0.46295235 0.13412638 6710886
1.3342341 -0.46360993 0.13185237 6710886
1.3119485 -0.46423084 0.12965006 6710886
1.2904524 -0.46485192 0.12752575 6710886
1.2793477 -0.46900839 0.12642835 8750469
1.2795417 -0.47723743 0.12644753 8750469
1.2797359 -0.48546901 0.12646672 8750469
1.2799301 -0.49370307 0.12648591 8750469
1.2801243 -0.50193959 0.12650511 8750469
1.2803217 -0.51017988 0.12652461 8750469
1.3714392 0.99242252 0.12678526 6710886
1.3716769 0.98384923 0.12680723 6710886
1.3719146 0.97527289 0.12682921 6710886
1.3721524 0.96669358 0.1268512 6710886
1.3723904 0.95811135 0.1268732 6710886
1.3726285 0.94952613 0.1268952 6710886
1.3728665 0.94093794 0.12691721 6710886
1.3731047 0.9323467 0.12693922 6710886
1.373343 0.92375261 0.12696126 6710886
1.3735812 0.91515535 0.12698327 6710886
1.3738197 0.90655529 0.12700532 6710886
1.3740582 0.89795214 0.12702738 6710886
1.3742968 0.889346 0.12704943 6710886
1.3745354 0.88073689 0.1270715 6710886
1.3747742 0.87212485 0.12709357 6710886
1.375013 0.86350971 0.12711564 6710886
1.375252 0.85489172 0.12713774 6710886
1.3754909 0.84627056 0.12715982 6710886
1.37573 0.83764648 0.12718193 6710886
1.3759692 0.82901943 0.12720405 6710886
1.3762085 0.82038945 0.12722617 6710886
1.3764478 0.81175631 0.12724829 6710886
1.3766872 0.8031202 0.12727042 6710886
1.3769267 0.7944811 0.12729256 6710886
1.3771663 0.78583902 0.1273147 6710886
1.3774059 0.7771939 0.12733686 6710886
1.3776457 0.76854587 0.12735903 6710886
1.3778856 0.75989479 0.12738121 6710886
1.3781254 0.75124061 0.12740338 6710886
1.3783654 0.74258345 0.12742557 6710886
1.3786055 0.73392332 0.12744775 6710886
1.3788457 0.72526014 0.12746996 6710886
1.3790859 0.71659392 0.12749217 6710886
1.3793263 0.70792478 0.12751439 6710886
1.3795668 0.69925255 0.12753662 6710886
1.3798072 0.69057727 0.12755886 6710886
1.3800478 0.68189895 0.12758109 6710886
1.3802885 0.67321765 0.12760335 6710886
1.3805293 0.66453332 0.1276256 6710886
1.3807701 0.65584594 0.12764786 6710886
1.381011 0.64715552 0.12767014 6710886
1.3812521 0.63846213 0.12769243 6710886
1.3814932 0.62976569 0.12771472 6710886
1.3817343 0.62106609 0.127737 6710886
1.3819755 0.61236358 0.12775931 6710886
1.3822169 0.60365802 0.12778163 6710886
1.3824584 0.59494942 0.12780395 6710886
1.3826998 0.58623773 0.12782627 6710886
1.3829415 0.57752299 0.12784861 6710886
1.3831831 0.56880522 0.12787095 6710886
1.3834249 0.5600844 0.1278933 6710886
1.3836668 0.55136061 0.12791565 6710886
1.3839086 0.54263365 0.12793802 6710886
1.3841507 0.53390372 0.1279604 6710886
1.3843927 0.52517068 0.12798277 6710886
1.384635 0.51643461 0.12800516 6710886
1.3848773 0.50769556 0.12802757 6710886
1.3851197 0.49895334 0.12804997 6710886
1.385362 0.49020806 0.12807238 6710886
1.3856046 0.4814598 0.12809481 6710886
1.3858472 0.4727084 0.12811723 6710886
1.3860899 0.46395397 0.12813967 6710886
1.3863326 0.45519644 0.1281621 6710886
1.3865756 0.4464359 0.12818457 6710886
1.3868185 0.43767226 0.12820703 6710886
1.3870615 0.42890552 0.12822948 6710886
1.3873047 0.42013577 0.12825197 6710886
1.3875479 0.41136289 0.12827446 6710886
1.3877913 0.402587 0.12829696 6710886
1.3880346 0.39380795 0.12831944 6710886
1.388278 0.38502586 0.12834196 6710886
1.3885216 0.37624067 0.12836447 6710886
1.3887653 0.36745247 0.128387 6710886
1.3890089 0.35866106 0.12840952 6710886
1.3892528 0.34986666 0.12843207 6710886
1.3894967 0.34106916 0.12845461 6710886
1.3897407 0.33226857 0.12847717 6710886
1.3899846 0.32346481 0.12849972 6710886
1.3902289 0.31465805 0.12852231 6710886
1.3904731 0.30584818 0.12854488 6710886
1.3907174 0.29703519 0.12856747 6710886
1.3909618 0.28821909 0.12859006 6710886
1.3912063 0.2793999 0.12861267 6710886
1.3914509 0.27057764 0.12863527 6710886
1.3916955 0.26175225 0.12865789 6710886
1.3919402 0.25292376 0.12868051 6710886
1.3921851 0.24409218 0.12870315 6710886
1.3924301 0.23525749 0.1287258 6710886
1.392675 0.22641967 0.12874845 6710886
1.3929201 0.21757875 0.1287711 6710886
1.3931653 0.20873474 0.12879378 6710886
1.3934107 0.1998876 0.12881646 6710886
1.3936559 0.19103731 0.12883912 6710886
1.3939013 0.18218394 0.12886181 6710886
1.3941469 0.17332745 0.12888451 6710886
1.3943925 0.16446783 0.12890722 6710886
1.3946382 0.15560509 0.12892993 6710886
1.394884 0.14673923 0.12895265 6710886
1.3951299 0.13787024 0.12897539 6710886
1.3953758 0.12899813 0.12899813 6710886
1.3956219 0.12012288 0.12902087 6710886
1.3958681 0.11124451 0.12904362 6710886
1.3961143 0.10236301 0.12906639 6710886
1.3963605 0.093478352 0.12908916 6710886
1.3966069 0.084590577 0.12911193 6710886
1.3968534 0.075699665 0.12913473 6710886
1.3971001 0.066805616 0.12915753 6710886
1.3973466 0.057908416 0.12918031 6710886
1.3975934 0.049008083 0.12920313 6710886
1.3978403 0.040104605 0.12922595 6710886
1.3980871 0.03119798 0.12924878 6710886
1.3983341 0.022288209 0.12927161 6710886
1.3985813 0.013375289 0.12929446 6710886
1.3988285 0.0044592177 0.12931731 6710886
1.3990757 -0.004460006 0.12934017 6710886
1.3993231 -0.013382383 0.12936303 6710886
1.3995706 -0.022307916 0.12938592 6710886
1.3998181 -0.031236606 0.12940879 6710886
1.4000657 -0.040168453 0.12943168 6710886
1.4003134 -0.049103461 0.12945458 6710886
1.4005612 -0.058041636 0.1294775 6710886
1.400809 -0.06698297 0.1295004 6710886
1.401057 -0.075927466 0.12952334 6710886
1.4013051 -0.084875137 0.12954627 6710886
1.4015533 -0.093825981 0.1295692 6710886
1.4018013 -0.10277998 0.12959214 6710886
1.4020498 -0.11173716 0.12961511 6710886
1.4022982 -0.12069752 0.12963808 6710886
1.4025468 -0.12966105 0.12966105 6710886
1.4027952 -0.13862775 0.12968402 6710886
1.4030439 -0.14759763 0.12970701 6710886
1.4032927 -0.1565707 0.12973002 6710886
1.4035416 -0.16554695 0.12975302 6710886
1.4037905 -0.17452639 0.12977603 6710886
1.4040395 -0.18350901 0.12979905 6710886
1.4042886 -0.19249481 0.12982209 6710886
1.4045378 -0.2014838 0.12984511 6710886
1.4047871 -0.21047598 0.12986816 6710886
1.4050364 -0.21947137 0.12989122 6710886
1.405286 -0.22846995 0.12991428 6710886
1.4055355 -0.2374717 0.12993735 6710886
1.4057851 -0.24647667 0.12996043 6710886
1.4060348 -0.25548485 0.12998351 6710886
1.4062847 -0.26449621 0.13000661 6710886
1.4065346 -0.27351078 0.13002971 6710886
1.4067845 -0.28252855 0.13005282 6710886
1.4070348 -0.29154956 0.13007596 6710886
1.4072849 -0.30057374 0.13009907 6710886
1.4075351 -0.30960113 0.13012221 6710886
1.4077855 -0.31863174 0.13014536 6710886
1.408036 -0.32766557 0.13016851 6710886
1.4082866 -0.33670262 0.13019168 6710886
1.408537 -0.34574285 0.13021484 6710886
1.4087878 -0.35478634 0.13023803 6710886
1.4090387 -0.36383304 0.13026121 6710886
1.4092896 -0.37288296 0.13028441 6710886
1.4095404 -0.38193604 0.1303076 6710886
1.4097916 -0.39099243 0.13033082 6710886
1.4100426 -0.40005201 0.13035402 6710886
1.4102939 -0.40911484 0.13037726 6710886
1.4105452 -0.41818088 0.13040049 6710886
1.4107966 -0.42725015 0.13042372 6710886
1.4110482 -0.43632266 0.13044699 6710886
1.4112997 -0.44539839 0.13047023 6710886
1.4115515 -0.4544774 0.13049351 6710886
1.4059275 -0.46163034 0.12997359 6710886
1.3812224 -0.46232471 0.12768967 6710886
1.3574215 -0.46301249 0.12548937 6710886
1.3343825 -0.46366152 0.12335949 6710886
1.3121005 -0.4642846 0.12129958 6710886
1.2905767 -0.46489671 0.11930977 6710886
1.2732625 -0.46677759 0.11770913 7039851
1.2734665 -0.47497153 0.11772799 7171437
1.2736704 -0.48316807 0.11774684 7171437
1.2738745 -0.49136725 0.11776571 7171437
1.2740779 -0.49956879 0.11778451 7171437
1.2742809 -0.50777274 0.11780328 7171437
1.371389 0.99238622 0.11803713 6710886
1.3716267 0.98381323 0.11805759 6710886
1.3718646 0.97523731 0.11807806 6710886
1.3721023 0.96665823 0.11809852 6710886
1.3723402 0.9580763 0.11811899 6710886
1.3725783 0.94949144 0.11813948 6710886
1.3728162 0.94090343 0.11815996 6710886
1.3730544 0.93231255 0.11818047 6710886
1.3732927 0.92371875 0.11820098 6710886
1.3735311 0.91512197 0.1182215 6710886
1.3737694 0.9065221 0.11824201 6710886
1.3740079 0.8979193 0.11826254 6710886
1.3742465 0.88931346 0.11828307 6710886
1.3744851 0.8807047 0.11830361 6710886
1.3747238 0.87209284 0.11832415 6710886
1.3749627 0.86347812 0.11834472 6710886
1.3752016 0.85486037 0.11836528 6710886
1.3754405 0.84623951 0.11838584 6710886
1.3756796 0.83761579 0.11840642 6710886
1.3759187 0.82898903 0.11842701 6710886
1.376158 0.82035929 0.1184476 6710886
1.3763973 0.81172651 0.1184682 6710886
1.3766367 0.80309081 0.1184888 6710886
1.3768762 0.79445201 0.11850942 6710886
1.3771158 0.78581029 0.11853004 6710886
1.3773553 0.77716541 0.11855066 6710886
1.3775952 0.76851767 0.1185713 6710886
1.377835 0.75986689 0.11859194 6710886
1.3780749 0.75121307 0.11861259 6710886
1.3783149 0.74255621 0.11863324 6710886
1.3785549 0.73389637 0.11865391 6710886
1.3787951 0.72523355 0.11867458 6710886
1.3790352 0.71656758 0.11869524 6710886
1.3792756 0.70789868 0.11871593 6710886
1.379516 0.6992268 0.11873662 6710886
1.3797566 0.69055188 0.11875733 6710886
1.379997 0.68187386 0.11877803 6710886
1.3802377 0.67319286 0.11879874 6710886
1.3804785 0.66450888 0.11881947 6710886
1.3807193 0.6558218 0.1188402 6710886
1.3809602 0.64713174 0.11886093 6710886
1.3812011 0.63843858 0.11888167 6710886
1.3814423 0.6297425 0.11890242 6710886
1.3816835 0.62104326 0.11892318 6710886
1.3819246 0.61234105 0.11894394 6710886
1.382166 0.60363579 0.11896472 6710886
1.3824074 0.59492749 0.1189855 6710886
1.3826488 0.58621609 0.11900627 6710886
1.3828905 0.57750171 0.11902707 6710886
1.3831322 0.5687843 0.11904788 6710886
1.383374 0.56006384 0.11906869 6710886
1.3836157 0.55134028 0.11908949 6710886
1.3838576 0.54261363 0.11911032 6710886
1.3840997 0.53388405 0.11913116 6710886
1.3843418 0.52515137 0.11915199 6710886
1.3845838 0.51641554 0.11917282 6710886
1.3848262 0.50767678 0.11919368 6710886
1.3850685 0.49893492 0.11921454 6710886
1.385311 0.49019003 0.11923541 6710886
1.3855535 0.481442 0.11925628 6710886
1.3857961 0.47269097 0.11927716 6710886
1.3860388 0.46393687 0.11929805 6710886
1.3862815 0.45517966 0.11931894 6710886
1.3865243 0.44641942 0.11933984 6710886
1.3867673 0.43765607 0.11936075 6710886
1.3870103 0.42888972 0.11938167 6710886
1.3872534 0.42012024 0.11940259 6710886
1.3874966 0.41134769 0.11942352 6710886
1.3877399 0.4025721 0.11944447 6710886
1.3879833 0.3937934 0.11946542 6710886
1.3882266 0.38501161 0.11948636 6710886
1.3884703 0.37622678 0.11950734 6710886
1.3887138 0.36743882 0.11952829 6710886
1.3889576 0.35864782 0.11954927 6710886
1.3892013 0.34985369 0.11957025 6710886
1.3894452 0.3410565 0.11959124 6710886
1.3896892 0.33225623 0.11961225 6710886
1.3899332 0.32345286 0.11963325 6710886
1.3901774 0.31464639 0.11965426 6710886
1.3904216 0.30583686 0.11967529 6710886
1.3906659 0.29702419 0.11969631 6710886
1.3909103 0.28820843 0.11971734 6710886
1.3911548 0.27938956 0.11973839 6710886
1.3913994 0.27056763 0.11975944 6710886
1.391644 0.26174256 0.1197805 6710886
1.3918886 0.2529144 0.11980155 6710886
1.3921335 0.24408314 0.11982263 6710886
1.3923784 0.23524877 0.11984371 6710886
1.3926233 0.22641127 0.11986478 6710886
1.3928684 0.21757068 0.11988588 6710886
1.3931136 0.20872699 0.11990699 6710886
1.3933589 0.19988018 0.11992811 6710886
1.3936042 0.19103022 0.11994921 6710886
1.3938496 0.18217719 0.11997034 6710886
1.3940952 0.17332102 0.11999147 6710886
1.3943408 0.16446173 0.12001261 6710886
1.3945863 0.1555993 0.12003375 6710886
1.3948321 0.14673378 0.1200549 6710886
1.3950781 0.13786513 0.12007608 6710886
1.395324 0.12899333 0.12009724 6710886
1.39557 0.12011842 0.12011842 6710886
1.3958161 0.11124036 0.12013959 6710886
1.3960624 0.10235919 0.1201608 6710886
1.3963085 0.093474872 0.12018198 6710886
1.3965549 0.084587432 0.12020319 6710886
1.3968015 0.075696848 0.12022441 6710886
1.3970481 0.066803135 0.12024564 6710886
1.3972946 0.057906263 0.12026685 6710886
1.3975414 0.049006261 0.1202881 6710886
1.3977882 0.040103111 0.12030933 6710886
1.3980352 0.03119682 0.12033059 6710886
1.3982821 0.022287378 0.12035184 6710886
1.3985292 0.013374791 0.12037311 6710886
1.3987763 0.0044590514 0.12039439 6710886
1.3990237 -0.0044598398 0.12041567 6710886
1.3992709 -0.013381884 0.12043695 6710886
1.3995184 -0.022307085 0.12045825 6710886
1.3997658 -0.03123544 0.12047955 6710886
1.4000134 -0.040166955 0.12050086 6710886
1.4002612 -0.049101632 0.12052219 6710886
1.4005089 -0.058039468 0.12054351 6710886
1.4007568 -0.066980474 0.12056485 6710886
1.4010047 -0.075924635 0.12058618 6710886
1.4012527 -0.08487197 0.12060753 6710886
1.4015009 -0.093822472 0.12062889 6710886
1.4017491 -0.10277615 0.12065026 6710886
1.4019973 -0.11173298 0.12067162 6710886
1.4022458 -0.12069301 0.12069301 6710886
1.4024943 -0.12965621 0.1207144 6710886
1.4027429 -0.13862257 0.12073579 6710886
1.4029914 -0.14759211 0.12075718 6710886
1.4032402 -0.15656485 0.1207786 6710886
1.4034891 -0.16554077 0.12080002 6710886
1.4037379 -0.17451985 0.12082143 6710886
1.4039869 -0.18350214 0.12084287 6710886
1.4042361 -0.19248761 0.12086432 6710886
1.4044853 -0.20147628 0.12088577 6710886
1.4047345 -0.21046811 0.12090721 6710886
1.4049839 -0.21946315 0.12092867 6710886
1.4052334 -0.2284614 0.12095015 6710886
1.4054829 -0.23746282 0.12097163 6710886
1.4057325 -0.24646746 0.12099312 6710886
1.4059823 -0.25547528 0.12101461 6710886
1.406232 -0.26448631 0.1210361 6710886
1.406482 -0.27350056 0.12105762 6710886
1.4067318 -0.28251797 0.12107912 6710886
1.4069819 -0.2915386 0.12110066 6710886
1.4072322 -0.30056247 0.12112219 6710886
1.4074824 -0.30958953 0.12114373 6710886
1.4077327 -0.31861979 0.12116528 6710886
1.4079832 -0.32765329 0.12118683 6710886
1.4082336 -0.33668998 0.12120839 6710886
1.4084843 -0.34572992 0.12122997 6710886
1.4087349 -0.35477301 0.12125153 6710886
1.4089857 -0.36381936 0.12127312 6710886
1.4092366 -0.37286893 0.12129471 6710886
1.4094875 -0.38192171 0.12131631 6710886
1.4097387 -0.39097777 0.12133793 6710886
1.4099897 -0.40003699 0.12135953 6710886
1.4102409 -0.40909946 0.12138116 6710886
1.4104923 -0.41816518 0.12140279 6710886
1.4107436 -0.42723408 0.12142442 6710886
1.4109951 -0.43630627 0.12144607 6710886
1.4112468 -0.4453817 0.12146773 6710886
1.4114983 -0.45446029 0.12148938 6710886
1.4061043 -0.4616884 0.12102512 6710886
1.3814131 -0.46238855 0.11889991 6710886
1.3575978 -0.46307263 0.1168501 6710886
1.3345311 -0.46371311 0.11486471 6710886
1.3122571 -0.46434 0.11294757 6710886
1.2907166 -0.4649471 0.11109356 6710886
1.2699159 -0.46555072 0.10930321 6710886
1.2689453 -0.47328526 0.10921967 6710886
1.2691568 -0.48145583 0.10923788 6710886
1.2693677 -0.48962885 0.10925603 6710886
1.2695785 -0.49780455 0.10927416 6710886
1.2697891 -0.50598288 0.1092923 6710886
1.27 -0.51416397 0.10931045 7960953
1.371339 0.99234998 0.10928965 6710886
1.3715767 0.98377734 0.10930859 6710886
1.3718144 0.97520161 0.10932753 6710886
1.3720522 0.96662295 0.10934649 6710886
1.37229 0.95804125 0.10936544 6710886
1.3725281 0.94945669 0.10938441 6710886
1.3727661 0.94086909 0.10940339 6710886
1.3730042 0.93227851 0.10942236 6710886
1.3732425 0.92368501 0.10944135 6710886
1.3734808 0.91508847 0.10946034 6710886
1.3737192 0.90648896 0.10947935 6710886
1.3739576 0.8978864 0.10949834 6710886
1.3741962 0.88928092 0.10951735 6710886
1.3744348 0.88067245 0.10953637 6710886
1.3746735 0.87206095 0.10955539 6710886
1.3749123 0.86344647 0.10957442 6710886
1.3751513 0.85482907 0.10959347 6710886
1.3753902 0.84620857 0.10961251 6710886
1.3756292 0.83758509 0.10963156 6710886
1.3758683 0.82895869 0.10965062 6710886
1.3761076 0.82032925 0.10966969 6710886
1.3763469 0.81169683 0.10968876 6710886
1.3765862 0.80306131 0.10970782 6710886
1.3768257 0.79442286 0.10972691 6710886
1.3770653 0.78578144 0.10974601 6710886
1.3773049 0.77713698 0.1097651 6710886
1.3775445 0.76848942 0.1097842 6710886
1.3777844 0.75983894 0.10980332 6710886
1.3780243 0.75118548 0.10982244 6710886
1.3782642 0.74252892 0.10984156 6710886
1.3785043 0.73386943 0.10986069 6710886
1.3787445 0.72520691 0.10987984 6710886
1.3789847 0.71654135 0.10989898 6710886
1.3792249 0.70787269 0.10991812 6710886
1.3794653 0.69920111 0.10993728 6710886
1.3797058 0.69052649 0.10995644 6710886
1.3799465 0.68184888 0.10997563 6710886
1.3801869 0.67316812 0.10999479 6710886
1.3804277 0.66448444 0.11001398 6710886
1.3806685 0.65579772 0.11003317 6710886
1.3809094 0.64710796 0.11005237 6710886
1.3811504 0.6384151 0.11007157 6710886
1.3813915 0.62971932 0.11009079 6710886
1.3816327 0.62102044 0.11011001 6710886
1.3818738 0.61231852 0.11012923 6710886
1.3821151 0.60361356 0.11014846 6710886
1.3823565 0.59490556 0.1101677 6710886
1.382598 0.58619457 0.11018694 6710886
1.3828396 0.57748044 0.11020619 6710886
1.3830812 0.56876332 0.11022545 6710886
1.383323 0.56004316 0.11024472 6710886
1.3835648 0.55131996 0.110264 6710886
1.3838066 0.54259366 0.11028326 6710886
1.3840486 0.53386432 0.11030255 6710886
1.3842907 0.52513194 0.11032184 6710886
1.3845329 0.51639658 0.11034115 6710886
1.384775 0.50765806 0.11036044 6710886
1.3850174 0.49891651 0.11037976 6710886
1.3852599 0.49017191 0.11039908 6710886
1.3855023 0.48142424 0.1104184 6710886
1.3857449 0.47267354 0.11043774 6710886
1.3859876 0.46391973 0.11045709 6710886
1.3862303 0.45516288 0.11047643 6710886
1.3864732 0.44640294 0.11049578 6710886
1.3867161 0.43763995 0.11051514 6710886
1.3869591 0.42887387 0.1105345 6710886
1.3872023 0.42010474 0.11055388 6710886
1.3874453 0.41133249 0.11057325 6710886
1.3876886 0.40255722 0.11059264 6710886
1.3879319 0.39377883 0.11061203 6710886
1.3881754 0.3849974 0.11063144 6710886
1.3884189 0.37621287 0.11065084 6710886
1.3886625 0.36742523 0.11067025 6710886
1.3889062 0.35863456 0.11068968 6710886
1.3891499 0.34984076 0.1107091 6710886
1.3893938 0.34104389 0.11072854 6710886
1.3896378 0.33224395 0.11074799 6710886
1.3898818 0.32344091 0.11076743 6710886
1.3901259 0.31463474 0.11078688 6710886
1.3903701 0.3058255 0.11080635 6710886
1.3906144 0.29701319 0.11082581 6710886
1.3908588 0.28819776 0.11084529 6710886
1.3911031 0.27937922 0.11086477 6710886
1.3913478 0.27055758 0.11088426 6710886
1.3915924 0.26173285 0.11090375 6710886
1.391837 0.25290501 0.11092325 6710886
1.3920819 0.24407408 0.11094277 6710886
1.3923268 0.23524004 0.11096229 6710886
1.3925718 0.22640289 0.11098181 6710886
1.3928168 0.21756262 0.11100134 6710886
1.3930619 0.20871922 0.11102086 6710886
1.3933072 0.19987275 0.11104042 6710886
1.3935525 0.19102316 0.11105997 6710886
1.3937979 0.18217042 0.11107952 6710886
1.3940433 0.17331457 0.11109909 6710886
1.394289 0.16445562 0.11111867 6710886
1.3945347 0.15559354 0.11113825 6710886
1.3947804 0.14672834 0.11115783 6710886
1.3950262 0.13786 0.11117741 6710886
1.3952721 0.12898853 0.11119702 6710886
1.3955181 0.12011395 0.11121661 6710886
1.3957642 0.11123623 0.11123623 6710886
1.3960104 0.10235538 0.11125585 6710886
1.3962568 0.093471408 0.11127549 6710886
1.396503 0.084584281 0.1112951 6710886
1.3967495 0.075694032 0.11131475 6710886
1.396996 0.066800639 0.1113344 6710886
1.3972427 0.057904109 0.11135406 6710886
1.3974893 0.049004436 0.11137372 6710886
1.3977362 0.040101621 0.11139339 6710886
1.3979831 0.031195657 0.11141306 6710886
1.3982301 0.022286549 0.11143275 6710886
1.3984771 0.013374292 0.11145244 6710886
1.3987242 0.0044588852 0.11147213 6710886
1.3989716 -0.0044596735 0.11149184 6710886
1.3992188 -0.013381385 0.11151154 6710886
1.3994662 -0.022306252 0.11153126 6710886
1.3997138 -0.031234277 0.11155099 6710886
1.3999614 -0.040165462 0.11157072 6710886
1.400209 -0.049099799 0.11159046 6710886
1.4004567 -0.058037303 0.1116102 6710886
1.4007045 -0.06697797 0.11162995 6710886
1.4009525 -0.075921804 0.11164971 6710886
1.4012004 -0.084868796 0.11166947 6710886
1.4014486 -0.09381897 0.11168925 6710886
1.4016968 -0.10277231 0.11170903 6710886
1.4019451 -0.11172882 0.11172882 6710886
1.4021934 -0.1206885 0.11174861 6710886
1.4024419 -0.12965135 0.11176841 6710886
1.4026905 -0.1386174 0.11178823 6710886
1.4029391 -0.14758661 0.11180804 6710886
1.4031878 -0.15655899 0.11182786 6710886
1.4034367 -0.16553459 0.11184769 6710886
1.4036856 -0.17451334 0.11186752 6710886
1.4039345 -0.18349528 0.11188737 6710886
1.4041835 -0.1924804 0.11190721 6710886
1.4044328 -0.20146874 0.11192708 6710886
1.404682 -0.21046025 0.11194694 6710886
1.4049313 -0.21945494 0.11196681 6710886
1.4051808 -0.22845285 0.11198669 6710886
1.4054303 -0.23745394 0.11200657 6710886
1.4056799 -0.24645823 0.11202647 6710886
1.4059296 -0.25546572 0.11204636 6710886
1.4061793 -0.26447639 0.11206627 6710886
1.4064293 -0.27349031 0.11208619 6710886
1.4066793 -0.28250742 0.11210611 6710886
1.4069293 -0.29152769 0.11212604 6710886
1.4071794 -0.30055121 0.11214597 6710886
1.4074297 -0.30957794 0.11216592 6710886
1.40768 -0.31860787 0.11218587 6710886
1.4079304 -0.32764098 0.11220582 6710886
1.4081808 -0.33667734 0.11222578 6710886
1.4084315 -0.34571695 0.11224576 6710886
1.4086822 -0.35475972 0.11226574 6710886
1.4089328 -0.36380571 0.11228571 6710886
1.4091836 -0.37285492 0.1123057 6710886
1.4094346 -0.38190737 0.1123257 6710886
1.4096857 -0.39096308 0.11234572 6710886
1.4099367 -0.40002194 0.11236572 6710886
1.410188 -0.40908408 0.11238574 6710886
1.4104393 -0.41814944 0.11240577 6710886
1.4106905 -0.42721802 0.1124258 6710886
1.4109421 -0.43628985 0.11244584 6710886
1.4111937 -0.44536495 0.1124659 6710886
1.4114454 -0.45444325 0.11248595 6710886
1.4062811 -0.46174645 0.11207438 6710886
1.3815582 -0.46243709 0.11010408 6710886
1.3577743 -0.4631328 0.1082086 6710886
1.3346797 -0.46376479 0.10636806 6710886
1.3124075 -0.46439323 0.10459307 6710886
1.2908918 -0.4650102 0.10287836 6710886
1.2700411 -0.46559662 0.10121666 6710886
1.2655283 -0.47201079 0.100857 6710886
1.2657455 -0.48016176 0.10087432 6710886
1.2659626 -0.48831543 0.10089162 6710886
1.2661798 -0.49647191 0.10090893 6710886
1.2663971 -0.50463122 0.10092624 6710886
1.2666144 -0.5127933 0.10094357 7960953
1.3712889 0.99231374 0.10054281 6710886
1.3715265 0.98374134 0.10056023 6710886
1.3717643 0.97516602 0.10057766 6710886
1.3720021 0.96658766 0.10059509 6710886
1.3722399 0.95800632 0.10061254 6710886
1.3724779 0.949422 0.10062998 6710886
1.372716 0.9408347 0.10064743 6710886
1.3729541 0.93224448 0.1006649 6710886
1.3731922 0.92365116 0.10068236 6710886
1.3734305 0.91505492 0.10069983 6710886
1.3736689 0.90645576 0.10071731 6710886
1.3739073 0.89785355 0.10073479 6710886
1.3741459 0.88924837 0.10075228 6710886
1.3743845 0.88064021 0.10076977 6710886
1.3746233 0.87202907 0.10078728 6710886
1.374862 0.86341488 0.10080478 6710886
1.3751009 0.85479772 0.1008223 6710886
1.3753399 0.84617764 0.10083982 6710886
1.3755789 0.83755445 0.10085735 6710886
1.3758179 0.82892829 0.10087487 6710886
1.3760571 0.82029915 0.10089241 6710886
1.3762964 0.81166703 0.10090996 6710886
1.3765358 0.80303186 0.1009275 6710886
1.3767751 0.79439372 0.10094506 6710886
1.3770148 0.78575259 0.10096262 6710886
1.3772544 0.77710843 0.10098019 6710886
1.377494 0.76846123 0.10099776 6710886
1.3777338 0.7598111 0.10101534 6710886
1.3779737 0.75115788 0.10103294 6710886
1.3782136 0.74250168 0.10105053 6710886
1.3784536 0.73384243 0.10106812 6710886
1.3786938 0.72518027 0.10108573 6710886
1.378934 0.716515 0.10110334 6710886
1.3791744 0.70784676 0.10112096 6710886
1.3794147 0.69917542 0.10113858 6710886
1.3796551 0.69050109 0.10115621 6710886
1.3798957 0.68182379 0.10117386 6710886
1.3801363 0.67314339 0.10119149 6710886
1.3803769 0.66446 0.10120914 6710886
1.3806177 0.65577358 0.10122679 6710886
1.3808587 0.64708418 0.10124446 6710886
1.3810996 0.63839167 0.10126212 6710886
1.3813406 0.62969613 0.1012798 6710886
1.3815818 0.62099761 0.10129748 6710886
1.3818231 0.61229604 0.10131517 6710886
1.3820642 0.60359132 0.10133285 6710886
1.3823056 0.59488368 0.10135055 6710886
1.3825471 0.586173 0.10136826 6710886
1.3827887 0.57745922 0.10138597 6710886
1.3830303 0.56874239 0.10140368 6710886
1.3832721 0.56002253 0.10142141 6710886
1.3835138 0.55129963 0.10143913 6710886
1.3837557 0.54257369 0.10145687 6710886
1.3839976 0.53384465 0.10147461 6710886
1.3842397 0.52511263 0.10149235 6710886
1.3844819 0.51637757 0.10151011 6710886
1.384724 0.50763935 0.10152787 6710886
1.3849664 0.49889812 0.10154564 6710886
1.3852087 0.49015382 0.1015634 6710886
1.3854513 0.48140651 0.10158119 6710886
1.3856938 0.47265607 0.10159897 6710886
1.3859364 0.46390259 0.10161676 6710886
1.3861792 0.45514607 0.10163456 6710886
1.386422 0.44638649 0.10165236 6710886
1.3866649 0.43762377 0.10167017 6710886
1.3869078 0.42885801 0.10168798 6710886
1.387151 0.42008922 0.10170581 6710886
1.3873941 0.41131732 0.10172363 6710886
1.3876373 0.40254232 0.10174146 6710886
1.3878807 0.39376429 0.10175931 6710886
1.3881241 0.38498318 0.10177716 6710886
1.3883675 0.37619895 0.10179501 6710886
1.3886111 0.36741164 0.10181286 6710886
1.3888549 0.3586213 0.10183074 6710886
1.3890986 0.34982786 0.10184862 6710886
1.3893424 0.34103128 0.10186649 6710886
1.3895863 0.33223164 0.10188437 6710886
1.3898304 0.32342893 0.10190226 6710886
1.3900745 0.31462312 0.10192017 6710886
1.3903186 0.30581418 0.10193806 6710886
1.3905629 0.29700217 0.10195597 6710886
1.3908073 0.28818709 0.10197389 6710886
1.3910517 0.27936888 0.10199181 6710886
1.3912961 0.27054757 0.10200974 6710886
1.3915408 0.26172316 0.10202767 6710886
1.3917855 0.25289565 0.10204561 6710886
1.3920302 0.24406503 0.10206356 6710886
1.3922751 0.23523131 0.10208151 6710886
1.3925201 0.22639447 0.10209947 6710886
1.3927652 0.21755455 0.10211744 6710886
1.3930103 0.20871149 0.10213541 6710886
1.3932555 0.19986533 0.10215339 6710886
1.3935008 0.19101606 0.10217138 6710886
1.3937463 0.18216367 0.10218938 6710886
1.3939916 0.17330813 0.10220736 6710886
1.3942372 0.16444951 0.10222537 6710886
1.3944829 0.15558776 0.10224339 6710886
1.3947285 0.14672287 0.10226139 6710886
1.3949744 0.13785487 0.10227942 6710886
1.3952203 0.12898374 0.10229746 6710886
1.3954663 0.12010949 0.10231549 6710886
1.3957124 0.1112321 0.10233353 6710886
1.3959585 0.10235158 0.10235158 6710886
1.3962048 0.093467928 0.10236964 6710886
1.3964512 0.084581144 0.1023877 6710886
1.3966975 0.075691216 0.10240576 6710886
1.396944 0.066798158 0.10242384 6710886
1.3971907 0.057901956 0.10244192 6710886
1.3974373 0.04900261 0.10246 6710886
1.3976841 0.040100124 0.1024781 6710886
1.397931 0.031194495 0.1024962 6710886
1.398178 0.02228572 0.10251431 6710886
1.398425 0.013373794 0.10253242 6710886
1.3986721 0.0044587189 0.10255054 6710886
1.3989193 -0.0044595073 0.10256866 6710886
1.3991667 -0.013380887 0.10258681 6710886
1.3994141 -0.022305422 0.10260494 6710886
1.3996615 -0.031233113 0.10262308 6710886
1.3999091 -0.040163964 0.10264124 6710886
1.4001567 -0.04909797 0.10265939 6710886
1.4004045 -0.058035139 0.10267755 6710886
1.4006523 -0.066975474 0.10269573 6710886
1.4009002 -0.075918972 0.10271391 6710886
1.4011482 -0.084865637 0.10273208 6710886
1.4013963 -0.093815468 0.10275027 6710886
1.4016445 -0.10276847 0.10276847 6710886
1.4018928 -0.11172465 0.10278668 6710886
1.402141 -0.12068398 0.10280488 6710886
1.4023895 -0.12964652 0.1028231 6710886
1.4026381 -0.13861223 0.10284133 6710886
1.4028867 -0.1475811 0.10285956 6710886
1.4031353 -0.15655315 0.10287778 6710886
1.4033842 -0.1655284 0.10289603 6710886
1.4036331 -0.17450683 0.10291428 6710886
1.403882 -0.18348843 0.10293253 6710886
1.4041311 -0.19247322 0.10295079 6710886
1.4043802 -0.2014612 0.10296906 6710886
1.4046295 -0.21045238 0.10298733 6710886
1.4048789 -0.21944675 0.10300562 6710886
1.4051281 -0.22844429 0.10302389 6710886
1.4053776 -0.23744504 0.10304219 6710886
1.4056273 -0.24644899 0.10306049 6710886
1.405877 -0.25545615 0.1030788 6710886
1.4061266 -0.26446649 0.1030971 6710886
1.4063766 -0.27348006 0.10311543 6710886
1.4066265 -0.28249681 0.10313375 6710886
1.4068766 -0.29151678 0.10315209 6710886
1.4071267 -0.30053994 0.10317042 6710886
1.4073769 -0.30956632 0.10318878 6710886
1.4076272 -0.31859592 0.10320713 6710886
1.4078776 -0.3276287 0.10322548 6710886
1.408128 -0.33666471 0.10324384 6710886
1.4083786 -0.34570396 0.10326222 6710886
1.4086292 -0.35474637 0.10328059 6710886
1.40888 -0.36379206 0.10329898 6710886
1.4091308 -0.37284094 0.10331737 6710886
1.4093816 -0.38189304 0.10333576 6710886
1.4096327 -0.39094839 0.10335417 6710886
1.4098837 -0.40000692 0.10337257 6710886
1.410135 -0.40906873 0.103391 6710886
1.4103863 -0.41813377 0.10340942 6710886
1.4106376 -0.42720199 0.10342785 6710886
1.410889 -0.43627346 0.10344628 6710886
1.4111407 -0.4453482 0.10346474 6710886
1.4113923 -0.45442617 0.10348319 6710886
1.406458 -0.46180454 0.1031214 6710886
1.3817284 -0.46249408 0.10130823 6710886
1.363103 -0.46495044 0.099942617 6710886
1.3634088 -0.47374734 0.099965036 6710886
1.3125556 -0.46444562 0.096236482 6710886
1.2910527 -0.46506816 0.094659895 6710886
1.2701952 -0.46565312 0.093130626 6710886
1.2634836 -0.47124818 0.09263853 6710886
1.2636994 -0.47938555 0.092654347 6710886
1.2639152 -0.48752567 0.092670172 6710886
1.2641311 -0.49566862 0.092685997 6710886
1.2643468 -0.50381422 0.092701823 6710886
1.2645636 -0.51196301 0.092717707 6710886
1.3712389 0.99227762 0.091796607 6710886
1.3714764 0.9837054 0.091812506 6710886
1.3717141 0.97513032 0.091828421 6710886
1.3719519 0.96655232 0.091844335 6710886
1.3721898 0.95797127 0.091860257 6710886
1.3724277 0.94938725 0.091876186 6710886
1.3726658 0.94080031 0.091892123 6710886
1.3729038 0.93221033 0.09190806 6710886
1.373142 0.92361742 0.091924004 6710886
1.3733803 0.91502148 0.091939956 6710886
1.3736186 0.90642256 0.091955915 6710886
1.3738571 0.89782077 0.091971882 6710886
1.3740956 0.88921583 0.091987841 6710886
1.3743342 0.88060796 0.092003815 6710886
1.3745729 0.87199712 0.092019796 6710886
1.3748116 0.86338329 0.092035778 6710886
1.3750504 0.85476637 0.092051767 6710886
1.3752894 0.84614658 0.092067763 6710886
1.3755285 0.83752376 0.092083767 6710886
1.3757675 0.82889789 0.092099763 6710886
1.3760067 0.82026911 0.092115782 6710886
1.376246 0.81163728 0.092131801 6710886
1.3764853 0.80300248 0.092147827 6710886
1.3767247 0.79436463 0.092163846 6710886
1.3769642 0.78572375 0.09217988 6710886
1.3772038 0.77707994 0.092195921 6710886
1.3774436 0.76843309 0.092211969 6710886
1.3776833 0.75978321 0.092228018 6710886
1.3779231 0.75113034 0.092244074 6710886
1.3781631 0.74247444 0.092260137 6710886
1.3784032 0.73381561 0.092276216 6710886
1.3786432 0.72515363 0.092292279 6710886
1.3788834 0.71648866 0.092308357 6710886
1.3791237 0.70782077 0.092324443 6710886
1.3793639 0.69914973 0.092340529 6710886
1.3796043 0.6904757 0.092356622 6710886
1.3798449 0.6817987 0.09237273 6710886
1.3800856 0.67311871 0.092388839 6710886
1.3803262 0.66443557 0.092404947 6710886
1.380567 0.65574944 0.092421062 6710886
1.3808079 0.64706033 0.092437193 6710886
1.3810488 0.63836819 0.092453323 6710886
1.3812898 0.62967294 0.092469461 6710886
1.3815309 0.62097472 0.092485592 6710886
1.3817722 0.61227345 0.092501745 6710886
1.3820134 0.60356915 0.092517897 6710886
1.3822547 0.59486175 0.09253405 6710886
1.3824962 0.58615136 0.092550218 6710886
1.3827378 0.57743794 0.092566386 6710886
1.3829793 0.56872141 0.092582554 6710886
1.383221 0.56000191 0.092598736 6710886
1.3834628 0.55127931 0.092614926 6710886
1.3837048 0.54255372 0.092631124 6710886
1.3839465 0.53382498 0.092647307 6710886
1.3841887 0.52509326 0.092663519 6710886
1.3844308 0.51635849 0.092679724 6710886
1.384673 0.50762063 0.092695944 6710886
1.3849152 0.4988797 0.092712156 6710886
1.3851576 0.49013573 0.092728384 6710886
1.3854001 0.48138872 0.092744611 6710886
1.3856426 0.47263864 0.092760853 6710886
1.3858852 0.46388546 0.092777096 6710886
1.3861279 0.45512924 0.092793338 6710886
1.3863708 0.44636998 0.092809595 6710886
1.3866136 0.43760759 0.092825852 6710886
1.3868566 0.42884216 0.092842117 6710886
1.3870997 0.42007369 0.092858396 6710886
1.3873428 0.41130212 0.092874669 6710886
1.387586 0.40252745 0.092890948 6710886
1.3878293 0.39374971 0.092907235 6710886
1.3880727 0.38496894 0.092923537 6710886
1.3883163 0.37618506 0.092939839 6710886
1.3885598 0.36739808 0.092956141 6710886
1.3888035 0.35860804 0.09297245 6710886
1.3890473 0.34981492 0.092988774 6710886
1.3892909 0.34101865 0.093005084 6710886
1.3895348 0.33221933 0.093021415 6710886
1.3897789 0.32341695 0.093037747 6710886
1.390023 0.31461146 0.093054093 6710886
1.3902671 0.30580285 0.093070433 6710886
1.3905114 0.29699117 0.093086787 6710886
1.3907558 0.28817642 0.093103148 6710886
1.3910002 0.27935854 0.09311951 6710886
1.3912445 0.27053753 0.093135864 6710886
1.3914893 0.26171347 0.093152247 6710886
1.3917339 0.25288627 0.093168624 6710886
1.3919787 0.244056 0.093185015 6710886
1.3922235 0.23522259 0.093201399 6710886
1.3924685 0.22638609 0.093217805 6710886
1.3927135 0.21754649 0.093234211 6710886
1.3929585 0.20870374 0.09325061 6710886
1.3932037 0.19985791 0.093267024 6710886
1.3934491 0.19100897 0.093283445 6710886
1.3936945 0.18215691 0.093299881 6710886
1.3939399 0.17330171 0.093316302 6710886
1.3941854 0.1644434 0.093332745 6710886
1.3944311 0.15558198 0.093349189 6710886
1.3946768 0.14671743 0.093365639 6710886
1.3949225 0.13784975 0.093382083 6710886
1.3951684 0.12897895 0.093398549 6710886
1.3954145 0.12010503 0.093415022 6710886
1.3956605 0.11122797 0.093431495 6710886
1.3959066 0.10234777 0.093447961 6710886
1.3961529 0.093464449 0.093464449 6710886
1.3963993 0.084578 0.093480945 6710886
1.3966455 0.075688399 0.093497433 6710886
1.3968921 0.066795669 0.093513936 6710886
1.3971387 0.057899803 0.093530446 6710886
1.3973854 0.049000788 0.093546964 6710886
1.397632 0.04009863 0.093563475 6710886
1.3978789 0.031193333 0.09358 6710886
1.3981259 0.02228489 0.093596533 6710886
1.3983729 0.013373296 0.093613073 6710886
1.39862 0.0044585532 0.093629614 6710886
1.3988671 -0.0044593406 0.093646154 6710886
1.3991145 -0.013380388 0.093662716 6710886
1.399362 -0.022304591 0.093679287 6710886
1.3996093 -0.031231947 0.093695842 6710886
1.3998569 -0.040162466 0.093712419 6710886
1.4001045 -0.049096141 0.093728989 6710886
1.4003521 -0.058032971 0.093745567 6710886
1.4006 -0.066972971 0.093762159 6710886
1.4008479 -0.075916141 0.093778759 6710886
1.401096 -0.084862471 0.093795367 6710886
1.4013439 -0.093811966 0.093811966 6710886
1.4015921 -0.10276464 0.093828581 6710886
1.4018404 -0.11172048 0.093845204 6710886
1.4020888 -0.12067949 0.093861826 6710886
1.4023371 -0.12964167 0.093878448 6710886
1.4025856 -0.13860704 0.093895085 6710886
1.4028343 -0.14757559 0.093911737 6710886
1.403083 -0.15654731 0.093928382 6710886
1.4033316 -0.1655222 0.093945026 6710886
1.4035805 -0.17450029 0.093961693 6710886
1.4038296 -0.18348157 0.09397836 6710886
1.4040786 -0.19246602 0.093995035 6710886
1.4043276 -0.20145366 0.094011709 6710886
1.4045769 -0.2104445 0.094028391 6710886
1.4048263 -0.21943854 0.094045088 6710886
1.4050757 -0.22843575 0.094061784 6710886
1.4053251 -0.23743616 0.094078481 6710886
1.4055747 -0.24643978 0.094095185 6710886
1.4058243 -0.25544658 0.094111897 6710886
1.4060742 -0.26445663 0.094128624 6710886
1.4063239 -0.27346981 0.094145343 6710886
1.4065738 -0.28248623 0.094162069 6710886
1.4068239 -0.29150584 0.094178818 6710886
1.4070739 -0.30052865 0.094195552 6710886
1.4073241 -0.3095547 0.094212301 6710886
1.4075744 -0.31858397 0.094229057 6710886
1.4078249 -0.32761645 0.094245829 6710886
1.4080752 -0.3366521 0.094262585 6710886
1.4083258 -0.345691 0.094279356 6710886
1.4085764 -0.35473308 0.094296135 6710886
1.4088271 -0.36377838 0.094312914 6710886
1.4090779 -0.37282693 0.094329707 6710886
1.4093288 -0.3818787 0.094346508 6710886
1.4095798 -0.39093369 0.094363302 6710886
1.4098309 -0.39999193 0.094380118 6710886
1.410082 -0.40905336 0.094396926 6710886
1.4103333 -0.41811803 0.09441375 6710886
1.4105847 -0.42718595 0.094430581 6710886
1.410836 -0.43625706 0.094447404 6710886
1.4110876 -0.44533145 0.09446425 6710886
1.4113393 -0.45440909 0.094481096 6710886
1.4066349 -0.46186262 0.094166167 6710886
1.3819181 -0.46255758 0.092511512 6710886
1.3724182 -0.46812779 0.091875553 6710886
1.3726956 -0.47697425 0.09189412 6710886
1.372973 -0.48582423 0.091912687 6710886
1.29117 -0.46511042 0.08643645 6710886
1.2703662 -0.4657158 0.085043751 6710886
1.2622696 -0.47079536 0.084501736 6710886
1.2624919 -0.47892749 0.084516615 6710886
1.2627141 -0.48706242 0.084531493 6710886
1.2629365 -0.49520022 0.08454638 6710886
1.2631589 -0.5033409 0.084561266 6710886
1.2633814 -0.51148438 0.08457616 6710886
1.3711888 0.99224132 0.083051033 6710886
1.3714263 0.98366952 0.08306542 6710886
1.371664 0.97509474 0.083079822 6710886
1.3719018 0.96651697 0.083094217 6710886
1.3721397 0.95793635 0.083108634 6710886
1.3723775 0.94935256 0.083123036 6710886
1.3726156 0.94076592 0.083137453 6710886
1.3728536 0.93217629 0.083151877 6710886
1.3730918 0.92358363 0.083166301 6710886
1.37333 0.91498798 0.083180726 6710886
1.3735684 0.90638942 0.083195165 6710886
1.3738068 0.89778787 0.083209604 6710886
1.3740454 0.88918334 0.083224058 6710886
1.3742839 0.88057572 0.083238505 6710886
1.3745226 0.87196517 0.083252959 6710886
1.3747613 0.8633517 0.083267421 6710886
1.3750001 0.85473514 0.083281882 6710886
1.375239 0.84611559 0.083296351 6710886
1.375478 0.83749306 0.083310828 6710886
1.3757172 0.82886761 0.083325312 6710886
1.3759563 0.82023907 0.083339795 6710886
1.3761955 0.81160754 0.083354287 6710886
1.3764349 0.80297303 0.083368786 6710886
1.3766743 0.79433548 0.083383285 6710886
1.3769137 0.7856949 0.083397783 6710886
1.3771533 0.77705139 0.083412297 6710886
1.377393 0.7684049 0.083426818 6710886
1.3776329 0.75975537 0.083441347 6710886
1.3778726 0.75110281 0.083455861 6710886
1.3781124 0.74244714 0.083470389 6710886
1.3783525 0.73378861 0.083484933 6710886
1.3785925 0.72512698 0.083499469 6710886
1.3788327 0.71646237 0.08351402 6710886
1.379073 0.70779473 0.083528571 6710886
1.3793133 0.6991241 0.083543129 6710886
1.3795537 0.69045037 0.083557688 6710886
1.3797942 0.68177366 0.083572254 6710886
1.3800348 0.67309391 0.083586827 6710886
1.3802755 0.66441119 0.083601408 6710886
1.3805162 0.65572536 0.083615981 6710886
1.3807571 0.64703655 0.083630577 6710886
1.380998 0.63834471 0.083645165 6710886
1.3812391 0.62964982 0.083659768 6710886
1.3814801 0.62095189 0.083674364 6710886
1.3817213 0.61225092 0.083688974 6710886
1.3819625 0.60354692 0.083703585 6710886
1.3822038 0.59483987 0.083718203 6710886
1.3824453 0.58612978 0.083732828 6710886
1.3826869 0.57741666 0.083747461 6710886
1.3829285 0.56870055 0.083762094 6710886
1.38317 0.55998123 0.08377672 6710886
1.3834119 0.55125904 0.083791375 6710886
1.3836538 0.5425337 0.083806023 6710886
1.3838956 0.53380531 0.083820671 6710886
1.3841376 0.52507389 0.083835326 6710886
1.3843797 0.51633942 0.083849996 6710886
1.384622 0.50760192 0.083864667 6710886
1.3848641 0.49886128 0.083879329 6710886
1.3851066 0.49011767 0.083894014 6710886
1.385349 0.48137099 0.083908699 6710886
1.3855915 0.4726212 0.083923392 6710886
1.3858341 0.46386835 0.083938085 6710886
1.3860768 0.45511246 0.083952785 6710886
1.3863196 0.4463535 0.083967492 6710886
1.3865625 0.43759146 0.083982199 6710886
1.3868054 0.42882636 0.083996914 6710886
1.3870485 0.42005819 0.084011637 6710886
1.3872916 0.41128692 0.084026359 6710886
1.3875349 0.40251261 0.084041096 6710886
1.387778 0.39373517 0.084055826 6710886
1.3880215 0.38495472 0.084070571 6710886
1.3882649 0.37617114 0.084085315 6710886
1.3885084 0.36738449 0.08410006 6710886
1.3887521 0.35859478 0.08411482 6710886
1.3889958 0.34980193 0.084129579 6710886
1.3892397 0.34100607 0.084144354 6710886
1.3894835 0.33220705 0.084159121 6710886
1.3897275 0.32340497 0.084173895 6710886
1.3899715 0.31459981 0.084188677 6710886
1.3902158 0.30579156 0.084203474 6710886
1.3904599 0.29698017 0.084218264 6710886
1.3907042 0.28816572 0.084233053 6710886
1.3909487 0.27934816 0.084247865 6710886
1.3911932 0.27052754 0.084262669 6710886
1.3914376 0.26170376 0.084277481 6710886
1.3916824 0.25287691 0.084292307 6710886
1.3919271 0.24404696 0.084307127 6710886
1.3921719 0.23521386 0.084321953 6710886
1.3924168 0.2263777 0.084336787 6710886
1.3926618 0.2175384 0.084351629 6710886
1.3929069 0.20869601 0.084366471 6710886
1.393152 0.19985048 0.08438132 6710886
1.3933973 0.19100188 0.084396176 6710886
1.3936427 0.18215013 0.08441104 6710886
1.3938882 0.17329529 0.084425911 6710886
1.3941336 0.16443729 0.084440768 6710886
1.3943793 0.1555762 0.084455654 6710886
1.3946249 0.14671198 0.084470533 6710886
1.3948708 0.13784464 0.084485419 6710886
1.3951166 0.12897415 0.084500305 6710886
1.3953626 0.12010057 0.084515214 6710886
1.3956087 0.11122383 0.084530115 6710886
1.3958547 0.10234397 0.084545016 6710886
1.3961009 0.09346097 0.084559925 6710886
1.3963473 0.084574848 0.084574848 6710886
1.3965937 0.075685591 0.084589779 6710886
1.3968401 0.066793181 0.084604703 6710886
1.3970867 0.05789765 0.084619641 6710886
1.3973334 0.048998967 0.08463458 6710886
1.3975801 0.040097144 0.084649526 6710886
1.3978269 0.031192174 0.084664471 6710886
1.3980738 0.022284059 0.084679425 6710886
1.3983208 0.013372798 0.084694386 6710886
1.3985679 0.0044583869 0.084709354 6710886
1.398815 -0.0044591748 0.084724322 6710886
1.3990624 -0.01337989 0.084739305 6710886
1.3993098 -0.022303758 0.084754281 6710886
1.3995571 -0.031230783 0.084769264 6710886
1.3998047 -0.040160965 0.084784262 6710886
1.4000523 -0.049094308 0.08479926 6710886
1.4003 -0.05803081 0.084814265 6710886
1.4005477 -0.066970475 0.084829271 6710886
1.4007957 -0.07591331 0.084844284 6710886
1.4010437 -0.084859304 0.084859304 6710886
1.4012917 -0.093808472 0.084874332 6710886
1.4015398 -0.1027608 0.084889352 6710886
1.401788 -0.1117163 0.084904388 6710886
1.4020364 -0.12067499 0.084919438 6710886
1.4022849 -0.12963684 0.08493448 6710886
1.4025332 -0.13860185 0.084949523 6710886
1.4027818 -0.14757007 0.084964581 6710886
1.4030305 -0.15654145 0.084979646 6710886
1.4032793 -0.16551602 0.084994711 6710886
1.4035281 -0.17449376 0.085009784 6710886
1.403777 -0.18347469 0.085024856 6710886
1.4040262 -0.19245884 0.085039951 6710886
1.4042753 -0.20144615 0.085055038 6710886
1.4045243 -0.21043663 0.085070126 6710886
1.4047737 -0.21943033 0.085085228 6710886
1.4050231 -0.22842722 0.08510033 6710886
1.4052725 -0.23742728 0.08511544 6710886
1.405522 -0.24643055 0.08513055 6710886
1.4057717 -0.25543705 0.085145675 6710886
1.4060215 -0.26444671 0.085160807 6710886
1.4062712 -0.27345955 0.085175931 6710886
1.4065211 -0.28247562 0.085191064 6710886
1.4067712 -0.29149494 0.085206211 6710886
1.4070213 -0.30051744 0.085221358 6710886
1.4072714 -0.3095431 0.085236512 6710886
1.4075216 -0.31857201 0.085251667 6710886
1.4077719 -0.32760412 0.085266829 6710886
1.4080224 -0.33663946 0.085281998 6710886
1.408273 -0.34567803 0.085297175 6710886
1.4085234 -0.35471976 0.085312344 6710886
1.4087743 -0.36376476 0.085327536 6710886
1.4090251 -0.37281296 0.085342728 6710886
1.4092759 -0.38186437 0.085357919 6710886
1.4095268 -0.39091903 0.085373119 6710886
1.409778 -0.39997691 0.085388333 6710886
1.4100291 -0.40903801 0.085403539 6710886
1.4102803 -0.41810235 0.085418761 6710886
1.4105316 -0.42716989 0.085433975 6710886
1.4107831 -0.43624067 0.085449204 6710886
1.4110346 -0.44531471 0.08546444 6710886
1.4112862 -0.45439199 0.085479684 6710886
1.4068118 -0.46192071 0.085208677 6710886
1.3820877 -0.46261436 0.08371117 6710886
1.3776506 -0.46991259 0.08344242 6710886
1.3779188 -0.47878918 0.083458662 6710886
1.3781871 -0.48766923 0.083474912 6710886
1.2913686 -0.46518195 0.078216434 6710886
1.2705042 -0.4657664 0.076952711 6710886
1.2616206 -0.47055331 0.076414645 6710886
1.2618459 -0.47868243 0.076428287 6710886
1.2620713 -0.48681444 0.076441936 6710886
1.2622968 -0.49494937 0.076455593 6710886
1.2625223 -0.50308722 0.076469257 6710886
1.262748 -0.51122797 0.076482922 6710886
1.3711387 0.99220508 0.074306108 6710886
1.3713763 0.98363358 0.074318983 6710886
1.3716139 0.97505909 0.074331857 6710886
1.3718517 0.96648169 0.074344747 6710886
1.3720895 0.9579013 0.074357636 6710886
1.3723274 0.94931793 0.074370526 6710886
1.3725654 0.94073153 0.074383423 6710886
1.3728034 0.9321422 0.074396327 6710886
1.3730416 0.92354989 0.074409232 6710886
1.3732799 0.9149546 0.074422143 6710886
1.3735181 0.90635628 0.074435055 6710886
1.3737565 0.89775497 0.074447975 6710886
1.3739951 0.8891508 0.074460901 6710886
1.3742336 0.88054353 0.074473828 6710886
1.3744723 0.87193328 0.074486762 6710886
1.374711 0.86332005 0.074499704 6710886
1.3749498 0.85470384 0.074512646 6710886
1.3751886 0.84608454 0.07452558 6710886
1.3754276 0.83746237 0.074538536 6710886
1.3756667 0.82883722 0.074551493 6710886
1.3759059 0.82020897 0.074564457 6710886
1.376145 0.81157774 0.074577413 6710886
1.3763844 0.80294359 0.074590385 6710886
1.3766239 0.7943064 0.074603364 6710886
1.3768632 0.78566611 0.074616335 6710886
1.3771029 0.77702296 0.074629322 6710886
1.3773425 0.76837671 0.074642308 6710886
1.3775822 0.75972748 0.074655302 6710886
1.3778219 0.75107515 0.074668288 6710886
1.3780619 0.74241996 0.074681297 6710886
1.3783019 0.73376167 0.074694298 6710886
1.3785419 0.7251004 0.074707314 6710886
1.378782 0.71643603 0.074720323 6710886
1.3790224 0.70776874 0.074733347 6710886
1.3792627 0.69909841 0.07474637 6710886
1.3795031 0.69042504 0.074759401 6710886
1.3797435 0.68174857 0.074772425 6710886
1.3799841 0.67306924 0.074785471 6710886
1.3802248 0.66438675 0.074798509 6710886
1.3804654 0.65570122 0.074811548 6710886
1.3807063 0.64701277 0.074824601 6710886
1.3809472 0.63832122 0.074837662 6710886
1.3811883 0.62962669 0.074850723 6710886
1.3814292 0.620929 0.074863777 6710886
1.3816705 0.61222839 0.074876852 6710886
1.3819116 0.60352468 0.074889928 6710886
1.382153 0.594818 0.074903004 6710886
1.3823943 0.58610815 0.07491608 6710886
1.382636 0.57739544 0.074929178 6710886
1.3828775 0.56867957 0.074942268 6710886
1.3831192 0.55996066 0.074955367 6710886
1.3833609 0.55123872 0.074968465 6710886
1.3836027 0.54251373 0.07498157 6710886
1.3838446 0.53378564 0.074994676 6710886
1.3840865 0.52505451 0.075007789 6710886
1.3843286 0.51632035 0.075020909 6710886
1.3845708 0.5075832 0.075034037 6710886
1.3848132 0.49884295 0.075047165 6710886
1.3850554 0.49009958 0.075060293 6710886
1.3852979 0.48135319 0.075073436 6710886
1.3855404 0.47260374 0.075086579 6710886
1.385783 0.46385124 0.075099722 6710886
1.3860255 0.45509562 0.075112872 6710886
1.3862684 0.44633698 0.07512603 6710886
1.3865113 0.43757531 0.075139195 6710886
1.3867543 0.42881054 0.07515236 6710886
1.3869972 0.42004266 0.075165525 6710886
1.3872403 0.41127172 0.075178698 6710886
1.3874835 0.40249771 0.075191878 6710886
1.3877267 0.3937206 0.075205058 6710886
1.3879701 0.38494045 0.075218253 6710886
1.3882136 0.37615725 0.075231448 6710886
1.3884572 0.36737093 0.07524465 6710886
1.3887007 0.35858151 0.075257845 6710886
1.3889444 0.34978899 0.075271048 6710886
1.3891882 0.34099343 0.075284265 6710886
1.3894321 0.33219478 0.075297482 6710886
1.389676 0.32339299 0.0753107 6710886
1.3899201 0.31458816 0.075323924 6710886
1.3901643 0.30578023 0.075337157 6710886
1.3904085 0.29696921 0.075350396 6710886
1.3906527 0.28815505 0.075363629 6710886
1.390897 0.27933782 0.075376868 6710886
1.3911415 0.2705175 0.075390123 6710886
1.391386 0.26169404 0.07540337 6710886
1.3916308 0.25286755 0.075416632 6710886
1.3918755 0.2440379 0.075429894 6710886
1.3921204 0.23520516 0.075443164 6710886
1.3923651 0.22636929 0.075456426 6710886
1.3926102 0.21753034 0.07546971 6710886
1.3928553 0.20868827 0.075482994 6710886
1.3931005 0.19984309 0.075496286 6710886
1.3933456 0.19099478 0.075509563 6710886
1.3935909 0.18214338 0.075522862 6710886
1.3938364 0.17328884 0.075536162 6710886
1.3940818 0.16443118 0.075549461 6710886
1.3943274 0.15557042 0.075562775 6710886
1.3945732 0.14670654 0.075576097 6710886
1.3948189 0.13783951 0.075589411 6710886
1.3950647 0.12896936 0.075602733 6710886
1.3953106 0.12009609 0.075616054 6710886
1.3955568 0.1112197 0.075629398 6710886
1.3958029 0.10234017 0.075642735 6710886
1.396049 0.093457498 0.075656071 6710886
1.3962953 0.084571704 0.075669415 6710886
1.3965417 0.075682774 0.075682774 6710886
1.3967882 0.066790707 0.075696133 6710886
1.3970346 0.057895489 0.075709485 6710886
1.3972813 0.048997138 0.075722851 6710886
1.3975281 0.04009565 0.075736225 6710886
1.3977748 0.03119101 0.075749598 6710886
1.3980217 0.022283228 0.07576298 6710886
1.3982687 0.013372299 0.075776361 6710886
1.3985158 0.0044582207 0.075789757 6710886
1.3987629 -0.0044590086 0.075803146 6710886
1.3990103 -0.013379391 0.075816549 6710886
1.3992577 -0.022302929 0.07582996 6710886
1.399505 -0.031229621 0.075843364 6710886
1.3997525 -0.040159468 0.075856775 6710886
1.4000001 -0.049092479 0.075870194 6710886
1.4002478 -0.05802865 0.075883619 6710886
1.4004956 -0.066967987 0.075897045 6710886
1.4007434 -0.075910471 0.075910471 6710886
1.4009913 -0.084856138 0.075923912 6710886
1.4012394 -0.093804963 0.075937353 6710886
1.4014876 -0.10275697 0.075950801 6710886
1.4017357 -0.11171213 0.07596425 6710886
1.401984 -0.12067048 0.075977705 6710886
1.4022324 -0.129632 0.075991169 6710886
1.402481 -0.1385967 0.076004639 6710886
1.4027294 -0.14756455 0.076018102 6710886
1.4029781 -0.1565356 0.076031581 6710886
1.4032269 -0.16550983 0.076045059 6710886
1.4034756 -0.17448725 0.076058544 6710886
1.4037246 -0.18346784 0.07607203 6710886
1.4039736 -0.19245163 0.07608553 6710886
1.4042227 -0.20143861 0.076099031 6710886
1.4044718 -0.21042874 0.076112524 6710886
1.4047211 -0.21942212 0.076126039 6710886
1.4049705 -0.22841866 0.076139554 6710886
1.4052199 -0.2374184 0.07615307 6710886
1.4054694 -0.24642132 0.076166593 6710886
1.405719 -0.25542745 0.076180115 6710886
1.4059688 -0.26443681 0.076193653 6710886
1.4062186 -0.27344933 0.076207191 6710886
1.4064684 -0.28246504 0.076220728 6710886
1.4067184 -0.291484 0.076234274 6710886
1.4069685 -0.30050614 0.076247826 6710886
1.4072187 -0.30953151 0.076261386 6710886
1.4074688 -0.31856006 0.076274946 6710886
1.4077193 -0.32759187 0.076288514 6710886
1.4079696 -0.33662683 0.076302081 6710886
1.4082201 -0.34566504 0.076315656 6710886
1.4084707 -0.35470647 0.076329239 6710886
1.4087213 -0.36375108 0.076342821 6710886
1.4089721 -0.37279898 0.076356411 6710886
1.409223 -0.38185003 0.076370008 6710886
1.4094739 -0.39090434 0.076383606 6710886
1.409725 -0.39996186 0.07639721 6710886
1.409976 -0.4090226 0.076410815 6710886
1.4102273 -0.41808662 0.076424435 6710886
1.4104787 -0.42715386 0.076438062 6710886
1.41073 -0.43622428 0.076451682 6710886
1.4109815 -0.44529799 0.076465309 6710886
1.4112331 -0.45437488 0.076478943 6710886
1.4069889 -0.46197882 0.076248936 6710886
1.3822331 -0.46266302 0.074907348 6710886
1.3806295 -0.47092867 0.074820444 6710886
1.3808892 -0.47982129 0.074834518 6710886
1.3811485 -0.48871711 0.074848562 6710886
1.2915082 -0.46523225 0.069990695 6710886
1.2706472 -0.46581879 0.068860173 6710886
1.2615732 -0.47053564 0.068368427 6710886
1.2617985 -0.47866443 0.068380632 6710886
1.2620238 -0.48679614 0.068392843 6710886
1.2622494 -0.49493077 0.068405069 6710886
1.2624748 -0.50306827 0.068417281 6710886
1.2627004 -0.51120871 0.068429515 6710886
1.3710886 0.99216884 0.065561816 6710886
1.3713262 0.9835977 0.065573178 6710886
1.3715639 0.97502357 0.065584548 6710886
1.3718015 0.96644634 0.065595903 6710886
1.3720393 0.95786625 0.06560728 6710886
1.3722773 0.94928318 0.065618657 6710886
1.3725152 0.94069713 0.065630034 6710886
1.3727533 0.9321081 0.065641418 6710886
1.3729914 0.92351615 0.065652803 6710886
1.3732296 0.9149211 0.065664195 6710886
1.3734679 0.90632313 0.065675586 6710886
1.3737062 0.89772213 0.065686986 6710886
1.3739448 0.88911819 0.065698393 6710886
1.3741833 0.88051128 0.0657098 6710886
1.374422 0.87190139 0.065721206 6710886
1.3746606 0.8632884 0.065732621 6710886
1.3748995 0.85467255 0.065744042 6710886
1.3751384 0.84605366 0.065755464 6710886
1.3753773 0.83743173 0.065766893 6710886
1.3756163 0.82880682 0.065778323 6710886
1.3758554 0.82017893 0.065789752 6710886
1.3760946 0.81154799 0.065801188 6710886
1.376334 0.80291414 0.065812632 6710886
1.3765733 0.79427725 0.065824084 6710886
1.3768128 0.78563738 0.065835536 6710886
1.3770523 0.77699441 0.065846987 6710886
1.3772919 0.76834852 0.065858446 6710886
1.3775316 0.75969958 0.065869905 6710886
1.3777715 0.75104767 0.065881371 6710886
1.3780113 0.74239272 0.065892845 6710886
1.3782513 0.73373473 0.065904319 6710886
1.3784914 0.72507381 0.065915801 6710886
1.3787315 0.71640974 0.065927282 6710886
1.3789717 0.70774275 0.065938763 6710886
1.379212 0.69907272 0.06595026 6710886
1.3794523 0.69039965 0.065961748 6710886
1.3796928 0.68172354 0.065973245 6710886
1.3799334 0.67304444 0.065984748 6710886
1.380174 0.66436231 0.065996259 6710886
1.3804147 0.65567714 0.066007763 6710886
1.3806555 0.64698893 0.066019282 6710886
1.3808964 0.63829774 0.0660308 6710886
1.3811374 0.62960345 0.066042319 6710886
1.3813785 0.62090623 0.066053852 6710886
1.3816196 0.61220586 0.066065378 6710886
1.3818609 0.60350251 0.066076919 6710886
1.3821021 0.59479606 0.066088453 6710886
1.3823435 0.58608663 0.066099994 6710886
1.3825849 0.5773741 0.066111542 6710886
1.3828266 0.56865859 0.066123098 6710886
1.3830682 0.55994004 0.066134647 6710886
1.3833098 0.55121839 0.066146202 6710886
1.3835517 0.5424937 0.066157773 6710886
1.3837936 0.53376597 0.066169336 6710886
1.3840356 0.5250352 0.066180907 6710886
1.3842776 0.51630133 0.066192478 6710886
1.3845198 0.50756449 0.066204064 6710886
1.384762 0.49882451 0.066215642 6710886
1.3850044 0.49008152 0.066227235 6710886
1.3852468 0.48133543 0.066238821 6710886
1.3854892 0.4725863 0.066250414 6710886
1.3857318 0.46383411 0.066262014 6710886
1.3859745 0.45507887 0.066273622 6710886
1.3862172 0.44632053 0.06628523 6710886
1.3864601 0.43755913 0.066296838 6710886
1.386703 0.42879468 0.066308454 6710886
1.386946 0.42002714 0.066320077 6710886
1.387189 0.41125652 0.066331699 6710886
1.3874322 0.40248284 0.066343322 6710886
1.3876755 0.39370608 0.06635496 6710886
1.3879188 0.38492623 0.066366591 6710886
1.3881623 0.37614334 0.066378236 6710886
1.3884058 0.36735734 0.066389881 6710886
1.3886495 0.35856825 0.066401534 6710886
1.388893 0.34977606 0.066413179 6710886
1.3891368 0.3409808 0.066424832 6710886
1.3893807 0.33218247 0.066436499 6710886
1.3896246 0.32338104 0.06644816 6710886
1.3898686 0.31457651 0.066459827 6710886
1.3901128 0.30576891 0.066471502 6710886
1.3903569 0.29695818 0.066483177 6710886
1.3906012 0.28814438 0.066494852 6710886
1.3908455 0.27932748 0.066506542 6710886
1.39109 0.27050748 0.066518232 6710886
1.3913347 0.26168439 0.06652993 6710886
1.3915792 0.25285816 0.06654162 6710886
1.3918239 0.24402885 0.066553324 6710886
1.3920687 0.23519644 0.066565029 6710886
1.3923136 0.22636092 0.066576742 6710886
1.3925585 0.21752226 0.066588446 6710886
1.3928035 0.20868053 0.066600166 6710886
1.3930488 0.19983567 0.066611893 6710886
1.3932939 0.19098769 0.066623613 6710886
1.3935392 0.18213661 0.06663534 6710886
1.3937846 0.17328241 0.066647083 6710886
1.3940302 0.1644251 0.066658825 6710886
1.3942757 0.15556464 0.066670559 6710886
1.3945214 0.14670108 0.066682309 6710886
1.3947672 0.1378344 0.066694066 6710886
1.395013 0.12896457 0.066705815 6710886
1.3952588 0.12009162 0.066717573 6710886
1.3955048 0.11121556 0.066729337 6710886
1.395751 0.10233636 0.066741109 6710886
1.3959972 0.093454026 0.066752881 6710886
1.3962433 0.084568553 0.066764645 6710886
1.3964897 0.075679958 0.066776432 6710886
1.3967363 0.066788219 0.066788219 6710886
1.3969827 0.057893336 0.066799998 6710886
1.3972293 0.048995316 0.066811793 6710886
1.3974761 0.040094156 0.066823594 6710886
1.3977228 0.031189851 0.066835396 6710886
1.3979697 0.022282399 0.066847198 6710886
1.3982166 0.013371801 0.066859007 6710886
1.3984637 0.0044580549 0.066870824 6710886
1.398711 -0.0044588428 0.066882648 6710886
1.3989581 -0.013378892 0.066894464 6710886
1.3992054 -0.022302097 0.066906288 6710886
1.3994529 -0.031228457 0.06691812 6710886
1.3997004 -0.040157974 0.066929959 6710886
1.3999479 -0.049090646 0.06694179 6710886
1.4001956 -0.058026485 0.066953637 6710886
1.4004433 -0.066965483 0.066965483 6710886
1.4006913 -0.075907648 0.066977337 6710886
1.4009391 -0.084852971 0.066989191 6710886
1.4011871 -0.093801461 0.067001045 6710886
1.4014353 -0.10275313 0.067012914 6710886
1.4016834 -0.11170797 0.067024782 6710886
1.4019316 -0.12066597 0.067036651 6710886
1.4021801 -0.12962715 0.067048527 6710886
1.4024285 -0.13859151 0.067060411 6710886
1.4026769 -0.14755903 0.067072287 6710886
1.4029256 -0.15652975 0.067084178 6710886
1.4031744 -0.16550365 0.067096077 6710886
1.4034232 -0.17448072 0.067107968 6710886
1.4036721 -0.18346098 0.067119874 6710886
1.4039211 -0.19244444 0.06713178 6710886
1.4041702 -0.20143107 0.067143686 6710886
1.4044193 -0.21042089 0.0671556 6710886
1.4046686 -0.21941391 0.067167521 6710886
1.4049178 -0.22841009 0.067179441 6710886
1.4051673 -0.23740952 0.06719137 6710886
1.4054168 -0.24641211 0.067203298 6710886
1.4056664 -0.25541788 0.067215234 6710886
1.4059161 -0.26442689 0.067227177 6710886
1.406166 -0.27343911 0.067239121 6710886
1.4064158 -0.28245449 0.067251071 6710886
1.4066657 -0.29147309 0.067263015 6710886
1.4069158 -0.30049491 0.06727498 6710886
1.4071658 -0.30951989 0.067286931 6710886
1.4074161 -0.31854814 0.067298904 6710886
1.4076664 -0.32757959 0.06731087 6710886
1.4079168 -0.33661422 0.067322843 6710886
1.4081672 -0.34565207 0.067334816 6710886
1.4084178 -0.35469314 0.067346804 6710886
1.4086685 -0.36373746 0.067358792 6710886
1.4089192 -0.37278497 0.067370772 6710886
1.4091702 -0.38183573 0.067382775 6710886
1.409421 -0.39088964 0.067394771 6710886
1.409672 -0.39994687 0.067406774 6710886
1.4099232 -0.40900728 0.067418784 6710886
1.4101744 -0.41807091 0.067430794 6710886
1.4104257 -0.42713779 0.067442812 6710886
1.4106771 -0.43620792 0.06745483 6710886
1.4109285 -0.44528124 0.067466855 6710886
1.4111801 -0.45435783 0.067478888 6710886
1.4071659 -0.46203697 0.067286938 6710886
1.3824389 -0.4627319 0.066104561 6710886
1.3816111 -0.4712635 0.066064976 6710886
1.3818526 -0.48015606 0.066076525 6710886
1.3820943 -0.48905179 0.06608808 6710886
1.2916696 -0.4652904 0.06176421 6710886
1.2707877 -0.46587032 0.060765695 6710886
1.2615258 -0.47051793 0.06032281 6710886
1.2617511 -0.47864646 0.060333584 6710886
1.2619765 -0.48677787 0.060344364 6710886
1.2622018 -0.49491212 0.060355138 6710886
1.2624274 -0.50304943 0.06036593 6710886
1.262653 -0.51118952 0.060376715 6710886
1.3710386 0.9921326 0.056818169 6710886
1.3712761 0.98356175 0.056828015 6710886
1.3715137 0.97498786 0.05683786 6710886
1.3717514 0.96641105 0.05684771 6710886
1.3719893 0.95783126 0.056857564 6710886
1.3722271 0.94924849 0.056867421 6710886
1.3724651 0.9406628 0.056877285 6710886
1.3727031 0.93207401 0.056887146 6710886
1.3729411 0.9234823 0.056897014 6710886
1.3731794 0.91488767 0.05690689 6710886
1.3734177 0.90628999 0.056916766 6710886
1.373656 0.89768934 0.056926638 6710886
1.3738945 0.88908565 0.056936521 6710886
1.374133 0.88047904 0.056946404 6710886
1.3743716 0.87186944 0.056956295 6710886
1.3746103 0.86325681 0.056966186 6710886
1.3748491 0.8546412 0.05697608 6710886
1.375088 0.84602267 0.056985982 6710886
1.3753269 0.83740103 0.056995884 6710886
1.3755659 0.82877642 0.057005785 6710886
1.375805 0.82014889 0.057015698 6710886
1.3760443 0.81151831 0.057025611 6710886
1.3762834 0.80288464 0.057035521 6710886
1.3765229 0.79424816 0.057045449 6710886
1.3767623 0.78560853 0.057055369 6710886
1.3770019 0.77696598 0.057065297 6710886
1.3772414 0.76832032 0.057075221 6710886
1.3774811 0.75967169 0.057085156 6710886
1.377721 0.75102013 0.057095096 6710886
1.3779608 0.74236548 0.057105038 6710886
1.3782007 0.73370779 0.057114977 6710886
1.3784407 0.72504711 0.057124928 6710886
1.3786808 0.71638346 0.057134874 6710886
1.378921 0.70771676 0.057144832 6710886
1.3791614 0.69904703 0.05715479 6710886
1.3794017 0.69037426 0.057164751 6710886
1.3796421 0.6816985 0.057174712 6710886
1.3798826 0.67301965 0.057184678 6710886
1.3801233 0.66433787 0.057194654 6710886
1.3803641 0.65565306 0.05720463 6710886
1.3806049 0.64696521 0.05721461 6710886
1.3808457 0.63827425 0.05722459 6710886
1.3810866 0.62958032 0.057234574 6710886
1.3813276 0.62088335 0.057244565 6710886
1.3815687 0.61218327 0.057254553 6710886
1.3818099 0.60348028 0.057264552 6710886
1.3820512 0.59477419 0.05727455 6710886
1.3822926 0.58606505 0.057284556 6710886
1.382534 0.57735288 0.057294559 6710886
1.3827757 0.56863767 0.057304572 6710886
1.3830173 0.55991942 0.057314586 6710886
1.3832591 0.55119812 0.057324607 6710886
1.3835007 0.54247373 0.057334621 6710886
1.3837426 0.5337463 0.057344642 6710886
1.3839846 0.52501583 0.05735467 6710886
1.3842267 0.51628232 0.057364706 6710886
1.3844687 0.50754571 0.057374734 6710886
1.3847109 0.49880609 0.057384774 6710886
1.3849533 0.49006343 0.057394817 6710886
1.3851956 0.48131767 0.057404861 6710886
1.3854381 0.47256887 0.057414908 6710886
1.3856807 0.463817 0.057424963 6710886
1.3859234 0.45506209 0.057435021 6710886
1.386166 0.44630402 0.057445072 6710886
1.3864088 0.43754297 0.057455137 6710886
1.3866518 0.42877883 0.057465203 6710886
1.3868948 0.42001164 0.057475276 6710886
1.3871378 0.41124132 0.057485346 6710886
1.387381 0.40246797 0.057495423 6710886
1.3876243 0.39369154 0.057505507 6710886
1.3878676 0.38491201 0.057515591 6710886
1.3881109 0.37612939 0.057525672 6710886
1.3883544 0.36734372 0.057535768 6710886
1.3885981 0.35855499 0.057545863 6710886
1.3888416 0.34976313 0.057555955 6710886
1.3890854 0.34096819 0.057566058 6710886
1.3893293 0.33217019 0.057576168 6710886
1.3895732 0.32336909 0.057586275 6710886
1.3898171 0.31456485 0.057596382 6710886
1.3900613 0.30575758 0.0576065 6710886
1.3903054 0.29694718 0.057616618 6710886
1.3905498 0.28813374 0.057626747 6710886
1.390794 0.27931714 0.057636868 6710886
1.3910384 0.27049744 0.057646994 6710886
1.391283 0.26167467 0.057657134 6710886
1.3915277 0.2528488 0.05766727 6710886
1.3917723 0.24401981 0.057677407 6710886
1.3920171 0.23518772 0.057687555 6710886
1.392262 0.22635253 0.057697702 6710886
1.3925068 0.2175142 0.05770785 6710886
1.3927519 0.20867279 0.057718005 6710886
1.392997 0.19982825 0.057728164 6710886
1.3932422 0.19098061 0.057738326 6710886
1.3934875 0.18212985 0.057748489 6710886
1.3937329 0.17327598 0.057758659 6710886
1.3939784 0.16441898 0.057768833 6710886
1.3942239 0.15555887 0.057779007 6710886
1.3944695 0.14669563 0.057789184 6710886
1.3947153 0.13782927 0.057799373 6710886
1.3949611 0.12895979 0.057809558 6710886
1.395207 0.12008718 0.05781975 6710886
1.395453 0.11121143 0.057829943 6710886
1.3956991 0.10233256 0.057840142 6710886
1.3959453 0.093450561 0.057850346 6710886
1.3961915 0.084565416 0.057860546 6710886
1.3964378 0.075677142 0.057870753 6710886
1.3966843 0.066785738 0.057880968 6710886
1.3969308 0.057891186 0.057891186 6710886
1.3971773 0.048993494 0.057901401 6710886
1.397424 0.040092662 0.057911623 6710886
1.3976709 0.031188691 0.057921857 6710886
1.3979177 0.022281572 0.057932086 6710886
1.3981646 0.013371304 0.057942316 6710886
1.3984116 0.0044578887 0.057952553 6710886
1.3986588 -0.0044586766 0.057962794 6710886
1.3989059 -0.013378393 0.057973035 6710886
1.3991532 -0.022301264 0.057983287 6710886
1.3994007 -0.031227292 0.057993542 6710886
1.3996482 -0.040156476 0.058003798 6710886
1.3998958 -0.049088821 0.058014061 6710886
1.4001434 -0.058024321 0.058024321 6710886
1.4003911 -0.066962987 0.058034588 6710886
1.4006389 -0.075904816 0.058044858 6710886
1.4008868 -0.084849805 0.058055129 6710886
1.4011348 -0.093797967 0.058065407 6710886
1.4013829 -0.1027493 0.058075689 6710886
1.4016311 -0.1117038 0.058085974 6710886
1.4018793 -0.12066146 0.05809626 6710886
1.4021276 -0.12962231 0.058106549 6710886
1.4023762 -0.13858634 0.05811685 6710886
1.4026247 -0.14755353 0.05812715 6710886
1.4028732 -0.1565239 0.058137447 6710886
1.4031219 -0.16549747 0.058147758 6710886
1.4033707 -0.17447421 0.058158066 6710886
1.4036196 -0.18345413 0.058168381 6710886
1.4038686 -0.19243723 0.058178697 6710886
1.4041176 -0.20142353 0.05818902 6710886
1.4043669 -0.21041302 0.05819935 6710886
1.4046161 -0.21940571 0.058209676 6710886
1.4048653 -0.22840156 0.058220003 6710886
1.4051148 -0.23740064 0.058230344 6710886
1.4053643 -0.24640289 0.058240682 6710886
1.4056139 -0.25540835 0.058251027 6710886
1.4058634 -0.26441696 0.058261368 6710886
1.4061133 -0.27342886 0.058271721 6710886
1.4063631 -0.28244391 0.058282077 6710886
1.4066131 -0.29146218 0.058292437 6710886
1.406863 -0.30048361 0.05830279 6710886
1.4071131 -0.30950829 0.058313157 6710886
1.4073633 -0.31853619 0.058323525 6710886
1.4076136 -0.32756728 0.0583339 6710886
1.407864 -0.33660159 0.058344275 6710886
1.4081144 -0.34563911 0.058354653 6710886
1.408365 -0.35467985 0.05836504 6710886
1.4086156 -0.36372378 0.058375422 6710886
1.4088664 -0.37277099 0.058385815 6710886
1.4091172 -0.38182139 0.058396213 6710886
1.409368 -0.39087498 0.058406606 6710886
1.4096191 -0.39993185 0.058417011 6710886
1.4098703 -0.40899193 0.05842742 6710886
1.4101213 -0.41805521 0.058437824 6710886
1.4103726 -0.42712173 0.058448236 6710886
1.410624 -0.4361915 0.058458656 6710886
1.4108756 -0.44526452 0.058469079 6710886
1.4111271 -0.45434076 0.058479503 6710886
1.4073431 -0.46209517 0.05832269 6710886
1.3825895 -0.46278229 0.057296857 6710886
1.3803859 -0.47084555 0.057205535 6710886
1.3806187 -0.4797273 0.057215184 6710886
1.3808515 -0.48861203 0.057224832 6710886
1.2918149 -0.46534273 0.053535003 6710886
1.2709283 -0.46592185 0.052669425 6710886
1.2614784 -0.47050029 0.052277807 6710886
1.2617036 -0.47862846 0.052287143 6710886
1.261929 -0.48675957 0.052296482 6710886
1.2621543 -0.49489352 0.052305821 6710886
1.2623799 -0.50303048 0.052315168 6710886
1.2626055 -0.51117033 0.052324519 6710886
1.3709885 0.99209636 0.048075154 6710886
1.371226 0.98352575 0.04808348 6710886
1.3714637 0.97495228 0.048091818 6710886
1.3717014 0.96637577 0.048100151 6710886
1.3719391 0.95779628 0.048108488 6710886
1.3721769 0.94921374 0.048116826 6710886
1.3724149 0.94062841 0.048125174 6710886
1.3726529 0.93203998 0.048133519 6710886
1.3728909 0.9234485 0.048141867 6710886
1.3731291 0.91485417 0.048150219 6710886
1.3733674 0.90625679 0.048158575 6710886
1.3736057 0.89765644 0.048166931 6710886
1.3738441 0.88905311 0.04817529 6710886
1.3740827 0.88044679 0.048183657 6710886
1.3743213 0.87183756 0.048192024 6710886
1.37456 0.86322522 0.048200395 6710886
1.3747988 0.85460997 0.048208766 6710886
1.3750377 0.84599173 0.048217144 6710886
1.3752766 0.8373704 0.048225522 6710886
1.3755155 0.82874608 0.048233896 6710886
1.3757546 0.82011884 0.048242282 6710886
1.3759938 0.81148857 0.048250671 6710886
1.3762331 0.80285531 0.048259061 6710886
1.3764724 0.79421902 0.048267454 6710886
1.3767118 0.78557974 0.048275851 6710886
1.3769513 0.77693743 0.048284248 6710886
1.3771908 0.76829213 0.048292648 6710886
1.3774306 0.75964385 0.048301052 6710886
1.3776704 0.75099254 0.048309464 6710886
1.3779103 0.74233824 0.048317876 6710886
1.3781501 0.73368084 0.048326284 6710886
1.3783901 0.72502047 0.048334699 6710886
1.3786303 0.71635717 0.048343122 6710886
1.3788705 0.70769078 0.048351545 6710886
1.3791106 0.69902128 0.048359964 6710886
1.379351 0.69034892 0.048368394 6710886
1.3795915 0.68167347 0.048376828 6710886
1.379832 0.67299503 0.048385262 6710886
1.3800725 0.66431344 0.048393693 6710886
1.3803133 0.65562898 0.048402138 6710886
1.3805541 0.64694142 0.048410583 6710886
1.3807948 0.63825077 0.048419021 6710886
1.3810358 0.62955719 0.048427474 6710886
1.3812768 0.62086052 0.048435926 6710886
1.381518 0.61216086 0.048444383 6710886
1.381759 0.60345805 0.048452836 6710886
1.3820003 0.59475225 0.048461296 6710886
1.3822417 0.58604348 0.048469763 6710886
1.3824832 0.57733166 0.048478231 6710886
1.3827246 0.56861669 0.048486695 6710886
1.3829663 0.55989879 0.04849517 6710886
1.383208 0.5511778 0.048503645 6710886
1.3834498 0.54245377 0.048512124 6710886
1.3836917 0.53372663 0.048520606 6710886
1.3839335 0.52499646 0.048529088 6710886
1.3841757 0.51626331 0.048537578 6710886
1.3844177 0.50752699 0.048546061 6710886
1.3846599 0.49878773 0.048554558 6710886
1.3849022 0.49004537 0.048563056 6710886
1.3851446 0.48129994 0.048571553 6710886
1.3853869 0.47255141 0.04858005 6710886
1.3856295 0.46379986 0.048588559 6710886
1.3858722 0.45504528 0.048597068 6710886
1.386115 0.4462876 0.04860558 6710886
1.3863577 0.43752682 0.048614092 6710886
1.3866005 0.42876297 0.048622604 6710886
1.3868436 0.41999611 0.048631128 6710886
1.3870866 0.41122615 0.048639651 6710886
1.3873297 0.40245309 0.048648175 6710886
1.3875729 0.39367697 0.048656706 6710886
1.3878163 0.3848978 0.04866524 6710886
1.3880596 0.3761155 0.048673771 6710886
1.388303 0.36733013 0.048682306 6710886
1.3885467 0.35854173 0.048690852 6710886
1.3887904 0.34975022 0.048699398 6710886
1.389034 0.34095559 0.04870794 6710886
1.3892778 0.33215788 0.048716489 6710886
1.3895217 0.32335711 0.048725042 6710886
1.3897657 0.31455323 0.048733599 6710886
1.3900098 0.30574626 0.048742156 6710886
1.3902539 0.29693618 0.048750717 6710886
1.3904983 0.28812304 0.048759285 6710886
1.3907424 0.27930677 0.048767846 6710886
1.3909869 0.27048743 0.048776422 6710886
1.3912314 0.26166496 0.048784994 6710886
1.391476 0.25283942 0.048793573 6710886
1.3917207 0.24401075 0.048802149 6710886
1.3919654 0.23517898 0.048810732 6710886
1.3922104 0.22634412 0.048819322 6710886
1.3924552 0.21750614 0.048827909 6710886
1.3927002 0.20866504 0.048836499 6710886
1.3929453 0.19982083 0.048845094 6710886
1.3931906 0.19097354 0.048853695 6710886
1.3934358 0.18212309 0.048862293 6710886
1.3936812 0.17326954 0.048870899 6710886
1.3939266 0.16441289 0.048879504 6710886
1.3941722 0.1555531 0.048888117 6710886
1.3944178 0.14669017 0.048896726 6710886
1.3946635 0.13782415 0.048905343 6710886
1.3949093 0.12895499 0.048913963 6710886
1.3951552 0.12008271 0.048922587 6710886
1.3954011 0.11120729 0.048931211 6710886
1.3956472 0.10232875 0.048939839 6710886
1.3958933 0.093447082 0.048948471 6710886
1.3961396 0.084562272 0.048957106 6710886
1.3963859 0.075674325 0.048965741 6710886
1.3966323 0.066783249 0.048974384 6710886
1.3968788 0.057889033 0.048983026 6710886
1.3971254 0.048991673 0.048991673 6710886
1.397372 0.040091172 0.049000319 6710886
1.3976188 0.031187529 0.049008973 6710886
1.3978657 0.022280741 0.049017631 6710886
1.3981125 0.013370805 0.049026288 6710886
1.3983595 0.0044577229 0.049034949 6710886
1.3986067 -0.0044585103 0.049043614 6710886
1.3988539 -0.013377896 0.049052283 6710886
1.3991011 -0.022300433 0.049060956 6710886
1.3993485 -0.031226126 0.049069628 6710886
1.399596 -0.040154979 0.049078308 6710886
1.3998436 -0.049086988 0.049086988 6710886
1.4000911 -0.058022153 0.049095668 6710886
1.4003389 -0.066960484 0.049104359 6710886
1.4005867 -0.075901985 0.049113046 6710886
1.4008346 -0.084846638 0.049121737 6710886
1.4010825 -0.093794465 0.049130432 6710886
1.4013306 -0.10274546 0.049139131 6710886
1.4015788 -0.11169963 0.049147837 6710886
1.4018271 -0.12065697 0.049156543 6710886
1.4020753 -0.12961747 0.049165245 6710886
1.4023237 -0.13858116 0.049173959 6710886
1.4025723 -0.14754802 0.049182672 6710886
1.4028209 -0.15651807 0.049191393 6710886
1.4030695 -0.16549128 0.04920011 6710886
1.4033183 -0.17446768 0.049208835 6710886
1.4035672 -0.18344727 0.049217563 6710886
1.4038162 -0.19243006 0.049226295 6710886
1.4040651 -0.201416 0.049235024 6710886
1.4043143 -0.21040516 0.049243759 6710886
1.4045635 -0.2193975 0.049252499 6710886
1.4048128 -0.22839302 0.049261242 6710886
1.4050621 -0.23739173 0.049269982 6710886
1.4053116 -0.24639365 0.049278729 6710886
1.4055612 -0.25539878 0.049287483 6710886
1.405811 -0.2644071 0.049296241 6710886
1.4060606 -0.27341861 0.049304996 6710886
1.4063104 -0.28243333 0.049313758 6710886
1.4065603 -0.29145125 0.049322519 6710886
1.4068103 -0.30047238 0.049331285 6710886
1.4070604 -0.3094967 0.049340054 6710886
1.4073105 -0.31852424 0.049348824 6710886
1.4075608 -0.327555 0.049357601 6710886
1.4078113 -0.33658898 0.049366385 6710886
1.4080616 -0.34562615 0.049375162 6710886
1.4083122 -0.35466656 0.049383949 6710886
1.4085628 -0.36371017 0.049392737 6710886
1.4088135 -0.37275699 0.049401529 6710886
1.4090643 -0.38180703 0.049410325 6710886
1.4093151 -0.39086029 0.04941912 6710886
1.4095662 -0.39991683 0.049427923 6710886
1.4098173 -0.40897658 0.049436729 6710886
1.4100684 -0.4180395 0.049445532 6710886
1.4103197 -0.4271057 0.049454346 6710886
1.4105711 -0.43617514 0.04946316 6710886
1.4108225 -0.4452478 0.049471978 6710886
1.411074 -0.45432368 0.049480796 6710886
1.4075201 -0.46215326 0.049356174 6710886
1.3827729 -0.46284372 0.04848839 6710886
1.3770603 -0.46971121 0.04828807 6842472
1.3772801 -0.47856724 0.048295777 6908265
1.3774998 -0.48742604 0.048303481 6974058
1.2919303 -0.4653843 0.045302898 6710886
1.271069 -0.46597347 0.044571374 6710886
1.261431 -0.47048259 0.044233404 6710886
1.2616562 -0.47861046 0.044241302 6710886
1.2618815 -0.48674121 0.044249203 6710886
1.262107 -0.49487498 0.044257112 6710886
1.2623324 -0.50301152 0.044265017 6710886
1.262558 -0.51115102 0.044272926 6710886
1.3709385 0.99206024 0.039332785 6710886
1.3711759 0.98348987 0.039339595 6710886
1.3714135 0.97491664 0.039346412 6710886
1.3716512 0.96634042 0.039353229 6710886
1.371889 0.95776129 0.039360054 6710886
1.3721268 0.94917911 0.039366875 6710886
1.3723648 0.94059402 0.039373703 6710886
1.3726027 0.93200588 0.039380532 6710886
1.3728408 0.92341477 0.03938736 6710886
1.3730789 0.91482073 0.039394192 6710886
1.3733172 0.90622371 0.039401032 6710886
1.3735555 0.89762366 0.039407868 6710886
1.373794 0.88902062 0.039414708 6710886
1.3740324 0.88041455 0.039421547 6710886
1.374271 0.87180561 0.039428394 6710886
1.3745097 0.86319363 0.039435241 6710886
1.3747483 0.85457861 0.039442088 6710886
1.3749872 0.84596068 0.039448943 6710886
1.3752261 0.8373397 0.039455798 6710886
1.3754652 0.82871574 0.039462656 6710886
1.3757042 0.82008874 0.039469514 6710886
1.3759434 0.81145883 0.039476376 6710886
1.3761827 0.80282593 0.039483242 6710886
1.3764219 0.79418987 0.039490104 6710886
1.3766613 0.78555089 0.039496973 6710886
1.3769008 0.77690893 0.039503843 6710886
1.3771404 0.768264 0.039510719 6710886
1.37738 0.75961596 0.039517593 6710886
1.3776197 0.75096494 0.03952447 6710886
1.3778596 0.74231094 0.039531354 6710886
1.3780996 0.73365396 0.039538238 6710886
1.3783395 0.72499388 0.039545123 6710886
1.3785796 0.71633083 0.039552011 6710886
1.3788198 0.70766479 0.039558902 6710886
1.37906 0.69899571 0.039565794 6710886
1.3793004 0.69032359 0.03957269 6710886
1.3795408 0.68164843 0.039579585 6710886
1.3797812 0.67297024 0.039586484 6710886
1.3800218 0.66428906 0.039593387 6710886
1.3802625 0.65560484 0.039600294 6710886
1.3805033 0.64691764 0.039607201 6710886
1.3807441 0.63822734 0.039614111 6710886
1.3809849 0.62953395 0.039621018 6710886
1.3812259 0.62083763 0.039627936 6710886
1.3814671 0.61213827 0.039634854 6710886
1.3817083 0.60343587 0.039641771 6710886
1.3819494 0.59473038 0.039648693 6710886
1.3821908 0.5860219 0.039655618 6710886
1.3824323 0.57731038 0.039662547 6710886
1.3826739 0.56859583 0.039669476 6710886
1.3829154 0.55987817 0.039676405 6710886
1.383157 0.55115747 0.039683338 6710886
1.3833989 0.5424338 0.039690278 6710886
1.3836406 0.53370696 0.039697215 6710886
1.3838825 0.52497715 0.039704151 6710886
1.3841245 0.51624423 0.039711095 6710886
1.3843668 0.50750834 0.039718047 6710886
1.3846087 0.49876928 0.039724987 6710886
1.3848511 0.49002728 0.039731942 6710886
1.3850935 0.48128217 0.039738894 6710886
1.3853359 0.472534 0.039745852 6710886
1.3855784 0.46378276 0.039752807 6710886
1.385821 0.45502844 0.039759766 6710886
1.3860637 0.44627109 0.039766733 6710886
1.3863064 0.43751064 0.039773695 6710886
1.3865494 0.42874718 0.039780665 6710886
1.3867923 0.41998059 0.039787635 6710886
1.3870354 0.41121095 0.039794609 6710886
1.3872784 0.40243822 0.039801583 6710886
1.3875216 0.39366242 0.03980856 6710886
1.3877649 0.38488355 0.039815541 6710886
1.3880084 0.37610161 0.039822526 6710886
1.3882518 0.36731657 0.039829507 6710886
1.3884953 0.35852847 0.039836496 6710886
1.388739 0.34973729 0.039843488 6710886
1.3889827 0.34094298 0.039850477 6710886
1.3892264 0.3321456 0.039857473 6710886
1.3894703 0.32334515 0.039864469 6710886
1.3897144 0.31454161 0.039871469 6710886
1.3899583 0.30573493 0.039878469 6710886
1.3902024 0.29692519 0.039885473 6710886
1.3904467 0.28811237 0.03989248 6710886
1.390691 0.27929643 0.039899491 6710886
1.3909354 0.27047741 0.039906502 6710886
1.3911799 0.26165527 0.039913516 6710886
1.3914245 0.25283006 0.039920535 6710886
1.3916692 0.24400172 0.039927553 6710886
1.3919138 0.23517026 0.039934572 6710886
1.3921586 0.22633572 0.039941598 6710886
1.3924036 0.21749808 0.039948627 6710886
1.3926487 0.20865732 0.039955657 6710886
1.3928937 0.19981343 0.039962687 6710886
1.3931389 0.19096644 0.03996972 6710886
1.3933841 0.18211633 0.039976757 6710886
1.3936294 0.17326312 0.039983794 6710886
1.3938749 0.16440678 0.039990839 6710886
1.3941205 0.15554732 0.039997883 6710886
1.394366 0.14668474 0.040004928 6710886
1.3946116 0.13781902 0.040011976 6710886
1.3948574 0.12895019 0.040019028 6710886
1.3951033 0.12007824 0.040026084 6710886
1.3953494 0.11120317 0.040033143 6710886
1.3955953 0.10232495 0.040040199 6710886
1.3958415 0.09344361 0.040047258 6710886
1.3960876 0.084559128 0.040054321 6710886
1.3963341 0.075671516 0.040061392 6710886
1.3965803 0.066780761 0.040068459 6710886
1.3968269 0.05788688 0.040075529 6710886
1.3970734 0.048989851 0.040082604 6710886
1.39732 0.040089682 0.040089682 6710886
1.3975668 0.031186368 0.04009676 6710886
1.3978136 0.022279911 0.040103842 6710886
1.3980606 0.013370309 0.040110927 6710886
1.3983074 0.0044575566 0.040118009 6710886
1.3985546 -0.0044583445 0.040125098 6710886
1.3988018 -0.013377397 0.040132191 6710886
1.399049 -0.022299603 0.040139288 6710886
1.3992964 -0.031224964 0.040146384 6710886
1.3995438 -0.040153481 0.040153481 6710886
1.3997914 -0.049085159 0.040160585 6710886
1.400039 -0.058019992 0.040167686 6710886
1.4002866 -0.066957988 0.04017479 6710886
1.4005344 -0.075899146 0.040181901 6710886
1.4007823 -0.084843479 0.040189017 6710886
1.4010303 -0.093790971 0.040196128 6710886
1.4012783 -0.10274162 0.040203243 6710886
1.4015265 -0.11169545 0.040210363 6710886
1.4017746 -0.12065245 0.040217485 6710886
1.4020231 -0.12961264 0.040224612 6710886
1.4022714 -0.13857599 0.040231738 6710886
1.4025198 -0.14754251 0.040238865 6710886
1.4027685 -0.15651222 0.040245999 6710886
1.4030172 -0.1654851 0.040253133 6710886
1.4032658 -0.17446116 0.040260267 6710886
1.4035147 -0.18344042 0.040267408 6710886
1.4037637 -0.19242285 0.040274549 6710886
1.4040127 -0.20140848 0.040281694 6710886
1.4042617 -0.21039727 0.040288839 6710886
1.404511 -0.21938929 0.040295992 6710886
1.4047602 -0.22838448 0.040303145 6710886
1.4050095 -0.23738284 0.040310293 6710886
1.405259 -0.24638443 0.040317453 6710886
1.4055086 -0.25538921 0.040324613 6710886
1.4057583 -0.2643972 0.040331777 6710886
1.4060079 -0.27340835 0.040338937 6710886
1.4062577 -0.28242275 0.040346108 6710886
1.4065075 -0.29144031 0.040353272 6710886
1.4067576 -0.30046111 0.040360447 6710886
1.4070077 -0.30948511 0.040367622 6710886
1.4072578 -0.31851229 0.040374801 6710886
1.407508 -0.32754272 0.040381979 6710886
1.4077585 -0.33657637 0.040389162 6710886
1.4080088 -0.34561318 0.040396344 6710886
1.4082594 -0.35465324 0.040403534 6710886
1.40851 -0.36369652 0.040410724 6710886
1.4087605 -0.37274298 0.040417913 6710886
1.4090115 -0.38179272 0.040425114 6710886
1.4092623 -0.39084566 0.040432308 6710886
1.4095132 -0.39990181 0.040439509 6710886
1.4097643 -0.40896118 0.04044671 6710886
1.4100155 -0.41802382 0.040453918 6710886
1.4102666 -0.42708963 0.040461123 6710886
1.4105181 -0.43615875 0.040468335 6710886
1.4107695 -0.44523105 0.040475551 6710886
1.411021 -0.4543066 0.040482767 6710886
1.4076807 -0.46220601 0.040386934 6710886
1.3829421 -0.46290034 0.039677169 6710886
1.3707409 -0.4675557 0.039327115 7566195
1.3709235 -0.4763585 0.039332353 8092539
1.3136955 -0.464849 0.037690461 7631988
1.2920892 -0.46544155 0.037070565 6710886
1.2712097 -0.46602502 0.036471523 6710886
1.2613835 -0.47046489 0.036189608 6710886
1.2616088 -0.47859249 0.036196072 6710886
1.261834 -0.48672292 0.036202531 6710886
1.2620595 -0.49485633 0.036208998 6710886
1.262285 -0.50299263 0.036215469 6710886
1.2625105 -0.51113182 0.03622194 6710886
1.3708884 0.99202389 0.030591046 6710886
1.3711259 0.98345405 0.030596348 6710886
1.3713634 0.97488099 0.030601647 6710886
1.3716011 0.96630514 0.030606952 6710886
1.3718389 0.95772636 0.030612258 6710886
1.3720766 0.94914442 0.030617561 6710886
1.3723146 0.94055963 0.030622872 6710886
1.3725525 0.93197179 0.030628182 6710886
1.3727907 0.92338109 0.030633496 6710886
1.3730288 0.91478729 0.030638808 6710886
1.3732669 0.90619051 0.030644123 6710886
1.3735054 0.89759088 0.030649444 6710886
1.3737438 0.88898814 0.030654764 6710886
1.3739821 0.88038236 0.030660082 6710886
1.3742207 0.87177372 0.030665407 6710886
1.3744594 0.86316204 0.030670732 6710886
1.3746982 0.85454738 0.030676061 6710886
1.3749368 0.84592968 0.030681387 6710886
1.3751758 0.83730906 0.030686719 6710886
1.3754148 0.82868546 0.030692054 6710886
1.3756537 0.8200587 0.030697385 6710886
1.375893 0.81142914 0.030702723 6710886
1.3761322 0.80279648 0.030708062 6710886
1.3763715 0.79416078 0.030713402 6710886
1.3766109 0.7855221 0.030718742 6710886
1.3768504 0.7768805 0.030724086 6710886
1.3770899 0.7682358 0.030729432 6710886
1.3773296 0.75958812 0.030734781 6710886
1.3775692 0.7509374 0.030740127 6710886
1.377809 0.7422837 0.03074548 6710886
1.378049 0.73362702 0.030750833 6710886
1.3782889 0.72496724 0.030756187 6710886
1.378529 0.71630454 0.030761544 6710886
1.3787692 0.7076388 0.030766904 6710886
1.3790094 0.69897002 0.030772265 6710886
1.3792496 0.69029814 0.030777624 6710886
1.37949 0.68162334 0.03078299 6710886
1.3797306 0.67294556 0.030788358 6710886
1.3799711 0.66426468 0.030793726 6710886
1.3802117 0.6555807 0.030799095 6710886
1.3804525 0.6468938 0.030804468 6710886
1.3806933 0.63820386 0.030809842 6710886
1.3809342 0.62951088 0.030815218 6710886
1.3811752 0.6208148 0.030820593 6710886
1.3814163 0.6121158 0.030825974 6710886
1.3816575 0.6034137 0.030831356 6710886
1.3818986 0.5947085 0.030836739 6710886
1.3821399 0.58600032 0.030842122 6710886
1.3823814 0.57728916 0.030847512 6710886
1.382623 0.56857491 0.030852901 6710886
1.3828644 0.55985749 0.030858288 6710886
1.3831061 0.55113721 0.030863682 6710886
1.3833479 0.54241377 0.030869076 6710886
1.3835897 0.53368735 0.030874474 6710886
1.3838315 0.52495778 0.030879868 6710886
1.3840735 0.51622522 0.03088527 6710886
1.3843156 0.50748962 0.030890672 6710886
1.3845578 0.49875095 0.030896077 6710886
1.3848 0.49000919 0.03090148 6710886
1.3850423 0.48126441 0.030906888 6710886
1.3852848 0.47251657 0.030912299 6710886
1.3855273 0.46376565 0.03091771 6710886
1.3857698 0.45501167 0.030923123 6710886
1.3860126 0.44625464 0.030928539 6710886
1.3862554 0.43749455 0.030933958 6710886
1.3864981 0.42873132 0.030939374 6710886
1.386741 0.41996506 0.030944794 6710886
1.3869841 0.41119576 0.030950218 6710886
1.3872272 0.40242335 0.030955642 6710886
1.3874704 0.39364788 0.03096107 6710886
1.3877137 0.38486934 0.030966498 6710886
1.387957 0.3760877 0.030971928 6710886
1.3882005 0.36730301 0.030977363 6710886
1.3884439 0.3585152 0.030982794 6710886
1.3886876 0.34972432 0.030988231 6710886
1.3889313 0.34093037 0.03099367 6710886
1.3891749 0.33213329 0.030999107 6710886
1.3894188 0.32333314 0.03100455 6710886
1.3896629 0.31452996 0.031009994 6710886
1.3899069 0.30572361 0.031015439 6710886
1.390151 0.29691422 0.031020887 6710886
1.3903952 0.2881017 0.031026335 6710886
1.3906395 0.27928609 0.031031789 6710886
1.3908839 0.2704674 0.031037243 6710886
1.3911283 0.26164559 0.031042695 6710886
1.3913729 0.25282067 0.031048154 6710886
1.3916175 0.24399267 0.031053612 6710886
1.3918623 0.23516156 0.031059073 6710886
1.392107 0.22632733 0.031064535 6710886
1.392352 0.21749002 0.031070001 6710886
1.392597 0.20864958 0.031075468 6710886
1.3928419 0.199806 0.031080935 6710886
1.3930871 0.19095935 0.031086406 6710886
1.3933324 0.18210958 0.031091878 6710886
1.3935778 0.1732567 0.031097356 6710886
1.3938231 0.16440067 0.031102831 6710886
1.3940686 0.15554154 0.031108307 6710886
1.3943143 0.1466793 0.03111379 6710886
1.39456 0.13781393 0.031119272 6710886
1.3948057 0.12894541 0.031124756 6710886
1.3950515 0.12007378 0.031130239 6710886
1.3952975 0.11119904 0.03113573 6710886
1.3955435 0.10232115 0.031141218 6710886
1.3957895 0.09344013 0.031146709 6710886
1.3960358 0.084555984 0.031152206 6710886
1.3962821 0.0756687 0.0311577 6710886
1.3965284 0.06677828 0.031163197 6710886
1.3967749 0.057884723 0.031168697 6710886
1.3970214 0.048988026 0.0311742 6710886
1.3972681 0.040088188 0.031179702 6710886
1.3975147 0.031185206 0.031185206 6710886
1.3977616 0.022279082 0.031190716 6710886
1.3980085 0.013369811 0.031196225 6710886
1.3982555 0.0044573909 0.031201737 6710886
1.3985025 -0.0044581783 0.031207249 6710886
1.3987496 -0.013376898 0.031212762 6710886
1.3989969 -0.022298774 0.031218283 6710886
1.3992443 -0.031223802 0.031223802 6710886
1.3994917 -0.040151987 0.031229323 6710886
1.3997391 -0.049083326 0.031234844 6710886
1.3999867 -0.058017828 0.03124037 6710886
1.4002345 -0.066955492 0.031245897 6710886
1.4004822 -0.075896315 0.031251427 6710886
1.40073 -0.084840305 0.031256955 6710886
1.400978 -0.093787462 0.031262487 6710886
1.401226 -0.10273779 0.031268023 6710886
1.4014741 -0.11169129 0.031273559 6710886
1.4017223 -0.12064795 0.031279098 6710886
1.4019706 -0.1296078 0.031284638 6710886
1.4022191 -0.13857082 0.031290185 6710886
1.4024675 -0.14753699 0.031295728 6710886
1.402716 -0.15650636 0.031301275 6710886
1.4029647 -0.16547891 0.031306822 6710886
1.4032135 -0.17445466 0.031312373 6710886
1.4034622 -0.18343355 0.031317923 6710886
1.4037112 -0.19241565 0.031323481 6710886
1.4039602 -0.20140095 0.031329036 6710886
1.4042091 -0.21038939 0.03133459 6710886
1.4044584 -0.21938108 0.031340152 6710886
1.4047077 -0.22837593 0.031345718 6710886
1.4049571 -0.23737398 0.031351279 6710886
1.4052064 -0.24637522 0.031356845 6710886
1.4054559 -0.25537965 0.031362414 6710886
1.4057056 -0.26438728 0.031367984 6710886
1.4059552 -0.2733981 0.031373553 6710886
1.4062051 -0.28241217 0.03137913 6710886
1.4064548 -0.29142937 0.031384703 6710886
1.4067048 -0.30044982 0.03139028 6710886
1.4069549 -0.30947348 0.03139586 6710886
1.407205 -0.31850034 0.031401444 6710886
1.4074553 -0.32753044 0.031407028 6710886
1.4077057 -0.33656374 0.031412616 6710886
1.407956 -0.34560022 0.031418201 6710886
1.4082065 -0.35463992 0.031423792 6710886
1.4084572 -0.36368287 0.031429384 6710886
1.4087077 -0.372729 0.031434976 6710886
1.4089586 -0.38177839 0.031440575 6710886
1.4092095 -0.39083099 0.031446174 6710886
1.4094603 -0.39988679 0.031451769 6710886
1.4097114 -0.40894583 0.031457372 6710886
1.4099625 -0.41800812 0.031462979 6710886
1.4102137 -0.4270736 0.031468581 6710886
1.410465 -0.43614233 0.031474188 6710886
1.4107164 -0.4452143 0.031479798 6710886
1.4109679 -0.45428953 0.031485412 6710886
1.4078667 -0.46226707 0.031416208 6710886
1.3831116 -0.46295705 0.030863805 6710886
1.3592172 -0.46362498 0.030330606 7434609
1.3583006 -0.47197238 0.030310152 8092539
1.3138477 -0.46490282 0.029318197 6710886
1.2922406 -0.46549609 0.02883604 6710886
1.2713479 -0.46607569 0.028369823 6710886
1.2613362 -0.47044724 0.028146416 6710886
1.2615614 -0.47857448 0.028151441 6710886
1.2617867 -0.48670468 0.028156469 6710886
1.262012 -0.49483773 0.028161496 6710886
1.2622375 -0.50297374 0.028166529 6710886
1.262463 -0.51111257 0.02817156 6710886
1.3708383 0.99198771 0.021849949 6710886
1.3710759 0.98341811 0.021853736 6710886
1.3713133 0.97484541 0.021857521 6710886
1.371551 0.96626991 0.021861309 6710886
1.3717887 0.95769131 0.021865098 6710886
1.3720266 0.94910979 0.021868888 6710886
1.3722644 0.94052523 0.021872681 6710886
1.3725023 0.93193769 0.021876473 6710886
1.3727404 0.92334723 0.021880267 6710886
1.3729786 0.91475385 0.021884063 6710886
1.3732167 0.90615737 0.021887859 6710886
1.373455 0.89755797 0.021891657 6710886
1.3736935 0.88895559 0.021895459 6710886
1.3739319 0.88035017 0.021899259 6710886
1.3741704 0.87174177 0.02190306 6710886
1.3744091 0.86313045 0.021906864 6710886
1.3746479 0.85451615 0.021910669 6710886
1.3748865 0.84589869 0.021914475 6710886
1.3751254 0.83727837 0.021918282 6710886
1.3753644 0.82865506 0.021922091 6710886
1.3756034 0.82002872 0.021925902 6710886
1.3758425 0.81139928 0.021929711 6710886
1.3760817 0.80276698 0.021933524 6710886
1.3763211 0.7941317 0.02193734 6710886
1.3765604 0.78549337 0.021941155 6710886
1.3767998 0.77685195 0.02194497 6710886
1.3770394 0.76820767 0.02194879 6710886
1.377279 0.75956029 0.021952609 6710886
1.3775187 0.75090986 0.021956429 6710886
1.3777585 0.74225646 0.021960251 6710886
1.3779984 0.73360008 0.021964073 6710886
1.3782384 0.72494072 0.021967901 6710886
1.3784783 0.7162782 0.021971723 6710886
1.3787185 0.70761281 0.021975553 6710886
1.3789587 0.69894433 0.02197938 6710886
1.379199 0.69027287 0.021983212 6710886
1.3794394 0.68159831 0.021987043 6710886
1.3796798 0.67292076 0.021990875 6710886
1.3799205 0.6642403 0.021994712 6710886
1.380161 0.65555668 0.021998545 6710886
1.3804017 0.64687002 0.022002382 6710886
1.3806425 0.63818038 0.022006219 6710886
1.3808835 0.62948769 0.02201006 6710886
1.3811244 0.62079197 0.022013901 6710886
1.3813654 0.61209321 0.022017742 6710886
1.3816066 0.60339147 0.022021586 6710886
1.3818479 0.59468669 0.022025432 6710886
1.382089 0.58597875 0.022029275 6710886
1.3823304 0.57726783 0.022033123 6710886
1.3825719 0.56855392 0.022036973 6710886
1.3828136 0.55983692 0.022040825 6710886
1.3830551 0.55111682 0.022044674 6710886
1.3832968 0.5423938 0.022048527 6710886
1.3835387 0.53366768 0.022052383 6710886
1.3837806 0.52493846 0.022056239 6710886
1.3840225 0.5162062 0.022060093 6710886
1.3842646 0.50747091 0.022063952 6710886
1.3845067 0.49873254 0.022067811 6710886
1.3847489 0.48999113 0.022071673 6710886
1.3849913 0.48124668 0.022075536 6710886
1.3852336 0.47249913 0.022079399 6710886
1.3854762 0.46374857 0.022083266 6710886
1.3857187 0.45499486 0.022087129 6710886
1.3859614 0.44623816 0.022090998 6710886
1.3862041 0.43747836 0.022094866 6710886
1.386447 0.4287155 0.022098737 6710886
1.3866898 0.41994956 0.022102607 6710886
1.3869328 0.41118056 0.022106482 6710886
1.3871759 0.40240848 0.022110356 6710886
1.3874191 0.39363334 0.022114232 6710886
1.3876623 0.38485509 0.022118108 6710886
1.3879057 0.37607381 0.022121988 6710886
1.3881491 0.36728942 0.022125868 6710886
1.3883926 0.35850194 0.022129748 6710886
1.3886362 0.34971139 0.022133632 6710886
1.3888799 0.34091774 0.022137517 6710886
1.3891237 0.33212101 0.022141403 6710886
1.3893675 0.32332119 0.022145288 6710886
1.3896114 0.3145183 0.022149175 6710886
1.3898555 0.30571231 0.022153066 6710886
1.3900996 0.29690322 0.022156958 6710886
1.3903437 0.288091 0.022160847 6710886
1.390588 0.27927575 0.022164743 6710886
1.3908324 0.27045739 0.022168638 6710886
1.3910768 0.2616359 0.022172533 6710886
1.3913213 0.25281131 0.02217643 6710886
1.391566 0.24398364 0.022180332 6710886
1.3918107 0.23515284 0.02218423 6710886
1.3920554 0.22631894 0.022188131 6710886
1.3923004 0.21748196 0.022192035 6710886
1.3925453 0.20864184 0.022195941 6710886
1.3927904 0.19979863 0.022199847 6710886
1.3930354 0.19095226 0.022203751 6710886
1.3932807 0.18210283 0.022207662 6710886
1.3935261 0.17325026 0.022211572 6710886
1.3937714 0.16439457 0.022215482 6710886
1.3940169 0.15553576 0.022219395 6710886
1.3942624 0.14667384 0.022223309 6710886
1.3945081 0.1378088 0.022227226 6710886
1.3947538 0.12894063 0.022231141 6710886
1.3949996 0.12006932 0.02223506 6710886
1.3952456 0.11119489 0.022238979 6710886
1.3954916 0.10231735 0.022242902 6710886
1.3957376 0.093436658 0.022246823 6710886
1.3959838 0.084552839 0.022250747 6710886
1.3962301 0.075665884 0.022254672 6710886
1.3964765 0.066775799 0.0222586 6710886
1.3967229 0.05788257 0.022262527 6710886
1.3969694 0.048986204 0.022266457 6710886
1.3972161 0.040086698 0.022270387 6710886
1.3974628 0.031184049 0.022274321 6710886
1.3977095 0.022278253 0.022278253 6710886
1.3979564 0.013369313 0.022282187 6710886
1.3982034 0.0044572246 0.022286125 6710886
1.3984505 -0.0044580125 0.022290064 6710886
1.3986975 -0.0133764 0.022294 6710886
1.3989449 -0.022297943 0.022297943 6710886
1.3991921 -0.031222638 0.022301884 6710886
1.3994396 -0.04015049 0.022305828 6710886
1.3996869 -0.049081497 0.022309771 6710886
1.3999345 -0.058015667 0.022313718 6710886
1.4001822 -0.066952996 0.022317667 6710886
1.4004301 -0.075893492 0.022321615 6710886
1.4006778 -0.084837146 0.022325564 6710886
1.4009258 -0.093783967 0.022329517 6710886
1.4011737 -0.10273395 0.022333469 6710886
1.4014219 -0.11168712 0.022337426 6710886
1.40167 -0.12064344 0.022341378 6710886
1.4019183 -0.12960295 0.022345336 6710886
1.4021667 -0.13856564 0.022349296 6710886
1.402415 -0.14753148 0.022353254 6710886
1.4026636 -0.15650052 0.022357216 6710886
1.4029123 -0.16547273 0.02236118 6710886
1.403161 -0.17444813 0.022365145 6710886
1.4034097 -0.18342669 0.022369109 6710886
1.4036586 -0.19240846 0.022373077 6710886
1.4039077 -0.20139341 0.022377046 6710886
1.4041568 -0.21038155 0.022381017 6710886
1.4044058 -0.21937287 0.022384986 6710886
1.4046551 -0.22836739 0.022388959 6710886
1.4049045 -0.2373651 0.022392934 6710886
1.4051539 -0.24636599 0.022396909 6710886
1.4054034 -0.25537011 0.022400886 6710886
1.405653 -0.26437742 0.022404864 6710886
1.4059026 -0.27338788 0.022408843 6710886
1.4061524 -0.28240159 0.022412824 6710886
1.4064022 -0.29141849 0.022416808 6710886
1.4066521 -0.30043858 0.02242079 6710886
1.4069022 -0.30946189 0.022424776 6710886
1.4071523 -0.31848842 0.022428762 6710886
1.4074025 -0.32751817 0.02243275 6710886
1.4076529 -0.3365511 0.02243674 6710886
1.4079032 -0.34558725 0.022440732 6710886
1.4081537 -0.35462663 0.022444723 6710886
1.4084042 -0.36366922 0.022448717 6710886
1.4086548 -0.372715 0.02245271 6710886
1.4089056 -0.38176405 0.022456709 6710886
1.4091566 -0.39081633 0.022460708 6710886
1.4094074 -0.39987177 0.022464706 6710886
1.4096584 -0.40893048 0.022468708 6710886
1.4099096 -0.41799244 0.022472711 6710886
1.4101607 -0.42705753 0.022476712 6710886
1.4104121 -0.43612596 0.022480721 6710886
1.4106635 -0.44519761 0.022484727 6710886
1.4109149 -0.45427245 0.022488736 6710886
1.4080422 -0.46232471 0.022442946 6710886
1.3832809 -0.46301374 0.022048272 6710886
1.3593748 -0.46367875 0.021667231 6710886
1.3362868 -0.46432319 0.021299228 6710886
1.3139938 -0.46495456 0.020943899 6710886
1.2924021 -0.46555427 0.020599747 6710886
1.2714806 -0.46612433 0.020266274 6710886
1.2616833 -0.4705767 0.020110115 6710886
1.2619127 -0.47870776 0.020113772 6710886
1.2621421 -0.48684174 0.020117428 6710886
1.262372 -0.49497887 0.020121092 6710886
1.2626021 -0.50311899 0.02012476 6710886
1.2628322 -0.51126206 0.020128427 6710886
1.3707883 0.99195153 0.013109492 6710886
1.3710258 0.98338223 0.013111763 6710886
1.3712634 0.97480994 0.013114035 6710886
1.3715008 0.96623451 0.013116306 6710886
1.3717386 0.95765626 0.013118579 6710886
1.3719764 0.94907504 0.013120853 6710886
1.3722143 0.9404909 0.013123129 6710886
1.3724521 0.93190366 0.013125404 6710886
1.3726902 0.9233135 0.01312768 6710886
1.3729284 0.91472042 0.013129958 6710886
1.3731664 0.90612417 0.013132235 6710886
1.3734047 0.89752507 0.013134514 6710886
1.3736432 0.88892305 0.013136794 6710886
1.3738817 0.88031805 0.013139075 6710886
1.3741201 0.87170988 0.013141355 6710886
1.3743588 0.86309886 0.013143637 6710886
1.3745974 0.8544848 0.01314592 6710886
1.3748362 0.84586775 0.013148203 6710886
1.375075 0.83724767 0.013150487 6710886
1.375314 0.82862467 0.013152773 6710886
1.375553 0.81999862 0.013155059 6710886
1.3757921 0.81136966 0.013157345 6710886
1.3760313 0.80273759 0.013159633 6710886
1.3762707 0.79410261 0.013161922 6710886
1.37651 0.78546458 0.013164211 6710886
1.3767493 0.77682346 0.013166499 6710886
1.3769889 0.76817942 0.01316879 6710886
1.3772285 0.75953239 0.013171082 6710886
1.3774682 0.75088233 0.013173374 6710886
1.377708 0.74222928 0.013175667 6710886
1.3779478 0.73357314 0.013177961 6710886
1.3781878 0.72491407 0.013180256 6710886
1.3784279 0.71625197 0.013182553 6710886
1.3786678 0.70758677 0.013184847 6710886
1.378908 0.69891864 0.013187144 6710886
1.3791484 0.69024748 0.013189442 6710886
1.3793888 0.68157333 0.013191742 6710886
1.3796291 0.67289609 0.01319404 6710886
1.3798697 0.6642158 0.013196341 6710886
1.3801104 0.6555326 0.013198643 6710886
1.3803509 0.64684623 0.013200943 6710886
1.3805918 0.63815689 0.013203247 6710886
1.3808327 0.62946457 0.013205551 6710886
1.3810736 0.62076914 0.013207855 6710886
1.3813146 0.61207074 0.01321016 6710886
1.3815557 0.60336924 0.013212465 6710886
1.381797 0.59466475 0.013214773 6710886
1.3820382 0.58595723 0.013217079 6710886
1.3822795 0.57724655 0.013219387 6710886
1.382521 0.56853294 0.013221697 6710886
1.3827627 0.55981636 0.013224008 6710886
1.3830042 0.55109656 0.013226317 6710886
1.3832459 0.54237384 0.01322863 6710886
1.3834877 0.53364795 0.013230941 6710886
1.3837296 0.52491909 0.013233255 6710886
1.3839715 0.51618713 0.013235568 6710886
1.3842136 0.50745219 0.013237883 6710886
1.3844557 0.49871415 0.013240199 6710886
1.3846979 0.48997307 0.013242516 6710886
1.3849401 0.48122889 0.013244832 6710886
1.3851825 0.47248167 0.01324715 6710886
1.3854251 0.46373144 0.01324947 6710886
1.3856677 0.45497811 0.01325179 6710886
1.3859102 0.44622165 0.013254109 6710886
1.386153 0.43746221 0.013256431 6710886
1.3863958 0.4286997 0.013258753 6710886
1.3866386 0.41993406 0.013261076 6710886
1.3868816 0.41116536 0.013263399 6710886
1.3871247 0.40239361 0.013265723 6710886
1.3873678 0.39361879 0.013268049 6710886
1.387611 0.38484088 0.013270375 6710886
1.3878543 0.37605989 0.013272702 6710886
1.3880978 0.36727583 0.01327503 6710886
1.3883413 0.35848868 0.013277359 6710886
1.3885849 0.34969845 0.013279689 6710886
1.3888285 0.34090513 0.013282019 6710886
1.3890723 0.33210874 0.01328435 6710886
1.3893162 0.32330927 0.013286683 6710886
1.38956 0.31450665 0.013289014 6710886
1.389804 0.30570099 0.013291348 6710886
1.3900481 0.29689223 0.013293683 6710886
1.3902922 0.28808033 0.013296016 6710886
1.3905365 0.2792654 0.013298353 6710886
1.3907808 0.27044734 0.013300689 6710886
1.3910253 0.26162621 0.013303027 6710886
1.3912697 0.25280192 0.013305364 6710886
1.3915144 0.2439746 0.013307705 6710886
1.3917592 0.23514414 0.013310046 6710886
1.3920039 0.22631057 0.013312386 6710886
1.3922486 0.21747386 0.013314727 6710886
1.3924936 0.20863409 0.013317069 6710886
1.3927387 0.19979119 0.013319413 6710886
1.3929839 0.19094521 0.013321758 6710886
1.393229 0.18209606 0.013324102 6710886
1.3934743 0.17324384 0.013326448 6710886
1.3937197 0.16438846 0.013328794 6710886
1.3939651 0.15552999 0.013331142 6710886
1.3942107 0.1466684 0.013333491 6710886
1.3944563 0.13780367 0.013335839 6710886
1.3947021 0.12893584 0.01333819 6710886
1.3949478 0.12006485 0.013340539 6710886
1.3951937 0.11119077 0.013342892 6710886
1.3954397 0.10231354 0.013345244 6710886
1.3956859 0.093433194 0.013347599 6710886
1.395932 0.084549695 0.013349952 6710886
1.3961782 0.075663075 0.013352307 6710886
1.3964245 0.06677331 0.013354663 6710886
1.3966711 0.05788042 0.01335702 6710886
1.3969175 0.048984382 0.013359377 6710886
1.3971641 0.040085208 0.013361735 6710886
1.3974108 0.031182887 0.013364094 6710886
1.3976575 0.022277424 0.013366454 6710886
1.3979043 0.013368814 0.013368814 6710886
1.3981513 0.0044570589 0.013371176 6710886
1.3983984 -0.0044578467 0.01337354 6710886
1.3986455 -0.013375903 0.013375903 6710886
1.3988926 -0.02229711 0.013378266 6710886
1.39914 -0.031221475 0.013380632 6710886
1.3993874 -0.040148992 0.013382997 6710886
1.3996348 -0.049079668 0.013385365 6710886
1.3998823 -0.058013503 0.013387731 6710886
1.40013 -0.0669505 0.013390101 6710886
1.4003778 -0.07589066 0.013392469 6710886
1.4006255 -0.084833972 0.013394838 6710886
1.4008734 -0.093780465 0.013397209 6710886
1.4011215 -0.10273013 0.013399582 6710886
1.4013696 -0.11168295 0.013401954 6710886
1.4016176 -0.12063894 0.013404327 6710886
1.401866 -0.12959811 0.013406701 6710886
1.4021143 -0.13856046 0.013409076 6710886
1.4023628 -0.14752598 0.013411453 6710886
1.4026113 -0.15649468 0.013413829 6710886
1.4028598 -0.16546655 0.013416206 6710886
1.4031086 -0.17444161 0.013418585 6710886
1.4033574 -0.18341985 0.013420965 6710886
1.4036062 -0.19240126 0.013423344 6710886
1.4038552 -0.20138589 0.013425726 6710886
1.4041042 -0.21037368 0.013428107 6710886
1.4043534 -0.21936467 0.01343049 6710886
1.4046025 -0.22835883 0.013432872 6710886
1.4048519 -0.23735622 0.013435258 6710886
1.4051012 -0.24635676 0.013437642 6710886
1.4053507 -0.25536051 0.013440028 6710886
1.4056003 -0.26436749 0.013442415 6710886
1.4058499 -0.27337766 0.013444802 6710886
1.4060997 -0.28239101 0.013447191 6710886
1.4063495 -0.29140759 0.01344958 6710886
1.4065994 -0.30042732 0.01345197 6710886
1.4068495 -0.30945033 0.013454362 6710886
1.4070996 -0.3184765 0.013456753 6710886
1.4073497 -0.32750586 0.013459145 6710886
1.4076 -0.33653849 0.01346154 6710886
1.4078505 -0.34557432 0.013463935 6710886
1.4081008 -0.35461333 0.013466328 6710886
1.4083514 -0.36365557 0.013468725 6710886
1.4086021 -0.37270105 0.013471123 6710886
1.4088528 -0.38174975 0.01347352 6710886
1.4091036 -0.39080164 0.013475919 6710886
1.4093546 -0.39985678 0.013478318 6710886
1.4096055 -0.40891513 0.013480718 6710886
1.4098567 -0.41797674 0.01348312 6710886
1.4101077 -0.4270415 0.013485521 6710886
1.410359 -0.43610957 0.013487925 6710886
1.4106104 -0.44518086 0.013490329 6710886
1.410862 -0.4542554 0.013492735 6710886
1.4082178 -0.46238235 0.013467447 6710886
1.383451 -0.46307066 0.01323059 6710886
1.3595198 -0.46372822 0.013001726 6710886
1.3364325 -0.4643738 0.01278093 6710886
1.3141401 -0.46500629 0.012567738 6710886
1.2925462 -0.46560615 0.012361225 6710886
1.271631 -0.46617946 0.012161204 6710886
1.2623578 -0.47082826 0.01207252 6710886
1.2625957 -0.47896683 0.012074795 6710886
1.2628336 -0.4871085 0.01207707 6710886
1.2630717 -0.49525321 0.012079347 6710886
1.2633097 -0.50340098 0.012081623 6710886
1.2635479 -0.5115518 0.012083901 6710886
1.3707383 0.99191529 0.004369671 6710886
1.3709757 0.98334628 0.0043704282 6710886
1.3712132 0.97477424 0.0043711849 6710886
1.3714509 0.96619934 0.0043719425 6710886
1.3716885 0.95762134 0.0043727001 6710886
1.3719263 0.94904041 0.0043734582 6710886
1.3721641 0.94045651 0.0043742163 6710886
1.372402 0.93186957 0.0043749744 6710886
1.37264 0.92327976 0.0043757334 6710886
1.3728782 0.91468698 0.0043764925 6710886
1.3731164 0.90609115 0.004377252 6710886
1.3733546 0.89749229 0.004378011 6710886
1.3735929 0.8888905 0.0043787709 6710886
1.3738314 0.8802858 0.0043795314 6710886
1.3740699 0.87167805 0.0043802918 6710886
1.3743085 0.86306727 0.0043810522 6710886
1.3745471 0.8544535 0.0043818131 6710886
1.3747859 0.84583682 0.004382574 6710886
1.3750247 0.83721703 0.0043833354 6710886
1.3752636 0.82859433 0.0043840967 6710886
1.3755026 0.81996858 0.0043848585 6710886
1.3757417 0.81133991 0.0043856213 6710886
1.3759809 0.80270815 0.0043863836 6710886
1.3762201 0.79407346 0.0043871459 6710886
1.3764595 0.78543574 0.0043879091 6710886
1.376699 0.77679503 0.0043886728 6710886
1.3769383 0.76815122 0.0043894355 6710886
1.377178 0.7595045 0.0043901997 6710886
1.3774177 0.75085479 0.0043909638 6710886
1.3776574 0.74220204 0.004391728 6710886
1.3778973 0.73354626 0.0043924926 6710886
1.3781371 0.72488743 0.0043932572 6710886
1.3783772 0.71622568 0.0043940227 6710886
1.3786172 0.70756078 0.0043947874 6710886
1.3788574 0.69889295 0.0043955534 6710886
1.3790977 0.69022214 0.0043963194 6710886
1.379338 0.68154824 0.0043970854 6710886
1.3795785 0.67287135 0.0043978519 6710886
1.3798189 0.66419137 0.0043986184 6710886
1.3800596 0.65550846 0.0043993858 6710886
1.3803003 0.64682251 0.0044001532 6710886
1.380541 0.63813341 0.0044009201 6710886
1.3807819 0.62944144 0.0044016885 6710886
1.3810228 0.62074631 0.0044024563 6710886
1.3812639 0.61204821 0.0044032247 6710886
1.3815049 0.60334706 0.004403993 6710886
1.3817461 0.59464282 0.0044047618 6710886
1.3819873 0.58593559 0.0044055311 6710886
1.3822286 0.57722533 0.0044063004 6710886
1.3824701 0.56851202 0.0044070701 6710886
1.3827116 0.55979568 0.0044078398 6710886
1.3829533 0.55107629 0.0044086101 6710886
1.3831949 0.54235381 0.0044093807 6710886
1.3834367 0.53362828 0.0044101514 6710886
1.3836786 0.52489978 0.0044109225 6710886
1.3839206 0.51616818 0.0044116937 6710886
1.3841624 0.50743347 0.0044124648 6710886
1.3844047 0.49869579 0.0044132369 6710886
1.3846469 0.48995501 0.0044140094 6710886
1.3848891 0.48121119 0.0044147815 6710886
1.3851315 0.47246426 0.004415554 6710886
1.385374 0.46371433 0.004416327 6710886
1.3856165 0.45496133 0.0044171005 6710886
1.385859 0.4462052 0.004417873 6710886
1.3861017 0.43744606 0.0044186469 6710886
1.3863446 0.42868385 0.0044194208 6710886
1.3865875 0.41991857 0.0044201957 6710886
1.3868303 0.41115019 0.0044209696 6710886
1.3870734 0.40237874 0.0044217445 6710886
1.3873166 0.39360425 0.0044225198 6710886
1.3875599 0.38482669 0.0044232951 6710886
1.3878031 0.376046 0.0044240705 6710886
1.3880465 0.36726227 0.0044248467 6710886
1.3882899 0.35847542 0.0044256225 6710886
1.3885336 0.34968555 0.0044263992 6710886
1.3887771 0.34089252 0.0044271755 6710886
1.3890209 0.33209646 0.0044279527 6710886
1.3892647 0.32329729 0.0044287299 6710886
1.3895085 0.314495 0.0044295071 6710886
1.3897525 0.30568966 0.0044302852 6710886
1.3899966 0.29688123 0.0044310633 6710886
1.3902408 0.2880697 0.0044318414 6710886
1.3904849 0.27925506 0.00443262 6710886
1.3907293 0.27043733 0.0044333991 6710886
1.3909738 0.26161653 0.0044341781 6710886
1.3912183 0.2527926 0.0044349576 6710886
1.3914628 0.24396554 0.0044357372 6710886
1.3917075 0.23513542 0.0044365171 6710886
1.3919523 0.22630218 0.0044372976 6710886
1.392197 0.2174658 0.0044380776 6710886
1.392442 0.20862636 0.0044388585 6710886
1.3926871 0.1997838 0.0044396399 6710886
1.3929322 0.19093812 0.0044404212 6710886
1.3931773 0.1820893 0.0044412026 6710886
1.3934226 0.1732374 0.0044419845 6710886
1.3936679 0.16438237 0.0044427668 6710886
1.3939134 0.15552422 0.0044435491 6710886
1.3941588 0.14666294 0.0044443314 6710886
1.3944045 0.13779856 0.0044451146 6710886
1.3946502 0.12893105 0.0044458979 6710886
1.394896 0.12006041 0.0044466816 6710886
1.3951418 0.11118663 0.0044474653 6710886
1.3953879 0.10230974 0.0044482495 6710886
1.3956339 0.093429714 0.0044490341 6710886
1.3958801 0.084546559 0.0044498187 6710886
1.3961263 0.075660259 0.0044506034 6710886
1.3963726 0.066770829 0.0044513885 6710886
1.3966191 0.057878267 0.0044521745 6710886
1.3968656 0.048982564 0.0044529601 6710886
1.397112 0.040083714 0.0044537457 6710886
1.3973588 0.031181727 0.0044545326 6710886
1.3976055 0.022276595 0.0044553191 6710886
1.3978524 0.013368318 0.0044561061 6710886
1.3980992 0.0044568926 0.0044568926 6710886
1.3983463 -0.0044576805 0.0044576805 6710886
1.3985934 -0.013375405 0.0044584684 6710886
1.3988404 -0.022296278 0.0044592558 6710886
1.3990878 -0.031220309 0.0044600442 6710886
1.3993353 -0.040147498 0.004460833 6710886
1.3995827 -0.049077842 0.0044616219 6710886
1.3998301 -0.058011338 0.0044624107 6710886
1.4000778 -0.066948004 0.0044632005 6710886
1.4003255 -0.075887829 0.0044639898 6710886
1.4005734 -0.084830821 0.00446478 6710886
1.4008211 -0.093776964 0.0044655697 6710886
1.4010692 -0.10272629 0.0044663604 6710886
1.4013172 -0.11167878 0.0044671511 6710886
1.4015654 -0.12063444 0.0044679423 6710886
1.4018136 -0.12959328 0.0044687339 6710886
1.4020619 -0.13855529 0.0044695251 6710886
1.4023104 -0.14752047 0.0044703172 6710886
1.4025589 -0.15648884 0.0044711097 6710886
1.4028074 -0.16546036 0.0044719013 6710886
1.4030561 -0.17443509 0.0044726948 6710886
1.4033049 -0.183413 0.0044734878 6710886
1.4035538 -0.19239409 0.0044742813 6710886
1.4038026 -0.20137835 0.0044750744 6710886
1.4040517 -0.2103658 0.0044758683 6710886
1.4043008 -0.21935646 0.0044766623 6710886
1.4045501 -0.22835031 0.0044774571 6710886
1.4047993 -0.23734733 0.0044782516 6710886
1.4050487 -0.24634756 0.0044790464 6710886
1.4052981 -0.25535098 0.0044798418 6710886
1.4055477 -0.2643576 0.0044806376 6710886
1.4057972 -0.2733674 0.004481433 6710886
1.406047 -0.28238043 0.0044822288 6710886
1.4062968 -0.29139665 0.0044830255 6710886
1.4065467 -0.30041608 0.0044838218 6710886
1.4067967 -0.30943871 0.004484619 6710886
1.4070468 -0.31846455 0.0044854162 6710886
1.4072969 -0.32749358 0.0044862134 6710886
1.4075472 -0.33652586 0.0044870116 6710886
1.4077977 -0.34556136 0.0044878097 6710886
1.408048 -0.35460001 0.0044886079 6710886
1.4082986 -0.36364195 0.0044894065 6710886
1.4085492 -0.37268704 0.0044902056 6710886
1.4087999 -0.38173538 0.0044910046 6710886
1.4090507 -0.39078698 0.0044918042 6710886
1.4093016 -0.39984176 0.0044926042 6710886
1.4095526 -0.40889978 0.0044934042 6710886
1.4098036 -0.417961 0.0044942042 6710886
1.4100548 -0.4270255 0.0044950051 6710886
1.410306 -0.43609315 0.0044958056 6710886
1.4105575 -0.44516414 0.0044966075 6710886
1.410809 -0.45423836 0.0044974093 6710886
1.4083933 -0.46243995 0.0044897082 6710886
1.3836226 -0.46312812 0.0044107442 6710886
1.3597438 -0.46380463 0.0043346225 6710886
1.3365854 -0.46442693 0.0042607975 6710886
1.3142862 -0.46505803 0.004189712 6710886
1.2926878 -0.46565714 0.0041208598 6710886
1.2717876 -0.46623689 0.0040542339 6710886
1.2642601 -0.47153777 0.0040302374 6710886
1.2644992 -0.47968894 0.0040309997 6710886
1.2647384 -0.48784325 0.0040317625 6710886
1.2649778 -0.49600062 0.0040325252 6710886
1.2652172 -0.50416106 0.0040332885 6710886
1.2654561 -0.51232433 0.0040340498 6710886
1.3706882 0.99187911 -0.0043695113 6710886
1.3709255 0.98331028 -0.004370268 6710886
1.3711631 0.97473866 -0.0043710251 6710886
1.3714007 0.96616399 -0.0043717828 6710886
1.3716383 0.95758629 -0.0043725399 6710886
1.3718761 0.94900572 -0.004373298 6710886
1.3721139 0.94042212 -0.0043740566 6710886
1.3723519 0.93183559 -0.0043748147 6710886
1.3725898 0.92324597 -0.0043755732 6710886
1.3728279 0.91465342 -0.0043763323 6710886
1.3730661 0.90605795 -0.0043770918 6710886
1.3733044 0.89745951 -0.0043778513 6710886
1.3735427 0.88885802 -0.0043786108 6710886
1.3737811 0.88025355 -0.0043793707 6710886
1.3740196 0.87164617 -0.0043801311 6710886
1.374258 0.86303562 -0.0043808916 6710886
1.3744968 0.85442227 -0.0043816525 6710886
1.3747356 0.84580582 -0.0043824138 6710886
1.3749744 0.8371864 -0.0043831747 6710886
1.3752133 0.82856399 -0.0043839365 6710886
1.3754523 0.8199386 -0.0043846983 6710886
1.3756913 0.81131017 -0.0043854602 6710886
1.3759305 0.80267882 -0.0043862229 6710886
1.3761697 0.79404438 -0.0043869852 6710886
1.3764091 0.78540695 -0.0043877484 6710886
1.3766484 0.77676654 -0.0043885116 6710886
1.3768879 0.76812309 -0.0043892749 6710886
1.3771274 0.75947666 -0.0043900385 6710886
1.3773671 0.75082725 -0.0043908027 6710886
1.3776069 0.7421748 -0.0043915669 6710886
1.3778466 0.73351932 -0.004392331 6710886
1.3780866 0.72486085 -0.0043930961 6710886
1.3783265 0.71619934 -0.0043938612 6710886
1.3785667 0.70753491 -0.0043946267 6710886
1.3788067 0.69886726 -0.0043953918 6710886
1.379047 0.69019675 -0.0043961578 6710886
1.3792874 0.6815232 -0.0043969238 6710886
1.3795278 0.67284662 -0.0043976903 6710886
1.3797683 0.66416699 -0.0043984568 6710886
1.3800088 0.65548438 -0.0043992237 6710886
1.3802495 0.64679867 -0.0043999911 6710886
1.3804903 0.63811004 -0.0044007585 6710886
1.3807311 0.62941825 -0.0044015264 6710886
1.380972 0.62072349 -0.0044022943 6710886
1.3812131 0.61202574 -0.0044030626 6710886
1.381454 0.60332483 -0.004403831 6710886
1.3816953 0.594621 -0.0044045998 6710886
1.3819366 0.58591408 -0.0044053691 6710886
1.3821778 0.57720411 -0.0044061383 6710886
1.3824192 0.5684911 -0.0044069076 6710886
1.3826607 0.55977505 -0.0044076778 6710886
1.3829024 0.55105603 -0.004408448 6710886
1.383144 0.54233384 -0.0044092182 6710886
1.3833858 0.53360868 -0.0044099889 6710886
1.3836275 0.52488041 -0.0044107595 6710886
1.3838695 0.51614916 -0.0044115311 6710886
1.3841115 0.50741482 -0.0044123027 6710886
1.3843535 0.49867737 -0.0044130739 6710886
1.3845958 0.48993692 -0.0044138459 6710886
1.3848381 0.48119345 -0.0044146189 6710886
1.3850803 0.47244683 -0.004415391 6710886
1.3853228 0.4636972 -0.004416164 6710886
1.3855653 0.45494449 -0.004416937 6710886
1.385808 0.44618878 -0.0044177105 6710886
1.3860506 0.4374299 -0.0044184839 6710886
1.3862934 0.42866802 -0.0044192579 6710886
1.3865362 0.41990304 -0.0044200323 6710886
1.3867792 0.41113502 -0.0044208067 6710886
1.3870221 0.40236387 -0.004421581 6710886
1.3872653 0.39358971 -0.0044223564 6710886
1.3875085 0.38481244 -0.0044231317 6710886
1.3877517 0.37603208 -0.0044239066 6710886
1.3879951 0.36724865 -0.0044246828 6710886
1.3882387 0.35846218 -0.0044254591 6710886
1.3884822 0.34967262 -0.0044262353 6710886
1.3887258 0.34087992 -0.0044270121 6710886
1.3889694 0.33208415 -0.0044277888 6710886
1.3892133 0.32328534 -0.004428566 6710886
1.3894572 0.3144834 -0.0044293436 6710886
1.3897011 0.30567837 -0.0044301213 6710886
1.3899451 0.29687023 -0.0044308989 6710886
1.3901893 0.28805903 -0.0044316775 6710886
1.3904335 0.27924472 -0.0044324561 6710886
1.3906778 0.27042732 -0.0044332347 6710886
1.3909222 0.26160681 -0.0044340137 6710886
1.3911667 0.25278321 -0.0044347933 6710886
1.3914112 0.24395649 -0.0044355728 6710886
1.3916559 0.23512669 -0.0044363528 6710886
1.3919007 0.22629377 -0.0044371327 6710886
1.3921455 0.21745776 -0.0044379137 6710886
1.3923904 0.20861863 -0.0044386941 6710886
1.3926353 0.19977637 -0.004439475 6710886
1.3928804 0.19093102 -0.0044402564 6710886
1.3931257 0.18208256 -0.0044410378 6710886
1.3933709 0.17323096 -0.0044418196 6710886
1.3936162 0.16437626 -0.0044426019 6710886
1.3938617 0.15551844 -0.0044433842 6710886
1.3941072 0.14665751 -0.004444167 6710886
1.3943527 0.13779344 -0.0044449493 6710886
1.3945985 0.12892626 -0.004445733 6710886
1.3948443 0.12005595 -0.0044465167 6710886
1.3950901 0.11118251 -0.0044473005 6710886
1.395336 0.10230594 -0.0044480842 6710886
1.3955821 0.093426242 -0.0044488688 6710886
1.3958282 0.084543414 -0.0044496534 6710886
1.3960744 0.07565745 -0.0044504381 6710886
1.3963207 0.066768348 -0.0044512232 6710886
1.3965671 0.057876114 -0.0044520088 6710886
1.3968135 0.048980735 -0.0044527943 6710886
1.3970602 0.040082224 -0.0044535804 6710886
1.3973067 0.031180564 -0.0044543664 6710886
1.3975534 0.022275764 -0.0044551529 6710886
1.3978003 0.01336782 -0.0044559399 6710886
1.3980471 0.0044567268 -0.0044567268 6710886
1.3982942 -0.0044575143 -0.0044575143 6710886
1.3985412 -0.013374905 -0.0044583017 6710886
1.3987885 -0.022295451 -0.0044590901 6710886
1.3990357 -0.031219147 -0.004459878 6710886
1.3992831 -0.040146001 -0.0044606668 6710886
1.3995305 -0.049076013 -0.0044614556 6710886
1.399778 -0.058009177 -0.0044622445 6710886
1.4000256 -0.066945508 -0.0044630338 6710886
1.4002733 -0.075884998 -0.0044638235 6710886
1.400521 -0.084827647 -0.0044646133 6710886
1.400769 -0.093773477 -0.0044654035 6710886
1.4010168 -0.10272245 -0.0044661937 6710886
1.4012649 -0.11167461 -0.0044669844 6710886
1.4015131 -0.12062994 -0.0044677756 6710886
1.4017613 -0.12958844 -0.0044685667 6710886
1.4020096 -0.13855012 -0.0044693584 6710886
1.402258 -0.14751497 -0.0044701505 6710886
1.4025065 -0.15648298 -0.0044709425 6710886
1.4027551 -0.16545419 -0.0044717351 6710886
1.4030037 -0.17442857 -0.0044725277 6710886
1.4032525 -0.18340614 -0.0044733207 6710886
1.4035013 -0.19238688 -0.0044741137 6710886
1.4037503 -0.20137084 -0.0044749076 6710886
1.4039992 -0.21035795 -0.0044757011 6710886
1.4042484 -0.21934827 -0.0044764951 6710886
1.4044974 -0.22834174 -0.004477289 6710886
1.4047468 -0.23733845 -0.0044780839 6710886
1.4049962 -0.24633835 -0.0044788793 6710886
1.4052455 -0.25534141 -0.0044796742 6710886
1.405495 -0.2643477 -0.0044804695 6710886
1.4057447 -0.27335718 -0.0044812653 6710886
1.4059943 -0.28236985 -0.0044820611 6710886
1.4062442 -0.29138574 -0.0044828574 6710886
1.4064941 -0.30040485 -0.0044836542 6710886
1.406744 -0.30942711 -0.0044844509 6710886
1.4069941 -0.31845263 -0.0044852481 6710886
1.4072442 -0.32748133 -0.0044860453 6710886
1.4074944 -0.33651322 -0.004486843 6710886
1.4077449 -0.34554839 -0.0044876416 6710886
1.4079952 -0.35458672 -0.0044884398 6710886
1.4082458 -0.3636283 -0.0044892384 6710886
1.4084964 -0.37267309 -0.004490037 6710886
1.408747 -0.38172105 -0.0044908361 6710886
1.4089978 -0.39077228 -0.0044916356 6710886
1.4092487 -0.39982677 -0.0044924356 6710886
1.4094996 -0.40888441 -0.0044932351 6710886
1.4097507 -0.41794533 -0.0044940356 6710886
1.4100019 -0.42700946 -0.0044948366 6710886
1.4102532 -0.43607682 -0.0044956375 6710886
1.4105045 -0.44514742 -0.0044964384 6710886
1.410756 -0.45422128 -0.0044972403 6710886
1.4085689 -0.46249762 -0.0044902684 6710886
1.3837944 -0.46318564 -0.0044112918 6710886
1.3599106 -0.4638615 -0.0043351543 6710886
1.3529228 -0.47010374 -0.0043128785 6710886
1.314432 -0.46510962 -0.0041901767 6710886
1.2928281 -0.46570769 -0.0041213073 6710886
1.2719228 -0.46628645 -0.0040546646 6710886
1.2669396 -0.47253719 -0.0040387795 6710886
1.2671913 -0.48071021 -0.0040395814 6710886
1.2674422 -0.48888615 -0.0040403814 6710886
1.2676926 -0.49706507 -0.0040411795 6710886
1.2679431 -0.50524729 -0.0040419782 6710886
1.2681936 -0.51343262 -0.0040427768 6710886
1.3706383 0.99184293 -0.013108056 6710886
1.3708755 0.9832744 -0.013110325 6710886
1.3711131 0.97470307 -0.013112597 6710886
1.3713506 0.96612871 -0.01311487 6710886
1.3715883 0.95755142 -0.013117143 6710886
1.3718259 0.94897097 -0.013119414 6710886
1.3720638 0.94038773 -0.013121689 6710886
1.3723017 0.9318015 -0.013123965 6710886
1.3725398 0.92321229 -0.013126241 6710886
1.3727777 0.91462004 -0.013128517 6710886
1.3730159 0.90602481 -0.013130795 6710886
1.3732542 0.89742672 -0.013133074 6710886
1.3734924 0.88882548 -0.013135351 6710886
1.3737308 0.88022131 -0.013137632 6710886
1.3739693 0.87161422 -0.013139913 6710886
1.3742079 0.86300409 -0.013142195 6710886
1.3744464 0.85439092 -0.013144475 6710886
1.3746852 0.84577483 -0.013146759 6710886
1.3749241 0.83715576 -0.013149044 6710886
1.375163 0.82853371 -0.013151328 6710886
1.3754019 0.81990856 -0.013153613 6710886
1.3756409 0.81128043 -0.013155899 6710886
1.3758801 0.80264938 -0.013158187 6710886
1.3761194 0.79401535 -0.013160475 6710886
1.3763585 0.7853781 -0.013162762 6710886
1.376598 0.77673811 -0.013165052 6710886
1.3768375 0.76809496 -0.013167342 6710886
1.3770769 0.75944877 -0.013169632 6710886
1.3773166 0.75079972 -0.013171924 6710886
1.3775563 0.74214756 -0.013174217 6710886
1.3777962 0.73349243 -0.013176511 6710886
1.378036 0.72483426 -0.013178805 6710886
1.378276 0.71617305 -0.0131811 6710886
1.3785161 0.70750892 -0.013183395 6710886
1.3787563 0.69884175 -0.013185693 6710886
1.3789964 0.69017142 -0.013187989 6710886
1.3792367 0.68149817 -0.013190287 6710886
1.3794771 0.67282194 -0.013192587 6710886
1.3797175 0.66414255 -0.013194885 6710886
1.3799582 0.6554603 -0.013197187 6710886
1.3801988 0.64677495 -0.013199489 6710886
1.3804395 0.63808656 -0.013201791 6710886
1.3806803 0.62939513 -0.013204093 6710886
1.3809212 0.62070066 -0.013206397 6710886
1.3811622 0.61200315 -0.013208701 6710886
1.3814033 0.60330272 -0.013211008 6710886
1.3816444 0.59459907 -0.013213313 6710886
1.3818856 0.5858925 -0.01321562 6710886
1.3821269 0.57718283 -0.013217928 6710886
1.3823684 0.56847024 -0.013220238 6710886
1.3826098 0.55975449 -0.013222546 6710886
1.3828514 0.55103564 -0.013224856 6710886
1.3830931 0.54231387 -0.013227168 6710886
1.3833348 0.53358901 -0.013229479 6710886
1.3835766 0.5248611 -0.013231792 6710886
1.3838185 0.51613009 -0.013234105 6710886
1.3840605 0.5073961 -0.013236419 6710886
1.3843025 0.49865898 -0.013238734 6710886
1.3845447 0.48991886 -0.013241051 6710886
1.384787 0.48117566 -0.013243367 6710886
1.3850293 0.47242942 -0.013245685 6710886
1.3852717 0.46368009 -0.013248002 6710886
1.3855141 0.45492771 -0.013250321 6710886
1.3857569 0.4461723 -0.013252643 6710886
1.3859994 0.43741375 -0.013254963 6710886
1.3862422 0.42865217 -0.013257284 6710886
1.386485 0.41988751 -0.013259606 6710886
1.386728 0.41111985 -0.013261931 6710886
1.3869709 0.402349 -0.013264253 6710886
1.3872141 0.39357516 -0.013266578 6710886
1.3874573 0.38479823 -0.013268905 6710886
1.3877006 0.37601823 -0.013271231 6710886
1.3879439 0.36723509 -0.013273558 6710886
1.3881873 0.35844892 -0.013275886 6710886
1.3884308 0.34965968 -0.013278215 6710886
1.3886745 0.34086734 -0.013280545 6710886
1.388918 0.33207187 -0.013282875 6710886
1.3891618 0.32327336 -0.013285206 6710886
1.3894057 0.31447175 -0.013287539 6710886
1.3896497 0.30566707 -0.013289873 6710886
1.3898937 0.29685923 -0.013292205 6710886
1.3901378 0.28804836 -0.013294539 6710886
1.3903821 0.27923438 -0.013296875 6710886
1.3906263 0.2704173 -0.013299212 6710886
1.3908707 0.26159713 -0.013301549 6710886
1.3911152 0.25277385 -0.013303887 6710886
1.3913598 0.24394748 -0.013306227 6710886
1.3916043 0.23511797 -0.013308564 6710886
1.391849 0.22628538 -0.013310906 6710886
1.3920939 0.21744969 -0.013313247 6710886
1.3923388 0.20861089 -0.013315588 6710886
1.3925837 0.19976898 -0.013317931 6710886
1.3928288 0.19092394 -0.013320276 6710886
1.3930739 0.1820758 -0.013322619 6710886
1.3933192 0.17322455 -0.013324966 6710886
1.3935645 0.16437016 -0.013327311 6710886
1.3938099 0.15551268 -0.013329658 6710886
1.3940554 0.14665206 -0.013332006 6710886
1.3943011 0.13778834 -0.013334355 6710886
1.3945466 0.12892146 -0.013336703 6710886
1.3947924 0.12005149 -0.013339054 6710886
1.3950382 0.11117838 -0.013341405 6710886
1.3952843 0.10230214 -0.013343758 6710886
1.3955302 0.093422771 -0.01334611 6710886
1.3957763 0.084540263 -0.013348463 6710886
1.3960226 0.075654641 -0.013350818 6710886
1.3962687 0.06676586 -0.013353173 6710886
1.3965151 0.057873961 -0.013355529 6710886
1.3967615 0.048978914 -0.013357885 6710886
1.3970082 0.040080734 -0.013360244 6710886
1.3972547 0.031179404 -0.013362602 6710886
1.3975015 0.022274936 -0.013364962 6710886
1.3977482 0.013367322 -0.013367322 6710886
1.3979952 0.0044565615 -0.013369684 6710886
1.3982421 -0.0044573485 -0.013372045 6710886
1.3984891 -0.013374407 -0.013374407 6710886
1.3987364 -0.02229462 -0.013376771 6710886
1.3989836 -0.031217985 -0.013379136 6710886
1.3992308 -0.040144503 -0.013381501 6710886
1.3994783 -0.04907418 -0.013383867 6710886
1.3997258 -0.058007013 -0.013386235 6710886
1.3999735 -0.06694302 -0.013388603 6710886
1.400221 -0.075882167 -0.01339097 6710886
1.4004688 -0.084824488 -0.01339334 6710886
1.4007167 -0.093769975 -0.01339571 6710886
1.4009647 -0.10271864 -0.013398083 6710886
1.4012126 -0.11167044 -0.013400453 6710886
1.4014608 -0.12062544 -0.013402826 6710886
1.401709 -0.1295836 -0.0134052 6710886
1.4019573 -0.13854495 -0.013407575 6710886
1.4022056 -0.14750944 -0.01340995 6710886
1.4024541 -0.15647714 -0.013412327 6710886
1.4027027 -0.16544801 -0.013414703 6710886
1.4029514 -0.17442207 -0.013417082 6710886
1.4032 -0.18339929 -0.01341946 6710886
1.4034488 -0.1923797 -0.013421839 6710886
1.4036977 -0.2013633 -0.01342422 6710886
1.4039466 -0.21035007 -0.0134266 6710886
1.4041958 -0.21934006 -0.013428982 6710886
1.4044448 -0.22833319 -0.013431365 6710886
1.4046942 -0.23732957 -0.01343375 6710886
1.4049436 -0.24632913 -0.013436134 6710886
1.4051929 -0.25533184 -0.013438518 6710886
1.4054425 -0.26433781 -0.013440905 6710886
1.4056921 -0.27334696 -0.013443293 6710886
1.4059417 -0.28235927 -0.01344568 6710886
1.4061915 -0.2913748 -0.013448069 6710886
1.4064415 -0.30039358 -0.01345046 6710886
1.4066913 -0.30941552 -0.013452848 6710886
1.4069414 -0.31844071 -0.013455241 6710886
1.4071915 -0.32746905 -0.013457633 6710886
1.4074417 -0.33650064 -0.013460025 6710886
1.4076921 -0.34553543 -0.01346242 6710886
1.4079425 -0.35457346 -0.013464815 6710886
1.4081929 -0.36361465 -0.013467208 6710886
1.4084436 -0.37265912 -0.013469607 6710886
1.4086943 -0.38170677 -0.013472004 6710886
1.408945 -0.39075765 -0.013474401 6710886
1.4091958 -0.39981174 -0.0134768 6710886
1.4094467 -0.40886906 -0.0134792 6710886
1.4096978 -0.41792962 -0.013481601 6710886
1.4099489 -0.42699343 -0.013484003 6710886
1.4102001 -0.43606043 -0.013486405 6710886
1.4104515 -0.44513071 -0.01348881 6710886
1.4107029 -0.4542042 -0.013491214 6710886
1.4087446 -0.46255532 -0.013472485 6710886
1.3839747 -0.46324596 -0.013235599 6710886
1.3600774 -0.46391839 -0.013007058 6710886
1.3528329 -0.47007251 -0.012937776 6842472
1.3146038 -0.46517038 -0.012572173 6710886
1.2929784 -0.46576184 -0.012365359 6710886
1.2720602 -0.46633679 -0.012165308 6710886
1.2704576 -0.4738493 -0.012149982 6710886
1.2707232 -0.48205003 -0.012152522 6710886
1.2709888 -0.49025416 -0.012155063 6710886
1.2712544 -0.49846169 -0.012157602 6710886
1.2715204 -0.50667274 -0.012160146 6710886
1.2717863 -0.51488715 -0.012162689 9211020
1.3705882 0.99180669 -0.021845963 6710886
1.3708255 0.98323858 -0.021849746 6710886
1.371063 0.97466749 -0.021853531 6710886
1.3713006 0.96609342 -0.021857318 6710886
1.3715382 0.95751637 -0.021861104 6710886
1.3717759 0.94893634 -0.021864893 6710886
1.3720137 0.94035339 -0.021868683 6710886
1.3722515 0.9317674 -0.021872474 6710886
1.3724896 0.92317855 -0.02187627 6710886
1.3727275 0.9145866 -0.021880062 6710886
1.3729657 0.90599173 -0.021883858 6710886
1.3732039 0.89739382 -0.021887654 6710886
1.3734422 0.88879299 -0.021891452 6710886
1.3736805 0.88018906 -0.02189525 6710886
1.373919 0.87158233 -0.021899054 6710886
1.3741575 0.8629725 -0.021902855 6710886
1.3743962 0.85435969 -0.021906659 6710886
1.3746349 0.84574389 -0.021910463 6710886
1.3748736 0.83712506 -0.02191427 6710886
1.3751125 0.82850331 -0.021918077 6710886
1.3753514 0.81987846 -0.021921884 6710886
1.3755904 0.81125069 -0.021925693 6710886
1.3758297 0.80261999 -0.021929508 6710886
1.3760688 0.79398614 -0.021933319 6710886
1.3763081 0.78534937 -0.021937132 6710886
1.3765475 0.77670956 -0.021940948 6710886
1.3767869 0.76806676 -0.021944765 6710886
1.3770266 0.75942105 -0.021948585 6710886
1.377266 0.75077212 -0.021952402 6710886
1.3775058 0.74212033 -0.021956222 6710886
1.3777456 0.73346555 -0.021960046 6710886
1.3779855 0.72480768 -0.021963868 6710886
1.3782253 0.71614677 -0.021967692 6710886
1.3784654 0.70748287 -0.021971518 6710886
1.3787056 0.69881606 -0.021975348 6710886
1.3789457 0.69014609 -0.021979174 6710886
1.379186 0.68147314 -0.021983005 6710886
1.3794265 0.6727972 -0.021986837 6710886
1.3796669 0.66411823 -0.02199067 6710886
1.3799074 0.65543616 -0.021994501 6710886
1.3801481 0.64675117 -0.021998338 6710886
1.3803887 0.63806307 -0.022002175 6710886
1.3806295 0.62937194 -0.022006012 6710886
1.3808703 0.62067783 -0.022009851 6710886
1.3811114 0.61198068 -0.022013692 6710886
1.3813524 0.60328048 -0.022017535 6710886
1.3815936 0.59457725 -0.022021379 6710886
1.3818347 0.58587092 -0.022025222 6710886
1.382076 0.57716161 -0.022029068 6710886
1.3823175 0.56844932 -0.022032918 6710886
1.3825588 0.55973381 -0.022036765 6710886
1.3828005 0.55101538 -0.022040615 6710886
1.3830421 0.54229391 -0.022044467 6710886
1.3832839 0.53356934 -0.022048321 6710886
1.3835256 0.52484173 -0.022052174 6710886
1.3837675 0.51611108 -0.022056028 6710886
1.3840095 0.50737739 -0.022059886 6710886
1.3842516 0.49864066 -0.022063745 6710886
1.3844936 0.48990077 -0.022067603 6710886
1.3847358 0.4811579 -0.022071464 6710886
1.3849782 0.47241199 -0.022075327 6710886
1.3852206 0.46366301 -0.02207919 6710886
1.385463 0.4549109 -0.022083053 6710886
1.3857056 0.44615579 -0.02208692 6710886
1.3859483 0.43739763 -0.022090789 6710886
1.386191 0.42863637 -0.022094658 6710886
1.3864338 0.41987205 -0.022098528 6710886
1.3866768 0.41110465 -0.022102401 6710886
1.3869197 0.40233418 -0.022106273 6710886
1.3871628 0.39356062 -0.022110147 6710886
1.387406 0.38478401 -0.022114024 6710886
1.3876493 0.37600434 -0.022117902 6710886
1.3878926 0.36722153 -0.02212178 6710886
1.3881359 0.35843566 -0.022125658 6710886
1.3883795 0.34964672 -0.022129539 6710886
1.3886231 0.34085473 -0.022133423 6710886
1.3888667 0.33205959 -0.022137305 6710886
1.3891104 0.32326138 -0.02214119 6710886
1.3893543 0.31446013 -0.022145079 6710886
1.3895983 0.30565575 -0.022148967 6710886
1.3898423 0.29684827 -0.022152856 6710886
1.3900864 0.28803772 -0.022156747 6710886
1.3903306 0.27922404 -0.022160638 6710886
1.3905748 0.27040729 -0.022164531 6710886
1.3908192 0.26158744 -0.022168428 6710886
1.3910636 0.25276446 -0.022172322 6710886
1.3913082 0.24393843 -0.022176221 6710886
1.3915528 0.23510927 -0.02218012 6710886
1.3917974 0.22627699 -0.02218402 6710886
1.3920423 0.21744163 -0.022187922 6710886
1.3922871 0.20860316 -0.022191824 6710886
1.3925321 0.19976157 -0.022195728 6710886
1.3927771 0.19091685 -0.022199634 6710886
1.3930223 0.18206905 -0.022203542 6710886
1.3932675 0.17321812 -0.02220745 6710886
1.3935128 0.16436407 -0.022211362 6710886
1.3937582 0.15550691 -0.022215271 6710886
1.3940036 0.14664662 -0.022219185 6710886
1.3942492 0.13778321 -0.022223098 6710886
1.3944948 0.12891667 -0.022227012 6710886
1.3947406 0.12004703 -0.022230931 6710886
1.3949864 0.11117424 -0.022234848 6710886
1.3952323 0.10229833 -0.022238769 6710886
1.3954782 0.093419291 -0.022242688 6710886
1.3957244 0.084537126 -0.022246612 6710886
1.3959706 0.075651824 -0.022250535 6710886
1.3962169 0.066763386 -0.022254461 6710886
1.3964632 0.057871807 -0.022258386 6710886
1.3967096 0.048977092 -0.022262314 6710886
1.3969562 0.040079243 -0.022266246 6710886
1.3972028 0.031178247 -0.022270177 6710886
1.3974494 0.022274107 -0.022274107 6710886
1.3976963 0.013366825 -0.022278041 6710886
1.3979431 0.0044563953 -0.022281976 6710886
1.3981901 -0.0044571827 -0.022285914 6710886
1.398437 -0.01337391 -0.022289848 6710886
1.3986843 -0.022293789 -0.022293789 6710886
1.3989315 -0.031216823 -0.022297731 6710886
1.3991789 -0.040143009 -0.022301672 6710886
1.3994261 -0.049072351 -0.022305613 6710886
1.3996737 -0.058004856 -0.02230956 6710886
1.3999213 -0.066940516 -0.022313507 6710886
1.4001689 -0.075879343 -0.022317452 6710886
1.4004166 -0.084821329 -0.022321401 6710886
1.4006644 -0.093766473 -0.022325352 6710886
1.4009124 -0.1027148 -0.022329304 6710886
1.4011605 -0.11166629 -0.022333259 6710886
1.4014084 -0.12062094 -0.022337209 6710886
1.4016566 -0.12957877 -0.022341166 6710886
1.4019049 -0.13853976 -0.022345124 6710886
1.4021533 -0.14750394 -0.022349082 6710886
1.4024017 -0.1564713 -0.022353042 6710886
1.4026502 -0.16544183 -0.022357004 6710886
1.4028989 -0.17441554 -0.022360967 6710886
1.4031476 -0.18339244 -0.022364931 6710886
1.4033964 -0.1923725 -0.022368897 6710886
1.4036453 -0.20135577 -0.022372864 6710886
1.4038942 -0.21034221 -0.022376832 6710886
1.4041432 -0.21933185 -0.022380801 6710886
1.4043925 -0.22832468 -0.022384774 6710886
1.4046416 -0.23732069 -0.022388745 6710886
1.4048909 -0.24631989 -0.022392718 6710886
1.4051403 -0.25532231 -0.022396693 6710886
1.4053898 -0.26432788 -0.02240067 6710886
1.4056394 -0.27333671 -0.022404648 6710886
1.405889 -0.28234869 -0.022408627 6710886
1.4061388 -0.29136389 -0.022412607 6710886
1.4063888 -0.30038235 -0.022416592 6710886
1.4066385 -0.3094039 -0.022420572 6710886
1.4068886 -0.31842875 -0.02242456 6710886
1.4071388 -0.3274568 -0.022428548 6710886
1.4073889 -0.33648801 -0.022432534 6710886
1.4076393 -0.34552246 -0.022436524 6710886
1.4078897 -0.35456017 -0.022440515 6710886
1.4081401 -0.363601 -0.022444507 6710886
1.4083906 -0.37264511 -0.022448501 6710886
1.4086413 -0.38169244 -0.022452496 6710886
1.408892 -0.39074296 -0.022456491 6710886
1.409143 -0.39979675 -0.022460492 6710886
1.4093939 -0.40885374 -0.022464491 6710886
1.4096448 -0.41791394 -0.022468491 6710886
1.4098959 -0.42697737 -0.022472493 6710886
1.4101472 -0.43604407 -0.022476498 6710886
1.4103985 -0.44511396 -0.022480503 6710886
1.4106499 -0.45418712 -0.022484511 6710886
1.4089202 -0.46261299 -0.02245694 6710886
1.3841548 -0.46330625 -0.022062203 6710886
1.3602443 -0.46397531 -0.021681089 6710886
1.3370672 -0.46459436 -0.021311669 7039851
1.3147197 -0.46521139 -0.020955468 6710886
1.2931333 -0.46581763 -0.0206114 6710886
1.275202 -0.46748862 -0.020325592 6710886
1.2754686 -0.47571826 -0.02032984 6710886
1.2757353 -0.48395136 -0.020334091 6710886
1.276002 -0.49218792 -0.020338343 6710886
1.2762691 -0.50042796 -0.0203426 6710886
1.2765361 -0.5086714 -0.020346856 6710886
1.3705381 0.99177045 -0.030583231 6710886
1.3707755 0.98320264 -0.030588526 6710886
1.3710129 0.97463185 -0.030593826 6710886
1.3712504 0.96605808 -0.030599125 6710886
1.3714881 0.95748144 -0.03060443 6710886
1.3717258 0.94890171 -0.030609732 6710886
1.3719635 0.940319 -0.030615037 6710886
1.3722014 0.93173343 -0.030620348 6710886
1.3724394 0.92314482 -0.030625656 6710886
1.3726774 0.91455323 -0.030630969 6710886
1.3729155 0.90595859 -0.030636281 6710886
1.3731537 0.89736104 -0.030641597 6710886
1.373392 0.88876051 -0.030646915 6710886
1.3736304 0.88015699 -0.030652234 6710886
1.3738687 0.87155038 -0.030657552 6710886
1.3741072 0.86294091 -0.030662874 6710886
1.3743459 0.85432845 -0.030668201 6710886
1.3745846 0.8457129 -0.030673526 6710886
1.3748233 0.83709443 -0.030678853 6710886
1.3750622 0.82847297 -0.030684184 6710886
1.3753011 0.81984848 -0.030689515 6710886
1.3755401 0.811221 -0.03069485 6710886
1.3757793 0.80259055 -0.030700186 6710886
1.3760184 0.79395705 -0.030705521 6710886
1.3762578 0.78532064 -0.030710863 6710886
1.376497 0.77668113 -0.030716201 6710886
1.3767364 0.76803857 -0.030721543 6710886
1.376976 0.75939316 -0.030726891 6710886
1.3772156 0.75074464 -0.030732237 6710886
1.3774552 0.74209309 -0.030737584 6710886
1.377695 0.73343855 -0.030742934 6710886
1.3779349 0.7247811 -0.030748289 6710886
1.3781748 0.71612048 -0.03075364 6710886
1.3784148 0.70745689 -0.030758996 6710886
1.378655 0.69879037 -0.030764356 6710886
1.3788952 0.69012076 -0.030769715 6710886
1.3791354 0.6814481 -0.030775076 6710886
1.3793757 0.67277247 -0.030780438 6710886
1.3796161 0.66409379 -0.030785805 6710886
1.3798567 0.65541208 -0.030791173 6710886
1.3800973 0.64672732 -0.030796541 6710886
1.380338 0.63803959 -0.030801911 6710886
1.3805788 0.62934881 -0.030807285 6710886
1.3808197 0.620655 -0.03081266 6710886
1.3810606 0.61195815 -0.030818038 6710886
1.3813016 0.60325825 -0.030823415 6710886
1.3815428 0.59455538 -0.030828798 6710886
1.3817838 0.58584934 -0.030834176 6710886
1.3820252 0.57714039 -0.030839562 6710886
1.3822665 0.56842828 -0.030844947 6710886
1.382508 0.55971324 -0.030850336 6710886
1.3827496 0.55099511 -0.030855726 6710886
1.3829912 0.54227394 -0.030861117 6710886
1.3832328 0.53354967 -0.030866509 6710886
1.3834747 0.52482241 -0.030871907 6710886
1.3837165 0.51609206 -0.030877301 6710886
1.3839585 0.50735867 -0.030882701 6710886
1.3842005 0.49862221 -0.030888103 6710886
1.3844426 0.48988271 -0.030893505 6710886
1.3846848 0.48114017 -0.03089891 6710886
1.3849272 0.47239459 -0.030904319 6710886
1.3851695 0.46364591 -0.030909726 6710886
1.3854119 0.45489413 -0.030915134 6710886
1.3856544 0.44613934 -0.030920548 6710886
1.3858972 0.43738148 -0.030925963 6710886
1.3861399 0.42862055 -0.03093138 6710886
1.3863826 0.41985652 -0.030936796 6710886
1.3866255 0.41108945 -0.030942217 6710886
1.3868685 0.40231931 -0.030947639 6710886
1.3871117 0.3935461 -0.030953065 6710886
1.3873547 0.3847698 -0.030958489 6710886
1.3875979 0.37599042 -0.030963916 6710886
1.3878413 0.36720797 -0.030969348 6710886
1.3880847 0.35842243 -0.030974777 6710886
1.3883281 0.34963378 -0.030980209 6710886
1.3885717 0.3408421 -0.030985646 6710886
1.3888154 0.33204731 -0.030991083 6710886
1.3890591 0.32324943 -0.03099652 6710886
1.389303 0.31444848 -0.031001963 6710886
1.3895469 0.30564442 -0.031007405 6710886
1.3897909 0.2968373 -0.031012852 6710886
1.3900349 0.28802705 -0.031018296 6710886
1.3902791 0.2792137 -0.031023744 6710886
1.3905233 0.27039728 -0.031029195 6710886
1.3907677 0.26157776 -0.031034648 6710886
1.3910121 0.25275511 -0.031040102 6710886
1.3912566 0.24392939 -0.031045558 6710886
1.3915012 0.23510055 -0.031051015 6710886
1.3917459 0.22626862 -0.031056477 6710886
1.3919907 0.21743357 -0.031061938 6710886
1.3922355 0.20859542 -0.031067403 6710886
1.3924805 0.19975416 -0.03107287 6710886
1.3927255 0.19090977 -0.031078335 6710886
1.3929706 0.18206228 -0.031083805 6710886
1.3932158 0.17321168 -0.031089276 6710886
1.3934611 0.16435798 -0.031094752 6710886
1.3937064 0.15550113 -0.031100227 6710886
1.3939519 0.14664117 -0.031105703 6710886
1.3941975 0.1377781 -0.031111183 6710886
1.3944432 0.1289119 -0.031116666 6710886
1.3946887 0.12004256 -0.031122146 6710886
1.3949345 0.11117011 -0.03112763 6710886
1.3951805 0.10229453 -0.031133119 6710886
1.3954265 0.093415827 -0.031138608 6710886
1.3956724 0.084533975 -0.031144097 6710886
1.3959187 0.075649008 -0.031149592 6710886
1.396165 0.066760905 -0.031155089 6710886
1.3964113 0.057869658 -0.031160584 6710886
1.3966576 0.04897527 -0.03116608 6710886
1.3969042 0.04007775 -0.031171585 6710886
1.3971508 0.031177085 -0.031177085 6710886
1.3973975 0.02227328 -0.031182591 6710886
1.3976442 0.013366327 -0.031188095 6710886
1.397891 0.004456229 -0.031193605 6710886
1.398138 -0.0044570165 -0.031199116 6710886
1.398385 -0.013373412 -0.031204628 6710886
1.398632 -0.022292957 -0.031210139 6710886
1.3988793 -0.031215657 -0.031215657 6710886
1.3991266 -0.040141512 -0.031221177 6710886
1.3993741 -0.049070526 -0.031226698 6710886
1.3996215 -0.058002692 -0.031232219 6710886
1.3998691 -0.06693802 -0.031237744 6710886
1.4001167 -0.075876512 -0.031243268 6710886
1.4003644 -0.084818162 -0.031248797 6710886
1.4006121 -0.093762971 -0.031254325 6710886
1.4008601 -0.10271096 -0.031259857 6710886
1.4011081 -0.11166212 -0.031265393 6710886
1.4013561 -0.12061643 -0.031270925 6710886
1.4016043 -0.12957393 -0.031276464 6710886
1.4018526 -0.13853459 -0.031282004 6710886
1.4021009 -0.14749843 -0.031287547 6710886
1.4023494 -0.15646546 -0.03129309 6710886
1.4025978 -0.16543564 -0.031298634 6710886
1.4028465 -0.17440902 -0.031304184 6710886
1.4030952 -0.1833856 -0.031309735 6710886
1.4033439 -0.19236532 -0.031315286 6710886
1.4035928 -0.20134825 -0.03132084 6710886
1.4038416 -0.21033433 -0.031326391 6710886
1.4040908 -0.21932365 -0.031331949 6710886
1.4043399 -0.22831614 -0.031337511 6710886
1.4045891 -0.23731181 -0.031343069 6710886
1.4048383 -0.24631068 -0.031348631 6710886
1.4050878 -0.25531277 -0.0313542 6710886
1.4053372 -0.26431802 -0.031359766 6710886
1.4055868 -0.27332649 -0.031365335 6710886
1.4058365 -0.28233814 -0.031370904 6710886
1.4060861 -0.29135299 -0.031376474 6710886
1.4063359 -0.30037105 -0.03138205 6710886
1.4065858 -0.3093923 -0.031387627 6710886
1.4068359 -0.3184168 -0.031393208 6710886
1.407086 -0.32744449 -0.031398788 6710886
1.4073361 -0.33647537 -0.031404369 6710886
1.4075865 -0.3455095 -0.031409957 6710886
1.4078369 -0.35454684 -0.031415544 6710886
1.4080873 -0.36358738 -0.031421129 6710886
1.4083378 -0.37263113 -0.03142672 6710886
1.4085885 -0.38167813 -0.031432316 6710886
1.4088391 -0.39072829 -0.031437907 6710886
1.40909 -0.39978173 -0.031443506 6710886
1.409341 -0.40883839 -0.031449106 6710886
1.4095919 -0.41789824 -0.031454705 6710886
1.409843 -0.42696133 -0.031460308 6710886
1.4100943 -0.43602771 -0.031465918 6710886
1.4103456 -0.44509727 -0.031471524 6710886
1.410597 -0.45417008 -0.031477135 6710886
1.4090959 -0.46267068 -0.031443637 6710886
1.3843275 -0.46336406 -0.030890938 6710886
1.360411 -0.4640322 -0.030357247 6710886
1.3372285 -0.46465042 -0.029839935 6710886
1.3148696 -0.46526447 -0.029341001 6710886
1.2932553 -0.46586162 -0.028858684 6710886
1.2818546 -0.46992746 -0.02860428 6710886
1.2821385 -0.47820598 -0.028610613 6710886
1.2824223 -0.4864881 -0.028616946 6710886
1.2827064 -0.49477395 -0.028623287 6710886
1.2829907 -0.5030635 -0.028629631 6710886
1.2832762 -0.51135719 -0.028636001 6710886
1.370488 0.99173427 -0.039319858 6710886
1.3707254 0.98316675 -0.039326668 6710886
1.3709629 0.97459626 -0.039333481 6710886
1.3712003 0.96602279 -0.039340295 6710886
1.3714379 0.9574464 -0.039347112 6710886
1.3716757 0.94886708 -0.039353933 6710886
1.3719134 0.94028467 -0.039360754 6710886
1.3721513 0.93169934 -0.039367579 6710886
1.3723892 0.92311102 -0.039374404 6710886
1.3726273 0.91451979 -0.039381236 6710886
1.3728653 0.90592551 -0.039388064 6710886
1.3731034 0.89732814 -0.039394896 6710886
1.3733417 0.88872796 -0.039401732 6710886
1.3735801 0.88012475 -0.039408572 6710886
1.3738184 0.87151849 -0.039415408 6710886
1.3740569 0.86290932 -0.039422251 6710886
1.3742956 0.85429716 -0.039429098 6710886
1.3745342 0.84568197 -0.039435945 6710886
1.3747729 0.83706373 -0.039442793 6710886
1.3750118 0.82844263 -0.039449647 6710886
1.3752508 0.8198185 -0.039456505 6710886
1.3754898 0.81119132 -0.039463364 6710886
1.3757288 0.80256116 -0.039470222 6710886
1.375968 0.79392797 -0.03947708 6710886
1.3762072 0.78529179 -0.039483946 6710886
1.3764465 0.77665257 -0.039490812 6710886
1.376686 0.76801044 -0.039497681 6710886
1.3769255 0.75936526 -0.03950455 6710886
1.3771651 0.7507171 -0.039511427 6710886
1.3774047 0.74206585 -0.0395183 6710886
1.3776444 0.73341167 -0.039525177 6710886
1.3778843 0.72475445 -0.039532062 6710886
1.3781242 0.71609426 -0.039538946 6710886
1.3783642 0.70743096 -0.03954583 6710886
1.3786043 0.69876468 -0.039552718 6710886
1.3788445 0.69009542 -0.03955961 6710886
1.3790848 0.68142313 -0.039566506 6710886
1.379325 0.67274773 -0.039573397 6710886
1.3795655 0.66406941 -0.039580293 6710886
1.379806 0.65538806 -0.039587196 6710886
1.3800465 0.64670354 -0.039594095 6710886
1.3802873 0.63801616 -0.039601006 6710886
1.380528 0.62932569 -0.039607909 6710886
1.3807689 0.62063223 -0.039614823 6710886
1.3810097 0.61193562 -0.039621729 6710886
1.3812507 0.60323608 -0.039628647 6710886
1.3814919 0.59453344 -0.039635565 6710886
1.3817331 0.58582783 -0.039642483 6710886
1.3819743 0.57711911 -0.039649405 6710886
1.3822156 0.56840736 -0.03965633 6710886
1.3824571 0.55969262 -0.039663259 6710886
1.3826987 0.55097485 -0.039670188 6710886
1.3829402 0.54225391 -0.039677117 6710886
1.3831819 0.53353006 -0.039684054 6710886
1.3834237 0.52480304 -0.03969099 6710886
1.3836654 0.51607305 -0.039697923 6710886
1.3839074 0.50733995 -0.039704867 6710886
1.3841494 0.49860385 -0.039711811 6710886
1.3843915 0.48986468 -0.039718758 6710886
1.3846337 0.4811224 -0.039725702 6710886
1.384876 0.47237712 -0.039732657 6710886
1.3851184 0.46362877 -0.039739609 6710886
1.3853608 0.45487738 -0.039746568 6710886
1.3856033 0.44612285 -0.039753523 6710886
1.385846 0.43736535 -0.039760485 6710886
1.3860887 0.42860472 -0.039767448 6710886
1.3863316 0.41984105 -0.039774418 6710886
1.3865743 0.41107425 -0.03978138 6710886
1.3868173 0.40230447 -0.039788354 6710886
1.3870604 0.39353156 -0.039795328 6710886
1.3873034 0.38475555 -0.039802298 6710886
1.3875467 0.3759765 -0.039809279 6710886
1.38779 0.36719438 -0.03981626 6710886
1.3880334 0.3584092 -0.039823242 6710886
1.3882768 0.34962088 -0.039830226 6710886
1.3885204 0.34082949 -0.039837215 6710886
1.388764 0.33203503 -0.039844204 6710886
1.3890078 0.32323751 -0.0398512 6710886
1.3892515 0.31443682 -0.039858188 6710886
1.3894954 0.3056331 -0.039865188 6710886
1.3897394 0.2968263 -0.039872188 6710886
1.3899835 0.28801641 -0.039879192 6710886
1.3902276 0.27920336 -0.039886195 6710886
1.3904718 0.27038726 -0.039893202 6710886
1.3907162 0.26156807 -0.039900213 6710886
1.3909606 0.25274575 -0.039907224 6710886
1.3912051 0.24392036 -0.039914239 6710886
1.3914497 0.23509185 -0.039921258 6710886
1.3916943 0.22626023 -0.039928276 6710886
1.391939 0.21742551 -0.039935298 6710886
1.3921839 0.20858769 -0.039942324 6710886
1.3924288 0.19974674 -0.039949346 6710886
1.3926739 0.1909027 -0.03995638 6710886
1.3929188 0.18205552 -0.039963409 6710886
1.393164 0.17320526 -0.039970443 6710886
1.3934094 0.16435187 -0.039977483 6710886
1.3936547 0.15549536 -0.039984521 6710886
1.3939002 0.14663573 -0.039991561 6710886
1.3941456 0.13777298 -0.039998606 6710886
1.3943913 0.1289071 -0.040005654 6710886
1.394637 0.12003811 -0.040012702 6710886
1.3948828 0.11116599 -0.040019754 6710886
1.3951286 0.10229073 -0.040026806 6710886
1.3953747 0.093412355 -0.040033866 6710886
1.3956207 0.084530845 -0.040040925 6710886
1.3958668 0.075646192 -0.040047985 6710886
1.396113 0.066758417 -0.040055051 6710886
1.3963593 0.057867501 -0.040062118 6710886
1.3966057 0.048973449 -0.040069185 6710886
1.3968521 0.040076256 -0.040076256 6710886
1.3970988 0.031175924 -0.040083334 6710886
1.3973454 0.022272449 -0.040090408 6710886
1.3975922 0.013365829 -0.04009749 6710886
1.397839 0.0044560633 -0.040104568 6710886
1.398086 -0.0044568507 -0.040111654 6710886
1.398333 -0.013372914 -0.040118743 6710886
1.3985801 -0.022292128 -0.040125832 6710886
1.3988272 -0.031214494 -0.040132921 6710886
1.3990746 -0.040140018 -0.040140018 6710886
1.3993219 -0.049068697 -0.040147115 6710886
1.3995693 -0.058000527 -0.040154211 6710886
1.3998169 -0.066935524 -0.040161315 6710886
1.4000645 -0.07587368 -0.040168419 6710886
1.4003122 -0.084815003 -0.040175527 6710886
1.4005599 -0.093759477 -0.040182635 6710886
1.4008079 -0.10270713 -0.040189747 6710886
1.4010558 -0.11165795 -0.040196862 6710886
1.4013039 -0.12061194 -0.040203977 6710886
1.401552 -0.12956908 -0.040211096 6710886
1.4018003 -0.13852942 -0.040218219 6710886
1.4020486 -0.14749293 -0.040225346 6710886
1.402297 -0.15645961 -0.040232472 6710886
1.4025455 -0.16542946 -0.040239599 6710886
1.402794 -0.17440251 -0.040246733 6710886
1.4030428 -0.18337874 -0.04025387 6710886
1.4032915 -0.19235812 -0.040261004 6710886
1.4035403 -0.20134071 -0.040268142 6710886
1.4037892 -0.21032648 -0.040275283 6710886
1.4040382 -0.21931544 -0.040282428 6710886
1.4042873 -0.22830759 -0.040289573 6710886
1.4045365 -0.23730293 -0.040296722 6710886
1.4047858 -0.24630146 -0.040303875 6710886
1.4050351 -0.25530317 -0.040311031 6710886
1.4052845 -0.26430809 -0.040318184 6710886
1.4055341 -0.27331623 -0.040325347 6710886
1.4057838 -0.28232756 -0.040332507 6710886
1.4060335 -0.29134208 -0.040339675 6710886
1.4062833 -0.30035982 -0.040346839 6710886
1.4065332 -0.30938074 -0.04035401 6710886
1.4067831 -0.31840485 -0.040361181 6710886
1.4070333 -0.32743225 -0.04036836 6710886
1.4072835 -0.33646283 -0.040375538 6710886
1.4075336 -0.34549654 -0.040382713 6710886
1.4077841 -0.35453355 -0.040389899 6710886
1.4080346 -0.36357376 -0.040397085 6710886
1.408285 -0.37261716 -0.040404271 6710886
1.4085356 -0.38166377 -0.040411461 6710886
1.4087863 -0.39071363 -0.040418651 6710886
1.4090371 -0.39976671 -0.040425848 6710886
1.409288 -0.40882304 -0.040433049 6710886
1.409539 -0.41788256 -0.040440246 6710886
1.40979 -0.4269453 -0.040447451 6710886
1.4100412 -0.43601128 -0.040454656 6710886
1.4102925 -0.44508052 -0.040461864 6710886
1.410544 -0.45415303 -0.040469084 6710886
1.4092717 -0.46272841 -0.04043258 6710886
1.3845004 -0.46342191 -0.03972188 6710886
1.3605411 -0.46407658 -0.039034478 6710886
1.3373898 -0.46470645 -0.038370259 6710886
1.3150256 -0.46531963 -0.037728619 6710886
1.2933969 -0.46591261 -0.037108086 6710886
1.2898226 -0.4728485 -0.037005536 6710886
1.2901199 -0.48118284 -0.037014063 6710886
1.2904172 -0.48952097 -0.037022594 6710886
1.2907147 -0.49786299 -0.037031133 6710886
1.2910124 -0.50620884 -0.037039671 6710886
1.2913103 -0.51455861 -0.037048217 9211020
1.370438 0.99169803 -0.04805585 6710886
1.3706754 0.98313093 -0.048064176 6710886
1.3709128 0.97456068 -0.048072502 6710886
1.3711504 0.96598762 -0.048080832 6710886
1.3713878 0.95741141 -0.048089158 6710886
1.3716255 0.94883239 -0.048097495 6710886
1.3718634 0.9402504 -0.048105832 6710886
1.3721011 0.93166524 -0.048114169 6710886
1.372339 0.92307729 -0.048122514 6710886
1.3725771 0.91448635 -0.048130859 6710886
1.3728151 0.90589237 -0.048139207 6710886
1.3730532 0.89729536 -0.048147555 6710886
1.3732915 0.88869548 -0.048155911 6710886
1.3735298 0.88009256 -0.048164267 6710886
1.3737682 0.87148666 -0.04817263 6710886
1.3740066 0.86287773 -0.04818099 6710886
1.3742453 0.85426587 -0.048189357 6710886
1.3744839 0.84565103 -0.048197728 6710886
1.3747227 0.83703321 -0.048206098 6710886
1.3749615 0.82841229 -0.048214473 6710886
1.3752004 0.81978846 -0.048222851 6710886
1.3754394 0.81116164 -0.048231229 6710886
1.3756784 0.80253172 -0.048239611 6710886
1.3759176 0.79389888 -0.048247997 6710886
1.3761568 0.785263 -0.048256386 6710886
1.3763962 0.7766242 -0.048264783 6710886
1.3766354 0.76798224 -0.048273172 6710886
1.3768749 0.75933743 -0.048281569 6710886
1.3771145 0.75068957 -0.04828997 6710886
1.3773543 0.74203873 -0.048298378 6710886
1.3775939 0.73338473 -0.048306778 6710886
1.3778337 0.72472787 -0.04831519 6710886
1.3780737 0.71606797 -0.048323605 6710886
1.3783137 0.70740503 -0.048332021 6710886
1.3785536 0.69873899 -0.048340436 6710886
1.3787938 0.69007003 -0.048348859 6710886
1.3790342 0.68139809 -0.048357286 6710886
1.3792744 0.67272305 -0.048365708 6710886
1.3795148 0.66404498 -0.048374139 6710886
1.3797553 0.65536392 -0.048382569 6710886
1.3799959 0.64667988 -0.048391011 6710886
1.3802365 0.63799268 -0.048399445 6710886
1.3804773 0.62930256 -0.04840789 6710886
1.3807181 0.6206094 -0.048416335 6710886
1.380959 0.61191314 -0.048424784 6710886
1.3812 0.60321385 -0.048433229 6710886
1.3814411 0.59451163 -0.048441686 6710886
1.3816823 0.58580631 -0.048450142 6710886
1.3819236 0.57709795 -0.048458606 6710886
1.3821647 0.56838644 -0.048467062 6710886
1.3824062 0.55967206 -0.04847553 6710886
1.3826478 0.55095452 -0.048483998 6710886
1.3828893 0.54223394 -0.048492469 6710886
1.3831309 0.53351033 -0.04850094 6710886
1.3833727 0.52478373 -0.048509419 6710886
1.3836145 0.51605403 -0.048517901 6710886
1.3838564 0.5073213 -0.048526384 6710886
1.3840984 0.49858546 -0.048534866 6710886
1.3843405 0.48984662 -0.048543356 6710886
1.3845828 0.48110473 -0.048551854 6710886
1.3848249 0.47235969 -0.048560344 6710886
1.3850673 0.46361169 -0.048568845 6710886
1.3853097 0.45486057 -0.048577342 6710886
1.3855522 0.4461064 -0.048585847 6710886
1.3857948 0.43734917 -0.048594352 6710886
1.3860375 0.4285889 -0.048602864 6710886
1.3862803 0.41982555 -0.048611376 6710886
1.3865231 0.41105911 -0.048619892 6710886
1.3867661 0.4022896 -0.048628412 6710886
1.3870091 0.39351702 -0.048636936 6710886
1.3872522 0.38474137 -0.048645459 6710886
1.3874954 0.37596262 -0.048653986 6710886
1.3877387 0.36718082 -0.048662517 6710886
1.387982 0.3583959 -0.048671052 6710886
1.3882256 0.34960797 -0.04867959 6710886
1.388469 0.34081689 -0.048688125 6710886
1.3887126 0.33202276 -0.048696671 6710886
1.3889563 0.32322553 -0.048705216 6710886
1.3892001 0.3144252 -0.048713762 6710886
1.389444 0.3056218 -0.048722316 6710886
1.389688 0.29681531 -0.048730873 6710886
1.389932 0.28800571 -0.04873943 6710886
1.3901762 0.27919304 -0.04874799 6710886
1.3904203 0.27037725 -0.048756551 6710886
1.3906647 0.26155838 -0.048765123 6710886
1.3909091 0.25273639 -0.048773691 6710886
1.3911535 0.2439113 -0.048782259 6710886
1.3913981 0.23508313 -0.048790839 6710886
1.3916427 0.22625184 -0.048799418 6710886
1.3918875 0.21741746 -0.048808001 6710886
1.3921323 0.20857996 -0.048816584 6710886
1.3923771 0.19973934 -0.048825171 6710886
1.3926222 0.19089563 -0.048833765 6710886
1.3928673 0.1820488 -0.048842359 6710886
1.3931123 0.17319882 -0.04885095 6710886
1.3933576 0.16434577 -0.048859552 6710886
1.393603 0.15548958 -0.048868157 6710886
1.3938484 0.14663029 -0.048876762 6710886
1.3940939 0.13776787 -0.048885368 6710886
1.3943396 0.12890232 -0.048893984 6710886
1.3945853 0.12003365 -0.048902601 6710886
1.3948311 0.11116187 -0.048911221 6710886
1.3950768 0.10228693 -0.048919834 6710886
1.3953228 0.093408883 -0.048928462 6710886
1.3955688 0.084527701 -0.04893709 6710886
1.395815 0.07564339 -0.048945721 6710886
1.3960611 0.066755936 -0.048954353 6710886
1.3963075 0.057865355 -0.048962992 6710886
1.3965539 0.048971631 -0.048971631 6710886
1.3968003 0.040074769 -0.048980273 6710886
1.3970468 0.031174766 -0.048988916 6710886
1.3972934 0.02227162 -0.048997566 6710886
1.3975402 0.013365332 -0.04900622 6710886
1.397787 0.0044558975 -0.04901487 6710886
1.3980339 -0.0044566845 -0.049023528 6710886
1.3982809 -0.013372416 -0.049032189 6710886
1.398528 -0.022291299 -0.049040858 6710886
1.3987751 -0.031213332 -0.049049523 6710886
1.3990223 -0.04013852 -0.049058191 6710886
1.3992697 -0.049066864 -0.049066864 6710886
1.3995172 -0.05799837 -0.049075544 6710886
1.3997647 -0.066933028 -0.04908422 6710886
1.4000123 -0.075870849 -0.049092904 6710886
1.40026 -0.084811836 -0.049101591 6710886
1.4005078 -0.09375599 -0.049110282 6710886
1.4007555 -0.1027033 -0.049118966 6710886
1.4010035 -0.11165377 -0.049127661 6710886
1.4012516 -0.12060743 -0.049136359 6710886
1.4014997 -0.12956426 -0.049145065 6710886
1.4017478 -0.13852425 -0.049153764 6710886
1.4019963 -0.14748742 -0.049162474 6710886
1.4022447 -0.15645377 -0.049171187 6710886
1.4024931 -0.16542329 -0.049179897 6710886
1.4027417 -0.17439599 -0.049188614 6710886
1.4029903 -0.18337189 -0.049197335 6710886
1.403239 -0.19235094 -0.049206052 6710886
1.4034878 -0.20133318 -0.049214777 6710886
1.4037367 -0.21031861 -0.049223505 6710886
1.4039857 -0.21930724 -0.049232237 6710886
1.4042348 -0.22829905 -0.049240969 6710886
1.4044839 -0.23729405 -0.049249709 6710886
1.4047332 -0.24629223 -0.049258448 6710886
1.4049826 -0.25529364 -0.049267191 6710886
1.405232 -0.2642982 -0.049275938 6710886
1.4054816 -0.27330601 -0.049284693 6710886
1.4057312 -0.28231701 -0.049293444 6710886
1.4059808 -0.29133117 -0.049302198 6710886
1.4062306 -0.30034855 -0.049310956 6710886
1.4064806 -0.30936915 -0.049319722 6710886
1.4067304 -0.31839293 -0.049328484 6710886
1.4069805 -0.32741997 -0.049337253 6710886
1.4072307 -0.33645019 -0.049346026 6710886
1.4074808 -0.34548357 -0.049354799 6710886
1.4077313 -0.35452026 -0.04936358 6710886
1.4079818 -0.36356011 -0.049372364 6710886
1.4082321 -0.37260315 -0.049381141 6710886
1.4084828 -0.38164946 -0.049389932 6710886
1.4087335 -0.390699 -0.049398724 6710886
1.4089842 -0.39975169 -0.049407516 6710886
1.4092351 -0.40880769 -0.049416315 6710886
1.4094862 -0.41786689 -0.049425118 6710886
1.4097371 -0.42692927 -0.049433917 6710886
1.4099883 -0.43599492 -0.049442723 6710886
1.4102397 -0.44506386 -0.049451541 6710886
1.410491 -0.45413595 -0.049460351 6710886
1.4094476 -0.46278614 -0.049423762 6710886
1.3846732 -0.46347979 -0.048555024 6710886
1.3607287 -0.46414056 -0.047715385 6710886
1.3375511 -0.46476251 -0.046902638 6710886
1.3151816 -0.46537486 -0.04611823 6710886
1.2980599 -0.46759233 -0.045517839 6710886
1.2983603 -0.47597843 -0.045528371 6710886
1.2986616 -0.48436868 -0.045538936 6710886
1.298963 -0.4927628 -0.045549504 6710886
1.2992644 -0.5011608 -0.045560077 6710886
1.299566 -0.50956273 -0.045570653 6710886
1.3703882 0.99166197 -0.056791212 6710886
1.3706254 0.98309499 -0.056801043 6710886
1.3708627 0.97452509 -0.056810878 6710886
1.3711003 0.96595234 -0.056820724 6710886
1.3713378 0.95737648 -0.056830566 6710886
1.3715755 0.94879776 -0.056840416 6710886
1.3718132 0.940216 -0.056850269 6710886
1.372051 0.93163127 -0.056860123 6710886
1.3722888 0.92304355 -0.05686998 6710886
1.3725269 0.91445291 -0.056879845 6710886
1.3727649 0.90585923 -0.056889713 6710886
1.3730031 0.89726263 -0.056899581 6710886
1.3732412 0.88866293 -0.056909449 6710886
1.3734796 0.88006037 -0.056919329 6710886
1.373718 0.87145483 -0.056929208 6710886
1.3739564 0.8628462 -0.056939088 6710886
1.374195 0.85423464 -0.056948975 6710886
1.3744336 0.8456201 -0.056958865 6710886
1.3746724 0.83700258 -0.05696876 6710886
1.3749111 0.8283819 -0.05697865 6710886
1.37515 0.81975836 -0.056988552 6710886
1.375389 0.81113189 -0.056998454 6710886
1.3756281 0.80250239 -0.057008367 6710886
1.3758671 0.79386979 -0.057018273 6710886
1.3761064 0.78523427 -0.057028186 6710886
1.3763456 0.77659571 -0.057038102 6710886
1.3765851 0.76795417 -0.057048026 6710886
1.3768245 0.75930959 -0.057057947 6710886
1.377064 0.75066197 -0.057067871 6710886
1.3773037 0.74201149 -0.057077806 6710886
1.3775434 0.73335791 -0.057087742 6710886
1.3777832 0.72470129 -0.057097677 6710886
1.378023 0.71604162 -0.057107616 6710886
1.3782631 0.7073791 -0.057117566 6710886
1.3785031 0.69871336 -0.057127509 6710886
1.3787432 0.6900447 -0.05713746 6710886
1.3789835 0.68137306 -0.057147417 6710886
1.3792238 0.67269838 -0.057157379 6710886
1.379464 0.66402054 -0.057167333 6710886
1.3797046 0.65533984 -0.057177301 6710886
1.3799452 0.6466561 -0.05718727 6710886
1.3801858 0.63796926 -0.057197247 6710886
1.3804265 0.62927943 -0.057207219 6710886
1.3806673 0.62058657 -0.057217199 6710886
1.3809083 0.61189067 -0.057227183 6710886
1.3811492 0.60319167 -0.057237167 6710886
1.3813902 0.59448969 -0.057247158 6710886
1.3816314 0.58578467 -0.057257153 6710886
1.3818727 0.57707667 -0.057267152 6710886
1.3821139 0.56836557 -0.05727715 6710886
1.3823553 0.55965143 -0.057287153 6710886
1.3825969 0.55093426 -0.057297163 6710886
1.3828384 0.54221398 -0.057307173 6710886
1.38308 0.53349072 -0.057317186 6710886
1.3833218 0.52476442 -0.057327203 6710886
1.3835636 0.51603502 -0.057337228 6710886
1.3838055 0.50730258 -0.057347253 6710886
1.3840474 0.49856707 -0.057357274 6710886
1.3842895 0.48982856 -0.05736731 6710886
1.3845316 0.48108694 -0.057377342 6710886
1.3847739 0.47234228 -0.057387382 6710886
1.3850162 0.46359459 -0.057397425 6710886
1.3852586 0.45484379 -0.057407469 6710886
1.3855011 0.44608998 -0.057417519 6710886
1.3857436 0.43733302 -0.05742757 6710886
1.3859863 0.42857307 -0.057437629 6710886
1.3862292 0.41981006 -0.057447691 6710886
1.386472 0.41104394 -0.057457756 6710886
1.3867148 0.40227473 -0.057467818 6710886
1.3869579 0.39350247 -0.057477891 6710886
1.387201 0.38472715 -0.057487965 6710886
1.3874441 0.37594873 -0.057498042 6710886
1.3876873 0.36716723 -0.057508118 6710886
1.3879308 0.35838267 -0.057518207 6710886
1.3881742 0.34959504 -0.057528295 6710886
1.3884176 0.34080428 -0.057538383 6710886
1.3886613 0.33201048 -0.057548482 6710886
1.3889049 0.32321358 -0.057558581 6710886
1.3891487 0.31441358 -0.057568684 6710886
1.3893925 0.30561048 -0.057578783 6710886
1.3896365 0.29680431 -0.057588898 6710886
1.3898805 0.28799504 -0.057599012 6710886
1.3901247 0.2791827 -0.05760913 6710886
1.3903688 0.27036723 -0.057619248 6710886
1.3906131 0.26154867 -0.057629369 6710886
1.3908576 0.25272703 -0.057639502 6710886
1.391102 0.24390228 -0.057649627 6710886
1.3913465 0.23507442 -0.05765976 6710886
1.3915912 0.22624347 -0.057669904 6710886
1.3918359 0.2174094 -0.057680044 6710886
1.3920807 0.20857222 -0.057690188 6710886
1.3923255 0.19973193 -0.057700336 6710886
1.3925705 0.19088854 -0.057710487 6710886
1.3928156 0.18204203 -0.057720643 6710886
1.3930608 0.17319241 -0.057730805 6710886
1.3933059 0.16433966 -0.057740964 6710886
1.3935512 0.15548381 -0.05775113 6710886
1.3937967 0.14662485 -0.057761304 6710886
1.3940423 0.13776276 -0.057771478 6710886
1.3942877 0.12889753 -0.057781652 6710886
1.3945334 0.12002919 -0.057791833 6710886
1.3947792 0.11115773 -0.057802022 6710886
1.395025 0.10228314 -0.057812206 6710886
1.3952709 0.093405411 -0.057822399 6710886
1.395517 0.084524564 -0.057832595 6710886
1.395763 0.075640574 -0.057842791 6710886
1.3960093 0.066753462 -0.057852998 6710886
1.3962555 0.057863198 -0.057863198 6710886
1.3965019 0.048969809 -0.057873409 6710886
1.3967483 0.040073276 -0.057883624 6710886
1.3969948 0.031173605 -0.057893839 6710886
1.3972415 0.022270793 -0.057904061 6710886
1.3974881 0.013364834 -0.057914283 6710886
1.397735 0.0044557317 -0.057924513 6710886
1.3979818 -0.0044565182 -0.057934739 6710886
1.3982288 -0.013371917 -0.057944976 6710886
1.3984759 -0.022290468 -0.057955217 6710886
1.398723 -0.03121217 -0.057965457 6710886
1.3989702 -0.040137026 -0.057975702 6710886
1.3992176 -0.049065039 -0.057985954 6710886
1.399465 -0.057996206 -0.057996206 6710886
1.3997126 -0.06693054 -0.058006465 6710886
1.39996 -0.075868018 -0.058016721 6710886
1.4002078 -0.084808677 -0.058026988 6710886
1.4004555 -0.093752488 -0.058037255 6710886
1.4007034 -0.10269947 -0.058047529 6710886
1.4009513 -0.11164962 -0.0580578 6710886
1.4011992 -0.12060293 -0.058068074 6710886
1.4014474 -0.12955943 -0.058078364 6710886
1.4016956 -0.13851908 -0.058088649 6710886
1.4019438 -0.1474819 -0.058098935 6710886
1.4021922 -0.15644792 -0.058109228 6710886
1.4024407 -0.1654171 -0.058119524 6710886
1.4026892 -0.17438947 -0.058129825 6710886
1.4029379 -0.18336502 -0.058140129 6710886
1.4031864 -0.19234373 -0.058150429 6710886
1.4034353 -0.20132565 -0.058160745 6710886
1.4036843 -0.21031076 -0.05817106 6710886
1.4039332 -0.21929903 -0.058181375 6710886
1.4041823 -0.22829051 -0.058191702 6710886
1.4044315 -0.23728518 -0.058202025 6710886
1.4046806 -0.24628302 -0.058212351 6710886
1.40493 -0.25528407 -0.058222685 6710886
1.4051795 -0.26428834 -0.058233026 6710886
1.4054289 -0.27329576 -0.05824336 6710886
1.4056785 -0.28230643 -0.058253706 6710886
1.4059281 -0.29132026 -0.058264051 6710886
1.406178 -0.30033731 -0.058274403 6710886
1.4064279 -0.30935758 -0.05828476 6710886
1.4066777 -0.31838101 -0.058295116 6710886
1.4069278 -0.32740769 -0.05830548 6710886
1.4071779 -0.33643755 -0.058315843 6710886
1.4074281 -0.34547064 -0.058326215 6710886
1.4076785 -0.35450697 -0.058336589 6710886
1.4079289 -0.36354649 -0.058346968 6710886
1.4081793 -0.37258917 -0.058357343 6710886
1.40843 -0.38163516 -0.058367733 6710886
1.4086807 -0.39068434 -0.058378119 6710886
1.4089314 -0.39973673 -0.058388509 6710886
1.4091822 -0.40879232 -0.058398902 6710886
1.4094332 -0.41785121 -0.058409307 6710886
1.4096842 -0.42691323 -0.058419708 6710886
1.4099354 -0.43597856 -0.058430117 6710886
1.4101866 -0.44504711 -0.058440529 6710886
1.4104379 -0.45411888 -0.058450945 6710886
1.4096234 -0.46284387 -0.058417186 6710886
1.3848462 -0.46353769 -0.057390381 6710886
1.3608748 -0.46419039 -0.056396961 6710886
1.3377124 -0.46481854 -0.055437073 6710886
1.3153375 -0.46543002 -0.054509822 6710886
1.3067077 -0.47070748 -0.054152187 6710886
1.307012 -0.47915012 -0.054164797 6710886
1.3073174 -0.48759708 -0.054177452 6710886
1.3076227 -0.49604788 -0.054190107 6710886
1.3079282 -0.50450265 -0.054202765 6710886
1.3082339 -0.51296139 -0.054215435 7960953
1.3703381 0.99162573 -0.065525927 6710886
1.3705753 0.98305911 -0.065537274 6710886
1.3708127 0.97448951 -0.065548621 6710886
1.3710502 0.96591705 -0.065559983 6710886
1.3712877 0.95734149 -0.065571338 6710886
1.3715253 0.94876301 -0.0655827 6710886
1.371763 0.94018155 -0.065594062 6710886
1.3720008 0.93159717 -0.065605439 6710886
1.3722388 0.92300987 -0.065616816 6710886
1.3724767 0.91441947 -0.065628193 6710886
1.3727148 0.90582615 -0.065639578 6710886
1.3729528 0.89722979 -0.065650955 6710886
1.373191 0.88863045 -0.065662347 6710886
1.3734293 0.88002813 -0.065673739 6710886
1.3736677 0.87142289 -0.065685146 6710886
1.3739061 0.86281461 -0.065696545 6710886
1.3741447 0.85420334 -0.065707952 6710886
1.3743833 0.8455891 -0.065719359 6710886
1.374622 0.83697188 -0.065730773 6710886
1.3748608 0.82835162 -0.065742195 6710886
1.3750997 0.81972837 -0.065753616 6710886
1.3753386 0.81110215 -0.065765038 6710886
1.3755777 0.80247295 -0.065776475 6710886
1.3758168 0.79384077 -0.065787904 6710886
1.3760558 0.78520542 -0.065799333 6710886
1.3762952 0.77656722 -0.065810785 6710886
1.3765346 0.76792598 -0.065822229 6710886
1.376774 0.75928169 -0.065833673 6710886
1.3770136 0.75063449 -0.065845132 6710886
1.3772532 0.74198425 -0.065856591 6710886
1.3774929 0.73333097 -0.06586805 6710886
1.3777326 0.7246747 -0.065879516 6710886
1.3779725 0.7160154 -0.065890983 6710886
1.3782125 0.70735306 -0.065902457 6710886
1.3784525 0.69868779 -0.065913938 6710886
1.3786925 0.69001937 -0.065925412 6710886
1.3789328 0.68134803 -0.065936908 6710886
1.379173 0.67267358 -0.065948389 6710886
1.3794135 0.66399622 -0.065959893 6710886
1.3796538 0.65531576 -0.065971382 6710886
1.3798944 0.64663225 -0.065982886 6710886
1.3801351 0.63794583 -0.065994397 6710886
1.3803757 0.62925625 -0.066005901 6710886
1.3806165 0.62056375 -0.066017419 6710886
1.3808575 0.61186814 -0.066028938 6710886
1.3810984 0.6031695 -0.066040456 6710886
1.3813394 0.59446788 -0.066051982 6710886
1.3815806 0.58576316 -0.066063516 6710886
1.3818218 0.57705539 -0.066075049 6710886
1.3820632 0.56834465 -0.06608659 6710886
1.3823044 0.55963081 -0.066098131 6710886
1.3825458 0.55091393 -0.066109672 6710886
1.3827875 0.54219407 -0.066121228 6710886
1.3830291 0.53347111 -0.066132776 6710886
1.3832707 0.52474505 -0.066144332 6710886
1.3835126 0.51601601 -0.066155903 6710886
1.3837545 0.50728393 -0.066167466 6710886
1.3839964 0.49854872 -0.06617903 6710886
1.3842385 0.4898105 -0.066190608 6710886
1.3844806 0.48106921 -0.066202186 6710886
1.3847228 0.47232488 -0.066213772 6710886
1.3849651 0.46357745 -0.06622535 6710886
1.3852075 0.45482704 -0.066236943 6710886
1.38545 0.4460735 -0.066248544 6710886
1.3856926 0.43731692 -0.066260144 6710886
1.3859352 0.42855725 -0.066271737 6710886
1.3861779 0.41979453 -0.066283345 6710886
1.3864207 0.41102874 -0.066294961 6710886
1.3866637 0.40225989 -0.066306576 6710886
1.3869066 0.39348793 -0.066318192 6710886
1.3871497 0.38471293 -0.066329814 6710886
1.3873929 0.37593484 -0.066341445 6710886
1.3876361 0.36715367 -0.066353075 6710886
1.3878794 0.35836941 -0.066364706 6710886
1.3881228 0.34958211 -0.066376343 6710886
1.3883663 0.3407917 -0.066387989 6710886
1.3886099 0.3319982 -0.066399641 6710886
1.3888535 0.3232016 -0.066411287 6710886
1.3890973 0.31440195 -0.066422947 6710886
1.3893412 0.30559921 -0.066434607 6710886
1.389585 0.29679331 -0.066446267 6710886
1.3898292 0.2879844 -0.066457942 6710886
1.3900732 0.27917236 -0.06646961 6710886
1.3903174 0.27035725 -0.066481285 6710886
1.3905616 0.26153898 -0.06649296 6710886
1.390806 0.25271767 -0.06650465 6710886
1.3910505 0.24389325 -0.06651634 6710886
1.391295 0.23506571 -0.06652803 6710886
1.3915396 0.22623508 -0.066539727 6710886
1.3917843 0.21740134 -0.066551432 6710886
1.392029 0.20856449 -0.066563129 6710886
1.392274 0.19972454 -0.066574849 6710886
1.3925189 0.19088146 -0.066586554 6710886
1.392764 0.18203528 -0.066598274 6710886
1.3930091 0.17318599 -0.066609994 6710886
1.3932543 0.16433358 -0.066621721 6710886
1.3934995 0.15547805 -0.066633448 6710886
1.3937449 0.14661939 -0.066645183 6710886
1.3939904 0.13775763 -0.066656917 6710886
1.3942361 0.12889276 -0.066668667 6710886
1.3944815 0.12002473 -0.066680402 6710886
1.3947273 0.1111536 -0.066692159 6710886
1.3949732 0.10227934 -0.066703916 6710886
1.395219 0.093401931 -0.066715665 6710886
1.395465 0.084521413 -0.06672743 6710886
1.3957112 0.075637765 -0.066739202 6710886
1.3959574 0.066750973 -0.066750973 6710886
1.3962035 0.057861045 -0.066762745 6710886
1.3964499 0.048967987 -0.066774525 6710886
1.3966963 0.040071785 -0.066786312 6710886
1.3969429 0.031172445 -0.066798098 6710886
1.3971894 0.022269962 -0.066809885 6710886
1.3974361 0.013364337 -0.066821687 6710886
1.3976829 0.0044555655 -0.066833489 6710886
1.3979298 -0.0044563529 -0.06684529 6710886
1.3981767 -0.013371419 -0.0668571 6710886
1.3984238 -0.022289637 -0.066868916 6710886
1.3986709 -0.031211007 -0.066880733 6710886
1.3989182 -0.040135533 -0.066892549 6710886
1.3991654 -0.049063206 -0.066904373 6710886
1.3994129 -0.057994045 -0.066916205 6710886
1.3996603 -0.066928044 -0.066928044 6710886
1.3999079 -0.075865202 -0.066939883 6710886
1.4001555 -0.084805511 -0.066951722 6710886
1.4004033 -0.093748994 -0.066963568 6710886
1.4006511 -0.10269564 -0.066975415 6710886
1.4008991 -0.11164545 -0.066987276 6710886
1.401147 -0.12059844 -0.06699913 6710886
1.4013951 -0.12955458 -0.067010991 6710886
1.4016433 -0.13851391 -0.06702286 6710886
1.4018916 -0.14747642 -0.067034736 6710886
1.4021399 -0.15644208 -0.067046605 6710886
1.4023882 -0.16541092 -0.067058481 6710886
1.4026368 -0.17438295 -0.067070365 6710886
1.4028854 -0.18335816 -0.067082256 6710886
1.403134 -0.19233654 -0.06709414 6710886
1.4033829 -0.20131813 -0.067106046 6710886
1.4036318 -0.2103029 -0.067117944 6710886
1.4038807 -0.21929084 -0.06712985 6710886
1.4041297 -0.22828197 -0.067141756 6710886
1.4043789 -0.2372763 -0.06715367 6710886
1.404628 -0.2462738 -0.067165583 6710886
1.4048774 -0.25527453 -0.067177512 6710886
1.4051268 -0.26427844 -0.067189433 6710886
1.4053763 -0.27328554 -0.067201361 6710886
1.4056259 -0.28229585 -0.067213297 6710886
1.4058756 -0.29130936 -0.06722524 6710886
1.4061253 -0.30032608 -0.067237176 6710886
1.4063752 -0.30934599 -0.067249127 6710886
1.4066252 -0.31836912 -0.067261077 6710886
1.406875 -0.32739541 -0.067273028 6710886
1.4071252 -0.33642498 -0.067284994 6710886
1.4073755 -0.3454577 -0.067296959 6710886
1.4076257 -0.35449365 -0.067308925 6710886
1.4078761 -0.36353284 -0.067320898 6710886
1.4081265 -0.37257522 -0.067332871 6710886
1.4083771 -0.38162082 -0.067344852 6710886
1.4086277 -0.39066967 -0.06735684 6710886
1.4088784 -0.39972171 -0.067368828 6710886
1.4091293 -0.40877697 -0.067380823 6710886
1.4093803 -0.4178355 -0.067392826 6710886
1.4096313 -0.42689723 -0.067404822 6710886
1.4098824 -0.4359622 -0.067416832 6710886
1.4101337 -0.44503042 -0.06742885 6710886
1.410385 -0.45410183 -0.067440867 6710886
1.4097993 -0.46290165 -0.067412861 6710886
1.3850191 -0.46359554 -0.066227935 6710886
1.3610394 -0.46424654 -0.065081291 6710886
1.3378739 -0.46487468 -0.063973576 6710886
1.3154936 -0.46548524 -0.062903412 6710886
1.3154713 -0.47386432 -0.062902346 6710886
1.3157797 -0.48236436 -0.062917091 6710886
1.3160892 -0.49086875 -0.062931888 6710886
1.3163986 -0.49937704 -0.062946685 6710886
1.3167083 -0.50788939 -0.062961496 6710886
1.370288 0.99158949 -0.074260004 6710886
1.3705254 0.98302323 -0.074272871 6710886
1.3707626 0.97445393 -0.074285723 6710886
1.3710001 0.96588171 -0.07429859 6710886
1.3712376 0.95730656 -0.074311465 6710886
1.3714753 0.9487285 -0.074324347 6710886
1.3717129 0.94014728 -0.074337229 6710886
1.3719507 0.9315632 -0.074350111 6710886
1.3721886 0.92297608 -0.074363001 6710886
1.3724265 0.91438603 -0.074375898 6710886
1.3726645 0.90579295 -0.074388795 6710886
1.3729026 0.89719695 -0.074401699 6710886
1.3731408 0.88859797 -0.074414611 6710886
1.373379 0.87999594 -0.074427515 6710886
1.3736174 0.871391 -0.074440435 6710886
1.3738559 0.86278307 -0.074453361 6710886
1.3740945 0.85417217 -0.074466288 6710886
1.3743329 0.84555811 -0.074479207 6710886
1.3745717 0.83694124 -0.074492149 6710886
1.3748105 0.82832128 -0.074505091 6710886
1.3750494 0.81969839 -0.07451804 6710886
1.3752881 0.81107241 -0.074530974 6710886
1.3755273 0.80244356 -0.074543938 6710886
1.3757664 0.79381168 -0.074556895 6710886
1.3760054 0.78517663 -0.074569851 6710886
1.3762448 0.77653879 -0.074582823 6710886
1.3764842 0.76789784 -0.074595794 6710886
1.3767235 0.75925392 -0.074608766 6710886
1.376963 0.75060695 -0.074621744 6710886
1.3772026 0.74195701 -0.074634731 6710886
1.3774424 0.73330408 -0.074647725 6710886
1.3776821 0.72464812 -0.074660711 6710886
1.3779219 0.71598911 -0.074673712 6710886
1.3781619 0.70732713 -0.074686714 6710886
1.3784019 0.6986621 -0.074699722 6710886
1.3786421 0.6899941 -0.074712738 6710886
1.3788822 0.68132299 -0.074725747 6710886
1.3791224 0.67264891 -0.074738763 6710886
1.3793628 0.66397184 -0.074751794 6710886
1.3796031 0.65529168 -0.074764818 6710886
1.3798437 0.64660853 -0.074777856 6710886
1.3800843 0.63792235 -0.074790895 6710886
1.3803251 0.62923318 -0.074803941 6710886
1.3805658 0.62054092 -0.074816987 6710886
1.3808067 0.61184567 -0.07483004 6710886
1.3810476 0.60314733 -0.074843101 6710886
1.3812886 0.594446 -0.074856162 6710886
1.3815297 0.58574158 -0.074869223 6710886
1.3817708 0.57703418 -0.074882291 6710886
1.3820122 0.56832373 -0.074895374 6710886
1.3822536 0.55961025 -0.074908458 6710886
1.3824949 0.55089366 -0.074921533 6710886
1.3827366 0.5421741 -0.074934632 6710886
1.3829782 0.53345144 -0.074947722 6710886
1.3832197 0.52472568 -0.074960813 6710886
1.3834616 0.51599699 -0.074973918 6710886
1.3837035 0.50726521 -0.074987032 6710886
1.3839455 0.49853036 -0.075000145 6710886
1.3841873 0.48979241 -0.07501325 6710886
1.3844296 0.48105147 -0.075026378 6710886
1.3846718 0.47230747 -0.075039506 6710886
1.384914 0.46356037 -0.075052634 6710886
1.3851564 0.45481023 -0.075065769 6710886
1.3853989 0.44605705 -0.075078905 6710886
1.3856415 0.4373008 -0.075092055 6710886
1.3858839 0.42854139 -0.075105198 6710886
1.3861268 0.41977903 -0.075118355 6710886
1.3863696 0.41101357 -0.075131513 6710886
1.3866124 0.40224501 -0.075144671 6710886
1.3868554 0.39347339 -0.075157844 6710886
1.3870984 0.38469872 -0.075171016 6710886
1.3873416 0.37592095 -0.075184189 6710886
1.3875848 0.36714011 -0.075197369 6710886
1.3878281 0.35835618 -0.075210556 6710886
1.3880715 0.34956917 -0.075223751 6710886
1.388315 0.34077907 -0.075236939 6710886
1.3885586 0.33198592 -0.075250141 6710886
1.3888022 0.32318965 -0.075263344 6710886
1.389046 0.3143903 -0.075276554 6710886
1.3892899 0.30558789 -0.075289771 6710886
1.3895338 0.29678237 -0.075302988 6710886
1.3897777 0.28797373 -0.075316206 6710886
1.3900218 0.27916205 -0.075329438 6710886
1.3902659 0.27034724 -0.07534267 6710886
1.3905102 0.26152933 -0.07535591 6710886
1.3907545 0.25270832 -0.075369142 6710886
1.390999 0.24388422 -0.075382397 6710886
1.3912435 0.23505701 -0.075395644 6710886
1.3914881 0.2262267 -0.075408898 6710886
1.3917327 0.21739328 -0.07542216 6710886
1.3919774 0.20855676 -0.075435422 6710886
1.3922223 0.19971712 -0.075448692 6710886
1.3924673 0.19087438 -0.075461969 6710886
1.3927122 0.18202852 -0.075475238 6710886
1.3929573 0.17317955 -0.075488523 6710886
1.3932025 0.16432747 -0.075501814 6710886
1.3934478 0.15547226 -0.075515099 6710886
1.3936932 0.14661396 -0.075528406 6710886
1.3939387 0.13775252 -0.075541705 6710886
1.3941842 0.12888797 -0.075555012 6710886
1.3944298 0.12002028 -0.075568318 6710886
1.3946755 0.11114947 -0.075581633 6710886
1.3949214 0.10227554 -0.075594962 6710886
1.3951672 0.093398467 -0.075608283 6710886
1.3954132 0.084518276 -0.075621612 6710886
1.3956592 0.075634949 -0.075634949 6710886
1.3959055 0.066748492 -0.075648293 6710886
1.3961517 0.057858896 -0.075661637 6710886
1.3963979 0.048966166 -0.075674981 6710886
1.3966444 0.040070295 -0.075688332 6710886
1.3968909 0.031171286 -0.075701691 6710886
1.3971375 0.022269135 -0.075715058 6710886
1.397384 0.013363839 -0.075728424 6710886
1.3976309 0.0044554002 -0.075741798 6710886
1.3978778 -0.0044561871 -0.075755179 6710886
1.3981247 -0.013370922 -0.07576856 6710886
1.3983717 -0.022288807 -0.075781941 6710886
1.3986188 -0.031209845 -0.075795338 6710886
1.3988661 -0.040134035 -0.075808734 6710886
1.3991134 -0.049061384 -0.075822137 6710886
1.3993607 -0.057991885 -0.075835541 6710886
1.3996081 -0.066925548 -0.075848952 6710886
1.3998557 -0.07586237 -0.07586237 6710886
1.4001033 -0.084802352 -0.075875789 6710886
1.400351 -0.0937455 -0.075889215 6710886
1.4005989 -0.10269181 -0.075902641 6710886
1.4008467 -0.11164129 -0.075916074 6710886
1.4010947 -0.12059393 -0.075929508 6710886
1.4013427 -0.12954974 -0.075942956 6710886
1.4015909 -0.13850874 -0.075956404 6710886
1.4018391 -0.14747089 -0.075969853 6710886
1.4020875 -0.15643623 -0.075983316 6710886
1.4023359 -0.16540475 -0.075996779 6710886
1.4025843 -0.17437643 -0.076010242 6710886
1.402833 -0.18335131 -0.076023713 6710886
1.4030817 -0.19232936 -0.076037191 6710886
1.4033304 -0.2013106 -0.076050676 6710886
1.4035792 -0.21029502 -0.076064155 6710886
1.4038281 -0.21928263 -0.076077648 6710886
1.4040772 -0.22827342 -0.076091141 6710886
1.4043263 -0.23726742 -0.076104641 6710886
1.4045755 -0.24626459 -0.076118149 6710886
1.4048249 -0.25526497 -0.076131657 6710886
1.4050742 -0.26426855 -0.076145172 6710886
1.4053236 -0.27327529 -0.076158687 6710886
1.4055732 -0.28228527 -0.076172218 6710886
1.4058229 -0.29129845 -0.076185748 6710886
1.4060726 -0.30031481 -0.076199278 6710886
1.4063225 -0.3093344 -0.076212823 6710886
1.4065723 -0.31835717 -0.076226361 6710886
1.4068223 -0.32738313 -0.076239906 6710886
1.4070724 -0.33641234 -0.076253466 6710886
1.4073226 -0.34544474 -0.076267026 6710886
1.4075729 -0.35448036 -0.076280586 6710886
1.4078233 -0.36351922 -0.076294154 6710886
1.4080738 -0.37256128 -0.076307729 6710886
1.4083242 -0.38160652 -0.076321304 6710886
1.4085749 -0.39065501 -0.076334886 6710886
1.4088256 -0.39970672 -0.076348476 6710886
1.4090765 -0.40876165 -0.076362066 6710886
1.4093274 -0.41781983 -0.076375663 6710886
1.4095783 -0.42688119 -0.076389268 6710886
1.4098295 -0.43594584 -0.07640288 6710886
1.4100807 -0.44501367 -0.076416492 6710886
1.410332 -0.45408475 -0.076430105 6710886
1.4099752 -0.46295938 -0.07641077 6710886
1.385192 -0.46365345 -0.075067699 6710886
1.3611959 -0.46429992 -0.073767275 6710886
1.3380353 -0.46493077 -0.072512135 6710886
1.3240415 -0.46850988 -0.07175377 6710886
1.3243535 -0.47706389 -0.071770675 6710886
1.3246659 -0.48562205 -0.071787611 6710886
1.3249794 -0.49418458 -0.071804598 6710886
1.3252932 -0.50275123 -0.0718216 6710886
1.3256071 -0.5113219 -0.07183861 6710886
1.3702381 0.99155337 -0.082993455 6710886
1.3704753 0.98298734 -0.08300782 6710886
1.3707126 0.9744184 -0.083022192 6710886
1.37095 0.96584642 -0.083036572 6710886
1.3711876 0.95727164 -0.083050959 6710886
1.3714252 0.94869375 -0.083065353 6710886
1.3716627 0.94011289 -0.08307974 6710886
1.3719006 0.9315291 -0.08309415 6710886
1.3721384 0.92294234 -0.083108552 6710886
1.3723764 0.91435266 -0.083122969 6710886
1.3726143 0.90575981 -0.083137378 6710886
1.3728524 0.89716417 -0.083151802 6710886
1.3730906 0.88856548 -0.083166227 6710886
1.3733289 0.87996382 -0.083180659 6710886
1.3735671 0.87135905 -0.08319509 6710886
1.3738056 0.86275148 -0.083209537 6710886
1.3740442 0.85414088 -0.083223984 6710886
1.3742827 0.84552723 -0.08323843 6710886
1.3745214 0.83691061 -0.083252884 6710886
1.3747602 0.828291 -0.083267346 6710886
1.3749989 0.81966835 -0.083281808 6710886
1.3752378 0.81104273 -0.083296277 6710886
1.3754768 0.80241412 -0.083310761 6710886
1.375716 0.79378253 -0.083325244 6710886
1.3759551 0.78514791 -0.083339728 6710886
1.3761942 0.77651024 -0.083354212 6710886
1.3764336 0.76786965 -0.083368704 6710886
1.3766731 0.75922608 -0.08338321 6710886
1.3769126 0.75057948 -0.083397716 6710886
1.3771521 0.74192977 -0.083412223 6710886
1.3773918 0.7332772 -0.083426744 6710886
1.3776315 0.72462153 -0.083441265 6710886
1.3778713 0.71596277 -0.083455786 6710886
1.3781112 0.70730114 -0.083470322 6710886
1.3783513 0.69863647 -0.083484858 6710886
1.3785914 0.68996876 -0.083499402 6710886
1.3788315 0.68129796 -0.083513945 6710886
1.3790717 0.67262417 -0.083528496 6710886
1.3793122 0.66394746 -0.083543055 6710886
1.3795526 0.65526766 -0.083557621 6710886
1.3797929 0.64658475 -0.083572179 6710886
1.3800336 0.63789892 -0.083586752 6710886
1.3802743 0.62921005 -0.083601333 6710886
1.3805151 0.62051815 -0.083615914 6710886
1.3807558 0.61182308 -0.083630495 6710886
1.3809968 0.60312515 -0.083645098 6710886
1.3812379 0.59442413 -0.083659694 6710886
1.3814788 0.58572 -0.083674289 6710886
1.3817201 0.57701296 -0.0836889 6710886
1.3819613 0.56830281 -0.083703518 6710886
1.3822027 0.55958962 -0.083718136 6710886
1.382444 0.55087334 -0.083732747 6710886
1.3826855 0.54215407 -0.083747379 6710886
1.3829272 0.53343177 -0.083762012 6710886
1.3831689 0.52470642 -0.08377666 6710886
1.3834106 0.51597798 -0.083791293 6710886
1.3836524 0.50724649 -0.083805941 6710886
1.3838944 0.498512 -0.083820596 6710886
1.3841364 0.48977441 -0.083835259 6710886
1.3843784 0.48103371 -0.083849914 6710886
1.3846207 0.47229004 -0.083864585 6710886
1.384863 0.4635433 -0.083879262 6710886
1.3851053 0.45479345 -0.08389394 6710886
1.3853477 0.44604057 -0.083908625 6710886
1.3855903 0.43728465 -0.083923317 6710886
1.3858329 0.42852563 -0.08393801 6710886
1.3860755 0.41976351 -0.083952703 6710886
1.3863183 0.41099837 -0.08396741 6710886
1.3865613 0.40223017 -0.083982125 6710886
1.3868042 0.39345887 -0.08399684 6710886
1.3870472 0.3846845 -0.084011555 6710886
1.3872904 0.37590706 -0.084026285 6710886
1.3875335 0.36712655 -0.084041014 6710886
1.3877769 0.35834295 -0.084055752 6710886
1.3880202 0.34955624 -0.084070489 6710886
1.3882637 0.34076649 -0.084085241 6710886
1.3885072 0.33197364 -0.084099993 6710886
1.3887509 0.32317773 -0.084114753 6710886
1.3889946 0.31437868 -0.084129505 6710886
1.3892384 0.30557656 -0.084144272 6710886
1.3894823 0.29677138 -0.084159046 6710886
1.3897263 0.28796309 -0.084173828 6710886
1.3899703 0.27915171 -0.084188603 6710886
1.3902144 0.27033722 -0.084203392 6710886
1.3904587 0.26151964 -0.084218189 6710886
1.3907031 0.25269896 -0.084232993 6710886
1.3909473 0.24387516 -0.084247783 6710886
1.3911918 0.23504828 -0.084262595 6710886
1.3914365 0.22621831 -0.084277406 6710886
1.3916811 0.21738522 -0.084292226 6710886
1.3919258 0.20854902 -0.084307052 6710886
1.3921707 0.19970971 -0.084321879 6710886
1.3924156 0.1908673 -0.08433672 6710886
1.3926606 0.18202178 -0.084351555 6710886
1.3929057 0.17317314 -0.084366404 6710886
1.3931509 0.16432139 -0.084381253 6710886
1.3933961 0.15546651 -0.084396102 6710886
1.3936415 0.14660852 -0.084410965 6710886
1.3938869 0.13774741 -0.084425829 6710886
1.3941325 0.12888318 -0.084440708 6710886
1.3943781 0.12001582 -0.08445558 6710886
1.3946238 0.11114534 -0.084470458 6710886
1.3948696 0.10227174 -0.084485345 6710886
1.3951154 0.093394995 -0.084500238 6710886
1.3953614 0.084515139 -0.084515139 6710886
1.3956074 0.07563214 -0.084530033 6710886
1.3958535 0.066746011 -0.084544942 6710886
1.3960998 0.057856746 -0.084559865 6710886
1.3963461 0.048964348 -0.084574781 6710886
1.3965924 0.040068805 -0.084589697 6710886
1.3968389 0.031170126 -0.084604628 6710886
1.3970855 0.022268306 -0.084619567 6710886
1.3973322 0.013363343 -0.084634505 6710886
1.3975788 0.0044552339 -0.084649444 6710886
1.3978257 -0.0044560209 -0.084664397 6710886
1.3980726 -0.013370424 -0.08467935 6710886
1.3983197 -0.022287978 -0.084694318 6710886
1.3985667 -0.031208683 -0.084709279 6710886
1.3988138 -0.040132537 -0.084724247 6710886
1.3990612 -0.049059555 -0.084739231 6710886
1.3993084 -0.05798972 -0.084754206 6710886
1.3995559 -0.066923045 -0.084769197 6710886
1.3998035 -0.075859539 -0.084784187 6710886
1.4000511 -0.084799185 -0.084799185 6710886
1.4002987 -0.093741991 -0.084814183 6710886
1.4005466 -0.10268797 -0.084829196 6710886
1.4007945 -0.11163712 -0.084844217 6710886
1.4010425 -0.12058944 -0.08485923 6710886
1.4012904 -0.12954491 -0.08487425 6710886
1.4015386 -0.13850357 -0.084889285 6710886
1.4017868 -0.14746539 -0.084904313 6710886
1.4020351 -0.15643039 -0.084919356 6710886
1.4022835 -0.16539857 -0.084934406 6710886
1.402532 -0.17436993 -0.084949449 6710886
1.4027805 -0.18334445 -0.084964506 6710886
1.4030292 -0.19232218 -0.084979564 6710886
1.4032779 -0.20130306 -0.084994629 6710886
1.4035268 -0.21028717 -0.085009702 6710886
1.4037758 -0.21927445 -0.085024789 6710886
1.4040247 -0.2282649 -0.085039862 6710886
1.4042739 -0.23725855 -0.085054956 6710886
1.404523 -0.2462554 -0.085070044 6710886
1.4047723 -0.25525543 -0.085085139 6710886
1.4050217 -0.26425865 -0.085100248 6710886
1.4052711 -0.27326506 -0.085115351 6710886
1.4055206 -0.28227469 -0.085130461 6710886
1.4057703 -0.29128754 -0.085145593 6710886
1.4060199 -0.30030355 -0.08516071 6710886
1.4062698 -0.3093228 -0.085175842 6710886
1.4065197 -0.31834522 -0.085190974 6710886
1.4067696 -0.32737088 -0.085206121 6710886
1.4070197 -0.33639973 -0.085221268 6710886
1.40727 -0.3454318 -0.085236423 6710886
1.4075201 -0.35446706 -0.08525157 6710886
1.4077705 -0.36350557 -0.085266739 6710886
1.408021 -0.3725473 -0.085281909 6710886
1.4082714 -0.38159221 -0.085297078 6710886
1.408522 -0.39064035 -0.085312255 6710886
1.4087728 -0.39969173 -0.085327446 6710886
1.4090235 -0.4087463 -0.085342631 6710886
1.4092745 -0.41780412 -0.08535783 6710886
1.4095254 -0.42686516 -0.085373029 6710886
1.4097766 -0.43592945 -0.085388243 6710886
1.4100277 -0.44499695 -0.085403457 6710886
1.4102792 -0.45406774 -0.085418686 6710886
1.4101514 -0.46301723 -0.085410945 6710886
1.3853651 -0.46371138 -0.083909675 6710886
1.3613631 -0.46435693 -0.082455903 6710886
1.3381969 -0.46498689 -0.081052758 6710886
1.3330401 -0.47169405 -0.080740422 6710886
1.3333561 -0.48030689 -0.080759563 6710886
1.3336729 -0.488924 -0.080778748 6710886
1.3339907 -0.49754557 -0.080798 6710886
1.3343087 -0.50617129 -0.08081726 6710886
1.3346268 -0.51480103 -0.080836527 9211020
1.3699508 1.0000798 -0.091710374 6710886
1.370188 0.99151713 -0.091726251 6710886
1.3704252 0.9829514 -0.091742136 6710886
1.3706626 0.97438282 -0.09175802 6710886
1.3708999 0.96581119 -0.091773912 6710886
1.3711375 0.95723665 -0.091789819 6710886
1.3713751 0.94865912 -0.091805719 6710886
1.3716128 0.94007862 -0.091821633 6710886
1.3718504 0.93149501 -0.09183754 6710886
1.3720883 0.92290866 -0.09185347 6710886
1.3723263 0.91431922 -0.091869399 6710886
1.3725642 0.90572679 -0.091885328 6710886
1.3728023 0.89713138 -0.091901265 6710886
1.3730404 0.888533 -0.091917209 6710886
1.3732786 0.87993157 -0.091933154 6710886
1.3735169 0.87132722 -0.091949105 6710886
1.3737553 0.86271989 -0.091965064 6710886
1.3739939 0.85410959 -0.091981031 6710886
1.3742324 0.84549624 -0.091997005 6710886
1.3744709 0.83687991 -0.092012972 6710886
1.3747097 0.8282606 -0.092028953 6710886
1.3749486 0.81963837 -0.09204495 6710886
1.3751875 0.81101304 -0.092060938 6710886
1.3754264 0.80238473 -0.092076935 6710886
1.3756655 0.79375345 -0.092092946 6710886
1.3759047 0.78511918 -0.09210895 6710886
1.3761439 0.77648187 -0.092124969 6710886
1.3763832 0.76784152 -0.092140988 6710886
1.3766226 0.75919825 -0.092157006 6710886
1.376862 0.75055194 -0.09217304 6710886
1.3771015 0.74190253 -0.092189074 6710886
1.3773413 0.73325026 -0.092205122 6710886
1.377581 0.72459495 -0.092221171 6710886
1.3778208 0.7159366 -0.092237227 6710886
1.3780607 0.70727521 -0.092253283 6710886
1.3783007 0.69861078 -0.092269346 6710886
1.3785408 0.68994337 -0.092285424 6710886
1.378781 0.68127298 -0.092301503 6710886
1.379021 0.67259949 -0.092317574 6710886
1.3792614 0.66392303 -0.092333667 6710886
1.3795018 0.65524352 -0.09234976 6710886
1.3797424 0.64656103 -0.092365861 6710886
1.3799828 0.63787544 -0.092381962 6710886
1.3802235 0.62918687 -0.09239807 6710886
1.3804643 0.62049532 -0.092414193 6710886
1.380705 0.61180061 -0.092430308 6710886
1.3809459 0.60310292 -0.092446432 6710886
1.381187 0.59440225 -0.092462569 6710886
1.3814281 0.58569854 -0.092478715 6710886
1.3816692 0.57699168 -0.092494853 6710886
1.3819104 0.56828189 -0.092511006 6710886
1.3821518 0.55956906 -0.092527166 6710886
1.3823932 0.55085313 -0.092543326 6710886
1.3826346 0.54213411 -0.092559487 6710886
1.3828763 0.53341216 -0.092575662 6710886
1.3831179 0.52468705 -0.092591837 6710886
1.3833597 0.51595896 -0.09260802 6710886
1.3836014 0.50722778 -0.092624202 6710886
1.3838434 0.49849361 -0.092640407 6710886
1.3840854 0.48975635 -0.092656605 6710886
1.3843274 0.48101598 -0.092672803 6710886
1.3845696 0.47227263 -0.092689022 6710886
1.3848119 0.46352619 -0.092705235 6710886
1.3850542 0.4547767 -0.092721462 6710886
1.3852966 0.44602412 -0.09273769 6710886
1.3855392 0.4372685 -0.092753924 6710886
1.3857818 0.4285098 -0.092770167 6710886
1.3860245 0.41974807 -0.092786416 6710886
1.3862672 0.4109832 -0.092802659 6710886
1.38651 0.4022153 -0.092818916 6710886
1.386753 0.39344436 -0.09283518 6710886
1.386996 0.38467032 -0.092851453 6710886
1.3872391 0.37589318 -0.092867725 6710886
1.3874823 0.36711296 -0.092884004 6710886
1.3877256 0.35832971 -0.092900291 6710886
1.387969 0.34954336 -0.092916593 6710886
1.3882123 0.34075388 -0.09293288 6710886
1.3884559 0.33196136 -0.092949182 6710886
1.3886995 0.32316577 -0.092965491 6710886
1.3889433 0.31436709 -0.092981815 6710886
1.389187 0.30556527 -0.092998125 6710886
1.3894309 0.29676041 -0.093014456 6710886
1.3896748 0.28795242 -0.093030781 6710886
1.3899189 0.27914137 -0.093047127 6710886
1.3901629 0.27032721 -0.093063459 6710886
1.3904072 0.26150995 -0.093079813 6710886
1.3906515 0.2526896 -0.093096167 6710886
1.3908958 0.24386613 -0.093112521 6710886
1.3911403 0.23503959 -0.09312889 6710886
1.391385 0.22620994 -0.093145266 6710886
1.3916296 0.21737717 -0.093161643 6710886
1.3918742 0.20854129 -0.093178019 6710886
1.3921191 0.19970231 -0.09319441 6710886
1.392364 0.19086023 -0.093210809 6710886
1.392609 0.18201503 -0.093227208 6710886
1.392854 0.17316671 -0.093243614 6710886
1.3930992 0.16431528 -0.093260027 6710886
1.3933444 0.15546073 -0.093276441 6710886
1.3935899 0.14660309 -0.09329287 6710886
1.3938352 0.1377423 -0.093309298 6710886
1.3940806 0.12887838 -0.093325727 6710886
1.3943263 0.12001137 -0.093342178 6710886
1.394572 0.11114122 -0.093358621 6710886
1.3948177 0.10226794 -0.093375072 6710886
1.3950635 0.09339153 -0.09339153 6710886
1.3953096 0.084511995 -0.093407996 6710886
1.3955556 0.075629331 -0.093424469 6710886
1.3958017 0.06674353 -0.093440942 6710886
1.3960478 0.057854593 -0.093457423 6710886
1.3962941 0.048962522 -0.093473911 6710886
1.3965405 0.040067315 -0.093490407 6710886
1.3967869 0.031168966 -0.093506902 6710886
1.3970336 0.022267479 -0.093523413 6710886
1.3972802 0.013362846 -0.093539923 6710886
1.397527 0.0044550686 -0.093556441 6710886
1.3977736 -0.0044558551 -0.093572952 6710886
1.3980206 -0.013369927 -0.093589485 6710886
1.3982676 -0.022287149 -0.093606025 6710886
1.3985145 -0.031207517 -0.09362255 6710886
1.3987617 -0.040131044 -0.093639106 6710886
1.3990091 -0.049057726 -0.093655661 6710886
1.3992565 -0.057987563 -0.093672223 6710886
1.3995038 -0.066920556 -0.093688779 6710886
1.3997513 -0.075856708 -0.093705349 6710886
1.3999989 -0.084796026 -0.093721919 6710886
1.4002466 -0.093738504 -0.093738504 6710886
1.4004943 -0.10268415 -0.093755089 6710886
1.4007422 -0.11163295 -0.093771681 6710886
1.4009901 -0.12058493 -0.093788281 6710886
1.4012381 -0.12954007 -0.093804881 6710886
1.4014863 -0.1384984 -0.093821496 6710886
1.4017344 -0.14745988 -0.093838103 6710886
1.4019828 -0.15642455 -0.093854733 6710886
1.4022311 -0.16539238 -0.093871355 6710886
1.4024795 -0.1743634 -0.093887985 6710886
1.4027281 -0.1833376 -0.093904622 6710886
1.4029768 -0.19231498 -0.093921274 6710886
1.4032254 -0.20129554 -0.093937919 6710886
1.4034743 -0.2102793 -0.093954585 6710886
1.4037232 -0.21926624 -0.093971245 6710886
1.4039721 -0.22825634 -0.093987912 6710886
1.4042213 -0.23724967 -0.094004586 6710886
1.4044704 -0.24624617 -0.094021268 6710886
1.4047197 -0.25524586 -0.09403795 6710886
1.4049691 -0.26424879 -0.094054647 6710886
1.4052185 -0.27325484 -0.094071344 6710886
1.405468 -0.28226414 -0.094088048 6710886
1.4057176 -0.29127663 -0.094104759 6710886
1.4059674 -0.30029234 -0.094121478 6710886
1.4062171 -0.30931121 -0.094138198 6710886
1.406467 -0.3183333 -0.094154924 6710886
1.4067169 -0.3273586 -0.094171658 6710886
1.4069669 -0.33638713 -0.094188392 6710886
1.4072171 -0.34541884 -0.094205141 6710886
1.4074674 -0.3544538 -0.09422189 6710886
1.4077177 -0.36349195 -0.094238654 6710886
1.4079682 -0.37253332 -0.094255418 6710886
1.4082185 -0.38157785 -0.094272174 6710886
1.4084692 -0.39062569 -0.09428896 6710886
1.4087199 -0.39967671 -0.094305746 6710886
1.4089706 -0.40873095 -0.094322525 6710886
1.4092215 -0.41778845 -0.094339326 6710886
1.4094725 -0.42684913 -0.09435612 6710886
1.4097236 -0.43591309 -0.094372936 6710886
1.4099748 -0.44498026 -0.094389752 6710886
1.4102261 -0.45405066 -0.094406575 6710886
1.4103273 -0.46307501 -0.094413348 6710886
1.3855381 -0.46376926 -0.092753857 6710886
1.3615302 -0.46441394 -0.091146663 6710886
1.3418413 -0.46625325 -0.089828603 6710886
1.3421618 -0.47492173 -0.089850061 6710886
1.3424822 -0.4835943 -0.089871511 6710886
1.3428031 -0.49227116 -0.089892991 6710886
1.3431253 -0.50095254 -0.08991456 6710886
1.3434478 -0.50963819 -0.089936152 6710886
1.3699009 1.0000434 -0.10044104 6710886
1.3701379 0.99148089 -0.10045841 6710886
1.3703753 0.98291558 -0.10047582 6710886
1.3706126 0.97434729 -0.10049322 6710886
1.37085 0.96577597 -0.10051062 6710886
1.3710874 0.95720172 -0.10052803 6710886
1.371325 0.94862449 -0.10054545 6710886
1.3715626 0.94004422 -0.10056287 6710886
1.3718004 0.9314611 -0.10058031 6710886
1.3720381 0.92287487 -0.10059774 6710886
1.3722761 0.91428578 -0.10061518 6710886
1.372514 0.90569365 -0.10063263 6710886
1.372752 0.89709848 -0.10065007 6710886
1.3729901 0.88850045 -0.10066754 6710886
1.3732284 0.87989944 -0.10068501 6710886
1.3734667 0.87129539 -0.10070248 6710886
1.373705 0.8626883 -0.10071995 6710886
1.3739436 0.85407835 -0.10073745 6710886
1.3741821 0.8454653 -0.10075493 6710886
1.3744208 0.83684933 -0.10077243 6710886
1.3746594 0.82823032 -0.10078993 6710886
1.3748982 0.81960827 -0.10080744 6710886
1.3751371 0.8109833 -0.10082495 6710886
1.3753761 0.80235535 -0.10084248 6710886
1.3756151 0.79372436 -0.10086 6710886
1.3758543 0.78509039 -0.10087754 6710886
1.3760935 0.77645344 -0.10089508 6710886
1.3763326 0.76781332 -0.10091261 6710886
1.3765721 0.75917041 -0.10093017 6710886
1.3768116 0.7505244 -0.10094773 6710886
1.3770511 0.74187541 -0.10096529 6710886
1.3772907 0.73322338 -0.10098286 6710886
1.3775305 0.72456831 -0.10100044 6710886
1.3777703 0.71591032 -0.10101802 6710886
1.3780102 0.70724922 -0.10103561 6710886
1.37825 0.69858509 -0.10105319 6710886
1.3784901 0.68991804 -0.10107079 6710886
1.3787303 0.68124795 -0.1010884 6710886
1.3789705 0.67257482 -0.10110602 6710886
1.3792107 0.66389865 -0.10112363 6710886
1.3794512 0.6552195 -0.10114126 6710886
1.3796916 0.64653724 -0.10115889 6710886
1.3799322 0.63785201 -0.10117653 6710886
1.3801727 0.62916374 -0.10119417 6710886
1.3804135 0.62047249 -0.10121182 6710886
1.3806543 0.61177814 -0.10122947 6710886
1.3808951 0.60308075 -0.10124713 6710886
1.3811362 0.59438038 -0.1012648 6710886
1.3813772 0.58567697 -0.10128248 6710886
1.3816184 0.57697046 -0.10130016 6710886
1.3818595 0.56826097 -0.10131785 6710886
1.3821009 0.55954844 -0.10133554 6710886
1.3823423 0.55083281 -0.10135324 6710886
1.3825837 0.54211414 -0.10137094 6710886
1.3828253 0.53339243 -0.10138865 6710886
1.383067 0.52466774 -0.10140637 6710886
1.3833088 0.51594001 -0.1014241 6710886
1.3835504 0.50720906 -0.10144182 6710886
1.3837924 0.49847522 -0.10145956 6710886
1.3840344 0.48973829 -0.1014773 6710886
1.3842765 0.48099831 -0.10149506 6710886
1.3845185 0.4722552 -0.1015128 6710886
1.3847607 0.46350908 -0.10153056 6710886
1.3850031 0.4547599 -0.10154833 6710886
1.3852456 0.44600767 -0.10156611 6710886
1.385488 0.43725237 -0.10158388 6710886
1.3857306 0.42849401 -0.10160167 6710886
1.3859733 0.41973257 -0.10161947 6710886
1.386216 0.41096807 -0.10163726 6710886
1.3864588 0.40220043 -0.10165506 6710886
1.3867017 0.39342982 -0.10167287 6710886
1.3869448 0.3846561 -0.10169069 6710886
1.3871878 0.37587929 -0.10170852 6710886
1.387431 0.3670994 -0.10172635 6710886
1.3876742 0.35831645 -0.10174417 6710886
1.3879176 0.34953043 -0.10176202 6710886
1.3881611 0.34074131 -0.10177987 6710886
1.3884045 0.33194908 -0.10179771 6710886
1.3886482 0.32315379 -0.10181558 6710886
1.3888918 0.31435543 -0.10183345 6710886
1.3891356 0.30555397 -0.10185132 6710886
1.3893794 0.29674941 -0.1018692 6710886
1.3896234 0.28794178 -0.10188709 6710886
1.3898674 0.27913103 -0.10190498 6710886
1.3901114 0.2703172 -0.10192287 6710886
1.3903557 0.26150027 -0.10194078 6710886
1.3906 0.25268024 -0.10195869 6710886
1.3908443 0.2438571 -0.10197661 6710886
1.3910887 0.23503086 -0.10199453 6710886
1.3913333 0.22620155 -0.10201246 6710886
1.391578 0.21736911 -0.1020304 6710886
1.3918227 0.20853357 -0.10204834 6710886
1.3920674 0.1996949 -0.10206629 6710886
1.3923123 0.19085313 -0.10208423 6710886
1.3925574 0.18200828 -0.10210221 6710886
1.3928024 0.17316028 -0.10212017 6710886
1.3930475 0.16430919 -0.10213814 6710886
1.3932927 0.15545496 -0.10215612 6710886
1.3935381 0.14659764 -0.10217412 6710886
1.3937835 0.13773718 -0.1021921 6710886
1.3940289 0.1288736 -0.1022101 6710886
1.3942745 0.1200069 -0.10222811 6710886
1.3945202 0.11113708 -0.10224612 6710886
1.394766 0.10226414 -0.10226414 6710886
1.3950117 0.093388058 -0.10228216 6710886
1.3952577 0.084508859 -0.1023002 6710886
1.3955038 0.075626522 -0.10231823 6710886
1.3957498 0.066741049 -0.10233628 6710886
1.395996 0.057852443 -0.10235433 6710886
1.3962423 0.048960704 -0.10237239 6710886
1.3964887 0.040065829 -0.10239045 6710886
1.396735 0.031167807 -0.10240851 6710886
1.3969815 0.022266649 -0.10242658 6710886
1.3972281 0.013362348 -0.10244466 6710886
1.3974749 0.0044549024 -0.10246276 6710886
1.3977216 -0.0044556893 -0.10248085 6710886
1.3979685 -0.013369429 -0.10249896 6710886
1.3982155 -0.022286318 -0.10251706 6710886
1.3984625 -0.031206356 -0.10253517 6710886
1.3987097 -0.04012955 -0.10255329 6710886
1.3989569 -0.049055897 -0.10257142 6710886
1.3992043 -0.057985403 -0.10258956 6710886
1.3994517 -0.066918068 -0.1026077 6710886
1.3996991 -0.075853877 -0.10262584 6710886
1.3999467 -0.08479286 -0.10264399 6710886
1.4001944 -0.093735009 -0.10266215 6710886
1.4004422 -0.10268033 -0.10268033 6710886
1.40069 -0.11162879 -0.10269849 6710886
1.4009379 -0.12058043 -0.10271667 6710886
1.4011859 -0.12953524 -0.10273485 6710886
1.4014339 -0.13849322 -0.10275304 6710886
1.4016821 -0.14745438 -0.10277124 6710886
1.4019303 -0.1564187 -0.10278943 6710886
1.4021788 -0.16538621 -0.10280765 6710886
1.4024272 -0.17435689 -0.10282587 6710886
1.4026757 -0.18333076 -0.10284409 6710886
1.4029244 -0.19230781 -0.10286232 6710886
1.403173 -0.20128801 -0.10288054 6710886
1.4034219 -0.21027145 -0.10289879 6710886
1.4036708 -0.21925804 -0.10291705 6710886
1.4039197 -0.22824782 -0.10293529 6710886
1.4041687 -0.23724079 -0.10295355 6710886
1.404418 -0.24623698 -0.10297183 6710886
1.4046671 -0.25523633 -0.10299009 6710886
1.4049165 -0.26423889 -0.10300838 6710886
1.4051659 -0.27324462 -0.10302667 6710886
1.4054153 -0.28225356 -0.10304495 6710886
1.405665 -0.29126573 -0.10306326 6710886
1.4059147 -0.30028108 -0.10308156 6710886
1.4061644 -0.30929962 -0.10309988 6710886
1.4064143 -0.31832138 -0.1031182 6710886
1.4066643 -0.32734635 -0.10313652 6710886
1.4069142 -0.33637452 -0.10315485 6710886
1.4071645 -0.34540594 -0.1031732 6710886
1.4074147 -0.35444051 -0.10319155 6710886
1.4076649 -0.3634783 -0.10320989 6710886
1.4079154 -0.37251934 -0.10322826 6710886
1.4081658 -0.38156357 -0.10324661 6710886
1.4084164 -0.39061105 -0.10326499 6710886
1.4086671 -0.39966175 -0.10328337 6710886
1.4089177 -0.40871561 -0.10330174 6710886
1.4091686 -0.41777274 -0.10332014 6710886
1.4094195 -0.42683309 -0.10333854 6710886
1.4096707 -0.43589672 -0.10335696 6710886
1.4099219 -0.44496354 -0.10337538 6710886
1.4101732 -0.45403364 -0.10339379 6710886
1.4104245 -0.4631069 -0.10341222 6710886
1.3857112 -0.46382722 -0.10160024 6710886
1.3616974 -0.46447098 -0.099839561 6710886
1.3510844 -0.46946493 -0.099061407 6710886
1.3514091 -0.47819388 -0.099085219 6710886
1.3517339 -0.486927 -0.099109031 6710886
1.3520594 -0.49566448 -0.099132895 6710886
1.352386 -0.50440657 -0.099156842 6710886
1.3527128 -0.51315284 -0.099180803 8816262
1.3698509 1.0000068 -0.10917106 6710886
1.3700881 0.99144483 -0.10918996 6710886
1.3703252 0.9828797 -0.10920885 6710886
1.3705626 0.97431171 -0.10922777 6710886
1.3707999 0.96574068 -0.10924669 6710886
1.3710374 0.95716673 -0.10926561 6710886
1.3712748 0.94858974 -0.10928454 6710886
1.3715125 0.94000995 -0.10930348 6710886
1.3717502 0.93142706 -0.10932242 6710886
1.3719879 0.92284113 -0.10934137 6710886
1.3722259 0.91425234 -0.10936033 6710886
1.3724638 0.90566057 -0.10937929 6710886
1.3727019 0.89706576 -0.10939827 6710886
1.3729399 0.88846797 -0.10941724 6710886
1.3731781 0.8798672 -0.10943622 6710886
1.3734165 0.87126356 -0.10945522 6710886
1.3736548 0.86265677 -0.10947421 6710886
1.3738933 0.85404706 -0.10949321 6710886
1.3741318 0.84543437 -0.10951222 6710886
1.3743705 0.8368187 -0.10953125 6710886
1.3746091 0.82819998 -0.10955026 6710886
1.3748479 0.81957829 -0.1095693 6710886
1.3750868 0.81095368 -0.10958833 6710886
1.3753257 0.80232596 -0.10960737 6710886
1.3755647 0.79369527 -0.10962642 6710886
1.3758038 0.7850616 -0.10964548 6710886
1.3760431 0.77642494 -0.10966454 6710886
1.3762823 0.76778525 -0.10968361 6710886
1.3765216 0.75914252 -0.10970268 6710886
1.3767611 0.75049686 -0.10972176 6710886
1.3770006 0.74184817 -0.10974085 6710886
1.3772403 0.7331965 -0.10975996 6710886
1.3774799 0.72454172 -0.10977905 6710886
1.3777196 0.71588397 -0.10979816 6710886
1.3779596 0.7072233 -0.10981728 6710886
1.3781995 0.69855946 -0.1098364 6710886
1.3784395 0.68989277 -0.10985553 6710886
1.3786796 0.68122292 -0.10987467 6710886
1.3789198 0.67255008 -0.10989381 6710886
1.37916 0.66387421 -0.10991295 6710886
1.3794005 0.65519542 -0.10993212 6710886
1.3796409 0.64651352 -0.10995128 6710886
1.3798815 0.63782859 -0.10997045 6710886
1.3801221 0.62914062 -0.10998962 6710886
1.3803627 0.62044966 -0.11000881 6710886
1.3806036 0.61175567 -0.11002799 6710886
1.3808445 0.60305864 -0.11004719 6710886
1.3810854 0.5943585 -0.11006639 6710886
1.3813264 0.58565539 -0.11008561 6710886
1.3815676 0.5769493 -0.11010482 6710886
1.3818086 0.56823999 -0.11012404 6710886
1.38205 0.55952781 -0.11014327 6710886
1.3822914 0.55081254 -0.11016251 6710886
1.3825328 0.54209423 -0.11018175 6710886
1.3827744 0.53337282 -0.11020099 6710886
1.383016 0.52464843 -0.11022025 6710886
1.3832577 0.51592094 -0.11023952 6710886
1.3834996 0.50719047 -0.1102588 6710886
1.3837414 0.49845687 -0.11027806 6710886
1.3839834 0.48972023 -0.11029735 6710886
1.3842254 0.48098055 -0.11031663 6710886
1.3844676 0.47223783 -0.11033594 6710886
1.3847097 0.46349201 -0.11035524 6710886
1.3849521 0.45474315 -0.11037455 6710886
1.3851944 0.44599122 -0.11039387 6710886
1.3854369 0.43723622 -0.11041319 6710886
1.3856795 0.42847818 -0.11043252 6710886
1.3859221 0.41971704 -0.11045185 6710886
1.3861649 0.4109529 -0.11047121 6710886
1.3864077 0.40218565 -0.11049056 6710886
1.3866506 0.3934153 -0.11050991 6710886
1.3868935 0.38464189 -0.11052927 6710886
1.3871366 0.3758654 -0.11054865 6710886
1.3873796 0.36708581 -0.11056802 6710886
1.387623 0.35830319 -0.11058741 6710886
1.3878663 0.34951749 -0.1106068 6710886
1.3881098 0.34072873 -0.11062621 6710886
1.3883531 0.33193681 -0.1106456 6710886
1.3885968 0.32314184 -0.11066502 6710886
1.3888404 0.31434381 -0.11068444 6710886
1.3890842 0.30554268 -0.11070386 6710886
1.389328 0.29673842 -0.11072329 6710886
1.3895719 0.28793111 -0.11074273 6710886
1.3898159 0.27912068 -0.11076218 6710886
1.3900601 0.27030718 -0.11078163 6710886
1.3903042 0.26149058 -0.11080109 6710886
1.3905485 0.25267088 -0.11082056 6710886
1.3907928 0.24384807 -0.11084004 6710886
1.3910373 0.23502219 -0.11085952 6710886
1.3912817 0.22619316 -0.110879 6710886
1.3915263 0.21736105 -0.11089849 6710886
1.3917711 0.20852584 -0.11091799 6710886
1.3920159 0.19968751 -0.11093751 6710886
1.3922607 0.19084607 -0.11095701 6710886
1.3925056 0.18200152 -0.11097654 6710886
1.3927507 0.17315388 -0.11099607 6710886
1.3929958 0.16430309 -0.1110156 6710886
1.393241 0.15544921 -0.11103515 6710886
1.3934864 0.1465922 -0.1110547 6710886
1.3937317 0.13773207 -0.11107425 6710886
1.3939773 0.12886883 -0.11109382 6710886
1.3942227 0.12000246 -0.11111338 6710886
1.3944684 0.11113296 -0.11113296 6710886
1.3947141 0.10226034 -0.11115254 6710886
1.3949599 0.093384594 -0.11117213 6710886
1.3952059 0.084505714 -0.11119173 6710886
1.3954518 0.075623706 -0.11121133 6710886
1.395698 0.066738568 -0.11123095 6710886
1.395944 0.05785029 -0.11125056 6710886
1.3961903 0.048958883 -0.11127019 6710886
1.3964367 0.040064339 -0.11128982 6710886
1.3966831 0.031166648 -0.11130946 6710886
1.3969295 0.02226582 -0.1113291 6710886
1.3971761 0.013361851 -0.11134876 6710886
1.3974229 0.0044547371 -0.11136843 6710886
1.3976697 -0.0044555236 -0.11138809 6710886
1.3979164 -0.013368931 -0.11140776 6710886
1.3981634 -0.022285488 -0.11142744 6710886
1.3984104 -0.031205194 -0.11144713 6710886
1.3986577 -0.04012806 -0.11146683 6710886
1.3989047 -0.049054064 -0.11148651 6710886
1.3991522 -0.057983242 -0.11150624 6710886
1.3993995 -0.066915572 -0.11152595 6710886
1.399647 -0.07585106 -0.11154567 6710886
1.3998945 -0.084789701 -0.1115654 6710886
1.4001422 -0.093731515 -0.11158514 6710886
1.4003899 -0.10267649 -0.11160488 6710886
1.4006376 -0.11162462 -0.11162462 6710886
1.4008856 -0.12057593 -0.11164438 6710886
1.4011335 -0.1295304 -0.11166414 6710886
1.4013816 -0.13848805 -0.11168391 6710886
1.4016298 -0.14744887 -0.11170369 6710886
1.401878 -0.15641285 -0.11172348 6710886
1.4021264 -0.16538005 -0.11174327 6710886
1.4023749 -0.1743504 -0.11176307 6710886
1.4026233 -0.1833239 -0.11178287 6710886
1.402872 -0.19230062 -0.11180269 6710886
1.4031206 -0.2012805 -0.11182251 6710886
1.4033693 -0.21026357 -0.11184233 6710886
1.4036182 -0.21924983 -0.11186216 6710886
1.4038672 -0.2282393 -0.11188201 6710886
1.4041163 -0.23723193 -0.11190186 6710886
1.4043654 -0.24622776 -0.11192171 6710886
1.4046146 -0.25522676 -0.11194157 6710886
1.4048638 -0.26422897 -0.11196143 6710886
1.4051133 -0.2732344 -0.11198132 6710886
1.4053627 -0.28224301 -0.11200119 6710886
1.4056123 -0.29125482 -0.11202108 6710886
1.4058621 -0.30026984 -0.11204099 6710886
1.4061117 -0.30928802 -0.11206088 6710886
1.4063616 -0.31830946 -0.1120808 6710886
1.4066116 -0.32733411 -0.11210072 6710886
1.4068615 -0.33636191 -0.11212064 6710886
1.4071116 -0.34539297 -0.11214057 6710886
1.4073619 -0.35442722 -0.11216051 6710886
1.4076121 -0.36346468 -0.11218046 6710886
1.4078625 -0.37250537 -0.11220042 6710886
1.408113 -0.38154927 -0.11222038 6710886
1.4083635 -0.39059636 -0.11224034 6710886
1.4086142 -0.39964673 -0.11226031 6710886
1.408865 -0.40870032 -0.1122803 6710886
1.4091157 -0.41775706 -0.11230028 6710886
1.4093666 -0.42681706 -0.11232028 6710886
1.4096178 -0.43588036 -0.1123403 6710886
1.409869 -0.44494686 -0.11236031 6710886
1.4101201 -0.45401654 -0.11238033 6710886
1.4103714 -0.4630895 -0.11240036 6710886
1.3858725 -0.46388119 -0.11044791 6710886
1.3618647 -0.46452805 -0.10853459 6710886
1.3604555 -0.47272116 -0.10842229 6710886
1.3607848 -0.48151144 -0.10844853 6710886
1.3611141 -0.49030599 -0.10847478 6710886
1.361444 -0.49910489 -0.10850106 6710886
1.3617752 -0.50790846 -0.10852745 6710886
1.3698009 0.99997038 -0.11790044 6710886
1.370038 0.99140859 -0.11792085 6710886
1.3702751 0.98284376 -0.11794125 6710886
1.3705125 0.97427613 -0.11796168 6710886
1.3707498 0.96570545 -0.11798211 6710886
1.3709873 0.9571318 -0.11800255 6710886
1.3712248 0.94855511 -0.11802299 6710886
1.3714625 0.93997562 -0.11804345 6710886
1.3717002 0.93139303 -0.1180639 6710886
1.3719379 0.92280746 -0.11808436 6710886
1.3721757 0.9142189 -0.11810484 6710886
1.3724136 0.90562743 -0.11812532 6710886
1.3726517 0.89703298 -0.11814581 6710886
1.3728899 0.88843554 -0.11816631 6710886
1.3731279 0.87983507 -0.11818679 6710886
1.3733662 0.87123162 -0.11820731 6710886
1.3736047 0.8626253 -0.11822783 6710886
1.373843 0.85401577 -0.11824834 6710886
1.3740815 0.84540343 -0.11826887 6710886
1.3743201 0.83678806 -0.11828941 6710886
1.3745588 0.8281697 -0.11830995 6710886
1.3747975 0.81954825 -0.11833049 6710886
1.3750364 0.81092393 -0.11835106 6710886
1.3752754 0.80229658 -0.11837163 6710886
1.3755144 0.79366624 -0.1183922 6710886
1.3757534 0.78503287 -0.11841278 6710886
1.3759925 0.77639645 -0.11843336 6710886
1.3762319 0.76775718 -0.11845396 6710886
1.3764713 0.7591148 -0.11847457 6710886
1.3767105 0.75046933 -0.11849516 6710886
1.3769501 0.74182099 -0.11851578 6710886
1.3771898 0.73316962 -0.11853641 6710886
1.3774294 0.72451514 -0.11855703 6710886
1.3776691 0.71585774 -0.11857766 6710886
1.3779089 0.70719731 -0.1185983 6710886
1.3781489 0.69853389 -0.11861896 6710886
1.3783889 0.68986738 -0.11863961 6710886
1.378629 0.68119788 -0.11866028 6710886
1.3788692 0.67252541 -0.11868095 6710886
1.3791095 0.66384989 -0.11870164 6710886
1.3793497 0.65517128 -0.11872231 6710886
1.3795903 0.64648974 -0.11874302 6710886
1.3798307 0.6378051 -0.11876372 6710886
1.3800714 0.62911755 -0.11878443 6710886
1.380312 0.62042683 -0.11880513 6710886
1.3805528 0.61173314 -0.11882586 6710886
1.3807937 0.60303646 -0.1188466 6710886
1.3810345 0.59433663 -0.11886732 6710886
1.3812755 0.58563381 -0.11888807 6710886
1.3815167 0.57692802 -0.11890883 6710886
1.381758 0.56821918 -0.11892959 6710886
1.3819991 0.55950719 -0.11895035 6710886
1.3822405 0.55079228 -0.11897113 6710886
1.3824819 0.54207426 -0.1189919 6710886
1.3827236 0.53335321 -0.11901271 6710886
1.3829651 0.52462912 -0.11903349 6710886
1.3832067 0.51590192 -0.11905429 6710886
1.3834486 0.50717175 -0.11907511 6710886
1.3836904 0.49843848 -0.11909592 6710886
1.3839324 0.48970219 -0.11911675 6710886
1.3841743 0.48096281 -0.11913758 6710886
1.3844165 0.47222039 -0.11915842 6710886
1.3846587 0.46347493 -0.11917926 6710886
1.3849009 0.45472637 -0.11920011 6710886
1.3851433 0.44597474 -0.11922097 6710886
1.3853859 0.43722013 -0.11924186 6710886
1.3856283 0.42846239 -0.11926273 6710886
1.3858709 0.41970158 -0.1192836 6710886
1.3861136 0.4109377 -0.11930449 6710886
1.3863565 0.40217078 -0.11932539 6710886
1.3865993 0.39340076 -0.11934629 6710886
1.3868423 0.38462767 -0.1193672 6710886
1.3870853 0.37585151 -0.11938813 6710886
1.3873285 0.36707228 -0.11940905 6710886
1.3875717 0.35828996 -0.11942999 6710886
1.387815 0.34950459 -0.11945093 6710886
1.3880584 0.34071612 -0.11947189 6710886
1.388302 0.33192456 -0.11949284 6710886
1.3885454 0.32312989 -0.11951379 6710886
1.3887891 0.31433216 -0.11953477 6710886
1.3890328 0.30553135 -0.11955575 6710886
1.3892767 0.29672748 -0.11957674 6710886
1.3895205 0.28792045 -0.11959773 6710886
1.3897645 0.27911037 -0.11961873 6710886
1.3900086 0.27029717 -0.11963973 6710886
1.3902528 0.26148093 -0.11966076 6710886
1.390497 0.25266153 -0.11968177 6710886
1.3907413 0.24383906 -0.11970281 6710886
1.3909857 0.23501346 -0.11972384 6710886
1.3912302 0.22618479 -0.11974488 6710886
1.3914748 0.217353 -0.11976594 6710886
1.3917195 0.2085181 -0.11978699 6710886
1.3919643 0.19968012 -0.11980807 6710886
1.3922092 0.19083901 -0.11982914 6710886
1.392454 0.18199478 -0.11985022 6710886
1.392699 0.17314744 -0.1198713 6710886
1.3929442 0.164297 -0.11989241 6710886
1.3931894 0.15544344 -0.11991352 6710886
1.3934346 0.14658676 -0.11993462 6710886
1.39368 0.13772696 -0.11995573 6710886
1.3939254 0.12886404 -0.11997686 6710886
1.3941709 0.11999799 -0.11999799 6710886
1.3944166 0.11112883 -0.12001914 6710886
1.3946623 0.10225654 -0.12004028 6710886
1.3949082 0.093381129 -0.12006145 6710886
1.3951539 0.08450257 -0.12008259 6710886
1.3953999 0.075620897 -0.12010378 6710886
1.395646 0.066736087 -0.12012495 6710886
1.3958921 0.057848141 -0.12014614 6710886
1.3961383 0.048957061 -0.12016733 6710886
1.3963847 0.040062845 -0.12018853 6710886
1.3966311 0.03116549 -0.12020975 6710886
1.3968776 0.022264993 -0.12023097 6710886
1.3971242 0.013361353 -0.12025218 6710886
1.3973708 0.0044545708 -0.12027341 6710886
1.3976176 -0.0044553573 -0.12029465 6710886
1.3978645 -0.013368433 -0.1203159 6710886
1.3981113 -0.022284657 -0.12033715 6710886
1.3983583 -0.031204032 -0.12035841 6710886
1.3986055 -0.040126558 -0.12037968 6710886
1.3988527 -0.049052242 -0.12040096 6710886
1.3990999 -0.057981078 -0.12042224 6710886
1.3993473 -0.066913076 -0.12044353 6710886
1.3995948 -0.075848229 -0.12046483 6710886
1.3998424 -0.084786542 -0.12048614 6710886
1.40009 -0.093728021 -0.12050746 6710886
1.4003376 -0.10267265 -0.12052877 6710886
1.4005854 -0.11162046 -0.1205501 6710886
1.4008334 -0.12057143 -0.12057143 6710886
1.4010812 -0.12952557 -0.12059277 6710886
1.4013293 -0.13848288 -0.12061412 6710886
1.4015775 -0.14744337 -0.12063549 6710886
1.4018257 -0.15640703 -0.12065685 6710886
1.402074 -0.16537386 -0.12067822 6710886
1.4023224 -0.17434387 -0.1206996 6710886
1.4025708 -0.18331705 -0.12072098 6710886
1.4028195 -0.19229344 -0.12074239 6710886
1.4030682 -0.20127298 -0.12076379 6710886
1.4033169 -0.21025571 -0.12078519 6710886
1.4035658 -0.21924163 -0.12080662 6710886
1.4038148 -0.22823076 -0.12082805 6710886
1.4040637 -0.23722304 -0.12084948 6710886
1.4043128 -0.24621855 -0.12087092 6710886
1.4045621 -0.25521722 -0.12089238 6710886
1.4048113 -0.26421908 -0.12091382 6710886
1.4050608 -0.27322417 -0.1209353 6710886
1.4053103 -0.28223246 -0.12095677 6710886
1.4055597 -0.29124391 -0.12097824 6710886
1.4058094 -0.30025861 -0.12099973 6710886
1.4060591 -0.30927646 -0.12102123 6710886
1.4063089 -0.31829754 -0.12104272 6710886
1.4065589 -0.32732183 -0.12106424 6710886
1.4068087 -0.33634928 -0.12108575 6710886
1.4070588 -0.34538001 -0.12110727 6710886
1.4073091 -0.35441393 -0.1211288 6710886
1.4075593 -0.36345103 -0.12115034 6710886
1.4078097 -0.37249139 -0.1211719 6710886
1.4080602 -0.38153496 -0.12119346 6710886
1.4083107 -0.39058173 -0.12121502 6710886
1.4085613 -0.39963174 -0.12123659 6710886
1.408812 -0.40868494 -0.12125817 6710886
1.4090627 -0.41774136 -0.12127975 6710886
1.4093138 -0.42680109 -0.12130136 6710886
1.4095649 -0.435864 -0.12132297 6710886
1.409816 -0.44493014 -0.12134459 6710886
1.4100672 -0.45399952 -0.1213662 6710886
1.4103186 -0.46307215 -0.12138785 6710886
1.3860382 -0.46393666 -0.119298 6710886
1.3696239 -0.46717468 -0.1178852 6710886
1.3699576 -0.47602287 -0.11791392 6710886
1.3702914 -0.48487532 -0.11794265 6710886
1.3706255 -0.49373218 -0.11797141 6710886
1.3709599 -0.5025934 -0.11800019 6710886
1.3712957 -0.51145941 -0.1180291 6710886
1.369751 0.9999339 -0.12662919 6710886
1.3699881 0.99137247 -0.12665111 6710886
1.3702253 0.98280805 -0.12667304 6710886
1.3704624 0.97424054 -0.12669496 6710886
1.3706998 0.96567017 -0.1267169 6710886
1.3709372 0.95709682 -0.12673885 6710886
1.3711748 0.9485206 -0.12676081 6710886
1.3714123 0.93994123 -0.12678277 6710886
1.37165 0.93135899 -0.12680474 6710886
1.3718878 0.92277378 -0.12682673 6710886
1.3721256 0.91418558 -0.12684871 6710886
1.3723634 0.90559429 -0.12687071 6710886
1.3726015 0.89700019 -0.12689272 6710886
1.3728396 0.888403 -0.12691471 6710886
1.3730778 0.87980288 -0.12693673 6710886
1.3733159 0.87119973 -0.12695876 6710886
1.3735543 0.86259371 -0.1269808 6710886
1.3737928 0.85398459 -0.12700284 6710886
1.3740312 0.84537244 -0.12702487 6710886
1.3742698 0.83675742 -0.12704694 6710886
1.3745085 0.82813936 -0.12706901 6710886
1.3747473 0.81951833 -0.12709108 6710886
1.3749861 0.81089425 -0.12711315 6710886
1.3752249 0.80226719 -0.12713523 6710886
1.375464 0.79363716 -0.12715733 6710886
1.3757031 0.78500414 -0.12717944 6710886
1.3759421 0.77636802 -0.12720154 6710886
1.3761814 0.76772892 -0.12722366 6710886
1.3764207 0.75908691 -0.12724578 6710886
1.3766601 0.75044185 -0.12726791 6710886
1.3768996 0.74179375 -0.12729006 6710886
1.3771392 0.73314267 -0.1273122 6710886
1.3773789 0.72448862 -0.12733437 6710886
1.3776186 0.71583146 -0.12735651 6710886
1.3778584 0.70717138 -0.12737869 6710886
1.3780984 0.69850826 -0.12740088 6710886
1.3783383 0.6898421 -0.12742306 6710886
1.3785783 0.68117285 -0.12744525 6710886
1.3788185 0.67250067 -0.12746745 6710886
1.3790588 0.66382551 -0.12748967 6710886
1.379299 0.65514719 -0.12751187 6710886
1.3795395 0.64646596 -0.12753411 6710886
1.3797801 0.63778174 -0.12755634 6710886
1.3800206 0.62909436 -0.12757859 6710886
1.3802612 0.62040401 -0.12760082 6710886
1.380502 0.61171067 -0.12762308 6710886
1.3807429 0.60301429 -0.12764536 6710886
1.3809838 0.59431481 -0.12766762 6710886
1.3812248 0.5856123 -0.1276899 6710886
1.3814659 0.5769068 -0.12771219 6710886
1.3817071 0.56819826 -0.12773448 6710886
1.3819484 0.55948663 -0.12775679 6710886
1.3821896 0.55077201 -0.1277791 6710886
1.382431 0.5420543 -0.12780142 6710886
1.3826725 0.53333354 -0.12782374 6710886
1.3829141 0.52460974 -0.12784608 6710886
1.3831558 0.51588297 -0.12786843 6710886
1.3833976 0.50715303 -0.12789077 6710886
1.3836395 0.49842015 -0.12791313 6710886
1.3838813 0.48968413 -0.1279355 6710886
1.3841233 0.48094508 -0.12795787 6710886
1.3843654 0.47220299 -0.12798025 6710886
1.3846077 0.46345782 -0.12800264 6710886
1.3848498 0.45470956 -0.12802503 6710886
1.3850923 0.44595832 -0.12804744 6710886
1.3853347 0.43720397 -0.12806985 6710886
1.3855772 0.42844656 -0.12809227 6710886
1.3858198 0.41968608 -0.1281147 6710886
1.3860625 0.41092253 -0.12813714 6710886
1.3863053 0.40215594 -0.12815958 6710886
1.3865482 0.39338624 -0.12818204 6710886
1.386791 0.38461345 -0.12820448 6710886
1.3870341 0.37583762 -0.12822695 6710886
1.3872772 0.36705872 -0.12824944 6710886
1.3875204 0.35827672 -0.12827192 6710886
1.3877637 0.34949166 -0.12829441 6710886
1.388007 0.34070349 -0.12831691 6710886
1.3882506 0.33191228 -0.12833941 6710886
1.3884941 0.32311797 -0.12836193 6710886
1.3887377 0.31432053 -0.12838444 6710886
1.3889815 0.30552006 -0.12840699 6710886
1.3892252 0.29671648 -0.12842952 6710886
1.3894691 0.28790981 -0.12845206 6710886
1.389713 0.27910003 -0.12847462 6710886
1.3899572 0.27028719 -0.12849718 6710886
1.3902013 0.26147124 -0.12851976 6710886
1.3904456 0.25265217 -0.12854233 6710886
1.3906897 0.24383 -0.12856491 6710886
1.3909342 0.23500477 -0.12858751 6710886
1.3911787 0.22617641 -0.12861012 6710886
1.3914233 0.21734495 -0.12863272 6710886
1.391668 0.20851038 -0.12865534 6710886
1.3919127 0.19967271 -0.12867796 6710886
1.3921576 0.19083193 -0.1287006 6710886
1.3924023 0.18198802 -0.12872323 6710886
1.3926474 0.17314102 -0.12874588 6710886
1.3928925 0.1642909 -0.12876855 6710886
1.3931377 0.15543768 -0.12879121 6710886
1.3933829 0.14658132 -0.12881388 6710886
1.3936282 0.13772185 -0.12883656 6710886
1.3938737 0.12885925 -0.12885925 6710886
1.3941193 0.11999355 -0.12888196 6710886
1.3943647 0.11112469 -0.12890466 6710886
1.3946105 0.10225274 -0.12892738 6710886
1.3948563 0.093377657 -0.1289501 6710886
1.3951021 0.084499434 -0.12897283 6710886
1.3953481 0.075618088 -0.12899555 6710886
1.3955941 0.066733606 -0.12901831 6710886
1.3958403 0.057845991 -0.12904106 6710886
1.3960866 0.048955247 -0.12906383 6710886
1.3963327 0.040061355 -0.12908658 6710886
1.3965791 0.031164329 -0.12910937 6710886
1.3968257 0.022264166 -0.12913215 6710886
1.3970722 0.013360857 -0.12915495 6710886
1.3973188 0.004454405 -0.12917775 6710886
1.3975656 -0.0044551915 -0.12920056 6710886
1.3978125 -0.013367936 -0.12922339 6710886
1.3980594 -0.02228383 -0.12924621 6710886
1.3983063 -0.031202869 -0.12926903 6710886
1.3985534 -0.040125065 -0.12929188 6710886
1.3988006 -0.049050417 -0.12931474 6710886
1.399048 -0.057978924 -0.12933759 6710886
1.3992952 -0.06691058 -0.12936045 6710886
1.3995427 -0.075845405 -0.12938334 6710886
1.39979 -0.084783375 -0.1294062 6710886
1.4000378 -0.093724526 -0.1294291 6710886
1.4002855 -0.10266883 -0.12945201 6710886
1.4005331 -0.11161629 -0.12947489 6710886
1.400781 -0.12056693 -0.12949781 6710886
1.401029 -0.12952074 -0.12952074 6710886
1.4012769 -0.13847771 -0.12954366 6710886
1.4015251 -0.14743787 -0.12956661 6710886
1.4017735 -0.1564012 -0.12958956 6710886
1.4020216 -0.16536768 -0.12961251 6710886
1.4022701 -0.17433736 -0.12963547 6710886
1.4025185 -0.18331021 -0.12965845 6710886
1.4027671 -0.19228624 -0.12968142 6710886
1.4030157 -0.20126545 -0.1297044 6710886
1.4032644 -0.21024784 -0.12972739 6710886
1.4035133 -0.21923345 -0.1297504 6710886
1.4037622 -0.22822222 -0.12977342 6710886
1.4040111 -0.23721416 -0.12979643 6710886
1.4042603 -0.24620932 -0.12981947 6710886
1.4045095 -0.25520769 -0.1298425 6710886
1.4047587 -0.26420921 -0.12986554 6710886
1.4050081 -0.27321395 -0.12988859 6710886
1.4052576 -0.28222188 -0.12991166 6710886
1.4055071 -0.291233 -0.12993473 6710886
1.4057567 -0.30024734 -0.12995781 6710886
1.4060065 -0.30926487 -0.12998089 6710886
1.4062562 -0.31828561 -0.13000397 6710886
1.4065062 -0.32730958 -0.13002709 6710886
1.4067562 -0.33633673 -0.1300502 6710886
1.4070061 -0.34536707 -0.13007331 6710886
1.4072564 -0.35440066 -0.13009644 6710886
1.4075066 -0.36343744 -0.13011958 6710886
1.4077569 -0.37247744 -0.13014272 6710886
1.4080074 -0.38152066 -0.13016587 6710886
1.4082578 -0.39056706 -0.13018903 6710886
1.4085084 -0.39961672 -0.13021219 6710886
1.4087592 -0.40866962 -0.13023537 6710886
1.4090101 -0.41772574 -0.13025856 6710886
1.4092609 -0.42678505 -0.13028175 6710886
1.4095119 -0.43584764 -0.13030496 6710886
1.409763 -0.44491342 -0.13032816 6710886
1.4100143 -0.45398247 -0.13035139 6710886
1.4102656 -0.46305472 -0.13037463 6710886
1.3862115 -0.46399468 -0.12815091 6710886
1.3792549 -0.47045979 -0.12750779 6710886
1.3795933 -0.47937101 -0.12753907 6710886
1.3799319 -0.48828664 -0.12757038 6710886
1.3802706 -0.4972066 -0.1276017 6710886
1.3806098 -0.50613105 -0.12763305 6710886
1.3697009 0.99989736 -0.13535729 6710886
1.369938 0.99133623 -0.13538072 6710886
1.3701752 0.98277211 -0.13540415 6710886
1.3704125 0.97420502 -0.13542761 6710886
1.3706497 0.96563488 -0.13545105 6710886
1.3708872 0.95706189 -0.13547452 6710886
1.3711247 0.94848597 -0.13549799 6710886
1.3713622 0.9399069 -0.13552146 6710886
1.3715999 0.93132496 -0.13554496 6710886
1.3718376 0.92274004 -0.13556844 6710886
1.3720754 0.91415215 -0.13559194 6710886
1.3723133 0.90556121 -0.13561544 6710886
1.3725513 0.89696741 -0.13563897 6710886
1.3727894 0.88837051 -0.1356625 6710886
1.3730276 0.87977076 -0.13568604 6710886
1.3732657 0.8711679 -0.13570957 6710886
1.373504 0.86256206 -0.13573313 6710886
1.3737425 0.8539533 -0.13575669 6710886
1.373981 0.84534156 -0.13578026 6710886
1.3742195 0.83672678 -0.13580383 6710886
1.3744582 0.82810909 -0.13582741 6710886
1.3746969 0.81948829 -0.135851 6710886
1.3749356 0.81086451 -0.1358746 6710886
1.3751745 0.80223775 -0.1358982 6710886
1.3754135 0.79360807 -0.13592182 6710886
1.3756527 0.78497535 -0.13594545 6710886
1.3758917 0.77633953 -0.13596907 6710886
1.3761309 0.76770085 -0.13599272 6710886
1.3763703 0.75905913 -0.13601637 6710886
1.3766097 0.75041437 -0.13604003 6710886
1.3768491 0.74176651 -0.13606368 6710886
1.3770887 0.73311579 -0.13608736 6710886
1.3773284 0.72446203 -0.13611105 6710886
1.3775681 0.71580529 -0.13613474 6710886
1.3778079 0.70714539 -0.13615844 6710886
1.3780477 0.69848257 -0.13618213 6710886
1.3782878 0.68981677 -0.13620587 6710886
1.3785278 0.68114787 -0.13622957 6710886
1.3787678 0.67247599 -0.1362533 6710886
1.3790082 0.66380113 -0.13627705 6710886
1.3792485 0.65512323 -0.1363008 6710886
1.3794888 0.64644223 -0.13632455 6710886
1.3797293 0.63775826 -0.13634831 6710886
1.37997 0.6290713 -0.1363721 6710886
1.3802106 0.6203813 -0.13639589 6710886
1.3804512 0.61168814 -0.13641965 6710886
1.3806921 0.60299206 -0.13644347 6710886
1.380933 0.59429294 -0.13646728 6710886
1.381174 0.58559078 -0.13649108 6710886
1.381415 0.57688558 -0.1365149 6710886
1.3816562 0.56817734 -0.13653873 6710886
1.3818974 0.55946606 -0.13656257 6710886
1.3821387 0.55075169 -0.13658643 6710886
1.3823801 0.54203433 -0.13661028 6710886
1.3826216 0.53331393 -0.13663414 6710886
1.3828633 0.52459049 -0.13665803 6710886
1.3831048 0.5158639 -0.13668188 6710886
1.3833466 0.50713438 -0.13670579 6710886
1.3835884 0.49840176 -0.13672969 6710886
1.3838303 0.48966607 -0.13675359 6710886
1.3840723 0.48092735 -0.13677751 6710886
1.3843144 0.47218558 -0.13680142 6710886
1.3845565 0.46344072 -0.13682535 6710886
1.3847989 0.45469284 -0.1368493 6710886
1.3850411 0.44594187 -0.13687325 6710886
1.3852836 0.43718785 -0.13689721 6710886
1.3855261 0.42843074 -0.13692117 6710886
1.3857687 0.41967058 -0.13694514 6710886
1.3860112 0.41090733 -0.13696912 6710886
1.3862541 0.40214106 -0.13699311 6710886
1.3864969 0.3933717 -0.1370171 6710886
1.38674 0.3845993 -0.13704112 6710886
1.3869828 0.37582374 -0.13706513 6710886
1.387226 0.36704516 -0.13708916 6710886
1.3874692 0.35826349 -0.13711318 6710886
1.3877125 0.34947875 -0.13713723 6710886
1.3879558 0.34069091 -0.13716128 6710886
1.3881992 0.3319 -0.13718534 6710886
1.3884428 0.32310602 -0.1372094 6710886
1.3886864 0.31430894 -0.13723348 6710886
1.3889301 0.30550876 -0.13725756 6710886
1.3891739 0.29670551 -0.13728166 6710886
1.3894178 0.28789917 -0.13730575 6710886
1.3896617 0.27908972 -0.13732986 6710886
1.3899057 0.27027717 -0.13735397 6710886
1.3901498 0.26146156 -0.1373781 6710886
1.3903941 0.25264281 -0.13740224 6710886
1.3906382 0.24382097 -0.13742636 6710886
1.3908826 0.23499604 -0.13745052 6710886
1.3911271 0.22616802 -0.13747467 6710886
1.3913717 0.21733689 -0.13749886 6710886
1.3916163 0.20850265 -0.13752303 6710886
1.3918611 0.19966531 -0.13754721 6710886
1.3921059 0.19082485 -0.13757141 6710886
1.3923508 0.18198128 -0.13759561 6710886
1.3925958 0.17313461 -0.13761981 6710886
1.3928409 0.16428481 -0.13764404 6710886
1.393086 0.1554319 -0.13766825 6710886
1.3933313 0.14657588 -0.1376925 6710886
1.3935765 0.13771673 -0.13771673 6710886
1.393822 0.12885447 -0.13774098 6710886
1.3940675 0.1199891 -0.13776526 6710886
1.3943131 0.11112058 -0.13778952 6710886
1.3945587 0.10224894 -0.13781379 6710886
1.3948045 0.093374185 -0.13783808 6710886
1.3950503 0.084496297 -0.13786237 6710886
1.3952963 0.075615279 -0.13788669 6710886
1.3955423 0.066731125 -0.13791099 6710886
1.3957884 0.057843845 -0.13793533 6710886
1.3960346 0.048953421 -0.13795964 6710886
1.3962809 0.040059868 -0.13798399 6710886
1.3965272 0.031163169 -0.13800833 6710886
1.3967737 0.022263337 -0.13803269 6710886
1.3970202 0.01336036 -0.13805705 6710886
1.3972669 0.0044542393 -0.13808142 6710886
1.3975135 -0.0044550258 -0.13810579 6710886
1.3977604 -0.013367438 -0.13813019 6710886
1.3980073 -0.022282999 -0.1381546 6710886
1.3982542 -0.031201707 -0.13817899 6710886
1.3985013 -0.040123571 -0.13820341 6710886
1.3987485 -0.049048588 -0.13822785 6710886
1.3989958 -0.05797676 -0.13825227 6710886
1.399243 -0.066908084 -0.13827671 6710886
1.3994905 -0.075842574 -0.13830116 6710886
1.3997378 -0.084780209 -0.13832562 6710886
1.3999854 -0.093721017 -0.13835008 6710886
1.4002331 -0.10266499 -0.13837455 6710886
1.4004809 -0.11161213 -0.13839903 6710886
1.4007287 -0.12056243 -0.13842353 6710886
1.4009768 -0.12951592 -0.13844804 6710886
1.4012247 -0.13847254 -0.13847254 6710886
1.4014728 -0.14743236 -0.13849707 6710886
1.401721 -0.15639535 -0.1385216 6710886
1.4019693 -0.16536151 -0.13854612 6710886
1.4022176 -0.17433085 -0.13857067 6710886
1.4024662 -0.18330337 -0.13859524 6710886
1.4027146 -0.19227906 -0.13861978 6710886
1.4029633 -0.20125794 -0.13864435 6710886
1.4032121 -0.21024001 -0.13866894 6710886
1.4034609 -0.21922526 -0.13869353 6710886
1.4037098 -0.2282137 -0.13871813 6710886
1.4039587 -0.2372053 -0.13874273 6710886
1.4042078 -0.24620013 -0.13876735 6710886
1.404457 -0.25519812 -0.13879196 6710886
1.4047061 -0.26419932 -0.1388166 6710886
1.4049555 -0.27320373 -0.13884123 6710886
1.405205 -0.28221133 -0.13886589 6710886
1.4054544 -0.2912221 -0.13889053 6710886
1.405704 -0.30023608 -0.1389152 6710886
1.4059538 -0.30925328 -0.13893989 6710886
1.4062035 -0.31827369 -0.13896456 6710886
1.4064534 -0.32729727 -0.13898925 6710886
1.4067035 -0.33632413 -0.13901398 6710886
1.4069535 -0.34535414 -0.13903868 6710886
1.4072036 -0.35438734 -0.13906339 6710886
1.4074539 -0.36342382 -0.13908812 6710886
1.4077041 -0.37246346 -0.13911286 6710886
1.4079546 -0.38150635 -0.13913761 6710886
1.408205 -0.39055243 -0.13916236 6710886
1.4084556 -0.39960173 -0.13918713 6710886
1.4087063 -0.40865427 -0.13921189 6710886
1.4089571 -0.41771004 -0.13923669 6710886
1.4092081 -0.42676905 -0.13926148 6710886
1.409459 -0.43583125 -0.13928628 6710886
1.40971 -0.4448967 -0.13931109 6710886
1.4099613 -0.45396543 -0.13933592 6710886
1.4102126 -0.46303734 -0.13936076 6710886
1.3886794 -0.46482071 -0.13723278 6710886
1.3890224 -0.47379145 -0.13726668 6710886
1.3893657 -0.48276666 -0.13730061 6710886
1.3897089 -0.49174619 -0.13733453 6710886
1.3900524 -0.50073022 -0.13736847 6710886
1.3903964 -0.50971884 -0.13740246 6710886
1.3696511 0.999861 -0.14408477 6710886
1.3698881 0.99130005 -0.1441097 6710886
1.3701252 0.98273623 -0.14413464 6710886
1.3703625 0.97416949 -0.14415962 6710886
1.3705997 0.96559972 -0.14418457 6710886
1.3708371 0.95702696 -0.14420953 6710886
1.3710746 0.94845122 -0.14423452 6710886
1.3713121 0.93987256 -0.14425951 6710886
1.3715497 0.93129092 -0.1442845 6710886
1.3717875 0.92270637 -0.14430952 6710886
1.3720254 0.91411877 -0.14433454 6710886
1.3722632 0.90552813 -0.14435956 6710886
1.3725011 0.89693457 -0.14438459 6710886
1.3727392 0.88833809 -0.14440964 6710886
1.3729774 0.87973857 -0.14443469 6710886
1.3732156 0.87113607 -0.14445975 6710886
1.3734539 0.86253059 -0.14448482 6710886
1.3736923 0.85392213 -0.1445099 6710886
1.3739307 0.84531063 -0.14453498 6710886
1.3741691 0.83669609 -0.14456005 6710886
1.3744078 0.82807869 -0.14458516 6710886
1.3746465 0.81945831 -0.14461029 6710886
1.3748854 0.81083488 -0.14463541 6710886
1.3751242 0.80220842 -0.14466053 6710886
1.3753631 0.79357898 -0.14468567 6710886
1.3756022 0.78494656 -0.14471082 6710886
1.3758414 0.77631116 -0.14473598 6710886
1.3760805 0.76767272 -0.14476113 6710886
1.3763198 0.75903124 -0.1447863 6710886
1.3765593 0.75038683 -0.1448115 6710886
1.3767987 0.74173945 -0.14483669 6710886
1.3770381 0.73308885 -0.14486188 6710886
1.3772779 0.72443545 -0.14488709 6710886
1.3775176 0.71577901 -0.14491232 6710886
1.3777572 0.70711941 -0.14493752 6710886
1.3779972 0.69845694 -0.14496276 6710886
1.3782371 0.68979144 -0.14498802 6710886
1.3784772 0.6811229 -0.14501326 6710886
1.3787173 0.67245132 -0.14503852 6710886
1.3789575 0.66377676 -0.14506379 6710886
1.3791978 0.65509915 -0.14508907 6710886
1.3794383 0.64641857 -0.14511436 6710886
1.3796786 0.63773483 -0.14513965 6710886
1.3799192 0.62904817 -0.14516495 6710886
1.3801599 0.62035847 -0.14519027 6710886
1.3804005 0.61166567 -0.1452156 6710886
1.3806413 0.60296988 -0.14524093 6710886
1.3808823 0.59427112 -0.14526626 6710886
1.3811232 0.58556926 -0.14529161 6710886
1.3813642 0.57686436 -0.14531697 6710886
1.3816054 0.56815642 -0.14534234 6710886
1.3818465 0.55944544 -0.14536771 6710886
1.3820879 0.55073148 -0.1453931 6710886
1.3823292 0.54201436 -0.14541849 6710886
1.3825707 0.53329426 -0.1454439 6710886
1.3828123 0.52457112 -0.14546931 6710886
1.383054 0.515845 -0.14549473 6710886
1.3832957 0.50711572 -0.14552015 6710886
1.3835374 0.49838337 -0.14554559 6710886
1.3837794 0.48964807 -0.14557104 6710886
1.3840214 0.48090968 -0.1455965 6710886
1.3842633 0.47216815 -0.14562194 6710886
1.3845055 0.46342364 -0.14564744 6710886
1.3847477 0.45467606 -0.14567292 6710886
1.3849901 0.44592544 -0.14569841 6710886
1.3852324 0.4371717 -0.14572391 6710886
1.3854749 0.42841494 -0.14574941 6710886
1.3857175 0.41965511 -0.14577493 6710886
1.3859602 0.41089222 -0.14580046 6710886
1.3862029 0.40212622 -0.145826 6710886
1.3864458 0.39335719 -0.14585154 6710886
1.3866887 0.38458508 -0.14587709 6710886
1.3869317 0.37580988 -0.14590266 6710886
1.3871747 0.3670316 -0.14592823 6710886
1.3874179 0.35825026 -0.1459538 6710886
1.3876612 0.34946585 -0.1459794 6710886
1.3879045 0.34067833 -0.146005 6710886
1.3881478 0.33188772 -0.14603059 6710886
1.3883914 0.32309404 -0.14605622 6710886
1.388635 0.31429732 -0.14608185 6710886
1.3888786 0.30549744 -0.14610747 6710886
1.3891225 0.29669452 -0.14613312 6710886
1.3893663 0.2878885 -0.14615877 6710886
1.3896103 0.27907938 -0.14618444 6710886
1.3898542 0.27026716 -0.1462101 6710886
1.3900983 0.26145187 -0.14623578 6710886
1.3903426 0.25263345 -0.14626148 6710886
1.3905869 0.24381196 -0.14628717 6710886
1.3908311 0.23498733 -0.14631288 6710886
1.3910756 0.22615965 -0.1463386 6710886
1.3913202 0.21732885 -0.14636433 6710886
1.3915648 0.20849493 -0.14639007 6710886
1.3918095 0.1996579 -0.1464158 6710886
1.3920543 0.19081777 -0.14644155 6710886
1.3922992 0.18197453 -0.14646731 6710886
1.3925442 0.17312819 -0.14649308 6710886
1.3927891 0.16427872 -0.14651886 6710886
1.3930343 0.15542614 -0.14654465 6710886
1.3932796 0.14657044 -0.14657044 6710886
1.3935249 0.13771163 -0.14659625 6710886
1.3937702 0.12884969 -0.14662206 6710886
1.3940157 0.11998463 -0.14664789 6710886
1.3942612 0.11111645 -0.14667371 6710886
1.3945069 0.10224515 -0.14669956 6710886
1.3947526 0.093370713 -0.1467254 6710886
1.3949986 0.08449316 -0.14675128 6710886
1.3952445 0.075612471 -0.14677715 6710886
1.3954905 0.066728652 -0.14680304 6710886
1.3957365 0.057841688 -0.1468289 6710886
1.3959827 0.048951603 -0.14685482 6710886
1.396229 0.040058378 -0.14688072 6710886
1.3964752 0.031162011 -0.14690661 6710886
1.3967217 0.022262508 -0.14693256 6710886
1.3969682 0.013359862 -0.14695849 6710886
1.3972149 0.004454074 -0.14698443 6710886
1.3974615 -0.00445486 -0.14701039 6710886
1.3977083 -0.013366939 -0.14703634 6710886
1.3979552 -0.022282168 -0.14706232 6710886
1.3982022 -0.031200547 -0.14708829 6710886
1.3984492 -0.040122077 -0.14711428 6710886
1.3986963 -0.049046759 -0.14714028 6710886
1.3989437 -0.057974603 -0.1471663 6710886
1.3991909 -0.066905595 -0.1471923 6710886
1.3994383 -0.075839743 -0.14721833 6710886
1.3996856 -0.08477705 -0.14724435 6710886
1.3999332 -0.093717523 -0.1472704 6710886
1.4001809 -0.10266117 -0.14729646 6710886
1.4004287 -0.11160797 -0.14732252 6710886
1.4006765 -0.12055793 -0.14734858 6710886
1.4009244 -0.12951107 -0.14737467 6710886
1.4011724 -0.13846737 -0.14740075 6710886
1.4014205 -0.14742686 -0.14742686 6710886
1.4016687 -0.1563895 -0.14745297 6710886
1.4019169 -0.16535532 -0.14747907 6710886
1.4021653 -0.17432433 -0.14750521 6710886
1.4024137 -0.18329652 -0.14753135 6710886
1.4026623 -0.19227187 -0.14755748 6710886
1.4029108 -0.20125042 -0.14758363 6710886
1.4031596 -0.21023215 -0.14760982 6710886
1.4034083 -0.21921705 -0.14763597 6710886
1.4036572 -0.22820514 -0.14766215 6710886
1.4039062 -0.23719645 -0.14768834 6710886
1.4041553 -0.24619091 -0.14771454 6710886
1.4044044 -0.25518858 -0.14774075 6710886
1.4046537 -0.26418945 -0.14776698 6710886
1.4049029 -0.27319351 -0.1477932 6710886
1.4051524 -0.28220075 -0.14781944 6710886
1.4054019 -0.29121122 -0.1478457 6710886
1.4056515 -0.30022487 -0.14787194 6710886
1.4059012 -0.30924171 -0.14789821 6710886
1.4061508 -0.31826174 -0.14792448 6710886
1.4064007 -0.32728502 -0.14795077 6710886
1.4066507 -0.33631149 -0.14797705 6710886
1.4069006 -0.34534118 -0.14800335 6710886
1.4071509 -0.35437408 -0.14802969 6710886
1.4074011 -0.36341017 -0.148056 6710886
1.4076513 -0.37244949 -0.14808233 6710886
1.4079018 -0.38149205 -0.14810868 6710886
1.4081522 -0.39053777 -0.14813502 6710886
1.4084028 -0.39958677 -0.14816138 6710886
1.4086534 -0.40863892 -0.14818774 6710886
1.4089042 -0.41769436 -0.14821413 6710886
1.4091551 -0.42675301 -0.14824052 6710886
1.4094061 -0.43581489 -0.14826693 6710886
1.4096572 -0.44488004 -0.14829335 6710886
1.4099084 -0.45394838 -0.14831977 6710886
1.4101596 -0.46301994 -0.14834619 6710886
1.3985811 -0.46813506 -0.14712816 6710886
1.3989291 -0.47717062 -0.14716476 6710886
1.3992772 -0.48621064 -0.14720139 6710886
1.3996255 -0.4952552 -0.14723803 6710886
1.3999739 -0.50430417 -0.14727467 6710886
1.4003227 -0.51335782 -0.14731136 8421504
1.3696011 0.99982452 -0.1528116 6710886
1.369838 0.99126387 -0.15283804 6710886
1.3700752 0.98270041 -0.1528645 6710886
1.3703125 0.97413391 -0.15289098 6710886
1.3705498 0.96556449 -0.15291746 6710886
1.370787 0.95699197 -0.15294392 6710886
1.3710245 0.94841659 -0.15297042 6710886
1.3712621 0.93983829 -0.15299693 6710886
1.3714998 0.93125701 -0.15302345 6710886
1.3717374 0.92267257 -0.15304996 6710886
1.3719752 0.91408533 -0.15307648 6710886
1.372213 0.90549505 -0.15310302 6710886
1.3724511 0.89690185 -0.15312959 6710886
1.372689 0.8883056 -0.15315613 6710886
1.3729272 0.87970644 -0.15318272 6710886
1.3731654 0.87110424 -0.15320928 6710886
1.3734035 0.862499 -0.15323585 6710886
1.373642 0.85389084 -0.15326247 6710886
1.3738804 0.84527969 -0.15328906 6710886
1.3741189 0.83666557 -0.15331568 6710886
1.3743575 0.82804835 -0.15334229 6710886
1.3745962 0.81942827 -0.15336893 6710886
1.374835 0.8108052 -0.15339558 6710886
1.3750739 0.8021791 -0.15342222 6710886
1.3753128 0.79354995 -0.15344888 6710886
1.3755518 0.78491783 -0.15347555 6710886
1.375791 0.77628273 -0.15350223 6710886
1.3760301 0.76764458 -0.15352891 6710886
1.3762693 0.7590034 -0.1535556 6710886
1.3765087 0.7503593 -0.15358232 6710886
1.3767482 0.74171221 -0.15360904 6710886
1.3769876 0.73306197 -0.15363574 6710886
1.3772273 0.72440886 -0.15366249 6710886
1.377467 0.71575272 -0.15368924 6710886
1.3777068 0.70709354 -0.15371598 6710886
1.3779466 0.69843131 -0.15374275 6710886
1.3781866 0.68976611 -0.15376952 6710886
1.3784266 0.68109787 -0.1537963 6710886
1.3786668 0.6724267 -0.15382309 6710886
1.3789068 0.66375238 -0.15384988 6710886
1.3791472 0.65507507 -0.15387669 6710886
1.3793875 0.64639473 -0.15390351 6710886
1.3796279 0.63771141 -0.15393034 6710886
1.3798684 0.62902498 -0.15395717 6710886
1.3801091 0.62033564 -0.15398403 6710886
1.3803498 0.6116432 -0.15401088 6710886
1.3805906 0.60294771 -0.15403774 6710886
1.3808314 0.59424919 -0.15406461 6710886
1.3810724 0.58554769 -0.15409151 6710886
1.3813134 0.57684314 -0.15411839 6710886
1.3815545 0.5681355 -0.15414529 6710886
1.3817958 0.55942488 -0.15417221 6710886
1.382037 0.55071115 -0.15419914 6710886
1.3822784 0.54199445 -0.15422606 6710886
1.3825198 0.53327465 -0.15425299 6710886
1.3827614 0.52455181 -0.15427995 6710886
1.383003 0.51582593 -0.1543069 6710886
1.3832448 0.50709701 -0.15433387 6710886
1.3834865 0.49836504 -0.15436086 6710886
1.3837284 0.48963001 -0.15438785 6710886
1.3839703 0.48089188 -0.15441483 6710886
1.3842124 0.47215077 -0.15444183 6710886
1.3844544 0.46340653 -0.15446883 6710886
1.3846967 0.45465931 -0.15449588 6710886
1.384939 0.44590896 -0.15452291 6710886
1.3851814 0.4371556 -0.15454996 6710886
1.3854238 0.42839912 -0.154577 6710886
1.3856664 0.41963962 -0.15460406 6710886
1.3859091 0.41087705 -0.15463115 6710886
1.3861518 0.40211138 -0.15465823 6710886
1.3863945 0.39334264 -0.1546853 6710886
1.3866374 0.38457087 -0.15471241 6710886
1.3868805 0.37579602 -0.15473953 6710886
1.3871236 0.36701807 -0.15476665 6710886
1.3873667 0.35823703 -0.15479377 6710886
1.3876098 0.34945291 -0.1548209 6710886
1.3878533 0.34066576 -0.15484807 6710886
1.3880966 0.33187547 -0.15487522 6710886
1.3883401 0.32308212 -0.15490238 6710886
1.3885837 0.3142857 -0.15492956 6710886
1.3888273 0.30548617 -0.15495674 6710886
1.389071 0.29668352 -0.15498394 6710886
1.3893149 0.28787786 -0.15501115 6710886
1.3895588 0.27906904 -0.15503836 6710886
1.3898028 0.27025717 -0.15506558 6710886
1.3900468 0.26144218 -0.15509282 6710886
1.3902911 0.25262409 -0.15512006 6710886
1.3905354 0.24380293 -0.15514731 6710886
1.3907797 0.23497866 -0.15517458 6710886
1.391024 0.22615126 -0.15520184 6710886
1.3912686 0.21732078 -0.15522914 6710886
1.3915132 0.2084872 -0.15525642 6710886
1.391758 0.19965051 -0.15528373 6710886
1.3920026 0.19081068 -0.15531102 6710886
1.3922476 0.18196779 -0.15533836 6710886
1.3924925 0.17312177 -0.15536569 6710886
1.3927375 0.16427262 -0.15539302 6710886
1.3929826 0.15542036 -0.15542036 6710886
1.3932278 0.14656501 -0.15544772 6710886
1.3934731 0.13770652 -0.15547509 6710886
1.3937186 0.12884492 -0.15550248 6710886
1.3939639 0.11998018 -0.15552986 6710886
1.3942095 0.11111233 -0.15555726 6710886
1.3944552 0.10224135 -0.15558468 6710886
1.3947009 0.093367249 -0.15561208 6710886
1.3949467 0.084490016 -0.15563951 6710886
1.3951926 0.075609662 -0.15566695 6710886
1.3954386 0.066726163 -0.1556944 6710886
1.3956846 0.057839543 -0.15572184 6710886
1.3959308 0.048949782 -0.15574931 6710886
1.3961771 0.040056888 -0.15577678 6710886
1.3964233 0.031160854 -0.15580426 6710886
1.3966697 0.022261679 -0.15583175 6710886
1.3969163 0.013359365 -0.15585926 6710886
1.3971629 0.0044539082 -0.15588678 6710886
1.3974096 -0.0044546942 -0.15591431 6710886
1.3976563 -0.013366443 -0.15594183 6710886
1.3979032 -0.022281339 -0.15596938 6710886
1.3981501 -0.031199384 -0.15599692 6710886
1.3983972 -0.040120583 -0.1560245 6710886
1.3986442 -0.049044933 -0.15605205 6710886
1.3988914 -0.057972439 -0.15607964 6710886
1.3991387 -0.066903099 -0.15610723 6710886
1.399386 -0.075836912 -0.15613483 6710886
1.3996336 -0.084773906 -0.15616246 6710886
1.399881 -0.093714029 -0.15619005 6710886
1.4001287 -0.10265734 -0.15621769 6710886
1.4003764 -0.1116038 -0.15624532 6710886
1.4006243 -0.12055344 -0.15627298 6710886
1.4008721 -0.12950623 -0.15630063 6710886
1.4011202 -0.13846222 -0.15632831 6710886
1.4013681 -0.14742135 -0.15635598 6710886
1.4016163 -0.15638366 -0.15638366 6710886
1.4018645 -0.16534916 -0.15641136 6710886
1.402113 -0.17431782 -0.15643908 6710886
1.4023614 -0.18328968 -0.1564668 6710886
1.4026098 -0.19226469 -0.15649451 6710886
1.4028585 -0.20124291 -0.15652226 6710886
1.4031072 -0.21022429 -0.15655001 6710886
1.4033558 -0.21920885 -0.15657775 6710886
1.4036047 -0.22819662 -0.15660553 6710886
1.4038538 -0.23718758 -0.1566333 6710886
1.4041027 -0.2461817 -0.15666108 6710886
1.4043518 -0.25517902 -0.15668888 6710886
1.4046011 -0.26417956 -0.15671669 6710886
1.4048504 -0.27318326 -0.1567445 6710886
1.4050997 -0.28219017 -0.15677233 6710886
1.4053493 -0.29120031 -0.15680017 6710886
1.4055988 -0.30021361 -0.156828 6710886
1.4058485 -0.30923015 -0.15685587 6710886
1.4060982 -0.31824985 -0.15688373 6710886
1.406348 -0.32727274 -0.1569116 6710886
1.406598 -0.33629891 -0.15693949 6710886
1.4068481 -0.34532827 -0.15696739 6710886
1.4070981 -0.35436079 -0.15699528 6710886
1.4073483 -0.36339656 -0.15702321 6710886
1.4075985 -0.37243551 -0.15705112 6710886
1.407849 -0.38147771 -0.15707907 6710886
1.4080994 -0.39052314 -0.15710701 6710886
1.4083499 -0.39957175 -0.15713495 6710886
1.4086006 -0.40862361 -0.15716292 6710886
1.4088514 -0.41767871 -0.1571909 6710886
1.4091022 -0.42673701 -0.15721889 6710886
1.4093533 -0.43579856 -0.1572469 6710886
1.4096043 -0.44486332 -0.15727492 6710886
1.4098555 -0.45393133 -0.15730295 6710886
1.4101067 -0.46300256 -0.15733096 6710886
1.4065979 -0.47081843 -0.15693948 6710886
1.406908 -0.47989219 -0.15697408 6710886
1.4072174 -0.48896962 -0.1570086 6710886
1.4075269 -0.49805105 -0.15704313 6710886
1.4078364 -0.50713646 -0.15707767 6710886
1.3695512 0.99978805 -0.16153781 6710886
1.3697882 0.99122781 -0.16156577 6710886
1.3700252 0.98266447 -0.16159372 6710886
1.3702624 0.97409832 -0.16162169 6710886
1.3704997 0.9655292 -0.16164969 6710886
1.3707371 0.9569571 -0.16167769 6710886
1.3709744 0.94838196 -0.16170567 6710886
1.371212 0.93980396 -0.1617337 6710886
1.3714496 0.93122292 -0.16176173 6710886
1.3716872 0.92263883 -0.16178975 6710886
1.371925 0.91405189 -0.1618178 6710886
1.3721629 0.90546203 -0.16184586 6710886
1.3724009 0.89686906 -0.16187394 6710886
1.3726388 0.88827312 -0.161902 6710886
1.3728769 0.8796742 -0.16193007 6710886
1.3731151 0.87107229 -0.16195817 6710886
1.3733534 0.86246747 -0.16198628 6710886
1.3735917 0.8538596 -0.16201438 6710886
1.3738301 0.84524876 -0.1620425 6710886
1.3740686 0.83663493 -0.16207063 6710886
1.3743073 0.82801813 -0.1620988 6710886
1.3745459 0.81939828 -0.16212694 6710886
1.3747847 0.81077552 -0.16215511 6710886
1.3750235 0.80214965 -0.16218327 6710886
1.3752624 0.79352081 -0.16221145 6710886
1.3755014 0.78488904 -0.16223964 6710886
1.3757405 0.77625424 -0.16226783 6710886
1.3759797 0.76761645 -0.16229604 6710886
1.3762189 0.75897563 -0.16232426 6710886
1.3764583 0.75033182 -0.1623525 6710886
1.3766977 0.74168497 -0.16238073 6710886
1.3769373 0.73303521 -0.16240899 6710886
1.3771768 0.72438228 -0.16243725 6710886
1.3774164 0.71572644 -0.1624655 6710886
1.3776562 0.70706761 -0.1624938 6710886
1.3778961 0.69840574 -0.16252208 6710886
1.3781359 0.68974078 -0.16255037 6710886
1.378376 0.68107289 -0.16257869 6710886
1.3786161 0.67240196 -0.16260701 6710886
1.3788562 0.66372794 -0.16263533 6710886
1.3790965 0.65505099 -0.16266367 6710886
1.3793368 0.64637101 -0.16269203 6710886
1.3795773 0.63768798 -0.16272038 6710886
1.3798177 0.62900192 -0.16274874 6710886
1.3800583 0.62031281 -0.16277711 6710886
1.3802991 0.61162072 -0.16280551 6710886
1.3805399 0.6029256 -0.16283393 6710886
1.3807806 0.59422737 -0.16286232 6710886
1.3810216 0.58552617 -0.16289075 6710886
1.3812627 0.57682192 -0.16291918 6710886
1.3815037 0.56811464 -0.1629476 6710886
1.3817449 0.55940425 -0.16297604 6710886
1.3819861 0.55069089 -0.1630045 6710886
1.3822275 0.54197448 -0.16303298 6710886
1.3824689 0.53325504 -0.16306145 6710886
1.3827105 0.5245325 -0.16308995 6710886
1.3829521 0.51580697 -0.16311844 6710886
1.3831937 0.50707835 -0.16314694 6710886
1.3834356 0.49834672 -0.16317546 6710886
1.3836774 0.48961195 -0.16320398 6710886
1.3839192 0.48087415 -0.16323252 6710886
1.3841614 0.47213337 -0.16326107 6710886
1.3844035 0.46338949 -0.16328962 6710886
1.3846456 0.4546425 -0.16331819 6710886
1.3848879 0.44589254 -0.16334677 6710886
1.3851303 0.43713945 -0.16337536 6710886
1.3853728 0.42838335 -0.16340396 6710886
1.3856152 0.41962412 -0.16343255 6710886
1.3858578 0.41086185 -0.16346116 6710886
1.3861006 0.40209657 -0.1634898 6710886
1.3863434 0.39332813 -0.16351844 6710886
1.3865862 0.38455665 -0.16354708 6710886
1.3868293 0.37578213 -0.16357575 6710886
1.3870723 0.36700451 -0.16360442 6710886
1.3873154 0.3582238 -0.16363309 6710886
1.3875586 0.34944001 -0.16366178 6710886
1.3878019 0.34065315 -0.16369046 6710886
1.3880453 0.33186319 -0.16371918 6710886
1.3882887 0.32307017 -0.16374789 6710886
1.3885323 0.31427404 -0.16377662 6710886
1.3887759 0.30547485 -0.16380537 6710886
1.3890197 0.29667258 -0.16383411 6710886
1.3892635 0.28786719 -0.16386287 6710886
1.3895074 0.27905872 -0.16389163 6710886
1.3897514 0.27024716 -0.16392042 6710886
1.3899955 0.2614325 -0.16394921 6710886
1.3902396 0.25261474 -0.163978 6710886
1.3904839 0.2437939 -0.1640068 6710886
1.3907281 0.23496994 -0.16403562 6710886
1.3909726 0.2261429 -0.16406445 6710886
1.391217 0.21731272 -0.16409329 6710886
1.3914616 0.20847946 -0.16412213 6710886
1.3917063 0.19964311 -0.164151 6710886
1.3919511 0.19080363 -0.16417986 6710886
1.3921958 0.18196103 -0.16420873 6710886
1.3924408 0.17311534 -0.16423763 6710886
1.3926859 0.16426654 -0.16426654 6710886
1.392931 0.15541461 -0.16429545 6710886
1.3931761 0.14655955 -0.16432436 6710886
1.3934214 0.13770141 -0.1643533 6710886
1.3936667 0.12884012 -0.16438222 6710886
1.3939122 0.11997572 -0.16441117 6710886
1.3941578 0.11110821 -0.16444014 6710886
1.3944033 0.10223755 -0.16446911 6710886
1.3946491 0.093363784 -0.16449811 6710886
1.3948948 0.084486879 -0.16452707 6710886
1.3951408 0.075606853 -0.16455609 6710886
1.3953867 0.066723689 -0.1645851 6710886
1.3956327 0.057837393 -0.16461411 6710886
1.3958788 0.04894796 -0.16464314 6710886
1.3961251 0.040055398 -0.16467218 6710886
1.3963715 0.031159695 -0.16470125 6710886
1.3966179 0.022260852 -0.16473031 6710886
1.3968643 0.013358869 -0.16475938 6710886
1.3971109 0.0044537424 -0.16478847 6710886
1.3973576 -0.0044545284 -0.16481756 6710886
1.3976043 -0.013365946 -0.16484666 6710886
1.3978511 -0.022280509 -0.16487578 6710886
1.398098 -0.031198222 -0.16490489 6710886
1.3983451 -0.040119089 -0.16493404 6710886
1.3985921 -0.049043104 -0.16496317 6710886
1.3988394 -0.057970278 -0.16499233 6710886
1.3990866 -0.066900603 -0.16502149 6710886
1.399334 -0.075834095 -0.16505067 6710886
1.3995814 -0.084770739 -0.16507986 6710886
1.3998289 -0.093710542 -0.16510905 6710886
1.4000765 -0.10265351 -0.16513826 6710886
1.4003242 -0.11159965 -0.16516747 6710886
1.4005719 -0.12054893 -0.16519669 6710886
1.4008199 -0.12950142 -0.16522594 6710886
1.4010679 -0.13845704 -0.16525519 6710886
1.4013158 -0.14741585 -0.16528443 6710886
1.401564 -0.15637782 -0.16531371 6710886
1.4018123 -0.16534299 -0.16534299 6710886
1.4020605 -0.17431131 -0.16537227 6710886
1.4023089 -0.18328282 -0.16540156 6710886
1.4025575 -0.19225751 -0.16543089 6710886
1.402806 -0.20123538 -0.1654602 6710886
1.4030547 -0.21021643 -0.16548954 6710886
1.4033034 -0.21920066 -0.16551886 6710886
1.4035523 -0.22818808 -0.16554822 6710886
1.4038012 -0.2371787 -0.16557758 6710886
1.4040502 -0.2461725 -0.16560696 6710886
1.4042994 -0.25516951 -0.16563635 6710886
1.4045485 -0.26416966 -0.16566573 6710886
1.4047978 -0.27317303 -0.16569513 6710886
1.4050472 -0.28217962 -0.16572455 6710886
1.4052967 -0.2911894 -0.16575398 6710886
1.4055462 -0.30020237 -0.16578341 6710886
1.4057958 -0.30921856 -0.16581285 6710886
1.4060456 -0.31823793 -0.16584229 6710886
1.4062953 -0.32726049 -0.16587175 6710886
1.4065453 -0.33628631 -0.16590124 6710886
1.4067953 -0.34531531 -0.16593073 6710886
1.4070454 -0.35434753 -0.16596022 6710886
1.4072956 -0.36338294 -0.16598974 6710886
1.4075458 -0.37242156 -0.16601926 6710886
1.4077961 -0.38146341 -0.16604878 6710886
1.4080466 -0.3905085 -0.16607833 6710886
1.4082972 -0.39955679 -0.16610788 6710886
1.4085478 -0.40860829 -0.16613743 6710886
1.4087985 -0.41766301 -0.16616701 6710886
1.4090494 -0.42672101 -0.1661966 6710886
1.4093003 -0.43578219 -0.16622619 6710886
1.4095514 -0.44484663 -0.16625582 6710886
1.4098024 -0.45391425 -0.16628543 6710886
1.4100537 -0.46298519 -0.16631506 6710886
1.4098494 -0.47190678 -0.16629097 6710886
1.4101244 -0.48098931 -0.16632339 6710886
1.4103997 -0.49007538 -0.16635586 6710886
1.4106749 -0.499165 -0.16638833 6710886
1.410942 -0.50825512 -0.16641983 6710886
1.3695011 0.99975151 -0.17026336 6710886
1.3697382 0.99119163 -0.17029284 6710886
1.3699753 0.98262876 -0.17032231 6710886
1.3702124 0.9740628 -0.17035179 6710886
1.3704497 0.96549398 -0.17038129 6710886
1.370687 0.95692217 -0.1704108 6710886
1.3709244 0.94834733 -0.1704403 6710886
1.3711619 0.93976963 -0.17046984 6710886
1.3713995 0.93118888 -0.17049938 6710886
1.3716372 0.92260522 -0.17052893 6710886
1.3718749 0.91401851 -0.17055848 6710886
1.3721128 0.90542889 -0.17058805 6710886
1.3723507 0.89683628 -0.17061763 6710886
1.3725888 0.88824069 -0.17064723 6710886
1.3728267 0.87964201 -0.17067681 6710886
1.3730649 0.87104046 -0.17070642 6710886
1.3733032 0.86243594 -0.17073604 6710886
1.3735415 0.85382837 -0.17076568 6710886
1.3737799 0.84521788 -0.17079532 6710886
1.3740183 0.8366043 -0.17082496 6710886
1.374257 0.82798785 -0.17085463 6710886
1.3744955 0.81936824 -0.17088428 6710886
1.3747343 0.81074578 -0.17091398 6710886
1.3749732 0.80212033 -0.17094368 6710886
1.3752121 0.79349184 -0.17097338 6710886
1.375451 0.78486025 -0.17100307 6710886
1.3756901 0.77622581 -0.1710328 6710886
1.3759292 0.76758832 -0.17106253 6710886
1.3761685 0.75894779 -0.17109229 6710886
1.3764077 0.75030428 -0.17112203 6710886
1.3766472 0.74165779 -0.1711518 6710886
1.3768867 0.73300827 -0.17118157 6710886
1.3771263 0.72435576 -0.17121136 6710886
1.3773658 0.71570015 -0.17124113 6710886
1.3776057 0.70704162 -0.17127095 6710886
1.3778455 0.69838011 -0.17130078 6710886
1.3780854 0.6897155 -0.1713306 6710886
1.3783253 0.68104786 -0.17136043 6710886
1.3785654 0.67237723 -0.17139028 6710886
1.3788056 0.66370362 -0.17142014 6710886
1.3790458 0.65502697 -0.17145 6710886
1.3792862 0.64634728 -0.17147988 6710886
1.3795266 0.63766456 -0.17150977 6710886
1.3797671 0.62897879 -0.17153968 6710886
1.3800076 0.62029004 -0.17156959 6710886
1.3802483 0.61159825 -0.17159951 6710886
1.3804891 0.60290343 -0.17162944 6710886
1.3807299 0.59420556 -0.17165938 6710886
1.3809707 0.58550459 -0.17168932 6710886
1.3812118 0.5768007 -0.17171928 6710886
1.3814529 0.56809372 -0.17174926 6710886
1.3816941 0.55938369 -0.17177925 6710886
1.3819352 0.55067062 -0.17180923 6710886
1.3821766 0.54195452 -0.17183924 6710886
1.382418 0.53323537 -0.17186926 6710886
1.3826596 0.52451319 -0.17189929 6710886
1.3829011 0.5157879 -0.17192931 6710886
1.3831428 0.50705969 -0.17195937 6710886
1.3833846 0.49832833 -0.17198943 6710886
1.3836265 0.48959395 -0.1720195 6710886
1.3838682 0.48085645 -0.17204955 6710886
1.3841103 0.47211596 -0.17207965 6710886
1.3843524 0.46337241 -0.17210975 6710886
1.3845946 0.45462576 -0.17213985 6710886
1.3848368 0.44587606 -0.17216997 6710886
1.3850791 0.43712333 -0.1722001 6710886
1.3853216 0.42836753 -0.17223024 6710886
1.3855641 0.41960865 -0.17226039 6710886
1.3858067 0.41084668 -0.17229055 6710886
1.3860494 0.4020817 -0.17232072 6710886
1.3862922 0.39331362 -0.17235091 6710886
1.386535 0.38454247 -0.1723811 6710886
1.386778 0.37576824 -0.17241131 6710886
1.3870211 0.36699095 -0.17244153 6710886
1.3872641 0.35821056 -0.17247175 6710886
1.3875073 0.3494271 -0.17250198 6710886
1.3877506 0.34064054 -0.17253223 6710886
1.3879941 0.33185095 -0.17256249 6710886
1.3882375 0.32305825 -0.17259276 6710886
1.3884809 0.31426242 -0.17262302 6710886
1.3887246 0.30546355 -0.17265332 6710886
1.3889683 0.29666162 -0.17268363 6710886
1.3892121 0.28785655 -0.17271394 6710886
1.3894559 0.27904838 -0.17274424 6710886
1.3896999 0.27023715 -0.17277458 6710886
1.389944 0.26142281 -0.17280492 6710886
1.3901882 0.25260541 -0.17283529 6710886
1.3904324 0.24378487 -0.17286564 6710886
1.3906766 0.23496124 -0.172896 6710886
1.3909211 0.22613452 -0.1729264 6710886
1.3911656 0.21730469 -0.17295679 6710886
1.3914101 0.20847175 -0.17298719 6710886
1.3916547 0.1996357 -0.17301761 6710886
1.3918995 0.19079655 -0.17304803 6710886
1.3921442 0.18195428 -0.17307846 6710886
1.3923892 0.17310892 -0.17310892 6710886
1.3926342 0.16426043 -0.17313938 6710886
1.3928794 0.15540884 -0.17316987 6710886
1.3931243 0.14655411 -0.17320032 6710886
1.3933697 0.1376963 -0.17323081 6710886
1.393615 0.12883534 -0.17326131 6710886
1.3938605 0.11997127 -0.17329183 6710886
1.3941059 0.11110407 -0.17332235 6710886
1.3943516 0.10223376 -0.1733529 6710886
1.3945973 0.093360312 -0.17338344 6710886
1.3948431 0.084483743 -0.17341401 6710886
1.3950889 0.075604044 -0.17344457 6710886
1.3953348 0.066721208 -0.17347513 6710886
1.3955809 0.057835244 -0.17350572 6710886
1.3958271 0.048946146 -0.17353633 6710886
1.3960732 0.040053908 -0.17356694 6710886
1.3963195 0.031158537 -0.17359756 6710886
1.3965659 0.022260025 -0.1736282 6710886
1.3968124 0.013358372 -0.17365885 6710886
1.3970588 0.0044535762 -0.17368947 6710886
1.3973056 -0.0044543631 -0.17372015 6710886
1.3975523 -0.013365448 -0.17375082 6710886
1.3977991 -0.022279682 -0.17378151 6710886
1.398046 -0.031197062 -0.17381221 6710886
1.398293 -0.040117595 -0.17384291 6710886
1.39854 -0.049041279 -0.17387362 6710886
1.3987871 -0.057968114 -0.17390434 6710886
1.3990344 -0.066898108 -0.17393509 6710886
1.3992817 -0.075831264 -0.17396584 6710886
1.3995292 -0.08476758 -0.17399661 6710886
1.3997767 -0.093707047 -0.17402737 6710886
1.4000243 -0.10264968 -0.17405815 6710886
1.400272 -0.11159548 -0.17408895 6710886
1.4005197 -0.12054444 -0.17411976 6710886
1.4007676 -0.12949657 -0.17415056 6710886
1.4010155 -0.13845187 -0.17418139 6710886
1.4012635 -0.14741033 -0.17421222 6710886
1.4015117 -0.156372 -0.17424308 6710886
1.40176 -0.16533682 -0.17427394 6710886
1.4020082 -0.1743048 -0.1743048 6710886
1.4022566 -0.18327598 -0.17433569 6710886
1.402505 -0.19225033 -0.17436658 6710886
1.4027536 -0.20122786 -0.17439747 6710886
1.4030023 -0.21020858 -0.17442839 6710886
1.4032511 -0.21919248 -0.17445932 6710886
1.4034998 -0.22817956 -0.17449026 6710886
1.4037488 -0.23716983 -0.17452119 6710886
1.4039978 -0.24616331 -0.17455216 6710886
1.4042468 -0.25515994 -0.17458312 6710886
1.4044961 -0.2641598 -0.17461412 6710886
1.4047453 -0.27316284 -0.1746451 6710886
1.4049946 -0.28216907 -0.17467609 6710886
1.4052441 -0.29117852 -0.17470711 6710886
1.4054935 -0.30019113 -0.17473811 6710886
1.4057432 -0.30920699 -0.17476916 6710886
1.405993 -0.31822604 -0.17480022 6710886
1.4062426 -0.32724825 -0.17483124 6710886
1.4064926 -0.3362737 -0.17486233 6710886
1.4067426 -0.34530237 -0.17489341 6710886
1.4069926 -0.35433421 -0.17492448 6710886
1.4072428 -0.36336932 -0.17495559 6710886
1.4074931 -0.37240762 -0.17498672 6710886
1.4077433 -0.3814491 -0.17501782 6710886
1.4079938 -0.39049384 -0.17504896 6710886
1.4082444 -0.3995418 -0.17508012 6710886
1.4084948 -0.40859294 -0.17511125 6710886
1.4087456 -0.41764736 -0.17514244 6710886
1.4089966 -0.426705 -0.17517364 6710886
1.4092474 -0.43576583 -0.17520481 6710886
1.4094985 -0.44482991 -0.17523603 6710886
1.4097495 -0.45389721 -0.17526725 6710886
1.4100008 -0.46296778 -0.17529848 6710886
1.4102516 -0.47204143 -0.17532967 6710886
1.410503 -0.48111844 -0.17536092 6710886
1.4107547 -0.49019873 -0.17539221 6710886
1.4110065 -0.4992823 -0.17542352 6710886
1.4112581 -0.50836903 -0.1754548 6710886
1.3694512 0.99971503 -0.17898828 6710886
1.3696882 0.99115539 -0.17901926 6710886
1.3699253 0.98259282 -0.17905025 6710886
1.3701624 0.97402722 -0.17908123 6710886
1.3703996 0.96545869 -0.17911224 6710886
1.3706369 0.95688719 -0.17914326 6710886
1.3708744 0.94831276 -0.1791743 6710886
1.3711119 0.93973529 -0.17920534 6710886
1.3713495 0.93115491 -0.1792364 6710886
1.371587 0.92257148 -0.17926745 6710886
1.3718249 0.91398519 -0.17929853 6710886
1.3720626 0.90539575 -0.17932959 6710886
1.3723005 0.8968035 -0.17936069 6710886
1.3725386 0.88820821 -0.17939182 6710886
1.3727765 0.87960988 -0.17942291 6710886
1.3730147 0.87100863 -0.17945404 6710886
1.3732529 0.86240435 -0.17948517 6710886
1.3734913 0.8537972 -0.17951633 6710886
1.3737296 0.84518689 -0.17954747 6710886
1.3739681 0.83657372 -0.17957865 6710886
1.3742067 0.82795751 -0.17960984 6710886
1.3744453 0.81933832 -0.17964102 6710886
1.374684 0.81071609 -0.17967221 6710886
1.3749228 0.80209088 -0.17970343 6710886
1.3751618 0.79346281 -0.17973466 6710886
1.3754007 0.78483158 -0.1797659 6710886
1.3756397 0.77619737 -0.17979713 6710886
1.3758788 0.76756018 -0.17982838 6710886
1.3761181 0.75892001 -0.17985965 6710886
1.3763573 0.7502768 -0.17989092 6710886
1.3765967 0.74163055 -0.17992221 6710886
1.3768362 0.73298138 -0.17995352 6710886
1.3770758 0.72432917 -0.17998482 6710886
1.3773153 0.71567386 -0.18001613 6710886
1.3775551 0.70701569 -0.18004748 6710886
1.3777949 0.69835442 -0.1800788 6710886
1.3780348 0.68969017 -0.18011017 6710886
1.3782747 0.68102282 -0.18014152 6710886
1.3785148 0.67235255 -0.18017291 6710886
1.378755 0.66367924 -0.1802043 6710886
1.3789952 0.65500289 -0.1802357 6710886
1.3792355 0.6463235 -0.18026711 6710886
1.3794758 0.63764107 -0.18029852 6710886
1.3797164 0.62895572 -0.18032996 6710886
1.379957 0.62026727 -0.18036141 6710886
1.3801975 0.61157572 -0.18039285 6710886
1.3804383 0.60288125 -0.18042432 6710886
1.3806791 0.59418368 -0.18045579 6710886
1.3809201 0.58548313 -0.18048728 6710886
1.381161 0.57677948 -0.18051876 6710886
1.381402 0.5680728 -0.18055026 6710886
1.3816432 0.55936313 -0.18058179 6710886
1.3818845 0.55065036 -0.18061332 6710886
1.3821257 0.54193455 -0.18064485 6710886
1.3823671 0.53321576 -0.18067642 6710886
1.3826087 0.52449387 -0.18070798 6710886
1.3828503 0.515769 -0.18073957 6710886
1.3830918 0.50704098 -0.18077113 6710886
1.3833336 0.49830994 -0.18080272 6710886
1.3835754 0.48957589 -0.18083434 6710886
1.3838172 0.48083872 -0.18086593 6710886
1.3840593 0.47209856 -0.18089758 6710886
1.3843013 0.4633553 -0.18092921 6710886
1.3845435 0.45460901 -0.18096086 6710886
1.3847857 0.44585961 -0.18099251 6710886
1.3850281 0.43710724 -0.18102421 6710886
1.3852705 0.42835173 -0.18105587 6710886
1.3855131 0.41959319 -0.18108758 6710886
1.3857555 0.41083154 -0.18111928 6710886
1.3859982 0.40206686 -0.181151 6710886
1.3862411 0.3932991 -0.18118274 6710886
1.3864839 0.38452828 -0.18121448 6710886
1.3867267 0.37575436 -0.18124622 6710886
1.3869698 0.36697739 -0.18127799 6710886
1.3872129 0.3581973 -0.18130976 6710886
1.3874561 0.34941417 -0.18134154 6710886
1.3876992 0.34062794 -0.18137333 6710886
1.3879427 0.33183867 -0.18140514 6710886
1.3881861 0.3230463 -0.18143696 6710886
1.3884296 0.31425083 -0.18146878 6710886
1.3886732 0.30545226 -0.18150061 6710886
1.388917 0.29665065 -0.18153247 6710886
1.3891608 0.28784591 -0.18156435 6710886
1.3894047 0.2790381 -0.18159622 6710886
1.3896484 0.27022713 -0.18162808 6710886
1.3898926 0.26141316 -0.18166 6710886
1.3901367 0.25259605 -0.1816919 6710886
1.3903809 0.24377584 -0.1817238 6710886
1.3906251 0.23495254 -0.18175574 6710886
1.3908695 0.22612613 -0.18178767 6710886
1.391114 0.21729663 -0.18181963 6710886
1.3913585 0.20846401 -0.1818516 6710886
1.3916031 0.19962829 -0.18188356 6710886
1.3918478 0.19078948 -0.18191555 6710886
1.3920927 0.18194754 -0.18194754 6710886
1.3923376 0.1731025 -0.18197955 6710886
1.3925825 0.16425434 -0.18201157 6710886
1.3928276 0.15540308 -0.18204361 6710886
1.3930728 0.1465487 -0.18207565 6710886
1.3933179 0.13769118 -0.18210769 6710886
1.3935633 0.12883055 -0.18213975 6710886
1.3938087 0.11996682 -0.18217184 6710886
1.3940543 0.11109996 -0.18220393 6710886
1.3942997 0.10222996 -0.18223602 6710886
1.3945454 0.09335684 -0.18226813 6710886
1.3947912 0.084480606 -0.18230025 6710886
1.3950372 0.075601235 -0.1823324 6710886
1.395283 0.066718727 -0.18236452 6710886
1.395529 0.057833094 -0.18239668 6710886
1.3957752 0.048944328 -0.18242885 6710886
1.3960214 0.040052421 -0.18246102 6710886
1.3962675 0.031157376 -0.18249321 6710886
1.3965139 0.022259196 -0.18252541 6710886
1.3967605 0.013357875 -0.18255763 6710886
1.397007 0.0044534109 -0.18258984 6710886
1.3972535 -0.0044541969 -0.18262208 6710886
1.3975003 -0.01336495 -0.18265432 6710886
1.3977472 -0.022278853 -0.1826866 6710886
1.3979939 -0.031195899 -0.18271884 6710886
1.3982409 -0.040116102 -0.18275113 6710886
1.3984879 -0.049039453 -0.18278341 6710886
1.398735 -0.057965957 -0.18281572 6710886
1.3989824 -0.066895626 -0.18284804 6710886
1.3992296 -0.07582844 -0.18288036 6710886
1.399477 -0.084764414 -0.18291268 6710886
1.3997246 -0.093703561 -0.18294504 6710886
1.3999721 -0.10264585 -0.18297739 6710886
1.4002198 -0.11159132 -0.18300977 6710886
1.4004675 -0.12053995 -0.18304214 6710886
1.4007154 -0.12949175 -0.18307453 6710886
1.4009633 -0.13844672 -0.18310694 6710886
1.4012113 -0.14740485 -0.18313935 6710886
1.4014593 -0.15636615 -0.18317178 6710886
1.4017075 -0.16533063 -0.18320422 6710886
1.4019558 -0.1742983 -0.18323667 6710886
1.4022042 -0.18326913 -0.18326913 6710886
1.4024527 -0.19224316 -0.18330161 6710886
1.4027011 -0.20122033 -0.18333408 6710886
1.4029498 -0.21020071 -0.18336658 6710886
1.4031986 -0.21918429 -0.1833991 6710886
1.4034473 -0.22817102 -0.1834316 6710886
1.4036963 -0.23716097 -0.18346415 6710886
1.4039452 -0.24615408 -0.18349668 6710886
1.4041942 -0.25515038 -0.18352923 6710886
1.4044435 -0.26414993 -0.1835618 6710886
1.4046928 -0.27315262 -0.18359439 6710886
1.404942 -0.28215852 -0.18362696 6710886
1.4051914 -0.29116759 -0.18365957 6710886
1.405441 -0.30017993 -0.18369219 6710886
1.4056906 -0.3091954 -0.18372481 6710886
1.4059403 -0.31821412 -0.18375744 6710886
1.40619 -0.327236 -0.18379009 6710886
1.4064399 -0.33626109 -0.18382274 6710886
1.4066899 -0.34528944 -0.18385541 6710886
1.4069399 -0.35432094 -0.18388808 6710886
1.40719 -0.36335567 -0.18392077 6710886
1.4074403 -0.37239367 -0.18395349 6710886
1.4076905 -0.3814348 -0.1839862 6710886
1.407941 -0.39047921 -0.18401892 6710886
1.4081914 -0.39952677 -0.18405166 6710886
1.4084421 -0.40857765 -0.18408443 6710886
1.4086928 -0.41763169 -0.1841172 6710886
1.4089437 -0.42668897 -0.18414998 6710886
1.4091945 -0.43574947 -0.18418276 6710886
1.4094455 -0.44481322 -0.18421558 6710886
1.4096967 -0.45388022 -0.1842484 6710886
1.4099479 -0.46295041 -0.18428123 6710886
1.4101986 -0.47202367 -0.184314 6710886
1.4104501 -0.48110038 -0.18434687 6710886
1.4107018 -0.49018034 -0.18437977 6710886
1.4109534 -0.49926353 -0.18441266 6710886
1.4112049 -0.5083499 -0.18444553 6710886
1.3694012 0.99967861 -0.18771258 6710886
1.3696382 0.99111927 -0.18774506 6710886
1.3698753 0.982557 -0.18777756 6710886
1.3701124 0.97399169 -0.18781006 6710886
1.3703496 0.96542346 -0.18784258 6710886
1.370587 0.95685232 -0.18787512 6710886
1.3708243 0.94827813 -0.18790765 6710886
1.3710618 0.93970102 -0.1879402 6710886
1.3712993 0.93112081 -0.18797275 6710886
1.371537 0.9225378 -0.18800533 6710886
1.3717747 0.91395175 -0.18803792 6710886
1.3720124 0.90536267 -0.18807051 6710886
1.3722503 0.89677066 -0.18810312 6710886
1.3724883 0.88817567 -0.18813573 6710886
1.3727264 0.87957782 -0.18816838 6710886
1.3729644 0.87097669 -0.188201 6710886
1.3732027 0.86237282 -0.18823366 6710886
1.373441 0.8537659 -0.18826632 6710886
1.3736794 0.84515601 -0.18829902 6710886
1.3739178 0.83654308 -0.18833169 6710886
1.3741564 0.82792723 -0.18836439 6710886
1.374395 0.81930834 -0.18839711 6710886
1.3746337 0.81068641 -0.18842982 6710886
1.3748724 0.80206156 -0.18846256 6710886
1.3751113 0.79343367 -0.18849529 6710886
1.3753504 0.78480285 -0.18852806 6710886
1.3755893 0.77616888 -0.18856081 6710886
1.3758284 0.76753205 -0.18859358 6710886
1.3760676 0.75889218 -0.18862638 6710886
1.3763069 0.75024927 -0.18865918 6710886
1.3765463 0.74160337 -0.18869199 6710886
1.3767858 0.7329545 -0.18872482 6710886
1.3770252 0.72430259 -0.18875764 6710886
1.3772649 0.7156477 -0.18879049 6710886
1.3775046 0.70698977 -0.18882336 6710886
1.3777443 0.69832879 -0.18885621 6710886
1.3779843 0.6896649 -0.18888912 6710886
1.3782243 0.68099791 -0.188922 6710886
1.3784642 0.67232788 -0.18895489 6710886
1.3787043 0.66365486 -0.18898781 6710886
1.3789445 0.65497881 -0.18902074 6710886
1.3791848 0.64629978 -0.18905368 6710886
1.3794252 0.63761765 -0.18908662 6710886
1.3796656 0.62893254 -0.18911958 6710886
1.3799063 0.6202445 -0.18915257 6710886
1.3801469 0.61155325 -0.18918554 6710886
1.3803875 0.60285908 -0.18921854 6710886
1.3806283 0.59416181 -0.18925154 6710886
1.3808693 0.58546156 -0.18928458 6710886
1.3811102 0.57675827 -0.1893176 6710886
1.3813512 0.56805193 -0.18935063 6710886
1.3815924 0.55934256 -0.1893837 6710886
1.3818336 0.55063009 -0.18941675 6710886
1.3820748 0.54191464 -0.18944983 6710886
1.3823162 0.53319609 -0.18948291 6710886
1.3825577 0.52447456 -0.18951602 6710886
1.3827993 0.51574993 -0.18954913 6710886
1.3830409 0.50702232 -0.18958226 6710886
1.3832827 0.49829161 -0.1896154 6710886
1.3835244 0.48955783 -0.18964852 6710886
1.3837664 0.48082107 -0.18968171 6710886
1.3840082 0.47208112 -0.18971483 6710886
1.3842503 0.46333823 -0.18974803 6710886
1.3844925 0.45459226 -0.18978123 6710886
1.3847347 0.44584322 -0.18981443 6710886
1.384977 0.43709108 -0.18984765 6710886
1.3852193 0.42833591 -0.18988086 6710886
1.3854619 0.41957769 -0.18991412 6710886
1.3857045 0.4108164 -0.18994737 6710886
1.3859471 0.40205202 -0.18998063 6710886
1.3861898 0.39328456 -0.1900139 6710886
1.3864326 0.38451406 -0.19004717 6710886
1.3866756 0.3757405 -0.19008048 6710886
1.3869185 0.3669638 -0.19011378 6710886
1.3871616 0.35818407 -0.1901471 6710886
1.3874048 0.34940127 -0.19018044 6710886
1.3876481 0.34061539 -0.19021378 6710886
1.3878913 0.33182639 -0.19024712 6710886
1.3881348 0.32303435 -0.19028051 6710886
1.3883784 0.31423923 -0.19031389 6710886
1.3886219 0.30544099 -0.19034728 6710886
1.3888655 0.29663965 -0.19038066 6710886
1.3891094 0.28783527 -0.1904141 6710886
1.3893532 0.27902776 -0.19044751 6710886
1.3895971 0.27021715 -0.19048095 6710886
1.3898411 0.26140347 -0.1905144 6710886
1.3900852 0.25258669 -0.19054787 6710886
1.3903294 0.24376681 -0.19058132 6710886
1.3905736 0.23494384 -0.1906148 6710886
1.390818 0.22611776 -0.1906483 6710886
1.3910625 0.21728858 -0.19068183 6710886
1.391307 0.20845629 -0.19071534 6710886
1.3915516 0.1996209 -0.19074887 6710886
1.3917962 0.1907824 -0.1907824 6710886
1.3920411 0.18194081 -0.19081597 6710886
1.3922859 0.17309609 -0.19084953 6710886
1.3925309 0.16424826 -0.19088311 6710886
1.3927759 0.15539731 -0.19091669 6710886
1.3930211 0.14654325 -0.1909503 6710886
1.3932663 0.13768607 -0.19098392 6710886
1.3935115 0.12882577 -0.19101752 6710886
1.393757 0.11996236 -0.19105117 6710886
1.3940024 0.11109582 -0.19108482 6710886
1.3942481 0.10222618 -0.19111849 6710886
1.3944937 0.093353383 -0.19115216 6710886
1.3947394 0.084477462 -0.19118583 6710886
1.3949853 0.075598426 -0.19121955 6710886
1.3952312 0.066716254 -0.19125326 6710886
1.3954772 0.057830945 -0.19128697 6710886
1.3957232 0.048942503 -0.1913207 6710886
1.3959694 0.040050931 -0.19135444 6710886
1.3962157 0.03115622 -0.1913882 6710886
1.396462 0.022258367 -0.19142196 6710886
1.3967085 0.013357379 -0.19145575 6710886
1.396955 0.0044532451 -0.19148955 6710886
1.3972015 -0.0044540311 -0.19152334 6710886
1.3974483 -0.013364454 -0.19155717 6710886
1.3976949 -0.02227802 -0.19159098 6710886
1.3979418 -0.031194737 -0.19162482 6710886
1.3981888 -0.040114608 -0.19165868 6710886
1.3984357 -0.04903762 -0.19169252 6710886
1.398683 -0.057963796 -0.1917264 6710886
1.3989302 -0.066893131 -0.1917603 6710886
1.3991774 -0.075825609 -0.19179419 6710886
1.3994249 -0.084761262 -0.19182812 6710886
1.3996724 -0.093700066 -0.19186203 6710886
1.3999199 -0.10264202 -0.19189596 6710886
1.4001676 -0.11158716 -0.19192992 6710886
1.4004153 -0.12053546 -0.19196387 6710886
1.400663 -0.1294869 -0.19199783 6710886
1.400911 -0.13844155 -0.19203182 6710886
1.401159 -0.14739935 -0.19206582 6710886
1.401407 -0.15636031 -0.19209981 6710886
1.4016552 -0.16532446 -0.19213383 6710886
1.4019035 -0.17429179 -0.19216786 6710886
1.4021518 -0.18326229 -0.19220191 6710886
1.4024003 -0.19223596 -0.19223596 6710886
1.4026487 -0.20121281 -0.19227001 6710886
1.4028974 -0.21019286 -0.1923041 6710886
1.4031461 -0.2191761 -0.19233821 6710886
1.4033948 -0.22816248 -0.19237229 6710886
1.4036437 -0.23715208 -0.19240642 6710886
1.4038928 -0.24614489 -0.19244055 6710886
1.4041418 -0.25514087 -0.19247468 6710886
1.4043909 -0.26414004 -0.19250883 6710886
1.4046402 -0.2731424 -0.192543 6710886
1.4048895 -0.28214794 -0.19257717 6710886
1.4051389 -0.29115671 -0.19261135 6710886
1.4053884 -0.30016866 -0.19264556 6710886
1.4056379 -0.30918381 -0.19267976 6710886
1.4058876 -0.31820217 -0.19271399 6710886
1.4061373 -0.32722375 -0.19274823 6710886
1.4063872 -0.33624852 -0.19278248 6710886
1.4066372 -0.3452765 -0.19281675 6710886
1.4068872 -0.35430768 -0.19285101 6710886
1.4071373 -0.36334208 -0.19288529 6710886
1.4073875 -0.37237969 -0.1929196 6710886
1.4076378 -0.38142052 -0.19295391 6710886
1.4078882 -0.39046454 -0.19298823 6710886
1.4081386 -0.39951181 -0.19302256 6710886
1.4083892 -0.4085623 -0.19305691 6710886
1.4086399 -0.41761601 -0.19309127 6710886
1.4088907 -0.42667297 -0.19312565 6710886
1.4091417 -0.43573314 -0.19316004 6710886
1.4093927 -0.44479656 -0.19319446 6710886
1.4096438 -0.45386317 -0.19322887 6710886
1.4098949 -0.46293303 -0.19326331 6710886
1.4101456 -0.47200593 -0.19329767 6710886
1.4103971 -0.48108229 -0.19333214 6710886
1.4106487 -0.49016193 -0.19336663 6710886
1.4109004 -0.49924478 -0.19340113 6710886
1.4111519 -0.50833076 -0.19343561 6710886
1.3693514 0.99964219 -0.19643624 6710886
1.3695883 0.99108315 -0.19647022 6710886
1.3698254 0.98252118 -0.19650424 6710886
1.3700625 0.97395623 -0.19653825 6710886
1.3702997 0.9653883 -0.19657227 6710886
1.3705369 0.95681739 -0.19660631 6710886
1.3707743 0.9482435 -0.19664036 6710886
1.3710117 0.93966669 -0.19667442 6710886
1.3712492 0.93108684 -0.19670849 6710886
1.3714869 0.92250413 -0.19674258 6710886
1.3717246 0.91391838 -0.19677669 6710886
1.3719624 0.9053297 -0.1968108 6710886
1.3722001 0.89673787 -0.19684491 6710886
1.3724381 0.88814318 -0.19687903 6710886
1.3726761 0.87954557 -0.19691318 6710886
1.3729143 0.87094498 -0.19694735 6710886
1.3731524 0.86234123 -0.1969815 6710886
1.3733908 0.85373473 -0.1970157 6710886
1.3736291 0.84512508 -0.19704989 6710886
1.3738676 0.83651257 -0.19708411 6710886
1.374106 0.82789689 -0.19711831 6710886
1.3743447 0.81927836 -0.19715254 6710886
1.3745834 0.81065679 -0.19718678 6710886
1.374822 0.80203211 -0.19722101 6710886
1.3750609 0.79340458 -0.19725528 6710886
1.3752999 0.78477407 -0.19728957 6710886
1.3755389 0.77614051 -0.19732386 6710886
1.375778 0.76750392 -0.19735815 6710886
1.3760172 0.7588644 -0.19739246 6710886
1.3762565 0.75022179 -0.1974268 6710886
1.3764958 0.74157625 -0.19746113 6710886
1.3767352 0.73292762 -0.19749546 6710886
1.3769747 0.72427601 -0.19752982 6710886
1.3772144 0.71562147 -0.19756421 6710886
1.377454 0.70696384 -0.19759859 6710886
1.3776938 0.69830316 -0.19763297 6710886
1.3779336 0.68963951 -0.19766738 6710886
1.3781736 0.68097287 -0.19770181 6710886
1.3784137 0.67230326 -0.19773625 6710886
1.3786536 0.66363049 -0.19777067 6710886
1.3788939 0.65495473 -0.19780512 6710886
1.3791342 0.64627606 -0.1978396 6710886
1.3793746 0.63759428 -0.1978741 6710886
1.3796149 0.62890947 -0.19790857 6710886
1.3798555 0.62022167 -0.19794308 6710886
1.3800962 0.61153084 -0.1979776 6710886
1.3803368 0.60283691 -0.19801211 6710886
1.3805776 0.59413999 -0.19804665 6710886
1.3808185 0.58544004 -0.19808123 6710886
1.3810594 0.57673705 -0.19811578 6710886
1.3813003 0.56803095 -0.19815034 6710886
1.3815415 0.55932194 -0.19818494 6710886
1.3817828 0.55060989 -0.19821955 6710886
1.382024 0.54189473 -0.19825417 6710886
1.3822653 0.53317648 -0.19828877 6710886
1.3825068 0.52445525 -0.19832341 6710886
1.3827484 0.51573098 -0.19835806 6710886
1.38299 0.50700366 -0.19839273 6710886
1.3832316 0.49827322 -0.19842739 6710886
1.3834734 0.48953977 -0.19846207 6710886
1.3837154 0.48080334 -0.19849679 6710886
1.3839573 0.47206375 -0.19853148 6710886
1.3841993 0.46332112 -0.1985662 6710886
1.3844414 0.45457548 -0.19860093 6710886
1.3846836 0.44582674 -0.19863568 6710886
1.384926 0.43707499 -0.19867045 6710886
1.3851683 0.42832014 -0.19870521 6710886
1.3854108 0.41956222 -0.19873999 6710886
1.3856534 0.41080123 -0.1987748 6710886
1.385896 0.40203717 -0.19880959 6710886
1.3861387 0.39327008 -0.19884442 6710886
1.3863815 0.38449988 -0.19887924 6710886
1.3866243 0.37572661 -0.19891408 6710886
1.3868674 0.36695027 -0.19894895 6710886
1.3871104 0.35817084 -0.1989838 6710886
1.3873535 0.34938836 -0.19901869 6710886
1.3875968 0.34060282 -0.19905359 6710886
1.38784 0.33181414 -0.19908847 6710886
1.3880835 0.3230224 -0.1991234 6710886
1.388327 0.31422758 -0.19915833 6710886
1.3885705 0.30542967 -0.19919327 6710886
1.3888141 0.29662865 -0.19922821 6710886
1.3890579 0.2878246 -0.19926319 6710886
1.3893018 0.27901742 -0.19929817 6710886
1.3895457 0.27020717 -0.19933316 6710886
1.3897896 0.26139379 -0.19936815 6710886
1.3900337 0.25257733 -0.19940317 6710886
1.3902779 0.24375778 -0.19943818 6710886
1.3905222 0.23493515 -0.19947325 6710886
1.3907665 0.22610939 -0.19950828 6710886
1.3910109 0.21728052 -0.19954334 6710886
1.3912554 0.20844856 -0.19957842 6710886
1.3915001 0.19961353 -0.19961353 6710886
1.3917447 0.19077533 -0.19964862 6710886
1.3919895 0.18193406 -0.19968373 6710886
1.3922343 0.17308967 -0.19971885 6710886
1.3924793 0.16424216 -0.19975398 6710886
1.3927243 0.15539154 -0.19978914 6710886
1.3929694 0.14653781 -0.19982429 6710886
1.3932146 0.13768096 -0.19985947 6710886
1.3934599 0.128821 -0.19989467 6710886
1.3937052 0.11995791 -0.19992985 6710886
1.3939507 0.1110917 -0.19996506 6710886
1.3941963 0.10222237 -0.20000029 6710886
1.394442 0.093349919 -0.20003554 6710886
1.3946875 0.084474325 -0.20007077 6710886
1.3949335 0.075595617 -0.20010604 6710886
1.3951794 0.066713773 -0.20014133 6710886
1.3954252 0.057828791 -0.20017658 6710886
1.3956714 0.048940685 -0.2002119 6710886
1.3959175 0.040049441 -0.20024721 6710886
1.3961638 0.031155061 -0.20028254 6710886
1.39641 0.022257539 -0.20031786 6710886
1.3966565 0.013356881 -0.20035322 6710886
1.396903 0.0044530798 -0.20038858 6710886
1.6493902 -0.45744288 -0.23660839 7566195
1.6155187 -0.4583489 -0.23174945 6710886
1.4083364 -0.40854698 -0.20202872 6710886
1.4085871 -0.41760036 -0.20206468 6710886
1.4088379 -0.42665696 -0.20210066 6710886
1.4090889 -0.43571681 -0.20213667 6710886
1.4093398 -0.44477984 -0.20217267 6710886
1.4095908 -0.45384613 -0.20220867 6710886
1.4098419 -0.46291563 -0.20224468 6710886
1.4100927 -0.47198823 -0.20228067 6710886
1.4103441 -0.48106423 -0.20231673 6710886
1.4105957 -0.49014348 -0.20235282 6710886
1.4108473 -0.499226 -0.20238891 6710886
1.411099 -0.50831169 -0.20242502 6710886
1.3693014 0.99960577 -0.20515926 6710886
1.3695383 0.99104697 -0.20519474 6710886
1.3697753 0.98248523 -0.20523025 6710886
1.3700124 0.97392064 -0.20526578 6710886
1.3702496 0.96535301 -0.20530133 6710886
1.3704869 0.9567824 -0.20533687 6710886
1.3707242 0.94820887 -0.20537242 6710886
1.3709617 0.93963236 -0.20540801 6710886
1.3711993 0.93105292 -0.20544361 6710886
1.3714367 0.92247039 -0.20547917 6710886
1.3716744 0.91388494 -0.2055148 6710886
1.3719122 0.90529656 -0.20555043 6710886
1.3721501 0.89670515 -0.20558606 6710886
1.372388 0.88811082 -0.2056217 6710886
1.3726259 0.87951338 -0.20565736 6710886
1.3728641 0.87091309 -0.20569305 6710886
1.3731022 0.86230969 -0.20572871 6710886
1.3733405 0.85370344 -0.20576441 6710886
1.3735789 0.8450942 -0.20580015 6710886
1.3738173 0.83648193 -0.20583586 6710886
1.3740557 0.82786661 -0.20587158 6710886
1.3742944 0.81924838 -0.20590734 6710886
1.3745331 0.8106271 -0.20594309 6710886
1.3747718 0.80200285 -0.20597887 6710886
1.3750106 0.79337555 -0.20601465 6710886
1.3752495 0.78474528 -0.20605044 6710886
1.3754885 0.77611208 -0.20608625 6710886
1.3757277 0.76747584 -0.20612209 6710886
1.3759668 0.75883657 -0.20615791 6710886
1.376206 0.75019431 -0.20619376 6710886
1.3764454 0.74154907 -0.20622963 6710886
1.3766848 0.7329008 -0.20626549 6710886
1.3769243 0.72424948 -0.20630138 6710886
1.3771639 0.71559519 -0.20633727 6710886
1.3774035 0.70693791 -0.20637317 6710886
1.3776433 0.69827759 -0.20640911 6710886
1.3778831 0.68961424 -0.20644502 6710886
1.378123 0.6809479 -0.20648098 6710886
1.378363 0.67227852 -0.20651694 6710886
1.3786032 0.66360623 -0.20655292 6710886
1.3788433 0.65493077 -0.20658889 6710886
1.3790835 0.64625227 -0.20662488 6710886
1.379324 0.63757092 -0.20666091 6710886
1.3795643 0.62888634 -0.20669691 6710886
1.3798047 0.62019885 -0.20673294 6710886
1.3800454 0.61150831 -0.206769 6710886
1.3802861 0.60281473 -0.20680507 6710886
1.3805268 0.59411812 -0.20684113 6710886
1.3807677 0.58541852 -0.20687722 6710886
1.3810086 0.57671583 -0.20691332 6710886
1.3812497 0.56801015 -0.20694943 6710886
1.3814907 0.55930138 -0.20698555 6710886
1.3817319 0.55058956 -0.20702168 6710886
1.3819731 0.54187477 -0.20705783 6710886
1.3822145 0.53315687 -0.207094 6710886
1.3824558 0.52443594 -0.20713015 6710886
1.3826975 0.51571196 -0.20716636 6710886
1.3829391 0.50698501 -0.20720255 6710886
1.3831807 0.4982549 -0.20723876 6710886
1.3834225 0.48952177 -0.20727499 6710886
1.3836644 0.48078561 -0.20731123 6710886
1.3839062 0.47204635 -0.20734747 6710886
1.3841484 0.4633041 -0.20738374 6710886
1.3843904 0.4545587 -0.20741999 6710886
1.3846326 0.44581032 -0.20745629 6710886
1.3848748 0.43705884 -0.20749258 6710886
1.3851173 0.42830434 -0.2075289 6710886
1.3853596 0.41954672 -0.20756522 6710886
1.3856022 0.41078609 -0.20760156 6710886
1.3858448 0.40202236 -0.20763792 6710886
1.3860875 0.39325556 -0.20767428 6710886
1.3863302 0.38448566 -0.20771064 6710886
1.3865732 0.37571275 -0.20774704 6710886
1.3868161 0.36693671 -0.20778345 6710886
1.3870591 0.3581576 -0.20781985 6710886
1.3873023 0.34937546 -0.20785628 6710886
1.3875455 0.34059021 -0.20789272 6710886
1.3877888 0.33180186 -0.20792918 6710886
1.3880321 0.32301044 -0.20796563 6710886
1.3882756 0.31421596 -0.20800212 6710886
1.3885192 0.30541837 -0.20803861 6710886
1.3887628 0.29661772 -0.20807512 6710886
1.3890065 0.28781393 -0.20811161 6710886
1.3892504 0.27900711 -0.20814817 6710886
1.3894943 0.27019718 -0.2081847 6710886
1.3897383 0.26138416 -0.20822127 6710886
1.3899822 0.25256798 -0.20825781 6710886
1.3902264 0.24374875 -0.20829439 6710886
1.3904706 0.23492643 -0.20833099 6710886
1.390715 0.22610101 -0.2083676 6710886
1.3909594 0.21727248 -0.20840421 6710886
1.3912039 0.20844086 -0.20844086 6710886
1.3914485 0.19960612 -0.2084775 6710886
1.3916932 0.19076829 -0.20851417 6710886
1.3919379 0.18192731 -0.20855083 6710886
1.3921827 0.17308325 -0.20858751 6710886
1.3924277 0.16423608 -0.20862421 6710886
1.3926727 0.15538579 -0.20866092 6710886
1.3929178 0.14653239 -0.20869763 6710886
1.393163 0.13767587 -0.20873438 6710886
1.3934082 0.12881622 -0.20877111 6710886
1.3936535 0.11995346 -0.20880787 6710886
1.393899 0.11108758 -0.20884465 6710886
1.3941445 0.10221858 -0.20888144 6710886
1.3943901 0.093346447 -0.20891823 6710886
1.3946358 0.084471188 -0.20895505 6710886
1.3948816 0.075592808 -0.20899187 6710886
1.3951275 0.066711292 -0.20902872 6710886
1.3953735 0.057826646 -0.20906557 6710886
1.3956194 0.048938863 -0.20910242 6710886
1.3958656 0.040047951 -0.2091393 6710886
1.3961117 0.031153899 -0.20917618 6710886
1.3963581 0.022256713 -0.20921309 6710886
1.3966045 0.013356384 -0.20925002 6710886
1.3968511 0.004452914 -0.20928696 6710886
1.6496315 -0.45750979 -0.24716046 8421504
1.61575 -0.45841452 -0.24208407 6710886
1.4082836 -0.40853167 -0.21099986 6710886
1.4085342 -0.41758466 -0.21103741 6710886
1.408785 -0.42664093 -0.21107499 6710886
1.4090359 -0.43570045 -0.21111259 6710886
1.4092869 -0.44476315 -0.21115018 6710886
1.4095379 -0.45382908 -0.21118779 6710886
1.409789 -0.46289825 -0.21122541 6710886
1.4100397 -0.47197047 -0.21126297 6710886
1.4102912 -0.48104617 -0.21130066 6710886
1.4105427 -0.49012509 -0.21133834 6710886
1.4107943 -0.49920723 -0.21137603 6710886
1.4110459 -0.50829262 -0.21141374 6710886
1.3692515 0.9995693 -0.21388164 6710886
1.3694884 0.99101084 -0.21391864 6710886
1.3697253 0.98244941 -0.21395566 6710886
1.3699625 0.97388512 -0.21399269 6710886
1.3701997 0.96531785 -0.21402974 6710886
1.3704369 0.95674753 -0.2140668 6710886
1.3706741 0.94817424 -0.21410386 6710886
1.3709116 0.93959802 -0.21414095 6710886
1.3711492 0.93101895 -0.21417807 6710886
1.3713868 0.92243677 -0.21421517 6710886
1.3716244 0.91385156 -0.21425229 6710886
1.3718621 0.90526342 -0.21428941 6710886
1.3721 0.89667243 -0.21432659 6710886
1.3723378 0.88807833 -0.21436374 6710886
1.3725758 0.87948126 -0.2144009 6710886
1.3728139 0.87088126 -0.21443811 6710886
1.3730521 0.86227828 -0.2144753 6710886
1.3732902 0.85367215 -0.2145125 6710886
1.3735286 0.84506327 -0.21454974 6710886
1.373767 0.83645129 -0.21458697 6710886
1.3740056 0.82783633 -0.21462424 6710886
1.374244 0.81921828 -0.21466148 6710886
1.3744828 0.81059742 -0.21469878 6710886
1.3747215 0.80197352 -0.21473607 6710886
1.3749603 0.79334652 -0.21477337 6710886
1.3751991 0.78471655 -0.21481067 6710886
1.3754381 0.77608359 -0.21484801 6710886
1.3756772 0.76744771 -0.21488535 6710886
1.3759164 0.75880873 -0.21492271 6710886
1.3761556 0.75016683 -0.21496008 6710886
1.3763949 0.74152184 -0.21499746 6710886
1.3766344 0.73287392 -0.21503487 6710886
1.3768739 0.72422296 -0.21507227 6710886
1.3771133 0.71556896 -0.21510969 6710886
1.377353 0.70691192 -0.21514711 6710886
1.3775928 0.69825202 -0.21518458 6710886
1.3778325 0.68958896 -0.21522203 6710886
1.3780724 0.68092287 -0.21525949 6710886
1.3783125 0.67225385 -0.215297 6710886
1.3785526 0.66358179 -0.21533449 6710886
1.3787926 0.65490669 -0.215372 6710886
1.3790329 0.64622855 -0.21540952 6710886
1.3792732 0.63754743 -0.21544705 6710886
1.3795136 0.62886328 -0.21548462 6710886
1.3797541 0.62017608 -0.21552217 6710886
1.3799946 0.61148584 -0.21555975 6710886
1.3802353 0.60279256 -0.21559735 6710886
1.3804761 0.5940963 -0.21563496 6710886
1.3807168 0.58539695 -0.21567255 6710886
1.3809578 0.57669467 -0.21571021 6710886
1.3811988 0.56798923 -0.21574785 6710886
1.3814399 0.55928081 -0.21578552 6710886
1.381681 0.5505693 -0.21582316 6710886
1.3819222 0.5418548 -0.21586086 6710886
1.3821636 0.53313726 -0.21589856 6710886
1.382405 0.52441663 -0.21593627 6710886
1.3826464 0.51569295 -0.21597397 6710886
1.3828881 0.50696629 -0.21601172 6710886
1.3831298 0.49823657 -0.21604948 6710886
1.3833716 0.48950377 -0.21608724 6710886
1.3836133 0.48076788 -0.21612501 6710886
1.3838552 0.47202894 -0.21616279 6710886
1.3840972 0.46328697 -0.21620059 6710886
1.3843393 0.45454195 -0.21623841 6710886
1.3845814 0.44579387 -0.21627623 6710886
1.3848238 0.43704274 -0.21631408 6710886
1.3850662 0.42828855 -0.21635194 6710886
1.3853085 0.41953123 -0.21638979 6710886
1.385551 0.41077089 -0.21642767 6710886
1.3857937 0.40200752 -0.21646558 6710886
1.3860364 0.39324105 -0.2165035 6710886
1.3862791 0.38447148 -0.21654141 6710886
1.3865219 0.37569886 -0.21657933 6710886
1.3867649 0.36692315 -0.21661729 6710886
1.387008 0.3581444 -0.21665525 6710886
1.387251 0.34936255 -0.21669322 6710886
1.3874942 0.3405776 -0.21673121 6710886
1.3877375 0.33178961 -0.21676922 6710886
1.3879809 0.32299855 -0.21680725 6710886
1.3882242 0.31420434 -0.21684524 6710886
1.3884678 0.30540708 -0.21688329 6710886
1.3887115 0.29660675 -0.21692134 6710886
1.3889552 0.28780332 -0.21695943 6710886
1.3891989 0.27899677 -0.21699749 6710886
1.3894428 0.27018717 -0.21703559 6710886
1.3896868 0.26137447 -0.21707371 6710886
1.3899308 0.25255865 -0.21711183 6710886
1.390175 0.24373975 -0.21714996 6710886
1.3904191 0.23491773 -0.21718809 6710886
1.3906635 0.22609264 -0.21722627 6710886
1.3909079 0.21726444 -0.21726444 6710886
1.3911523 0.20843312 -0.21730261 6710886
1.3913969 0.19959871 -0.21734083 6710886
1.3916416 0.19076121 -0.21737905 6710886
1.3918864 0.18192057 -0.21741728 6710886
1.3921311 0.17307684 -0.21745551 6710886
1.3923759 0.16422997 -0.21749376 6710886
1.392621 0.15538003 -0.21753204 6710886
1.392866 0.14652693 -0.2175703 6710886
1.3931112 0.13767076 -0.2176086 6710886
1.3933564 0.12881143 -0.21764691 6710886
1.3936019 0.11994901 -0.21768525 6710886
1.3938472 0.11108346 -0.21772358 6710886
1.3940927 0.10221478 -0.21776192 6710886
1.3943384 0.093342982 -0.21780029 6710886
1.3945841 0.084468052 -0.21783867 6710886
1.3948298 0.075589992 -0.21787705 6710886
1.3950757 0.066708818 -0.21791546 6710886
1.3953215 0.057824492 -0.21795386 6710886
1.3955675 0.048937045 -0.21799229 6710886
1.3958137 0.040046465 -0.21803075 6710886
1.3960599 0.031152742 -0.2180692 6710886
1.3963062 0.022255884 -0.21810767 6710886
1.3965526 0.013355887 -0.21814616 6710886
1.3967991 0.0044527482 -0.21818466 6710886
1.6159816 -0.45848024 -0.25242171 6710886
1.4082308 -0.40851632 -0.21997033 6710886
1.4084814 -0.41756901 -0.22000948 6710886
1.4087322 -0.42662492 -0.22004865 6710886
1.408983 -0.43568408 -0.22008783 6710886
1.4092339 -0.44474643 -0.22012703 6710886
1.409485 -0.45381206 -0.22016624 6710886
1.4097362 -0.46288091 -0.22020547 6710886
1.4099867 -0.47195277 -0.22024462 6710886
1.4102383 -0.48102814 -0.22028391 6710886
1.4104897 -0.49010667 -0.22032318 6710886
1.4107412 -0.49918845 -0.22036247 6710886
1.4109929 -0.50827348 -0.22040178 6710886
1.3692015 0.99953282 -0.22260338 6710886
1.3694384 0.99097466 -0.22264189 6710886
1.3696754 0.98241359 -0.22268042 6710886
1.3699124 0.97384953 -0.22271895 6710886
1.3701496 0.96528256 -0.22275752 6710886
1.3703868 0.9567126 -0.22279608 6710886
1.3706242 0.94813967 -0.22283468 6710886
1.3708615 0.93956375 -0.22287326 6710886
1.371099 0.93098485 -0.22291186 6710886
1.3713366 0.92240304 -0.22295049 6710886
1.3715742 0.91381812 -0.22298911 6710886
1.371812 0.9052304 -0.22302778 6710886
1.3720498 0.89663965 -0.22306645 6710886
1.3722878 0.88804591 -0.22310513 6710886
1.3725256 0.87944907 -0.2231438 6710886
1.3727636 0.87084937 -0.2231825 6710886
1.3730018 0.86224669 -0.22322123 6710886
1.3732401 0.85364103 -0.22325997 6710886
1.3734783 0.84503227 -0.22329868 6710886
1.3737167 0.83642066 -0.22333746 6710886
1.3739552 0.82780606 -0.22337623 6710886
1.3741937 0.8191883 -0.22341499 6710886
1.3744323 0.81056768 -0.22345379 6710886
1.3746711 0.80194408 -0.22349262 6710886
1.37491 0.7933175 -0.22353145 6710886
1.3751489 0.78468788 -0.22357029 6710886
1.3753878 0.77605522 -0.22360913 6710886
1.3756268 0.76741958 -0.223648 6710886
1.3758659 0.75878096 -0.22368687 6710886
1.3761051 0.7501393 -0.22372575 6710886
1.3763444 0.74149466 -0.22376466 6710886
1.3765838 0.73284703 -0.22380358 6710886
1.3768233 0.72419637 -0.22384252 6710886
1.3770628 0.71554267 -0.22388145 6710886
1.3773024 0.70688599 -0.2239204 6710886
1.3775421 0.69822633 -0.22395939 6710886
1.377782 0.68956363 -0.22399838 6710886
1.3780218 0.68089789 -0.22403738 6710886
1.3782618 0.67222917 -0.22407639 6710886
1.3785019 0.66355741 -0.22411542 6710886
1.3787421 0.65488267 -0.22415447 6710886
1.3789822 0.64620483 -0.22419351 6710886
1.3792225 0.63752401 -0.22423258 6710886
1.379463 0.62884015 -0.22427167 6710886
1.3797034 0.62015331 -0.22431076 6710886
1.379944 0.61146337 -0.22434987 6710886
1.3801845 0.60277039 -0.22438899 6710886
1.3804253 0.59407449 -0.22442813 6710886
1.3806661 0.58537549 -0.22446728 6710886
1.3809069 0.57667339 -0.22450644 6710886
1.381148 0.56796831 -0.22454561 6710886
1.381389 0.55926019 -0.2245848 6710886
1.3816303 0.55054909 -0.22462404 6710886
1.3818713 0.54183483 -0.22466323 6710886
1.3821127 0.53311765 -0.22470246 6710886
1.3823541 0.52439731 -0.22474171 6710886
1.3825957 0.515674 -0.22478098 6710886
1.3828372 0.50694764 -0.22482024 6710886
1.3830788 0.49821818 -0.22485954 6710886
1.3833206 0.48948571 -0.22489883 6710886
1.3835623 0.48075014 -0.22493814 6710886
1.3838042 0.47201154 -0.22497746 6710886
1.3840462 0.46326989 -0.2250168 6710886
1.3842883 0.4545252 -0.22505617 6710886
1.3845304 0.44577742 -0.22509554 6710886
1.3847727 0.43702659 -0.22513491 6710886
1.385015 0.42827272 -0.22517432 6710886
1.3852575 0.41951579 -0.22521374 6710886
1.3854998 0.41075572 -0.22525313 6710886
1.3857425 0.40199268 -0.22529259 6710886
1.3859851 0.3932265 -0.22533204 6710886
1.386228 0.38445729 -0.22537152 6710886
1.3864707 0.37568498 -0.22541098 6710886
1.3867136 0.36690959 -0.22545047 6710886
1.3869567 0.35813117 -0.22548999 6710886
1.3871999 0.34934968 -0.22552954 6710886
1.3874429 0.34056503 -0.22556905 6710886
1.3876863 0.33177736 -0.2256086 6710886
1.3879296 0.32298657 -0.22564816 6710886
1.388173 0.31419274 -0.22568774 6710886
1.3884165 0.30539581 -0.22572733 6710886
1.3886601 0.29659578 -0.22576693 6710886
1.3889039 0.28779268 -0.22580656 6710886
1.3891476 0.27898648 -0.2258462 6710886
1.3893914 0.27017716 -0.22588582 6710886
1.3896353 0.26136479 -0.22592549 6710886
1.3898795 0.25254932 -0.22596517 6710886
1.3901236 0.24373074 -0.22600487 6710886
1.3903676 0.23490903 -0.22604454 6710886
1.390612 0.22608428 -0.22608428 6710886
1.3908564 0.2172564 -0.226124 6710886
1.3911008 0.2084254 -0.22616373 6710886
1.3913454 0.19959132 -0.2262035 6710886
1.39159 0.19075413 -0.22624327 6710886
1.3918347 0.18191384 -0.22628306 6710886
1.3920795 0.17307042 -0.22632284 6710886
1.3923243 0.16422389 -0.22636266 6710886
1.3925693 0.15537426 -0.22640249 6710886
1.3928144 0.14652151 -0.22644234 6710886
1.3930595 0.13766564 -0.22648218 6710886
1.3933047 0.12880665 -0.22652204 6710886
1.39355 0.11994455 -0.22656193 6710886
1.3937954 0.11107932 -0.22660182 6710886
1.3940409 0.10221098 -0.22664174 6710886
1.3942865 0.09333951 -0.22668166 6710886
1.3945321 0.084464908 -0.2267216 6710886
1.3947779 0.075587183 -0.22676155 6710886
1.3950238 0.066706337 -0.22680154 6710886
1.3952696 0.057822343 -0.22684151 6710886
1.3955157 0.048935227 -0.2268815 6710886
1.3957618 0.040044975 -0.22692153 6710886
1.396008 0.031151585 -0.22696155 6710886
1.3962542 0.022255056 -0.22700156 6710886
1.3965006 0.01335539 -0.22704163 6710886
1.3967471 0.0044525824 -0.22708172 6710886
1.6162186 -0.45854747 -0.26276314 6710886
1.4081779 -0.40850097 -0.22894011 6710886
1.4084287 -0.41755337 -0.22898088 6710886
1.4086794 -0.42660895 -0.22902164 6710886
1.4089302 -0.43566775 -0.22906242 6710886
1.409181 -0.44472975 -0.22910319 6710886
1.4094322 -0.45379505 -0.22914404 6710886
1.4096832 -0.46286353 -0.22918485 6710886
1.4099338 -0.47193503 -0.22922559 6710886
1.4101852 -0.48101002 -0.22926646 6710886
1.4104366 -0.49008822 -0.22930734 6710886
1.4106884 -0.49916977 -0.22934827 6710886
1.4109398 -0.50825441 -0.22938915 6710886
1.3691516 0.99949634 -0.23132448 6710886
1.3693885 0.99093854 -0.2313645 6710886
1.3696254 0.98237777 -0.23140454 6710886
1.3698624 0.97381401 -0.23144458 6710886
1.3700995 0.96524727 -0.23148465 6710886
1.3703369 0.95667773 -0.23152475 6710886
1.3705741 0.94810504 -0.23156482 6710886
1.3708115 0.93952942 -0.23160493 6710886
1.3710489 0.93095088 -0.23164505 6710886
1.3712865 0.92236936 -0.23168519 6710886
1.3715242 0.91378486 -0.23172535 6710886
1.3717618 0.90519732 -0.23176549 6710886
1.3719996 0.89660686 -0.23180567 6710886
1.3722376 0.88801342 -0.23184587 6710886
1.3724755 0.879417 -0.23188607 6710886
1.3727134 0.87081754 -0.23192628 6710886
1.3729516 0.86221516 -0.23196653 6710886
1.3731898 0.8536098 -0.23200676 6710886
1.3734281 0.8450014 -0.23204702 6710886
1.3736664 0.83639002 -0.23208728 6710886
1.3739049 0.82777572 -0.23212759 6710886
1.3741435 0.81915838 -0.23216788 6710886
1.3743821 0.81053811 -0.23220821 6710886
1.3746208 0.80191475 -0.23224853 6710886
1.3748596 0.79328841 -0.23228887 6710886
1.3750985 0.78465915 -0.23232923 6710886
1.3753374 0.77602679 -0.2323696 6710886
1.3755764 0.76739144 -0.23240998 6710886
1.3758155 0.75875312 -0.23245038 6710886
1.3760548 0.75011188 -0.23249081 6710886
1.376294 0.74146754 -0.23253123 6710886
1.3765334 0.73282015 -0.23257168 6710886
1.3767729 0.72416985 -0.23261213 6710886
1.3770124 0.71551651 -0.2326526 6710886
1.3772519 0.70686007 -0.23269306 6710886
1.3774916 0.6982007 -0.23273356 6710886
1.3777314 0.68953836 -0.23277409 6710886
1.3779713 0.68087292 -0.23281461 6710886
1.3782113 0.67220449 -0.23285516 6710886
1.3784512 0.66353303 -0.2328957 6710886
1.3786914 0.65485859 -0.23293628 6710886
1.3789316 0.64618111 -0.23297687 6710886
1.3791718 0.63750058 -0.23301746 6710886
1.3794123 0.62881708 -0.23305808 6710886
1.3796527 0.62013048 -0.2330987 6710886
1.3798933 0.61144096 -0.23313935 6710886
1.3801339 0.60274827 -0.23317999 6710886
1.3803746 0.59405261 -0.23322065 6710886
1.3806154 0.58535391 -0.23326135 6710886
1.3808563 0.57665223 -0.23330204 6710886
1.3810972 0.56794745 -0.23334275 6710886
1.3813382 0.55923963 -0.23338348 6710886
1.3815794 0.55052882 -0.23342422 6710886
1.3818206 0.54181492 -0.23346497 6710886
1.3820618 0.53309798 -0.23350573 6710886
1.3823032 0.524378 -0.23354651 6710886
1.3825448 0.51565504 -0.23358732 6710886
1.3827862 0.50692892 -0.23362811 6710886
1.3830279 0.49819985 -0.23366895 6710886
1.3832697 0.48946768 -0.2337098 6710886
1.3835114 0.48073247 -0.23375064 6710886
1.3837532 0.47199413 -0.23379149 6710886
1.3839952 0.46325281 -0.23383237 6710886
1.3842373 0.45450845 -0.23387328 6710886
1.3844794 0.445761 -0.2339142 6710886
1.3847216 0.4370105 -0.23395512 6710886
1.3849639 0.4282569 -0.23399605 6710886
1.3852063 0.41950029 -0.23403701 6710886
1.3854488 0.41074058 -0.23407798 6710886
1.3856913 0.40197781 -0.23411894 6710886
1.385934 0.39321199 -0.23415995 6710886
1.3861768 0.3844431 -0.23420097 6710886
1.3864197 0.37567115 -0.23424201 6710886
1.3866625 0.36689606 -0.23428303 6710886
1.3869054 0.35811794 -0.23432408 6710886
1.3871485 0.34933671 -0.23436515 6710886
1.3873917 0.34055245 -0.23440623 6710886
1.3876349 0.33176509 -0.23444732 6710886
1.3878783 0.32297465 -0.23448844 6710886
1.3881217 0.31418112 -0.23452957 6710886
1.3883653 0.30538452 -0.23457073 6710886
1.3886087 0.29658478 -0.23461185 6710886
1.3888525 0.28778204 -0.23465304 6710886
1.3890963 0.27897617 -0.23469423 6710886
1.3893399 0.27016714 -0.2347354 6710886
1.3895839 0.2613551 -0.23477663 6710886
1.389828 0.25253996 -0.23481785 6710886
1.3900721 0.24372171 -0.23485911 6710886
1.3903161 0.23490033 -0.23490033 6710886
1.3905605 0.2260759 -0.23494162 6710886
1.3908049 0.21724835 -0.23498291 6710886
1.3910493 0.20841768 -0.2350242 6710886
1.3912938 0.19958392 -0.2350655 6710886
1.3915384 0.19074705 -0.23510684 6710886
1.3917831 0.18190709 -0.23514819 6710886
1.392028 0.17306401 -0.23518956 6710886
1.3922727 0.1642178 -0.23523091 6710886
1.3925177 0.15536849 -0.23527229 6710886
1.3927627 0.14651607 -0.23531368 6710886
1.3930078 0.13766053 -0.23535509 6710886
1.3932531 0.12880188 -0.23539655 6710886
1.3934983 0.1199401 -0.23543797 6710886
1.3937436 0.1110752 -0.23547943 6710886
1.3939892 0.10220719 -0.23552091 6710886
1.3942348 0.093336046 -0.2355624 6710886
1.3944803 0.084461771 -0.2356039 6710886
1.394726 0.075584374 -0.2356454 6710886
1.394972 0.066703856 -0.23568696 6710886
1.3952179 0.057820201 -0.2357285 6710886
1.3954638 0.048933409 -0.23577006 6710886
1.3957099 0.040043484 -0.23581164 6710886
1.395956 0.031150425 -0.23585322 6710886
1.3962022 0.022254227 -0.23589481 6710886
1.3964486 0.013354893 -0.23593645 6710886
1.3966951 0.0044524167 -0.2359781 6710886
1.6164492 -0.45861292 -0.27310658 6710886
1.4081252 -0.40848568 -0.23790924 6710886
1.4083757 -0.41753769 -0.23795159 6710886
1.4086264 -0.42659292 -0.23799394 6710886
1.4088773 -0.43565136 -0.23803632 6710886
1.4091281 -0.44471303 -0.2380787 6710886
1.4093792 -0.453778 -0.23812114 6710886
1.4096303 -0.46284613 -0.23816355 6710886
1.4098809 -0.47191733 -0.23820588 6710886
1.4101323 -0.48099199 -0.23824836 6710886
1.4103837 -0.49006984 -0.23829085 6710886
1.4106354 -0.49915099 -0.23833336 6710886
1.4108868 -0.50823528 -0.23837583 6710886
1.3691016 0.99945992 -0.24004495 6710886
1.3693385 0.99090242 -0.24008648 6710886
1.3695755 0.98234195 -0.24012804 6710886
1.3698126 0.97377861 -0.2401696 6710886
1.3700496 0.96521211 -0.24021116 6710886
1.3702868 0.95664275 -0.24025275 6710886
1.3705242 0.94807047 -0.24029437 6710886
1.3707615 0.93949521 -0.24033597 6710886
1.3709989 0.93091685 -0.24037759 6710886
1.3712364 0.92233568 -0.24041925 6710886
1.371474 0.91375142 -0.2404609 6710886
1.3717117 0.90516424 -0.24050258 6710886
1.3719494 0.89657402 -0.24054426 6710886
1.3721874 0.88798094 -0.24058597 6710886
1.3724253 0.87938482 -0.24062769 6710886
1.3726633 0.87078571 -0.24066941 6710886
1.3729014 0.86218363 -0.24071117 6710886
1.3731396 0.85357857 -0.24075294 6710886
1.3733779 0.84497052 -0.24079472 6710886
1.3736162 0.83635944 -0.2408365 6710886
1.3738546 0.82774544 -0.2408783 6710886
1.3740932 0.81912839 -0.24092013 6710886
1.3743318 0.81050843 -0.24096197 6710886
1.3745704 0.80188531 -0.24100378 6710886
1.3748093 0.79325938 -0.24104567 6710886
1.375048 0.78463036 -0.24108754 6710886
1.3752871 0.77599841 -0.24112944 6710886
1.375526 0.76736331 -0.24117133 6710886
1.3757651 0.75872535 -0.24121326 6710886
1.3760043 0.75008434 -0.24125521 6710886
1.3762436 0.74144036 -0.24129716 6710886
1.3764828 0.73279327 -0.2413391 6710886
1.3767223 0.72414327 -0.24138109 6710886
1.3769618 0.71549022 -0.24142309 6710886
1.3772014 0.7068342 -0.24146509 6710886
1.377441 0.69817507 -0.2415071 6710886
1.3776809 0.68951303 -0.24154915 6710886
1.3779207 0.68084794 -0.24159122 6710886
1.3781607 0.67217988 -0.24163328 6710886
1.3784007 0.66350871 -0.24167536 6710886
1.3786408 0.65483457 -0.24171746 6710886
1.378881 0.64615738 -0.24175957 6710886
1.3791213 0.63747722 -0.24180171 6710886
1.3793615 0.62879395 -0.24184382 6710886
1.3796021 0.62010771 -0.24188599 6710886
1.3798425 0.61141843 -0.24192816 6710886
1.3800831 0.6027261 -0.24197033 6710886
1.3803238 0.59403074 -0.24201253 6710886
1.3805646 0.58533239 -0.24205475 6710886
1.3808055 0.57663101 -0.24209699 6710886
1.3810463 0.56792653 -0.24213921 6710886
1.3812875 0.55921906 -0.24218149 6710886
1.3815285 0.55050856 -0.24222375 6710886
1.3817698 0.54179502 -0.24226606 6710886
1.3820109 0.53307837 -0.24230835 6710886
1.3822523 0.52435869 -0.24235067 6710886
1.3824939 0.51563603 -0.24239302 6710886
1.3827354 0.50691026 -0.24243535 6710886
1.3829769 0.49818146 -0.2424777 6710886
1.3832186 0.48944965 -0.24252009 6710886
1.3834604 0.48071474 -0.24256247 6710886
1.3837023 0.47197679 -0.24260488 6710886
1.3839442 0.46323574 -0.24264729 6710886
1.3841863 0.4544917 -0.24268974 6710886
1.3844284 0.44574457 -0.2427322 6710886
1.3846706 0.4369944 -0.24277467 6710886
1.3849128 0.42824113 -0.24281713 6710886
1.3851552 0.41948482 -0.24285963 6710886
1.3853977 0.41072544 -0.24290214 6710886
1.3856403 0.401963 -0.24294467 6710886
1.3858829 0.39319748 -0.2429872 6710886
1.3861256 0.38442889 -0.24302976 6710886
1.3863684 0.37565726 -0.24307233 6710886
1.3866113 0.36688253 -0.24311493 6710886
1.3868542 0.35810471 -0.24315751 6710886
1.3870972 0.34932381 -0.24320012 6710886
1.3873404 0.34053987 -0.24324277 6710886
1.3875837 0.33175284 -0.24328542 6710886
1.3878269 0.3229627 -0.24332806 6710886
1.3880703 0.3141695 -0.24337074 6710886
1.3883139 0.30537322 -0.24341345 6710886
1.3885573 0.29657382 -0.24345613 6710886
1.388801 0.28777137 -0.24349885 6710886
1.3890448 0.2789658 -0.24354158 6710886
1.3892887 0.27015719 -0.24358435 6710886
1.3895324 0.26134542 -0.24362709 6710886
1.3897765 0.2525306 -0.24366988 6710886
1.3900206 0.24371268 -0.24371268 6710886
1.3902647 0.23489165 -0.24375549 6710886
1.3905089 0.22606751 -0.24379829 6710886
1.3907533 0.21724029 -0.24384114 6710886
1.3909976 0.20840995 -0.24388398 6710886
1.3912421 0.19957651 -0.24392685 6710886
1.3914868 0.19073997 -0.24396974 6710886
1.3917315 0.18190034 -0.24401265 6710886
1.3919762 0.17305759 -0.24405555 6710886
1.3922211 0.16421172 -0.2440985 6710886
1.3924661 0.15536274 -0.24414144 6710886
1.3927109 0.14651063 -0.24418437 6710886
1.3929561 0.13765542 -0.24422736 6710886
1.3932014 0.1287971 -0.24427035 6710886
1.3934467 0.11993565 -0.24431337 6710886
1.3936919 0.11107108 -0.24435636 6710886
1.3939373 0.10220338 -0.2443994 6710886
1.3941829 0.093332574 -0.24444246 6710886
1.3944285 0.084458634 -0.24448551 6710886
1.3946743 0.075581573 -0.24452861 6710886
1.3949201 0.066701375 -0.24457172 6710886
1.395166 0.057818051 -0.24461482 6710886
1.3954118 0.048931587 -0.24465793 6710886
1.395658 0.040041998 -0.24470109 6710886
1.3959042 0.031149268 -0.24474426 6710886
1.3961505 0.022253403 -0.24478742 6710886
1.3963966 0.013354396 -0.24483059 6710886
1.3966432 0.0044522514 -0.24487382 6710886
1.61668 -0.45867839 -0.28345293 7566195
1.4080724 -0.40847036 -0.2468777 6710886
1.4083229 -0.41752204 -0.24692163 6710886
1.4085736 -0.42657691 -0.24696559 6710886
1.4088243 -0.435635 -0.24700955 6710886
1.4090754 -0.4446964 -0.24705356 6710886
1.4093263 -0.45376095 -0.24709755 6710886
1.4095773 -0.46282873 -0.24714155 6710886
1.4098279 -0.4718996 -0.24718551 6710886
1.4100792 -0.48097387 -0.24722956 6710886
1.4103307 -0.49005142 -0.24727364 6710886
1.4105823 -0.49913222 -0.24731776 6710886
1.4108338 -0.5082162 -0.24736187 6710886
1.3690518 0.9994235 -0.24876481 6710886
1.3692886 0.99086624 -0.24880782 6710886
1.3695256 0.98230612 -0.24885088 6710886
1.3697625 0.97374302 -0.24889395 6710886
1.3699996 0.96517694 -0.24893703 6710886
1.3702368 0.95660782 -0.24898012 6710886
1.3704741 0.94803584 -0.24902324 6710886
1.3707114 0.93946087 -0.24906637 6710886
1.3709488 0.93088287 -0.24910949 6710886
1.3711864 0.92230201 -0.24915268 6710886
1.371424 0.9137181 -0.24919584 6710886
1.3716617 0.90513122 -0.24923903 6710886
1.3718994 0.89654136 -0.24928223 6710886
1.3721372 0.88794851 -0.24932544 6710886
1.3723751 0.87935269 -0.24936867 6710886
1.3726132 0.87075394 -0.24941193 6710886
1.3728511 0.86215204 -0.24945517 6710886
1.3730894 0.85354739 -0.24949847 6710886
1.3733276 0.84493959 -0.24954174 6710886
1.373566 0.83632892 -0.24958506 6710886
1.3738043 0.8277151 -0.24962837 6710886
1.3740429 0.81909841 -0.24967171 6710886
1.3742815 0.81047875 -0.24971507 6710886
1.3745202 0.80185604 -0.24975844 6710886
1.3747588 0.7932303 -0.2498018 6710886
1.3749977 0.78460163 -0.24984522 6710886
1.3752366 0.77596992 -0.24988863 6710886
1.3754756 0.76733524 -0.24993205 6710886
1.3757147 0.75869751 -0.24997549 6710886
1.3759539 0.75005686 -0.25001895 6710886
1.3761932 0.74141318 -0.25006244 6710886
1.3764325 0.73276651 -0.25010592 6710886
1.3766718 0.72411668 -0.2501494 6710886
1.3769114 0.715464 -0.25019294 6710886
1.377151 0.70680827 -0.25023648 6710886
1.3773906 0.6981495 -0.25028002 6710886
1.3776304 0.68948776 -0.25032356 6710886
1.3778702 0.68082297 -0.25036716 6710886
1.3781102 0.6721552 -0.25041077 6710886
1.3783501 0.66348439 -0.25045437 6710886
1.3785901 0.65481049 -0.25049797 6710886
1.3788303 0.64613366 -0.25054163 6710886
1.3790706 0.63745379 -0.25058529 6710886
1.3793108 0.62877083 -0.25062892 6710886
1.3795513 0.62008488 -0.25067261 6710886
1.3797919 0.61139596 -0.25071633 6710886
1.3800324 0.60270399 -0.25076005 6710886
1.380273 0.59400892 -0.25080377 6710886
1.3805138 0.58531088 -0.25084752 6710886
1.3807547 0.57660979 -0.2508913 6710886
1.3809956 0.56790566 -0.25093508 6710886
1.3812366 0.5591985 -0.25097886 6710886
1.3814777 0.55048829 -0.25102267 6710886
1.3817189 0.54177505 -0.25106648 6710886
1.3819602 0.53305876 -0.25111032 6710886
1.3822014 0.52433938 -0.25115418 6710886
1.382443 0.51561707 -0.25119805 6710886
1.3826845 0.50689161 -0.25124195 6710886
1.3829261 0.49816316 -0.25128585 6710886
1.3831676 0.48943159 -0.25132972 6710886
1.3834095 0.48069704 -0.25137368 6710886
1.3836514 0.47195941 -0.25141764 6710886
1.3838933 0.46321872 -0.2514616 6710886
1.3841351 0.4544749 -0.25150552 6710886
1.3843774 0.44572815 -0.25154954 6710886
1.3846195 0.43697825 -0.25159353 6710886
1.3848618 0.42822537 -0.25163758 6710886
1.3851041 0.41946933 -0.2516816 6710886
1.3853465 0.41071028 -0.25172564 6710886
1.3855891 0.40194818 -0.25176972 6710886
1.3858318 0.39318299 -0.25181383 6710886
1.3860744 0.3844147 -0.25185791 6710886
1.3863173 0.3756434 -0.25190204 6710886
1.3865601 0.36686897 -0.25194615 6710886
1.3868029 0.35809144 -0.25199029 6710886
1.387046 0.3493109 -0.25203446 6710886
1.3872892 0.3405273 -0.25207865 6710886
1.3875325 0.33174059 -0.25212285 6710886
1.3877757 0.32295078 -0.25216705 6710886
1.3880191 0.3141579 -0.25221127 6710886
1.3882625 0.30536193 -0.2522555 6710886
1.3885061 0.29656288 -0.25229976 6710886
1.3887496 0.2877607 -0.25234401 6710886
1.3889934 0.27895549 -0.2523883 6710886
1.3892373 0.2701472 -0.25243261 6710886
1.3894812 0.26133579 -0.25247693 6710886
1.389725 0.25252125 -0.25252125 6710886
1.3899691 0.24370365 -0.25256559 6710886
1.3902131 0.23488294 -0.25260994 6710886
1.3904574 0.22605914 -0.25265431 6710886
1.3907018 0.21723224 -0.25269872 6710886
1.390946 0.20840222 -0.25274312 6710886
1.3911906 0.19956914 -0.25278756 6710886
1.3914353 0.19073293 -0.25283203 6710886
1.3916799 0.18189359 -0.25287646 6710886
1.3919246 0.17305116 -0.25292093 6710886
1.3921695 0.16420563 -0.25296542 6710886
1.3924143 0.15535696 -0.25300992 6710886
1.3926594 0.14650521 -0.25305444 6710886
1.3929044 0.13765031 -0.25309896 6710886
1.3931496 0.12879232 -0.25314352 6710886
1.3933949 0.11993121 -0.2531881 6710886
1.3936402 0.11106695 -0.25323266 6710886
1.3938856 0.10219959 -0.25327724 6710886
1.3941312 0.093329109 -0.25332189 6710886
1.3943769 0.084455505 -0.25336653 6710886
1.3946224 0.075578764 -0.25341114 6710886
1.3948683 0.066698894 -0.25345582 6710886
1.3951142 0.057815902 -0.25350049 6710886
1.39536 0.048929766 -0.25354517 6710886
1.395606 0.040040504 -0.25358987 6710886
1.3958522 0.031148108 -0.2536346 6710886
1.3960985 0.022252575 -0.25367934 6710886
1.3963447 0.013353899 -0.25372407 6710886
1.3965912 0.0044520856 -0.25376886 6710886
1.6169109 -0.4587439 -0.29380226 7566195
1.4080195 -0.40845504 -0.25584549 6710886
1.4082701 -0.41750637 -0.255891 6710886
1.4085207 -0.42656088 -0.25593653 6710886
1.4087716 -0.43561873 -0.25598213 6710886
1.4090225 -0.44467971 -0.2560277 6710886
1.4092734 -0.45374393 -0.2560733 6710886
1.4095243 -0.46281135 -0.25611889 6710886
1.409775 -0.4718819 -0.25616446 6710886
1.4100263 -0.48095584 -0.25621012 6710886
1.4102778 -0.49003306 -0.25625581 6710886
1.4105293 -0.49911344 -0.25630149 6710886
1.4107808 -0.50819707 -0.25634721 6710886
1.3690019 0.99938709 -0.25748399 6710886
1.3692387 0.99083018 -0.25752854 6710886
1.3694756 0.9822703 -0.2575731 6710886
1.3697126 0.9737075 -0.25761768 6710886
1.3699497 0.96514171 -0.25766227 6710886
1.3701868 0.95657295 -0.25770688 6710886
1.370424 0.94800121 -0.25775149 6710886
1.3706614 0.93942654 -0.25779614 6710886
1.3708988 0.93084896 -0.25784078 6710886
1.3711362 0.92226821 -0.25788543 6710886
1.3713739 0.91368473 -0.25793013 6710886
1.3716115 0.90509808 -0.25797483 6710886
1.3718493 0.89650863 -0.25801954 6710886
1.372087 0.88791603 -0.25806427 6710886
1.3723249 0.8793205 -0.258109 6710886
1.372563 0.87072212 -0.2581538 6710886
1.3728011 0.86212063 -0.25819856 6710886
1.3730391 0.8535161 -0.25824332 6710886
1.3732774 0.84490871 -0.25828815 6710886
1.3735157 0.83629829 -0.25833297 6710886
1.3737541 0.82768488 -0.25837782 6710886
1.3739926 0.81906843 -0.25842267 6710886
1.3742312 0.81044906 -0.25846756 6710886
1.3744699 0.80182672 -0.25851244 6710886
1.3747087 0.79320133 -0.25855735 6710886
1.3749473 0.78457284 -0.25860223 6710886
1.3751863 0.77594155 -0.25864717 6710886
1.3754253 0.76730716 -0.25869215 6710886
1.3756644 0.75866979 -0.25873709 6710886
1.3759035 0.75002939 -0.25878206 6710886
1.3761427 0.741386 -0.25882706 6710886
1.376382 0.73273957 -0.25887206 6710886
1.3766215 0.72409022 -0.25891712 6710886
1.3768609 0.71543777 -0.25896212 6710886
1.3771005 0.70678234 -0.25900719 6710886
1.3773401 0.69812387 -0.25905228 6710886
1.3775797 0.68946236 -0.25909734 6710886
1.3778195 0.68079793 -0.25914243 6710886
1.3780595 0.67213047 -0.25918758 6710886
1.3782995 0.66346002 -0.2592327 6710886
1.3785396 0.65478647 -0.25927788 6710886
1.3787796 0.64610988 -0.25932303 6710886
1.37902 0.63743037 -0.25936821 6710886
1.3792603 0.62874776 -0.25941342 6710886
1.3795006 0.62006211 -0.25945863 6710886
1.3797411 0.61137348 -0.25950384 6710886
1.3799818 0.60268188 -0.25954911 6710886
1.3802224 0.59398717 -0.25959438 6710886
1.380463 0.58528936 -0.25963962 6710886
1.3807039 0.57658863 -0.25968495 6710886
1.3809448 0.5678848 -0.25973025 6710886
1.3811859 0.55917799 -0.25977558 6710886
1.3814268 0.55046803 -0.25982091 6710886
1.381668 0.54175508 -0.25986627 6710886
1.3819093 0.53303915 -0.25991166 6710886
1.3821507 0.52432013 -0.25995705 6710886
1.3823919 0.51559806 -0.26000243 6710886
1.3826334 0.50687295 -0.26004785 6710886
1.3828751 0.49814481 -0.2600933 6710886
1.3831168 0.48941362 -0.26013878 6710886
1.3833585 0.4806793 -0.26018423 6710886
1.3836004 0.47194201 -0.26022971 6710886
1.3838422 0.46320164 -0.26027521 6710886
1.3840842 0.45445821 -0.26032072 6710886
1.3843262 0.44571167 -0.26036623 6710886
1.3845685 0.43696216 -0.2604118 6710886
1.3848107 0.42820954 -0.26045734 6710886
1.385053 0.41945386 -0.26050293 6710886
1.3852954 0.41069511 -0.2605485 6710886
1.385538 0.40193334 -0.26059413 6710886
1.3857806 0.39316845 -0.26063976 6710886
1.3860232 0.38440049 -0.26068538 6710886
1.386266 0.37562951 -0.26073107 6710886
1.3865088 0.36685541 -0.26077673 6710886
1.3867519 0.35807827 -0.26082245 6710886
1.3869947 0.349298 -0.26086813 6710886
1.3872379 0.34051469 -0.26091388 6710886
1.3874811 0.33172831 -0.2609596 6710886
1.3877244 0.32293883 -0.26100537 6710886
1.3879677 0.31414628 -0.26105112 6710886
1.3882111 0.30535063 -0.26109692 6710886
1.3884547 0.29655188 -0.26114273 6710886
1.3886982 0.28775007 -0.26118854 6710886
1.388942 0.27894518 -0.26123437 6710886
1.3891858 0.27013719 -0.26128024 6710886
1.3894296 0.26132607 -0.26132607 6710886
1.3896736 0.25251192 -0.26137197 6710886
1.3899176 0.24369462 -0.26141787 6710886
1.3901616 0.23487423 -0.26146376 6710886
1.3904059 0.22605076 -0.26150972 6710886
1.3906503 0.2172242 -0.26155567 6710886
1.3908947 0.20839451 -0.26160163 6710886
1.391139 0.19956173 -0.26164758 6710886
1.3913836 0.19072585 -0.2616936 6710886
1.3916283 0.18188685 -0.26173961 6710886
1.391873 0.17304474 -0.26178563 6710886
1.3921177 0.16419952 -0.26183167 6710886
1.3923627 0.15535121 -0.26187775 6710886
1.3926077 0.14649977 -0.26192382 6710886
1.3928527 0.1376452 -0.26196989 6710886
1.3930979 0.12878753 -0.26201603 6710886
1.3933432 0.11992675 -0.26206216 6710886
1.3935884 0.11106283 -0.26210827 6710886
1.3938339 0.1021958 -0.26215443 6710886
1.3940794 0.093325652 -0.26220062 6710886
1.394325 0.084452368 -0.26224682 6710886
1.3945706 0.075575948 -0.26229301 6710886
1.3948164 0.06669642 -0.26233923 6710886
1.3950623 0.057813752 -0.26238549 6710886
1.3953083 0.048927952 -0.26243174 6710886
1.3955542 0.040039018 -0.26247799 6710886
1.3958004 0.031146951 -0.26252431 6710886
1.3960465 0.022251746 -0.26257059 6710886
1.3962928 0.013353403 -0.26261693 6710886
1.3965392 0.0044519198 -0.26266328 6710886
1.3967856 -0.0044527054 -0.26270962 8421504
1.6171418 -0.45880941 -0.30415455 7566195
1.4079667 -0.40843973 -0.26481259 6710886
1.4082173 -0.41749072 -0.26485971 6710886
1.408468 -0.42654493 -0.26490685 6710886
1.4087187 -0.43560234 -0.264954 6710886
1.4089695 -0.44466299 -0.26500118 6710886
1.4092205 -0.45372689 -0.26504838 6710886
1.4094714 -0.46279398 -0.26509556 6710886
1.4097221 -0.47186416 -0.26514274 6710886
1.4099734 -0.48093778 -0.26518998 6710886
1.4102248 -0.49001461 -0.26523727 6710886
1.4104763 -0.49909472 -0.26528457 6710886
1.4107277 -0.508178 -0.26533186 6710886
1.3689519 0.99935061 -0.26620257 6710886
1.3691888 0.99079406 -0.26624861 6710886
1.3694255 0.98223442 -0.26629466 6710886
1.3696626 0.97367197 -0.26634076 6710886
1.3698996 0.96510643 -0.26638684 6710886
1.3701369 0.95653808 -0.26643297 6710886
1.370374 0.94796658 -0.26647907 6710886
1.3706113 0.93939227 -0.26652524 6710886
1.3708488 0.93081492 -0.2665714 6710886
1.3710862 0.92223465 -0.2666176 6710886
1.3713237 0.91365129 -0.26666376 6710886
1.3715614 0.90506506 -0.26670998 6710886
1.3717991 0.89647579 -0.26675621 6710886
1.3720369 0.8878836 -0.26680246 6710886
1.3722748 0.87928838 -0.26684871 6710886
1.3725128 0.87069023 -0.266895 6710886
1.3727509 0.8620891 -0.26694131 6710886
1.3729891 0.85348499 -0.26698762 6710886
1.3732271 0.84487778 -0.2670339 6710886
1.3734655 0.83626771 -0.26708028 6710886
1.373704 0.82765466 -0.26712662 6710886
1.3739424 0.81903851 -0.26717299 6710886
1.3741809 0.81041944 -0.26721936 6710886
1.3744196 0.80179733 -0.2672658 6710886
1.3746582 0.79317224 -0.2673122 6710886
1.3748971 0.78454423 -0.26735866 6710886
1.3751359 0.77591312 -0.26740509 6710886
1.3753749 0.76727903 -0.26745155 6710886
1.3756139 0.75864196 -0.26749805 6710886
1.3758529 0.75000185 -0.26754451 6710886
1.3760922 0.74135876 -0.26759103 6710886
1.3763316 0.73271275 -0.26763758 6710886
1.3765709 0.72406363 -0.26768413 6710886
1.3768103 0.71541148 -0.26773068 6710886
1.3770499 0.70675641 -0.26777726 6710886
1.3772895 0.6980983 -0.26782387 6710886
1.3775293 0.68943715 -0.26787049 6710886
1.377769 0.68077296 -0.2679171 6710886
1.378009 0.67210585 -0.26796377 6710886
1.3782489 0.66343564 -0.26801044 6710886
1.378489 0.65476245 -0.26805711 6710886
1.378729 0.64608616 -0.26810378 6710886
1.3789693 0.63740695 -0.26815051 6710886
1.3792096 0.62872469 -0.26819724 6710886
1.37945 0.62003934 -0.26824397 6710886
1.3796904 0.61135101 -0.26829073 6710886
1.379931 0.60265964 -0.26833752 6710886
1.3801717 0.59396529 -0.26838431 6710886
1.3804123 0.58526784 -0.26843113 6710886
1.3806531 0.57656741 -0.26847795 6710886
1.3808941 0.56786394 -0.2685248 6710886
1.381135 0.55915737 -0.26857165 6710886
1.3813761 0.55044782 -0.26861855 6710886
1.3816172 0.54173517 -0.2686654 6710886
1.3818585 0.53301954 -0.26871234 6710886
1.3820997 0.52430081 -0.26875925 6710886
1.3823411 0.5155791 -0.26880619 6710886
1.3825825 0.5068543 -0.26885313 6710886
1.3828242 0.49812645 -0.26890013 6710886
1.3830658 0.48939556 -0.26894712 6710886
1.3833076 0.48066163 -0.26899412 6710886
1.3835493 0.4719246 -0.26904112 6710886
1.3837912 0.46318454 -0.26908818 6710886
1.3840332 0.45444146 -0.26913524 6710886
1.3842752 0.44569525 -0.26918229 6710886
1.3845174 0.43694606 -0.26922938 6710886
1.3847597 0.42819375 -0.2692765 6710886
1.385002 0.41943842 -0.26932362 6710886
1.3852444 0.41068 -0.26937073 6710886
1.3854868 0.4019185 -0.26941788 6710886
1.3857294 0.39315397 -0.26946506 6710886
1.3859721 0.38438633 -0.26951227 6710886
1.3862149 0.37561566 -0.26955947 6710886
1.3864577 0.36684188 -0.26960668 6710886
1.3867006 0.35806504 -0.26965392 6710886
1.3869436 0.34928513 -0.26970115 6710886
1.3871866 0.34050211 -0.26974842 6710886
1.3874298 0.33171606 -0.26979572 6710886
1.387673 0.32292688 -0.26984301 6710886
1.3879163 0.31413463 -0.26989034 6710886
1.3881599 0.30533934 -0.26993769 6710886
1.3884033 0.29654092 -0.26998502 6710886
1.3886468 0.28773943 -0.27003238 6710886
1.3888906 0.27893487 -0.27007979 6710886
1.3891344 0.27012718 -0.27012718 6710886
1.3893782 0.26131642 -0.27017459 6710886
1.3896221 0.25250256 -0.27022204 6710886
1.3898662 0.24368562 -0.27026951 6710886
1.3901103 0.23486555 -0.27031696 6710886
1.3903544 0.22604239 -0.27036443 6710886
1.3905988 0.21721615 -0.27041194 6710886
1.3908432 0.20838681 -0.27045947 6710886
1.3910875 0.19955434 -0.27050698 6710886
1.391332 0.19071877 -0.27055454 6710886
1.3915768 0.18188012 -0.27060214 6710886
1.3918215 0.17303835 -0.2706497 6710886
1.3920661 0.16419344 -0.2706973 6710886
1.3923111 0.15534544 -0.27074492 6710886
1.3925561 0.14649433 -0.27079254 6710886
1.392801 0.1376401 -0.2708402 6710886
1.3930461 0.12878275 -0.27088785 6710886
1.3932915 0.1199223 -0.27093557 6710886
1.3935368 0.11105872 -0.27098328 6710886
1.3937821 0.10219201 -0.27103096 6710886
1.3940276 0.09332218 -0.27107871 6710886
1.3942733 0.084449232 -0.27112648 6710886
1.3945189 0.075573146 -0.27117422 6710886
1.3947645 0.066693939 -0.27122203 6710886
1.3950105 0.057811603 -0.27126983 6710886
1.3952564 0.048926134 -0.27131766 6710886
1.3955023 0.040037531 -0.27136546 6710886
1.3957485 0.031145794 -0.27141336 6710886
1.3959947 0.022250919 -0.27146122 6710886
1.3962409 0.013352907 -0.27150911 6710886
1.3964872 0.004451754 -0.271557 6710886
1.3967336 -0.0044525396 -0.27160493 8421504
1.407914 -0.40842444 -0.27377903 6710886
1.4081645 -0.41747507 -0.27382773 6710886
1.4084152 -0.42652893 -0.27387649 6710886
1.4086659 -0.43558601 -0.27392522 6710886
1.4089167 -0.44464633 -0.273974 6710886
1.4091675 -0.45370984 -0.27402279 6710886
1.4094186 -0.46277663 -0.2740716 6710886
1.409669 -0.4718464 -0.2741203 6710886
1.4099203 -0.48091969 -0.27416918 6710886
1.4101719 -0.48999622 -0.27421808 6710886
1.4104233 -0.49907595 -0.27426696 6710886
1.4106748 -0.50815892 -0.27431586 6710886
1.368902 0.99931413 -0.27492049 6710886
1.3691388 0.99075788 -0.27496806 6710886
1.3693757 0.98219866 -0.27501562 6710886
1.3696126 0.97363639 -0.27506319 6710886
1.3698497 0.96507126 -0.27511081 6710886
1.3700868 0.95650309 -0.27515844 6710886
1.3703241 0.94793212 -0.27520609 6710886
1.3705612 0.93935794 -0.27525371 6710886
1.3707987 0.93078095 -0.2753014 6710886
1.3710362 0.92220098 -0.27534911 6710886
1.3712738 0.91361803 -0.27539682 9211020
1.3715113 0.90503204 -0.27544454 9211020
1.371749 0.89644307 -0.27549228 9211020
1.3719869 0.88785118 -0.27554002 9211020
1.3722247 0.87925631 -0.2755878 9211020
1.3724626 0.8706584 -0.27563557 9211020
1.3727007 0.86205757 -0.2756834 9211020
1.3729389 0.85345381 -0.27573124 9211020
1.3731771 0.84484696 -0.27577907 9211020
1.3734152 0.83623707 -0.2758269 9211020
1.3736537 0.82762432 -0.27587476 9211020
1.3738921 0.81900853 -0.27592266 9211020
1.3741307 0.81038982 -0.27597058 9211020
1.3743693 0.801768 -0.2760185 9211020
1.3746079 0.79314321 -0.27606642 9211020
1.3748467 0.78451544 -0.27611437 9211020
1.3750855 0.77588463 -0.27616233 9211020
1.3753245 0.76725096 -0.27621034 9211020
1.3755635 0.75861418 -0.27625835 9211020
1.3758026 0.74997443 -0.27630636 9013641
1.3760418 0.74133164 -0.2763544 8684676
1.3762811 0.73268586 -0.27640247 9803157
1.3765205 0.72403711 -0.27645054 8816262
1.3767599 0.71538532 -0.27649862 8158332
1.3769994 0.70673048 -0.27654672 7895160
1.377239 0.69807267 -0.27659482 7829367
1.3774787 0.68941188 -0.27664298 7303023
1.3777186 0.68074805 -0.27669114 7303023
1.3779583 0.67208111 -0.2767393 7303023
1.3781983 0.66341126 -0.27678749 7303023
1.3782935 0.65466958 -0.27680662 7368816
1.3779627 0.6457271 -0.27674016 7697781
1.3776351 0.63679028 -0.27667439 7960953
1.3773057 0.62785679 -0.27660823 8289918
1.3769779 0.61892819 -0.2765424 8289918
1.3766503 0.61000395 -0.27647662 8224125
1.3798802 0.60263747 -0.27712527 7039851
1.3801209 0.59394342 -0.27717361 6710886
1.3803617 0.58524638 -0.27722198 6710886
1.3806025 0.57654625 -0.27727032 6710886
1.3808433 0.56784302 -0.27731869 6710886
1.3810842 0.55913681 -0.27736709 6710886
1.3813252 0.55042756 -0.27741548 6710886
1.3815663 0.5417152 -0.27746388 6710886
1.3818076 0.53299993 -0.27751234 6710886
1.3820488 0.5242815 -0.2775608 6710886
1.3822902 0.51556009 -0.27760929 6710886
1.3825316 0.50683558 -0.27765778 6710886
1.3827732 0.49810809 -0.27770627 6710886
1.3830149 0.48937756 -0.27775481 6710886
1.3832566 0.4806439 -0.27780336 6710886
1.3834983 0.4719072 -0.27785191 6710886
1.3837402 0.46316746 -0.27790049 6710886
1.3839822 0.45442468 -0.27794909 6710886
1.3842243 0.44567886 -0.2779977 6710886
1.3844663 0.43692991 -0.27804631 6710886
1.3847085 0.42817795 -0.27809495 6710886
1.3849509 0.41942292 -0.27814361 6710886
1.3851933 0.41066486 -0.27819231 6710886
1.3854357 0.40190366 -0.27824101 6710886
1.3856783 0.39313945 -0.27828971 6710886
1.385921 0.38437217 -0.27833846 6710886
1.3861636 0.37560177 -0.27838719 6710886
1.3864064 0.36682832 -0.27843595 6710886
1.3866494 0.35805181 -0.27848473 6710886
1.3868923 0.34927222 -0.27853355 6710886
1.3871354 0.34048954 -0.27858236 6710886
1.3873786 0.33170381 -0.27863118 6710886
1.3876218 0.32291496 -0.27868003 6710886
1.3878651 0.31412303 -0.2787289 6710886
1.3881085 0.30532804 -0.27877778 6710886
1.388352 0.29652998 -0.27882668 6710886
1.3885955 0.28772879 -0.27887559 6710886
1.3888392 0.27892455 -0.27892455 6710886
1.389083 0.27011719 -0.27897349 6710886
1.3893267 0.26130673 -0.27902243 6710886
1.3895707 0.2524932 -0.27907145 6710886
1.3898147 0.24367659 -0.27912045 6710886
1.3900589 0.23485687 -0.27916947 6710886
1.3903029 0.22603402 -0.27921849 6710886
1.3905472 0.21720809 -0.27926755 6710886
1.3907915 0.20837907 -0.27931663 6710886
1.3910359 0.19954693 -0.27936572 6710886
1.3912804 0.19071169 -0.2794148 6710886
1.3915251 0.18187337 -0.27946395 6710886
1.3917699 0.17303193 -0.27951312 6710886
1.3920145 0.16418734 -0.27956223 6710886
1.3922595 0.15533969 -0.27961144 6710886
1.3925045 0.1464889 -0.27966064 6710886
1.3927494 0.13763499 -0.27970985 6710886
1.3929945 0.12877798 -0.27975905 6710886
1.3932397 0.11991785 -0.27980831 6710886
1.3934851 0.11105459 -0.27985758 6710886
1.3937304 0.10218821 -0.27990684 6710886
1.3939759 0.093318716 -0.27995613 6710886
1.3942214 0.084446087 -0.28000546 6710886
1.3944671 0.075570345 -0.28005481 6710886
1.3947128 0.066691466 -0.28010413 6710886
1.3949586 0.057809453 -0.28015351 6710886
1.3952045 0.048924316 -0.2802029 6710886
1.3954505 0.040036041 -0.28025231 6710886
1.3956965 0.031144634 -0.28030172 6710886
1.3959427 0.022250092 -0.28035113 6710886
1.396189 0.01335241 -0.2804006 6710886
1.3964353 0.0044515883 -0.28045008 6710886
1.3966817 -0.0044523738 -0.28049955 8421504
1.4078612 -0.40840912 -0.2827448 6710886
1.4081117 -0.4174594 -0.28279507 6710886
1.4083623 -0.42651293 -0.28284541 6710886
1.408613 -0.43556964 -0.28289574 6710886
1.4088638 -0.44462964 -0.28294614 6710886
1.4091147 -0.45369282 -0.28299654 6710886
1.4093657 -0.46275926 -0.28304693 6710886
1.4096161 -0.4718287 -0.28309721 6710886
1.4098675 -0.48090166 -0.28314772 6710886
1.4101188 -0.48997781 -0.28319818 6710886
1.4103702 -0.49905717 -0.28324866 6710886
1.4106218 -0.50813979 -0.28329918 6710886
1.3539267 0.99701416 -0.28054512 7303023
1.3541608 0.98855287 -0.2805936 7303023
1.354395 0.98008877 -0.28064215 7303023
1.3546293 0.97162163 -0.2806907 7303023
1.3548636 0.96315157 -0.28073925 7303023
1.3550981 0.95467865 -0.28078786 7303023
1.3553327 0.94620281 -0.28083646 7303023
1.3555673 0.93772399 -0.28088507 7303023
1.3558021 0.92924225 -0.28093371 7303023
1.3560369 0.92075759 -0.28098238 7303023
1.3562717 0.91226995 -0.28103101 7303023
1.3565067 0.90377939 -0.28107971 7303023
1.3567418 0.8952859 -0.28112844 7303023
1.356977 0.8867895 -0.28117716 7303023
1.3572122 0.87829012 -0.28122589 7303023
1.3574475 0.86978775 -0.28127465 7303023
1.3576828 0.86128247 -0.2813234 7303023
1.3579183 0.8527742 -0.28137219 7303023
1.3581538 0.84426302 -0.28142101 6710886
1.3583895 0.83574891 -0.28146985 6710886
1.3586252 0.82723182 -0.28151867 6710886
1.358861 0.81871176 -0.28156754 6710886
1.3590969 0.81018877 -0.28161642 6710886
1.3593327 0.80166274 -0.28166527 6710886
1.3595687 0.7931338 -0.2817142 6710886
1.3598049 0.78460193 -0.28176311 6710886
1.360041 0.77606702 -0.28181204 6710886
1.3602773 0.76752919 -0.28186101 6710886
1.3605137 0.75898844 -0.28191 6710886
1.3607502 0.75044471 -0.281959 6710886
1.3609866 0.74189794 -0.28200799 6710886
1.3612233 0.73334831 -0.28205705 6710886
1.36146 0.72479558 -0.28210607 6710886
1.3616968 0.71623999 -0.28215516 6710886
1.3619337 0.70768136 -0.28220424 6710886
1.3621706 0.69911975 -0.28225332 6710886
1.3624076 0.69055516 -0.28230241 6710886
1.3626448 0.68198764 -0.28235158 6710886
1.3628818 0.67341703 -0.28240067 6710886
1.3631191 0.6648435 -0.28244987 6710886
1.3633566 0.65626705 -0.28249907 6710886
1.3635941 0.64768755 -0.28254828 6710886
1.3677064 0.64092088 -0.28340039 6710886
1.3640693 0.63051969 -0.28264675 6710886
1.3643073 0.62193131 -0.28269607 6710886
1.3645452 0.61333996 -0.28274536 6710886
1.3648723 0.60478503 -0.28281313 6842472
1.3798296 0.60261542 -0.28591242 7039851
1.3800701 0.5939216 -0.28596225 6710886
1.3803109 0.58522487 -0.28601214 6710886
1.3805517 0.57652503 -0.28606203 6710886
1.3807924 0.5678221 -0.28611192 6710886
1.3810334 0.55911624 -0.28616187 6710886
1.3812745 0.55040729 -0.28621179 6710886
1.3815156 0.54169536 -0.28626177 6710886
1.3817567 0.53298026 -0.28631172 6710886
1.3819979 0.52426219 -0.28636172 6710886
1.3822393 0.51554114 -0.28641173 6710886
1.3824809 0.50681698 -0.28646177 6710886
1.3827223 0.49808973 -0.28651181 6710886
1.3829639 0.4893595 -0.28656188 6710886
1.3832057 0.4806262 -0.28661197 6710886
1.3834474 0.47188985 -0.28666204 6710886
1.3836892 0.46315038 -0.28671214 6710886
1.3839312 0.45440793 -0.2867623 6710886
1.3841732 0.44566241 -0.28681242 6710886
1.3844154 0.43691385 -0.28686264 6710886
1.3846575 0.42816216 -0.2869128 6710886
1.3848997 0.41940746 -0.28696299 6710886
1.3851421 0.41064966 -0.2870132 6710886
1.3853846 0.40188882 -0.28706345 6710886
1.3856272 0.39312494 -0.28711373 6710886
1.3858696 0.3843579 -0.28716394 6710886
1.3861125 0.37558791 -0.28721428 6710886
1.3863553 0.36681479 -0.28726459 6710886
1.3865981 0.35803857 -0.28731489 6710886
1.3868411 0.34925929 -0.28736526 6710886
1.3870841 0.34047696 -0.28741562 6710886
1.3873273 0.33169153 -0.28746599 6710886
1.3875704 0.32290301 -0.28751636 6710886
1.3878137 0.31411141 -0.28756678 6710886
1.3880571 0.30531675 -0.28761724 6710886
1.3883007 0.29651901 -0.28766769 6710886
1.3885441 0.28771812 -0.28771812 6710886
1.3887879 0.27891421 -0.28776863 6710886
1.3890315 0.27010718 -0.28781912 6710886
1.3892754 0.26129708 -0.28786966 6710886
1.3895192 0.25248384 -0.28792018 6710886
1.3897632 0.24366756 -0.28797075 6710886
1.3900074 0.23484817 -0.28802133 6710886
1.3902514 0.22602564 -0.2880719 6710886
1.3904957 0.21720004 -0.2881225 6710886
1.39074 0.20837136 -0.28817314 6710886
1.3909845 0.19953956 -0.2882238 6710886
1.3912289 0.19070463 -0.28827444 6710886
1.3914735 0.18186663 -0.28832513 6710886
1.3917183 0.1730255 -0.28837585 6710886
1.3919629 0.16418126 -0.28842655 6710886
1.3922077 0.15533392 -0.28847727 6710886
1.3924527 0.14648347 -0.28852803 6710886
1.3926978 0.1376299 -0.28857881 6710886
1.3929428 0.1287732 -0.28862959 6710886
1.393188 0.11991339 -0.28868037 6710886
1.3934333 0.11105047 -0.28873122 6710886
1.3936787 0.10218442 -0.28878206 6710886
1.3939241 0.093315251 -0.2888329 6710886
1.3941697 0.084442958 -0.28888381 6710886
1.3944153 0.075567536 -0.28893468 6710886
1.3946609 0.066688985 -0.28898561 6710886
1.3949068 0.057807304 -0.28903654 6710886
1.3951527 0.048922498 -0.28908747 6710886
1.3953986 0.040034555 -0.28913844 6710886
1.3956447 0.031143477 -0.28918943 6710886
1.3958908 0.022249265 -0.28924045 6710886
1.3961371 0.013351914 -0.28929147 6710886
1.3963833 0.004451423 -0.28934246 6710886
1.3966297 -0.0044522081 -0.28939354 7566195
1.4078084 -0.4083938 -0.29170987 6710886
1.4080589 -0.41744375 -0.29176176 6710886
1.4083095 -0.42649692 -0.29181367 6710886
1.4085602 -0.43555331 -0.29186562 6710886
1.408811 -0.44461295 -0.29191759 6710886
1.4090618 -0.45367581 -0.29196957 6710886
1.4093127 -0.46274188 -0.29202157 6710886
1.4095632 -0.47181097 -0.29207346 6710886
1.4098146 -0.48088363 -0.29212555 6710886
1.4100659 -0.48995942 -0.29217762 6710886
1.4103174 -0.49903849 -0.29222974 6710886
1.4105688 -0.50812072 -0.29228184 6710886
1.3538773 0.99697781 -0.28916672 6710886
1.3541114 0.98851687 -0.28921673 6710886
1.3543456 0.98005295 -0.28926674 6710886
1.3545799 0.97158623 -0.2893168 6710886
1.3548143 0.96311653 -0.28936684 6710886
1.3550487 0.95464379 -0.28941691 6710886
1.3552833 0.9461683 -0.28946701 6710886
1.355518 0.93768984 -0.28951713 6710886
1.3557527 0.9292084 -0.28956726 6710886
1.3559874 0.92072397 -0.28961742 6710886
1.3562223 0.91223669 -0.28966758 6710886
1.3564572 0.90374643 -0.28971776 6710886
1.3566922 0.89525318 -0.28976792 6710886
1.3569274 0.88675708 -0.28981817 6710886
1.3571626 0.87825799 -0.28986841 6710886
1.3573978 0.86975592 -0.28991863 6710886
1.3576332 0.861251 -0.28996894 6710886
1.3578687 0.85274303 -0.29001921 6710886
1.3581042 0.8442322 -0.29006952 6710886
1.3583399 0.83571839 -0.29011986 6710886
1.3585755 0.82720155 -0.29017016 6710886
1.3588113 0.81868178 -0.29022053 6710886
1.3590472 0.81015915 -0.29027092 6710886
1.3592832 0.80163354 -0.29032135 6710886
1.3595191 0.79310483 -0.29037172 6710886
1.3597552 0.78457326 -0.29042214 6710886
1.3599914 0.77603877 -0.2904726 6710886
1.3602276 0.76750118 -0.29052305 6710886
1.360464 0.75896072 -0.29057354 6710886
1.3607005 0.75041729 -0.29062405 6710886
1.360937 0.74187088 -0.29067457 6710886
1.3611735 0.73332143 -0.29072508 6710886
1.3614101 0.72476906 -0.29077563 6710886
1.361647 0.71621376 -0.2908262 6710886
1.3618838 0.70765543 -0.29087678 6710886
1.3621206 0.69909412 -0.29092735 6710886
1.3623577 0.69052988 -0.29097801 6710886
1.3625948 0.68196267 -0.29102865 6710886
1.362832 0.67339242 -0.29107928 6710886
1.3630692 0.66481918 -0.29112995 6710886
1.3633066 0.65624303 -0.29118067 6710886
1.3635441 0.64766383 -0.29123139 6710886
1.3676294 0.64088482 -0.29210395 6710886
1.3640194 0.63049662 -0.2913329 6710886
1.3642572 0.62190849 -0.29138371 6710886
1.364495 0.61331737 -0.2914345 6710886
1.364733 0.60472327 -0.29148531 6842472
1.3797789 0.60259324 -0.29469889 7039851
1.3800194 0.59389979 -0.29475027 6710886
1.3802601 0.58520329 -0.29480168 6710886
1.3805009 0.57650381 -0.29485309 6710886
1.3807417 0.56780124 -0.29490453 6710886
1.3809825 0.55909562 -0.29495597 6710886
1.3812236 0.55038702 -0.29500744 6710886
1.3814647 0.54167539 -0.29505897 6710886
1.3817059 0.53296071 -0.29511046 6710886
1.381947 0.52424288 -0.29516196 6710886
1.3821884 0.51552212 -0.29521352 6710886
1.38243 0.50679833 -0.29526511 6710886
1.3826715 0.49807143 -0.2953167 6710886
1.382913 0.4893415 -0.29536828 6710886
1.3831546 0.48060849 -0.2954199 6710886
1.3833964 0.47187245 -0.29547152 6710886
1.3836383 0.46313336 -0.2955232 6710886
1.3838801 0.45439118 -0.29557484 6710886
1.384122 0.44564593 -0.29562652 6710886
1.3843641 0.43689767 -0.29567823 6710886
1.3846064 0.42814636 -0.29572996 6710886
1.3848487 0.41939199 -0.29578173 6710886
1.3850909 0.41063449 -0.29583347 6710886
1.3853334 0.40187401 -0.29588524 6710886
1.385576 0.39311042 -0.29593706 6710886
1.3858186 0.38434377 -0.29598889 6710886
1.3860612 0.37557399 -0.29604068 6710886
1.386304 0.36680123 -0.29609254 6710886
1.386547 0.35802537 -0.29614446 6710886
1.3867898 0.34924638 -0.29619631 6710886
1.3870329 0.34046438 -0.29624823 6710886
1.3872759 0.33167925 -0.29630014 6710886
1.3875192 0.32289109 -0.29635212 6710886
1.3877624 0.31409982 -0.29640403 6710886
1.3880059 0.30530548 -0.29645604 6710886
1.3882493 0.29650801 -0.29650801 6710886
1.3884928 0.28770751 -0.29656005 6710886
1.3887364 0.27890387 -0.29661205 6710886
1.3889802 0.2700972 -0.29666412 6710886
1.3892241 0.26128742 -0.29671621 6710886
1.3894678 0.25247452 -0.29676831 6710886
1.3897117 0.24365853 -0.29682037 6710886
1.3899559 0.23483947 -0.29687253 6710886
1.3902 0.2260173 -0.29692468 6710886
1.3904442 0.21719201 -0.29697683 6710886
1.3906885 0.20836364 -0.29702902 6710886
1.3909329 0.19953215 -0.2970812 6710886
1.3911773 0.19069757 -0.29713342 6710886
1.3914219 0.18185988 -0.29718566 6710886
1.3916667 0.1730191 -0.29723793 6710886
1.3919114 0.16417518 -0.29729021 6710886
1.3921561 0.15532815 -0.29734248 6710886
1.3924011 0.14647803 -0.29739478 6710886
1.3926461 0.13762479 -0.29744712 6710886
1.392891 0.12876841 -0.29749945 6710886
1.3931363 0.11990894 -0.29755181 6710886
1.3933816 0.11104634 -0.2976042 6710886
1.3936269 0.10218063 -0.2976566 6710886
1.3938723 0.093311779 -0.29770902 6710886
1.3941178 0.084439814 -0.29776147 6710886
1.3943635 0.075564727 -0.29781392 6710886
1.3946092 0.066686511 -0.2978664 6710886
1.3948549 0.057805158 -0.29791889 6710886
1.3951008 0.04892068 -0.2979714 6710886
1.3953468 0.040033065 -0.29802394 6710886
1.3955927 0.031142317 -0.29807645 6710886
1.3958389 0.022248436 -0.29812905 6710886
1.3960851 0.013351417 -0.29818165 6710886
1.3963314 0.0044512576 -0.29823425 6710886
1.3965777 -0.0044520427 -0.29828686 6710886
1.4077557 -0.40837851 -0.30067429 6710886
1.4080061 -0.41742811 -0.30072775 6710886
1.4082566 -0.42648092 -0.30078128 6710886
1.4085073 -0.43553698 -0.30083483 6710886
1.4087582 -0.44459629 -0.30088839 6710886
1.409009 -0.45365879 -0.30094197 6710886
1.4092599 -0.46272454 -0.30099556 6710886
1.4095104 -0.47179329 -0.30104905 6710886
1.4097615 -0.48086551 -0.3011027 6710886
1.410013 -0.48994103 -0.3011564 6710886
1.4102644 -0.49901971 -0.30121011 6710886
1.4105158 -0.50810164 -0.30126381 6710886
1.353828 0.99694145 -0.2977877 6710886
1.3540621 0.98848087 -0.29783919 6710886
1.3542963 0.9800173 -0.29789072 6710886
1.3545306 0.97155082 -0.29794225 6710886
1.3547649 0.96308142 -0.29799381 6710886
1.3549994 0.95460916 -0.2980454 6710886
1.3552339 0.94613385 -0.29809695 6710886
1.3554685 0.93765563 -0.29814857 6710886
1.3557032 0.92917454 -0.29820019 6710886
1.355938 0.92069042 -0.29825184 6710886
1.3561728 0.91220337 -0.29830348 6710886
1.3564078 0.90371346 -0.29835516 6710886
1.3566428 0.89522064 -0.29840687 6710886
1.3568779 0.88672477 -0.29845858 6710886
1.3571131 0.87822598 -0.29851031 6710886
1.3573484 0.86972427 -0.29856208 6710886
1.3575838 0.86121958 -0.29861385 6710886
1.3578191 0.85271192 -0.29866558 6710886
1.3580546 0.84420139 -0.29871741 6710886
1.3582903 0.83568788 -0.29876924 6710886
1.3585259 0.82717133 -0.29882106 6710886
1.3587617 0.81865191 -0.29887292 6710886
1.3589976 0.81012958 -0.2989248 6710886
1.3592335 0.80160421 -0.29897672 6710886
1.3594694 0.79307586 -0.29902861 6710886
1.3597056 0.78454465 -0.29908055 6710886
1.3599417 0.77601039 -0.2991325 6710886
1.3601779 0.7674731 -0.29918444 6710886
1.3604143 0.75893295 -0.29923642 6710886
1.3606507 0.75038981 -0.29928842 6710886
1.3608872 0.7418437 -0.29934046 6710886
1.3611237 0.73329461 -0.29939246 6710886
1.3613603 0.72474253 -0.29944453 6710886
1.3615971 0.71618754 -0.29949659 6710886
1.3618339 0.70762956 -0.29954869 6710886
1.3620708 0.69906855 -0.29960081 6710886
1.3623078 0.69050455 -0.29965293 6710886
1.3625449 0.68193763 -0.29970509 6710886
1.362782 0.67336768 -0.29975724 6710886
1.3630192 0.6647948 -0.29980943 6710886
1.3632567 0.65621895 -0.29986164 6710886
1.363494 0.64764005 -0.29991385 6710886
1.3675524 0.6408487 -0.30080652 6710886
1.3639692 0.63047338 -0.30001837 6710886
1.364207 0.6218856 -0.30007067 6710886
1.364445 0.6132949 -0.30012304 6710886
1.3646829 0.6047011 -0.30017537 6842472
1.3797282 0.60257113 -0.30348471 7039851
1.3799688 0.59387797 -0.30353764 6710886
1.3802093 0.58518177 -0.30359054 6710886
1.3804501 0.57648259 -0.30364352 6710886
1.3806909 0.56778038 -0.30369648 6710886
1.3809319 0.55907512 -0.30374947 6710886
1.3811728 0.55036682 -0.30380246 6710886
1.3814138 0.54165542 -0.30385548 6710886
1.3816551 0.5329411 -0.30390856 6710886
1.3818964 0.52422369 -0.30396163 6710886
1.3821375 0.51550317 -0.30401468 6710886
1.3823791 0.50677967 -0.30406779 6710886
1.3826205 0.49805307 -0.3041209 6710886
1.382862 0.48932344 -0.30417404 6710886
1.3831037 0.48059079 -0.3042272 6710886
1.3833454 0.47185504 -0.30428034 6710886
1.3835872 0.46311629 -0.30433357 6710886
1.3838291 0.45437443 -0.30438676 6710886
1.3840711 0.44562954 -0.30443999 6710886
1.3843131 0.43688157 -0.30449322 6710886
1.3845553 0.42813057 -0.30454651 6710886
1.3847976 0.41937649 -0.30459979 6710886
1.3850398 0.41061935 -0.30465305 6710886
1.3852823 0.40185916 -0.30470639 6710886
1.3855249 0.39309591 -0.30475974 6710886
1.3857675 0.38432959 -0.30481312 6710886
1.3860101 0.37556013 -0.30486646 6710886
1.3862529 0.3667877 -0.3049199 6710886
1.3864957 0.35801214 -0.3049733 6710886
1.3867387 0.34923351 -0.30502674 6710886
1.3869816 0.34045181 -0.30508018 6710886
1.3872247 0.33166701 -0.30513364 6710886
1.387468 0.32287917 -0.30518717 6710886
1.3877112 0.3140882 -0.30524066 6710886
1.3879545 0.30529416 -0.30529416 6710886
1.388198 0.29649708 -0.30534774 6710886
1.3884416 0.2876969 -0.3054013 6710886
1.388685 0.27889356 -0.30545485 6710886
1.3889288 0.27008721 -0.30550846 6710886
1.3891726 0.26127774 -0.30556211 6710886
1.3894163 0.25246516 -0.30561572 6710886
1.3896604 0.24364951 -0.3056694 6710886
1.3899044 0.23483077 -0.30572307 6710886
1.3901485 0.22600892 -0.30577677 6710886
1.3903927 0.21718396 -0.30583048 6710886
1.390637 0.20835592 -0.30588421 6710886
1.3908814 0.19952478 -0.30593798 6710886
1.3911259 0.19069052 -0.30599177 6710886
1.3913704 0.18185315 -0.30604553 6710886
1.391615 0.17301267 -0.30609936 6710886
1.3918598 0.16416909 -0.30615318 6710886
1.3921045 0.1553224 -0.306207 6710886
1.3923495 0.1464726 -0.30626088 6710886
1.3925945 0.13761969 -0.30631477 6710886
1.3928396 0.12876365 -0.30636868 6710886
1.3930846 0.1199045 -0.30642259 6710886
1.3933299 0.11104222 -0.30647653 6710886
1.3935752 0.10217683 -0.30653051 6710886
1.3938205 0.093308315 -0.30658448 6710886
1.3940661 0.084436685 -0.30663848 6710886
1.3943117 0.075561918 -0.30669248 6710886
1.3945574 0.06668403 -0.30674654 6710886
1.394803 0.057803009 -0.30680057 6710886
1.395049 0.048918862 -0.30685467 6710886
1.3952949 0.040031578 -0.30690876 6710886
1.395541 0.031141162 -0.30696288 6710886
1.395787 0.022247609 -0.307017 6710886
1.3960332 0.01335092 -0.30707115 6710886
1.3962796 0.0044510923 -0.30712536 6710886
1.3965259 -0.0044518774 -0.30717954 6710886
1.4077029 -0.40836319 -0.30963802 6710886
1.4079533 -0.41741243 -0.3096931 6710886
1.4082038 -0.42646495 -0.3097482 6710886
1.4084545 -0.43552065 -0.30980337 6710886
1.4087052 -0.4445796 -0.3098585 6710886
1.4089561 -0.45364174 -0.30991367 6710886
1.409207 -0.46270716 -0.30996886 6710886
1.4094574 -0.47177559 -0.31002396 6710886
1.4097086 -0.48084748 -0.31007922 6710886
1.4099599 -0.48992258 -0.31013447 6710886
1.4102114 -0.499001 -0.31018981 6710886
1.4104627 -0.50808251 -0.3102451 6710886
1.3537787 0.99690521 -0.30640808 6710886
1.3540128 0.98844492 -0.3064611 6710886
1.354247 0.9799816 -0.30651408 6710886
1.3544813 0.97151554 -0.30656713 6710886
1.3547156 0.96304637 -0.30662015 6710886
1.3549501 0.95457435 -0.3066732 6710886
1.3551846 0.9460994 -0.30672628 6710886
1.3554192 0.93762147 -0.30677938 6710886
1.3556539 0.92914069 -0.30683249 6710886
1.3558885 0.9206568 -0.3068856 6710886
1.3561234 0.91217017 -0.3069388 6710886
1.3563584 0.90368056 -0.30699196 6710886
1.3565934 0.89518797 -0.30704513 6710886
1.3568285 0.8866924 -0.30709836 6710886
1.3570637 0.87819397 -0.30715159 6710886
1.3572989 0.8696925 -0.30720481 6710886
1.3575342 0.86118817 -0.30725807 6710886
1.3577696 0.85268086 -0.30731136 6710886
1.358005 0.84417057 -0.30736467 6710886
1.3582407 0.83565736 -0.30741799 6710886
1.3584763 0.82714117 -0.30747131 6710886
1.3587121 0.81862205 -0.30752468 6710886
1.3589479 0.81009996 -0.30757806 6710886
1.3591837 0.80157483 -0.30763143 6710886
1.3594197 0.79304683 -0.30768484 6710886
1.3744067 0.7930271 -0.31107694 6710886
1.3746455 0.78440064 -0.31113097 6710886
1.3748841 0.77577102 -0.311185 6710886
1.375123 0.76713854 -0.31123906 6710886
1.375362 0.75850308 -0.31129315 6710886
1.3756011 0.74986452 -0.31134725 6710886
1.3758402 0.74122304 -0.3114014 6710886
1.3760793 0.73257846 -0.31145552 6710886
1.3763187 0.72393095 -0.3115097 6710886
1.3765579 0.71528035 -0.31156385 6710886
1.3767974 0.70662683 -0.31161803 6710886
1.377037 0.69797033 -0.31167227 6710886
1.3772767 0.68931073 -0.31172651 6710886
1.3775163 0.68064809 -0.31178075 6710886
1.3777561 0.67198253 -0.31183502 6710886
1.377996 0.66331387 -0.31188932 6710886
1.3782361 0.65464234 -0.31194365 6710886
1.3784759 0.64596754 -0.31199795 6710886
1.3639193 0.63045031 -0.30870324 6710886
1.364157 0.62186283 -0.30875707 6710886
1.3643949 0.61327237 -0.30881092 6710886
1.3646328 0.60467893 -0.30886477 6842472
1.3796774 0.60254896 -0.3122699 7105644
1.3799181 0.59385616 -0.31232435 6710886
1.3801587 0.58516032 -0.31237879 6710886
1.3803993 0.57646143 -0.31243327 6710886
1.3806401 0.56775951 -0.31248778 6710886
1.3808811 0.55905455 -0.31254232 6710886
1.3811221 0.55034661 -0.31259686 6710886
1.381363 0.54163551 -0.3126514 6710886
1.3816041 0.53292143 -0.31270596 6710886
1.3818454 0.52420431 -0.31276056 6710886
1.3820866 0.51548415 -0.31281519 6710886
1.382328 0.50676095 -0.31286982 6710886
1.3825694 0.49803469 -0.31292444 6710886
1.3828111 0.48930541 -0.31297913 6710886
1.3830527 0.48057306 -0.31303382 6710886
1.3832945 0.47183767 -0.31308854 6710886
1.3835362 0.46309921 -0.31314325 6710886
1.3837781 0.45435768 -0.313198 6710886
1.3840201 0.44561312 -0.31325278 6710886
1.3842621 0.43686548 -0.31330755 6710886
1.3845042 0.42811477 -0.31336236 6710886
1.3847466 0.41936105 -0.3134172 6710886
1.3849889 0.41060424 -0.31347206 6710886
1.3852311 0.40184432 -0.3135269 6710886
1.3854737 0.3930814 -0.31358179 6710886
1.3857163 0.3843154 -0.31363669 6710886
1.3859588 0.37554625 -0.31369159 6710886
1.3862016 0.36677414 -0.31374654 6710886
1.3864444 0.35799891 -0.3138015 6710886
1.3866874 0.3492206 -0.31385648 6710886
1.3869303 0.3404392 -0.31391147 6710886
1.3871734 0.33165476 -0.31396648 6710886
1.3874166 0.32286721 -0.31402153 6710886
1.3876599 0.3140766 -0.3140766 6710886
1.3879032 0.30528289 -0.31413168 6710886
1.3881466 0.29648611 -0.31418678 6710886
1.3883902 0.28768623 -0.31424189 6710886
1.3886336 0.27888325 -0.31429699 6710886
1.3888774 0.2700772 -0.31435215 6710886
1.3891212 0.26126808 -0.31440735 6710886
1.3893651 0.25245586 -0.31446254 6710886
1.3896089 0.24364048 -0.31451774 6710886
1.3898529 0.23482206 -0.31457296 6710886
1.390097 0.22600055 -0.31462821 6710886
1.3903412 0.21717592 -0.31468347 6710886
1.3905854 0.20834818 -0.31473875 6710886
1.3908298 0.19951737 -0.31479406 6710886
1.3910743 0.19068344 -0.31484941 6710886
1.3913188 0.1818464 -0.31490475 6710886
1.3915634 0.17300625 -0.31496009 6710886
1.3918082 0.16416301 -0.31501549 6710886
1.392053 0.15531665 -0.31507093 6710886
1.3922977 0.14646716 -0.3151263 6710886
1.3925427 0.13761456 -0.31518176 6710886
1.3927878 0.12875886 -0.31523722 6710886
1.3930329 0.11990004 -0.31529272 6710886
1.3932781 0.1110381 -0.31534821 6710886
1.3935235 0.10217304 -0.31540373 6710886
1.3937689 0.093304858 -0.31545928 6710886
1.3940144 0.084433548 -0.31551483 6710886
1.3942599 0.075559117 -0.31557041 6710886
1.3945056 0.066681556 -0.31562603 6710886
1.3947512 0.057800859 -0.31568161 6710886
1.3949971 0.048917044 -0.31573728 6710886
1.395243 0.040030092 -0.31579295 6710886
1.3954891 0.031140005 -0.31584862 6710886
1.395735 0.022246782 -0.31590429 6710886
1.3959813 0.013350424 -0.31596002 6710886
1.3962276 0.0044509266 -0.31601578 6710886
1.396474 -0.0044517121 -0.31607154 6710886
1.4076501 -0.40834787 -0.3186011 6710886
1.4079005 -0.41739678 -0.31865776 6710886
1.408151 -0.42644894 -0.31871447 6710886
1.4084017 -0.43550435 -0.31877121 6710886
1.4086524 -0.44456291 -0.31882796 6710886
1.4089031 -0.4536247 -0.3188847 6710886
1.4091542 -0.46268982 -0.31894153 6710886
1.4094045 -0.47175786 -0.31899819 6710886
1.4096557 -0.48082942 -0.31905502 6710886
1.4099071 -0.48990422 -0.31911194 6710886
1.4101584 -0.49898222 -0.31916881 6710886
1.4104098 -0.50806344 -0.3192257 6710886
1.3686525 0.99913198 -0.31850058 6710886
1.3688892 0.99057728 -0.31855568 6710886
1.3691261 0.9820196 -0.31861082 6710886
1.3693628 0.97345883 -0.31866589 6710886
1.3695998 0.96489525 -0.31872106 6710886
1.3698369 0.95632869 -0.31877622 6710886
1.370074 0.94775909 -0.31883141 6710886
1.3703113 0.93918657 -0.31888661 6710886
1.3705485 0.93061107 -0.3189418 6710886
1.370786 0.92203265 -0.31899709 6710886
1.3710234 0.91345119 -0.31905234 6710886
1.3712609 0.90486676 -0.31910759 6710886
1.3714985 0.89627934 -0.31916288 6710886
1.3717363 0.88768905 -0.31921822 6710886
1.371974 0.87909567 -0.31927356 6710886
1.3722118 0.87049931 -0.3193289 6710886
1.3724498 0.86189997 -0.31938428 6710886
1.3726878 0.85329771 -0.31943965 6710886
1.372926 0.84469247 -0.31949508 6710886
1.3731642 0.83608425 -0.31955051 6710886
1.3734025 0.82747298 -0.31960598 6710886
1.3736408 0.81885874 -0.31966144 6710886
1.3738793 0.81024158 -0.31971693 6710886
1.3741177 0.80162126 -0.31977242 6710886
1.3743564 0.79299808 -0.31982794 6710886
1.374595 0.78437185 -0.3198835 6710886
1.3748338 0.77574265 -0.31993905 6710886
1.3750727 0.76711047 -0.31999466 6710886
1.3753116 0.75847524 -0.32005024 6710886
1.3755506 0.74983704 -0.32010588 6710886
1.3757898 0.74119586 -0.32016152 6710886
1.3760289 0.73255157 -0.32021716 6710886
1.3762683 0.72390443 -0.32027286 6710886
1.3765076 0.71525425 -0.32032856 6710886
1.376747 0.70660096 -0.32038429 6710886
1.3769865 0.6979447 -0.32044002 6710886
1.3772261 0.68928546 -0.32049578 6710886
1.3774658 0.68062317 -0.32055157 6710886
1.3777056 0.67195785 -0.32060736 6710886
1.3779454 0.66328955 -0.32066315 6710886
1.3781854 0.65461826 -0.320719 6710886
1.3784255 0.64594394 -0.32077488 6710886
1.3638691 0.63042712 -0.31738743 6710886
1.3641069 0.62184 -0.31744277 6710886
1.3643448 0.61324984 -0.31749815 6710886
1.3645827 0.6046567 -0.31755349 6842472
1.3796268 0.60252678 -0.32105443 7039851
1.3798673 0.59383434 -0.3211104 6710886
1.3801079 0.5851388 -0.3211664 6710886
1.3803486 0.57644022 -0.32122239 6710886
1.3805894 0.56773859 -0.32127845 6710886
1.3808302 0.55903393 -0.32133448 6710886
1.3810711 0.55032629 -0.32139054 6710886
1.3813123 0.54161561 -0.32144666 6710886
1.3815533 0.53290182 -0.32150275 6710886
1.3817945 0.524185 -0.32155886 6710886
1.3820357 0.5154652 -0.32161501 6710886
1.3822771 0.5067423 -0.32167119 6710886
1.3825185 0.49801636 -0.32172737 6710886
1.3827602 0.48928741 -0.3217836 6710886
1.3830018 0.48055539 -0.32183984 6710886
1.3832434 0.47182027 -0.32189608 6710886
1.3834852 0.46308213 -0.32195234 6710886
1.3837271 0.45434093 -0.32200861 6710886
1.3839691 0.44559669 -0.32206494 6710886
1.3842112 0.43684942 -0.32212126 6710886
1.3844532 0.42809898 -0.32217759 6710886
1.3846954 0.41934556 -0.32223397 6710886
1.3849378 0.4105891 -0.32229036 6710886
1.38518 0.40182948 -0.32234672 6710886
1.3854226 0.39306688 -0.32240319 6710886
1.3856652 0.38430122 -0.32245964 6710886
1.3859078 0.37553245 -0.32251608 6710886
1.3861505 0.36676058 -0.32257256 6710886
1.3863933 0.35798571 -0.32262909 6710886
1.3866361 0.3492077 -0.3226856 6710886
1.3868791 0.34042662 -0.32274213 6710886
1.3871222 0.33164248 -0.3227987 6710886
1.3873653 0.32285529 -0.32285529 6710886
1.3876086 0.31406501 -0.32291192 6710886
1.3878518 0.3052716 -0.32296848 6710886
1.3880953 0.29647514 -0.32302514 6710886
1.3883388 0.28767559 -0.32308182 6710886
1.3885823 0.27887294 -0.32313851 6710886
1.388826 0.27006721 -0.32319519 6710886
1.3890698 0.26125842 -0.32325193 6710886
1.3893136 0.2524465 -0.32330865 6710886
1.3895575 0.24363148 -0.32336542 6710886
1.3898015 0.23481338 -0.32342219 6710886
1.3900456 0.22599219 -0.32347903 6710886
1.3902898 0.21716788 -0.32353583 6710886
1.3905339 0.20834047 -0.32359266 6710886
1.3907783 0.19950998 -0.32364953 6710886
1.3910228 0.19067638 -0.32370642 6710886
1.3912672 0.18183966 -0.32376328 6710886
1.3915118 0.17299984 -0.3238202 6710886
1.3917565 0.16415691 -0.32387716 6710886
1.3920014 0.15531088 -0.32393414 6710886
1.3922461 0.14646173 -0.32399109 6710886
1.3924911 0.13760947 -0.3240481 6710886
1.3927362 0.12875409 -0.32410514 6710886
1.3929813 0.1198956 -0.32416219 6710886
1.3932264 0.11103398 -0.32421923 6710886
1.3934717 0.10216925 -0.3242763 6710886
1.3937172 0.093301393 -0.32433343 6710886
1.3939625 0.084430411 -0.32439053 6710886
1.3942081 0.075556308 -0.32444766 6710886
1.3944538 0.066679075 -0.32450485 6710886
1.3946996 0.057798721 -0.32456204 6710886
1.3949453 0.048915226 -0.3246192 6710886
1.3951912 0.040028602 -0.32467645 6710886
1.3954372 0.031138849 -0.3247337 6710886
1.3956832 0.022245955 -0.32479092 6710886
1.3959293 0.013349927 -0.32484823 6710886
1.3961756 0.0044507608 -0.32490554 6710886
1.396422 -0.0044515464 -0.32496288 6710886
1.4075974 -0.40833259 -0.32756352 6710886
1.4078478 -0.41738117 -0.32762176 6710886
1.4080982 -0.42643294 -0.32768005 6710886
1.4083488 -0.43548796 -0.32773837 6710886
1.4085995 -0.44454622 -0.3277967 6710886
1.4088504 -0.45360774 -0.32785511 6710886
1.4091012 -0.46267244 -0.32791346 6710886
1.4093516 -0.47174016 -0.32797173 6710886
1.4096028 -0.48081136 -0.32803017 6710886
1.4098542 -0.48988584 -0.32808867 6710886
1.4101055 -0.49896351 -0.32814717 6710886
1.4103568 -0.50804436 -0.32820565 6710886
1.3686025 0.9990955 -0.32721469 6710886
1.3688393 0.9905411 -0.32727128 6710886
1.3690761 0.98198378 -0.32732794 6710886
1.369313 0.97342342 -0.32738456 6710886
1.3695499 0.96486002 -0.32744119 6710886
1.369787 0.95629382 -0.32749787 6710886
1.3700241 0.94772458 -0.32755458 6710886
1.3702613 0.93915236 -0.3276113 6710886
1.3704985 0.93057716 -0.32766801 6710886
1.3707359 0.92199898 -0.32772475 6710886
1.3709733 0.91341788 -0.32778153 6710886
1.3712109 0.90483379 -0.32783833 6710886
1.3714484 0.89624661 -0.3278951 6710886
1.3716861 0.88765657 -0.32795194 6710886
1.3719239 0.87906355 -0.3280088 6710886
1.3721617 0.87046754 -0.32806566 6710886
1.3723996 0.8618685 -0.32812253 6710886
1.3726376 0.85326654 -0.32817945 6710886
1.3728758 0.84466159 -0.32823637 6710886
1.3731139 0.83605361 -0.32829329 6710886
1.3733522 0.82744271 -0.32835028 6710886
1.3735906 0.81882882 -0.32840729 6710886
1.373829 0.8102119 -0.32846427 6710886
1.3740674 0.80159193 -0.32852128 6710886
1.3743061 0.79296905 -0.32857835 6710886
1.3745447 0.78434312 -0.32863539 6710886
1.3747835 0.77571428 -0.3286925 6710886
1.3750223 0.76708233 -0.32874957 6710886
1.3752612 0.75844741 -0.3288067 6710886
1.3755003 0.74980962 -0.32886386 6710886
1.3757393 0.74116868 -0.32892102 6710886
1.3759785 0.73252475 -0.32897818 6710886
1.3762177 0.72387785 -0.3290354 6710886
1.3764571 0.71522796 -0.32909262 6710886
1.3766966 0.7065751 -0.32914987 6710886
1.376936 0.69791907 -0.32920712 6710886
1.3771756 0.68926013 -0.3292644 6710886
1.3774153 0.6805982 -0.32932171 6710886
1.377655 0.67193323 -0.32937902 6710886
1.3778949 0.66326523 -0.32943636 6710886
1.3781348 0.65459424 -0.32949373 6710886
1.3783748 0.64592022 -0.32955113 6710886
1.3638191 0.630404 -0.32607105 6710886
1.3640568 0.62181717 -0.32612789 6710886
1.3642946 0.61322731 -0.32618475 6710886
1.3645326 0.60463446 -0.32624161 6842472
1.3795761 0.60250467 -0.32983834 7039851
1.3798165 0.59381247 -0.32989582 6710886
1.3800571 0.58511722 -0.32995334 6710886
1.3802978 0.576419 -0.33001086 6710886
1.3805386 0.56771773 -0.33006844 6710886
1.3807795 0.55901343 -0.33012605 6710886
1.3810203 0.55030602 -0.33018363 6710886
1.3812613 0.54159564 -0.33024126 6710886
1.3815025 0.53288221 -0.3302989 6710886
1.3817436 0.52416569 -0.33035654 6710886
1.3819848 0.51544619 -0.33041424 6710886
1.3822262 0.50672364 -0.33047193 6710886
1.3824677 0.49799806 -0.33052969 6710886
1.3827091 0.48926935 -0.33058739 6710886
1.3829508 0.48053765 -0.33064517 6710886
1.3831925 0.47180292 -0.33070296 6710886
1.3834342 0.46306506 -0.33076075 6710886
1.3836761 0.45432419 -0.33081856 6710886
1.383918 0.44558027 -0.33087644 6710886
1.38416 0.43683326 -0.33093429 6710886
1.3844022 0.42808321 -0.33099216 6710886
1.3846444 0.41933012 -0.3310501 6710886
1.3848866 0.41057393 -0.331108 6710886
1.3851291 0.40181473 -0.33116597 6710886
1.3853714 0.3930524 -0.33122393 6710886
1.3856139 0.384287 -0.3312819 6710886
1.3858566 0.37551859 -0.33133993 6710886
1.3860992 0.36674702 -0.33139792 6710886
1.386342 0.35797244 -0.33145598 6710886
1.386585 0.34919482 -0.33151406 6710886
1.3868279 0.34041408 -0.33157215 6710886
1.3870709 0.33163023 -0.33163023 6710886
1.3873141 0.32284334 -0.33168837 6710886
1.3875573 0.31405339 -0.33174652 6710886
1.3878006 0.30526033 -0.33180469 6710886
1.388044 0.29646417 -0.3318629 6710886
1.3882874 0.28766495 -0.3319211 6710886
1.3885311 0.27886266 -0.33197933 6710886
1.3887746 0.27005723 -0.33203757 6710886
1.3890183 0.26124874 -0.33209583 6710886
1.3892622 0.25243714 -0.33215415 6710886
1.3895061 0.24362247 -0.33221245 6710886
1.38975 0.23480467 -0.33227077 6710886
1.3899941 0.22598381 -0.33232915 6710886
1.3902383 0.21715984 -0.33238751 6710886
1.3904824 0.20833276 -0.33244589 6710886
1.3907268 0.19950259 -0.3325043 6710886
1.3909712 0.19066931 -0.33256274 6710886
1.3912158 0.18183294 -0.33262122 6710886
1.3914603 0.17299344 -0.33267969 6710886
1.3917049 0.16415083 -0.33273816 6710886
1.3919498 0.15530513 -0.33279672 6710886
1.3921945 0.1464563 -0.33285522 6710886
1.3924395 0.13760437 -0.33291379 6710886
1.3926845 0.12874931 -0.33297238 6710886
1.3929297 0.11989116 -0.333031 6710886
1.3931748 0.11102986 -0.33308959 6710886
1.39342 0.10216545 -0.33314821 6710886
1.3936654 0.093297936 -0.33320689 6710886
1.3939109 0.084427282 -0.33326557 6710886
1.3941563 0.075553499 -0.33332428 6710886
1.394402 0.066676602 -0.33338302 6710886
1.3946477 0.057796571 -0.33344176 6710886
1.3948934 0.048913404 -0.3335005 6710886
1.3951393 0.040027115 -0.3335593 6710886
1.3953853 0.031137688 -0.3336181 6710886
1.3956314 0.02224513 -0.33367693 6710886
1.3958775 0.013349431 -0.33373576 6710886
1.3961238 0.0044505955 -0.33379465 6710886
1.3963701 -0.0044513806 -0.33385354 6710886
1.4075446 -0.40831727 -0.33652523 6710886
1.407795 -0.41736549 -0.33658507 6710886
1.4080454 -0.42641696 -0.33664498 6710886
1.408296 -0.43547162 -0.33670488 6710886
1.4085467 -0.44452956 -0.33676481 6710886
1.4087975 -0.45359069 -0.33682477 6710886
1.4090483 -0.46265504 -0.33688474 6710886
1.4092988 -0.47172248 -0.33694464 6710886
1.4095498 -0.4807933 -0.33700466 6710886
1.4098011 -0.48986742 -0.33706474 6710886
1.4100525 -0.49894476 -0.33712485 6710886
1.410304 -0.50802535 -0.33718497 6710886
1.3685528 0.99905926 -0.3359282 6710886
1.3687893 0.99050498 -0.33598626 6776679
1.3690262 0.98194796 -0.3360444 6776679
1.3692631 0.9733879 -0.33610255 6776679
1.3695 0.96482491 -0.33616072 6842472
1.3697369 0.95625883 -0.33621886 6710886
1.369974 0.94768995 -0.33627707 6710886
1.3702112 0.93911803 -0.3363353 6710886
1.3704486 0.93054324 -0.33639356 6710886
1.3706858 0.9219653 -0.3364518 6710886
1.3709233 0.9133845 -0.33651009 6710886
1.3711607 0.90480065 -0.33656836 6710886
1.3713984 0.89621395 -0.33662671 6710886
1.371636 0.88762414 -0.33668503 6710886
1.3718737 0.87903142 -0.33674338 6710886
1.3721116 0.87043571 -0.33680177 6710886
1.3723495 0.86183703 -0.33686015 6710886
1.3725874 0.8532353 -0.33691856 6710886
1.3728256 0.84463072 -0.33697703 6710886
1.3730638 0.83602309 -0.33703551 6710886
1.373302 0.82741243 -0.33709395 6710886
1.3735403 0.81879884 -0.33715245 6710886
1.3737787 0.81018221 -0.33721098 6710886
1.3740172 0.80156267 -0.33726951 6710886
1.3742558 0.79294002 -0.33732808 6710886
1.3744944 0.78431445 -0.33738667 6710886
1.3747332 0.77568591 -0.33744526 6710886
1.374972 0.76705426 -0.33750388 6710886
1.3778443 0.66324091 -0.33820894 6710886
1.3780842 0.65457016 -0.3382678 6710886
1.3783242 0.64589643 -0.33832672 6710886
1.3637691 0.63038087 -0.33475399 6710886
1.3640068 0.62179434 -0.33481234 6710886
1.3642446 0.61320478 -0.3348707 6710886
1.3644824 0.60461223 -0.33492908 6842472
1.3795253 0.6024825 -0.33862156 7039851
1.3797659 0.59379065 -0.3386806 6710886
1.3800063 0.5850957 -0.33873963 6710886
1.380247 0.57639778 -0.3387987 6710886
1.3804878 0.56769687 -0.3388578 6710886
1.3807287 0.55899286 -0.33891696 6710886
1.3809695 0.55028582 -0.33897606 6710886
1.3812106 0.54157573 -0.33903521 6710886
1.3814516 0.5328626 -0.33909437 6710886
1.3816929 0.5241465 -0.33915362 6710886
1.381934 0.51542723 -0.33921281 6710886
1.3821753 0.50670499 -0.33927202 6710886
1.3824168 0.49797973 -0.33933133 6710886
1.3826582 0.48925135 -0.33939058 6710886
1.3828999 0.48051995 -0.33944988 6710886
1.3831415 0.47178552 -0.33950919 6710886
1.3833833 0.46304801 -0.33956853 6710886
1.383625 0.45430744 -0.33962789 6710886
1.383867 0.44556382 -0.33968729 6710886
1.384109 0.43681717 -0.33974668 6710886
1.384351 0.42806739 -0.33980608 6710886
1.3845932 0.41931462 -0.33986554 6710886
1.3848356 0.41055879 -0.33992502 6710886
1.385078 0.40179989 -0.33998451 6710886
1.3853203 0.39303789 -0.34004399 6710886
1.3855628 0.38427281 -0.34010354 6710886
1.3858055 0.37550473 -0.34016311 6710886
1.3860482 0.36673352 -0.34022269 6710886
1.3862909 0.35795924 -0.34028226 6710886
1.3865337 0.34918189 -0.34034187 6710886
1.3867767 0.3404015 -0.3404015 6710886
1.3870196 0.33161798 -0.34046113 6710886
1.3872628 0.32283142 -0.34052083 6710886
1.387506 0.31404176 -0.34058052 6710886
1.3877493 0.30524904 -0.34064025 6710886
1.3879926 0.29645321 -0.34069997 6710886
1.388236 0.28765431 -0.34075972 6710886
1.3884797 0.27885234 -0.34081951 6710886
1.3887233 0.27004725 -0.34087929 6710886
1.3889669 0.26123905 -0.3409391 6710886
1.3892108 0.25242782 -0.34099898 6710886
1.3894547 0.24361347 -0.34105885 6710886
1.3896985 0.23479599 -0.34111869 6710886
1.3899426 0.22597545 -0.34117863 6710886
1.3901868 0.21715181 -0.34123853 6710886
1.390431 0.20832506 -0.34129849 6710886
1.3906753 0.1994952 -0.34135845 6710886
1.3909197 0.19066225 -0.34141845 6710886
1.3911642 0.18182619 -0.34147847 6710886
1.3914087 0.17298701 -0.34153846 6710886
1.3916534 0.16414475 -0.34159854 6710886
1.3918982 0.15529937 -0.34165862 6710886
1.392143 0.14645088 -0.34171873 6710886
1.3923877 0.13759926 -0.34177878 6710886
1.3926328 0.12874454 -0.34183896 6710886
1.3928779 0.1198867 -0.34189913 6710886
1.393123 0.11102574 -0.34195927 6710886
1.3933682 0.10216166 -0.34201947 6710886
1.3936137 0.093294472 -0.34207973 6710886
1.3938591 0.084424146 -0.34213996 6710886
1.3941045 0.07555069 -0.34220019 6710886
1.3943502 0.066674121 -0.34226051 6710886
1.3945959 0.057794422 -0.3423208 6710886
1.3948417 0.04891159 -0.34238115 6710886
1.3950875 0.040025629 -0.34244147 6710886
1.3953334 0.031136531 -0.34250185 6710886
1.3955795 0.022244301 -0.34256223 6710886
1.3958255 0.013348934 -0.34262264 6710886
1.3960718 0.0044504297 -0.34268308 6710886
1.3963181 -0.0044512148 -0.34274355 6710886
1.4074919 -0.40830201 -0.34548631 6710886
1.4077421 -0.41734985 -0.34554774 6710886
1.4079926 -0.42640096 -0.34560919 6710886
1.4082432 -0.43545532 -0.3456707 6710886
1.4084939 -0.44451287 -0.34573224 6710886
1.4087447 -0.4535737 -0.34579381 6710886
1.4089955 -0.46263772 -0.34585539 6710886
1.4092458 -0.47170475 -0.34591684 6710886
1.409497 -0.4807753 -0.34597847 6710886
1.4097482 -0.48984903 -0.34604013 6710886
1.4099995 -0.49892598 -0.34610182 6710886
1.4102509 -0.50800622 -0.34616354 6710886
1.3777938 0.66321659 -0.34698084 6710886
1.3780336 0.65454614 -0.34704125 6710886
1.3782736 0.64587277 -0.34710169 6710886
1.363719 0.63035774 -0.34343627 6710886
1.3639567 0.62177151 -0.34349614 6710886
1.3641945 0.61318231 -0.34355605 6710886
1.3644322 0.60459 -0.34361589 6842472
1.3794746 0.60246038 -0.34740415 7039851
1.3797151 0.59376884 -0.34746471 6710886
1.3799558 0.58507431 -0.34752533 6710886
1.3801963 0.57637662 -0.34758592 6710886
1.380437 0.56767595 -0.3476465 6710886
1.3806779 0.5589723 -0.34770718 6710886
1.3809187 0.55026555 -0.34776783 6710886
1.3811597 0.54155576 -0.34782851 6710886
1.3814008 0.53284299 -0.34788924 6710886
1.381642 0.52412719 -0.34794998 6710886
1.3818831 0.51540828 -0.34801072 6710886
1.3821244 0.50668633 -0.34807149 6710886
1.3823659 0.49796137 -0.34813228 6710886
1.3826075 0.48923337 -0.34819311 6710886
1.3828489 0.48050225 -0.34825391 6710886
1.3830906 0.47176814 -0.34831479 6710886
1.3833324 0.46303096 -0.34837568 6710886
1.3835741 0.45429072 -0.34843656 6710886
1.383816 0.4455474 -0.34849748 6710886
1.384058 0.43680105 -0.34855843 6710886
1.3843001 0.42805165 -0.3486194 6710886
1.3845422 0.41929919 -0.34868038 6710886
1.3847845 0.41054365 -0.34874138 6710886
1.3850268 0.40178505 -0.34880242 6710886
1.3852692 0.39302337 -0.34886345 6710886
1.3855116 0.38425863 -0.34892449 6710886
1.3857542 0.37549084 -0.34898558 6710886
1.3859969 0.36671996 -0.34904671 6710886
1.3862396 0.35794601 -0.34910783 6710886
1.3864825 0.34916899 -0.34916899 6710886
1.3867254 0.34038892 -0.34923017 6710886
1.3869685 0.33160576 -0.34929138 6710886
1.3872116 0.3228195 -0.3493526 6710886
1.3874547 0.31403017 -0.34941384 6710886
1.3876981 0.30523777 -0.34947512 6710886
1.3879412 0.29644224 -0.34953636 6710886
1.3881848 0.28764367 -0.34959769 6710886
1.3884283 0.278842 -0.34965903 6710886
1.388672 0.27003726 -0.34972039 6710886
1.3889155 0.2612294 -0.34978172 6710886
1.3891593 0.25241846 -0.34984311 6710886
1.3894032 0.24360444 -0.34990454 6710886
1.3896471 0.2347873 -0.34996599 6710886
1.3898911 0.22596708 -0.35002744 6710886
1.3901353 0.21714376 -0.35008892 6710886
1.3903795 0.20831734 -0.35015044 6710886
1.3906237 0.19948779 -0.35021192 6710886
1.3908682 0.19065519 -0.35027349 6710886
1.3911126 0.18181944 -0.35033503 6710886
1.3913572 0.17298062 -0.35039663 6710886
1.3916018 0.16413867 -0.35045823 6710886
1.3918465 0.15529361 -0.35051987 6710886
1.3920914 0.14644545 -0.35058153 6710886
1.3923361 0.13759415 -0.35064316 6710886
1.3925811 0.12873976 -0.35070485 6710886
1.3928262 0.11988225 -0.3507666 6710886
1.3930714 0.11102163 -0.35082835 6710886
1.3933165 0.10215787 -0.35089007 6710886
1.393562 0.093291007 -0.35095188 6710886
1.3938073 0.084421009 -0.35101366 6710886
1.3940527 0.075547889 -0.35107547 6710886
1.3942983 0.06667164 -0.35113731 6710886
1.3945441 0.057792276 -0.35119924 6710886
1.3947898 0.048909772 -0.35126111 6710886
1.3950356 0.040024139 -0.35132301 6710886
1.3952816 0.031135375 -0.35138494 6710886
1.3955276 0.022243476 -0.3514469 6710886
1.3957738 0.013348439 -0.35150889 6710886
1.3960198 0.0044502639 -0.35157087 6710886
1.3962661 -0.004451049 -0.35163289 6710886
1.4074392 -0.40828672 -0.35444671 6710886
1.4076893 -0.4173342 -0.35450968 6710886
1.4079398 -0.42638496 -0.35457277 6710886
1.4081904 -0.43543899 -0.35463586 6710886
1.4084411 -0.44449621 -0.35469902 6710886
1.4086918 -0.45355666 -0.35476214 6710886
1.4089426 -0.46262035 -0.35482532 6710886
1.409193 -0.47168708 -0.35488838 6710886
1.4094441 -0.48075724 -0.35495159 6710886
1.4096953 -0.48983064 -0.35501486 6710886
1.4099466 -0.49890727 -0.35507813 6710886
1.410198 -0.50798714 -0.35514146 6710886
1.3777432 0.66319221 -0.35575214 6710886
1.3779831 0.65452218 -0.35581407 6710886
1.3782229 0.64584905 -0.355876 6710886
1.3636689 0.63033462 -0.35211796 6710886
1.3639066 0.62174869 -0.35217932 6710886
1.3641443 0.61315972 -0.35224071 6710886
1.3643821 0.60456783 -0.3523021 6842472
1.379424 0.60243827 -0.35618612 7039851
1.3796644 0.59374702 -0.3562482 6710886
1.379905 0.58505273 -0.35631031 6710886
1.3801455 0.5763554 -0.35637245 6710886
1.3803862 0.56765509 -0.35643458 6710886
1.380627 0.55895174 -0.35649675 6710886
1.380868 0.55024534 -0.35655898 6710886
1.3811089 0.54153585 -0.35662118 6710886
1.3813499 0.53282338 -0.35668343 6710886
1.3815911 0.52410787 -0.35674569 6710886
1.3818322 0.51538926 -0.35680798 6710886
1.3820735 0.50666767 -0.35687026 6710886
1.382315 0.49794304 -0.35693264 6710886
1.3825564 0.48921531 -0.35699496 6710886
1.382798 0.48048455 -0.35705733 6710886
1.3830396 0.47175074 -0.35711971 6710886
1.3832814 0.46301389 -0.35718215 6710886
1.3835232 0.454274 -0.35724461 6710886
1.383765 0.44553098 -0.35730702 6710886
1.384007 0.43678495 -0.35736951 6710886
1.3842491 0.42803589 -0.35743204 6710886
1.3844911 0.41928369 -0.3574945 6710886
1.3847333 0.41052848 -0.35755706 6710886
1.3849757 0.4017702 -0.35761964 6710886
1.3852181 0.39300889 -0.35768226 6710886
1.3854605 0.38424444 -0.35774484 6710886
1.3857031 0.37547699 -0.35780746 6710886
1.3859458 0.36670643 -0.35787013 6710886
1.3861885 0.35793281 -0.35793281 6710886
1.3864313 0.34915611 -0.35799551 6710886
1.3866743 0.34037635 -0.35805824 6710886
1.3869172 0.33159348 -0.35812098 6710886
1.3871603 0.32280758 -0.35818374 6710886
1.3874035 0.31401858 -0.35824654 6710886
1.3876467 0.30522648 -0.35830933 6710886
1.3878901 0.2964313 -0.35837218 6710886
1.3881334 0.28763303 -0.358435 6710886
1.388377 0.27883169 -0.35849789 6710886
1.3886206 0.27002728 -0.3585608 6710886
1.3888642 0.26121974 -0.35862371 6710886
1.3891079 0.25240913 -0.35868666 6710886
1.3893518 0.24359542 -0.35874963 6710886
1.3895957 0.23477861 -0.3588126 6710886
1.3898396 0.2259587 -0.35887557 6710886
1.3900838 0.21713571 -0.35893863 6710886
1.390328 0.20830962 -0.3590017 6710886
1.3905722 0.19948041 -0.35906473 6710886
1.3908166 0.19064811 -0.35912785 6710886
1.3910611 0.18181272 -0.35919097 6710886
1.3913057 0.17297421 -0.35925412 6710886
1.3915502 0.16413258 -0.35931727 6710886
1.3917949 0.15528785 -0.35938045 6710886
1.3920397 0.14644001 -0.35944366 6710886
1.3922846 0.13758907 -0.35950691 6710886
1.3925295 0.12873499 -0.35957015 6710886
1.3927746 0.11987781 -0.35963342 6710886
1.3930197 0.1110175 -0.35969672 6710886
1.3932649 0.10215408 -0.35976002 6710886
1.3935102 0.093287542 -0.35982338 6710886
1.3937556 0.084417872 -0.35988674 6710886
1.3940011 0.075545087 -0.35995013 6710886
1.3942466 0.066669166 -0.36001351 6710886
1.3944923 0.05779013 -0.36007696 6710886
1.3947381 0.048907958 -0.36014041 6710886
1.3949838 0.040022653 -0.36020386 6710886
1.3952297 0.031134218 -0.36026737 6710886
1.3954757 0.022242649 -0.36033091 6710886
1.3957218 0.013347942 -0.36039445 6710886
1.395968 0.0044500986 -0.36045799 6710886
1.3962142 -0.0044508837 -0.36052158 6710886
1.4073864 -0.4082714 -0.36340639 6710886
1.4076365 -0.41731852 -0.36347097 6710886
1.4078871 -0.42636901 -0.36353567 6710886
1.4081376 -0.43542266 -0.36360034 6710886
1.4083883 -0.44447955 -0.3636651 6710886
1.4086388 -0.45353961 -0.3637298 6710886
1.4088897 -0.46260294 -0.36379457 6710886
1.4091401 -0.47166938 -0.36385924 6710886
1.4093912 -0.48073918 -0.36392406 6710886
1.4096423 -0.48981223 -0.36398891 6710886
1.4098938 -0.49888858 -0.36405382 6710886
1.4101449 -0.50796807 -0.3641187 6710886
1.3776927 0.66316789 -0.36452276 6710886
1.3779325 0.65449816 -0.36458623 6710886
1.3781725 0.64582539 -0.36464971 6710886
1.3636189 0.63031143 -0.36079895 6710886
1.3638566 0.62172586 -0.36086187 6710886
1.3640944 0.6131373 -0.36092478 6710886
1.3643321 0.60454565 -0.36098769 6842472
1.3793732 0.60241604 -0.36496741 7039851
1.3796138 0.5937252 -0.36503106 6710886
1.3798542 0.58503121 -0.36509466 6710886
1.3800949 0.57633424 -0.36515835 6710886
1.3803355 0.56763417 -0.36522201 6710886
1.3805763 0.55893117 -0.36528572 6710886
1.3808172 0.55022508 -0.36534947 6710886
1.3810581 0.54151595 -0.36541322 6710886
1.3812991 0.53280377 -0.365477 6710886
1.3815403 0.52408862 -0.3655408 6710886
1.3817815 0.51537037 -0.36560461 6710886
1.3820227 0.50664902 -0.36566845 6710886
1.382264 0.49792466 -0.36573228 6710886
1.3825055 0.48919731 -0.36579618 6710886
1.3827471 0.48046687 -0.36586007 6710886
1.3829887 0.47173336 -0.36592403 6710886
1.3832303 0.46299681 -0.36598796 6710886
1.3834722 0.45425725 -0.36605194 6710886
1.383714 0.44551456 -0.36611593 6710886
1.383956 0.43676886 -0.36617994 6710886
1.384198 0.42802006 -0.36624399 6710886
1.3844402 0.41926828 -0.36630806 6710886
1.3846823 0.41051334 -0.36637214 6710886
1.3849247 0.40175542 -0.36643624 6710886
1.385167 0.39299437 -0.36650038 6710886
1.3854094 0.38423026 -0.36656451 6710886
1.3856519 0.37546313 -0.36662868 6710886
1.3858947 0.3666929 -0.3666929 6710886
1.3861374 0.3579196 -0.36675712 6710886
1.3863801 0.34914321 -0.36682135 6710886
1.386623 0.34036377 -0.36688563 6710886
1.386866 0.33158123 -0.36694992 6710886
1.387109 0.32279563 -0.36701423 6710886
1.3873521 0.31400692 -0.36707854 6710886
1.3875954 0.30521518 -0.36714292 6710886
1.3878387 0.29642034 -0.36720729 6710886
1.388082 0.28762239 -0.36727166 6710886
1.3883256 0.27882138 -0.36733609 6710886
1.3885692 0.2700173 -0.36740059 6710886
1.3888129 0.26121008 -0.36746505 6710886
1.3890566 0.25239977 -0.36752951 6710886
1.3893003 0.24358639 -0.367594 6710886
1.3895444 0.23476994 -0.36765859 6710886
1.3897883 0.22595035 -0.36772311 6710886
1.3900323 0.21712767 -0.36778769 6710886
1.3902766 0.20830192 -0.3678523 6710886
1.3905208 0.19947304 -0.36791694 6710886
1.3907651 0.19064106 -0.36798155 6710886
1.3910096 0.18180598 -0.36804625 6710886
1.3912541 0.17296779 -0.36811095 6710886
1.3914986 0.16412649 -0.36817566 6710886
1.3917433 0.1552821 -0.36824039 6710886
1.391988 0.14643458 -0.36830515 6710886
1.392233 0.13758397 -0.36836997 6710886
1.3924779 0.12873022 -0.36843476 6710886
1.3927228 0.11987335 -0.36849958 6710886
1.3929681 0.11101339 -0.36856446 6710886
1.3932133 0.1021503 -0.36862934 6710886
1.3934585 0.093284078 -0.36869422 6710886
1.3937038 0.084414743 -0.36875913 6710886
1.3939493 0.075542279 -0.36882406 6710886
1.3941948 0.066666692 -0.36888903 6710886
1.3944404 0.057787981 -0.36895403 6710886
1.3946862 0.04890614 -0.36901906 6710886
1.394932 0.040021166 -0.36908409 6710886
1.3951778 0.031133059 -0.36914915 6710886
1.3954239 0.022241822 -0.36921424 6710886
1.3956699 0.013347446 -0.36927935 6710886
1.395916 0.0044499328 -0.36934444 6710886
1.3961623 -0.0044507184 -0.36940962 6710886
1.4073336 -0.40825608 -0.37236542 6710886
1.4075838 -0.41730291 -0.37243164 6710886
1.4078343 -0.42635301 -0.37249789 6710886
1.4080848 -0.43540633 -0.37256417 6710886
1.4083353 -0.44446284 -0.37263048 6710886
1.408586 -0.45352262 -0.37269679 6710886
1.408837 -0.46258566 -0.37276319 6710886
1.4090872 -0.47165164 -0.37282941 6710886
1.4093382 -0.48072112 -0.37289584 6710886
1.4095894 -0.48979384 -0.3729623 6710886
1.4098407 -0.49886981 -0.37302878 6710886
1.410092 -0.50794899 -0.37309527 6710886
1.3776422 0.66314358 -0.37329274 6710886
1.3778819 0.65447408 -0.37335771 6710886
1.3781219 0.64580166 -0.37342271 6710886
1.3635688 0.6302883 -0.36947936 6710886
1.3638065 0.62170303 -0.36954376 6710886
1.3640442 0.61311471 -0.36960816 6710886
1.3642819 0.60452342 -0.36967257 6842472
1.3793226 0.60239398 -0.37374809 7105644
1.3795631 0.59370339 -0.37381324 6710886
1.3798035 0.58500975 -0.37387839 6710886
1.3800441 0.57631308 -0.3739436 6710886
1.3802848 0.56761336 -0.3740088 6710886
1.3805255 0.55891061 -0.37407401 6710886
1.3807664 0.55020487 -0.37413931 6710886
1.3810073 0.54149604 -0.37420458 6710886
1.3812482 0.53278416 -0.37426987 6710886
1.3814894 0.52406931 -0.3743352 6710886
1.3817306 0.51535136 -0.37440056 6710886
1.3819718 0.50663036 -0.37446594 6710886
1.3822131 0.49790633 -0.3745313 6710886
1.3824546 0.48917928 -0.37459674 6710886
1.3826962 0.48044917 -0.37466219 6710886
1.3829377 0.47171599 -0.37472764 6710886
1.3831794 0.46297976 -0.37479314 6710886
1.3834212 0.4542405 -0.37485865 6710886
1.3836629 0.44549814 -0.37492415 6710886
1.3839049 0.43675277 -0.37498975 6710886
1.3841469 0.42800429 -0.37505531 6710886
1.384389 0.41925278 -0.37512091 6710886
1.3846312 0.4104982 -0.3751865 6710886
1.3848735 0.40174058 -0.37525219 6710886
1.3851159 0.39297986 -0.37531784 6710886
1.3853583 0.3842161 -0.37538356 6710886
1.3856008 0.37544927 -0.37544927 6710886
1.3858434 0.36667934 -0.37551498 6710886
1.3860862 0.3579064 -0.37558079 6710886
1.3863289 0.34913033 -0.37564656 6710886
1.3865718 0.34035119 -0.37571236 6710886
1.3868147 0.33156899 -0.3757782 6710886
1.3870579 0.32278374 -0.37584409 6710886
1.3873008 0.31399533 -0.37590992 6710886
1.3875442 0.30520391 -0.37597585 6710886
1.3877875 0.2964094 -0.37604177 6710886
1.3880308 0.28761175 -0.37610769 6710886
1.3882742 0.27881107 -0.37617365 6710886
1.3885179 0.27000731 -0.37623969 6710886
1.3887615 0.26120043 -0.3763057 6710886
1.3890051 0.25239044 -0.37637168 6710886
1.389249 0.24357739 -0.37643778 6710886
1.3894929 0.23476124 -0.37650388 6710886
1.3897369 0.225942 -0.37656999 6710886
1.3899809 0.21711965 -0.37663612 6710886
1.3902251 0.2082942 -0.37670228 6710886
1.3904693 0.19946565 -0.37676844 6710886
1.3907136 0.190634 -0.37683463 6710886
1.390958 0.18179923 -0.37690085 6710886
1.3912024 0.17296138 -0.3769671 6710886
1.3914471 0.16412042 -0.37703338 6710886
1.3916917 0.15527634 -0.37709966 6710886
1.3919364 0.14642915 -0.377166 6710886
1.3921813 0.13757885 -0.37723234 6710886
1.3924261 0.12872544 -0.37729868 6710886
1.3926712 0.11986891 -0.37736508 6710886
1.3929163 0.11100927 -0.37743151 6710886
1.3931615 0.10214651 -0.37749794 6710886
1.3934067 0.093280613 -0.3775644 6710886
1.3936521 0.084411606 -0.37763086 6710886
1.3938975 0.075539477 -0.37769738 6710886
1.3941431 0.066664219 -0.37776393 6710886
1.3943887 0.057785835 -0.37783048 6710886
1.3946344 0.048904322 -0.37789702 6710886
1.3948802 0.04001968 -0.37796363 6710886
1.395126 0.031131903 -0.37803024 6710886
1.3953719 0.022240993 -0.37809688 6710886
1.3956181 0.013346951 -0.37816358 6710886
1.3958642 0.004449768 -0.3782303 6710886
1.3961103 -0.0044505526 -0.37829697 6710886
1.407281 -0.40824082 -0.38132384 6710886
1.407531 -0.41728726 -0.38139158 6710886
1.4077815 -0.42633703 -0.38145944 6710886
1.4080319 -0.43539 -0.3815273 6710886
1.4082825 -0.44444618 -0.38159519 6710886
1.4085333 -0.45350564 -0.38166317 6710886
1.408784 -0.46256828 -0.38173109 6710886
1.4090344 -0.47163397 -0.38179892 6710886
1.4092853 -0.48070309 -0.38186693 6710886
1.4095365 -0.48977545 -0.381935 6710886
1.4097878 -0.49885109 -0.38200307 6710886
1.4100389 -0.50792986 -0.38207114 6710886
1.3775916 0.66311926 -0.38206208 6710886
1.3778315 0.65445012 -0.3821286 6710886
1.3780713 0.64577794 -0.38219512 6710886
1.3635187 0.63026518 -0.37815911 6710886
1.3637565 0.62168026 -0.37822506 6710886
1.3639942 0.6130923 -0.37829098 6710886
1.3642318 0.60450119 -0.37835687 6842472
1.379272 0.60237187 -0.38252813 7039851
1.3795124 0.59368157 -0.38259479 6710886
1.3797529 0.58498824 -0.38266149 6710886
1.3799934 0.57629192 -0.38272822 6710886
1.380234 0.5675925 -0.38279492 6710886
1.3804748 0.5588901 -0.3828617 6710886
1.3807156 0.55018461 -0.38292849 6710886
1.3809565 0.54147613 -0.38299531 6710886
1.3811975 0.53276455 -0.38306212 6710886
1.3814386 0.52405006 -0.383129 6710886
1.3816798 0.5153324 -0.38319591 6710886
1.3819211 0.50661176 -0.38326281 6710886
1.3821622 0.497888 -0.38332969 6710886
1.3824037 0.48916128 -0.38339669 6710886
1.3826452 0.4804315 -0.38346365 6710886
1.3828868 0.47169861 -0.38353065 6710886
1.3831284 0.46296269 -0.38359767 6710886
1.3833702 0.45422375 -0.3836647 6710886
1.383612 0.44548175 -0.38373178 6710886
1.3838539 0.43673664 -0.38379887 6710886
1.3840959 0.42798853 -0.38386598 6710886
1.384338 0.41923735 -0.38393313 6710886
1.3845801 0.41048306 -0.38400027 6710886
1.3848224 0.40172574 -0.38406748 6710886
1.3850647 0.39296538 -0.38413468 6710886
1.3853072 0.38420191 -0.38420191 6710886
1.3855497 0.37543541 -0.38426918 6710886
1.3857923 0.36666581 -0.38433644 6710886
1.386035 0.35789317 -0.38440377 6710886
1.3862778 0.34911746 -0.38447112 6710886
1.3865205 0.34033862 -0.38453844 6710886
1.3867636 0.33155677 -0.38460585 6710886
1.3870065 0.32277179 -0.38467321 6710886
1.3872496 0.31398374 -0.38474062 6710886
1.3874928 0.30519262 -0.38480809 6710886
1.3877361 0.29639843 -0.38487557 6710886
1.3879795 0.28760114 -0.38494307 6710886
1.3882229 0.27880076 -0.38501057 6710886
1.3884665 0.2699973 -0.38507813 6710886
1.3887101 0.26119077 -0.38514569 6710886
1.3889537 0.25238109 -0.38521326 6710886
1.3891976 0.24356838 -0.38528091 6710886
1.3894415 0.23475255 -0.38534853 6710886
1.3896854 0.22593363 -0.38541618 6710886
1.3899294 0.2171116 -0.38548386 6710886
1.3901736 0.20828648 -0.38555157 6710886
1.3904178 0.19945827 -0.38561931 6710886
1.3906621 0.19062693 -0.38568705 6710886
1.3909065 0.18179251 -0.38575482 6710886
1.391151 0.17295498 -0.38582265 6710886
1.3913956 0.16411434 -0.38589048 6710886
1.3916401 0.15527058 -0.38595828 6710886
1.3918848 0.14642371 -0.38602617 6710886
1.3921297 0.13757375 -0.38609406 6710886
1.3923746 0.12872067 -0.38616201 6710886
1.3926195 0.11986446 -0.38622993 6710886
1.3928646 0.11100514 -0.38629791 6710886
1.3931098 0.10214271 -0.38636592 6710886
1.393355 0.093277149 -0.38643393 6710886
1.3936003 0.084408469 -0.38650197 6710886
1.3938458 0.075536676 -0.38657004 6710886
1.3940914 0.066661745 -0.38663813 6710886
1.3943368 0.057783686 -0.3867062 6710886
1.3945825 0.048902504 -0.38677436 6710886
1.3948283 0.040018193 -0.38684252 6710886
1.3950742 0.031130748 -0.38691074 6710886
1.3953201 0.022240167 -0.38697889 6710886
1.3955661 0.013346453 -0.38704714 6710886
1.3958123 0.0044496022 -0.38711542 6710886
1.3960584 -0.0044503873 -0.3871837 6710886
1.4072282 -0.40822551 -0.39028153 6710886
1.4074783 -0.41727164 -0.39035088 6710886
1.4077287 -0.42632103 -0.39042032 6710886
1.4079791 -0.43537366 -0.39048979 6710886
1.4082298 -0.44442955 -0.39055932 6710886
1.4084804 -0.45348862 -0.39062881 6710886
1.4087311 -0.46255091 -0.39069834 6710886
1.4089814 -0.47161627 -0.39076775 6710886
1.4092324 -0.48068503 -0.39083734 6710886
1.4094837 -0.48975709 -0.39090705 6710886
1.4097348 -0.49883235 -0.3909767 6710886
1.409986 -0.50791079 -0.39104638 6710886
1.3775411 0.66309494 -0.39083079 6710886
1.3777809 0.65442616 -0.39089882 6710886
1.3780206 0.64575422 -0.39096683 6710886
1.3634688 0.63024205 -0.38683823 6710886
1.3637064 0.62165737 -0.38690564 6710886
1.3639441 0.61306971 -0.38697308 6710886
1.3641818 0.60447901 -0.38704053 6842472
1.3792214 0.60234982 -0.39130753 7039851
1.3794616 0.59365976 -0.39137569 6710886
1.3797022 0.58496678 -0.39144394 6710886
1.3799428 0.57627076 -0.39151219 6710886
1.3801833 0.56757164 -0.39158043 6710886
1.3804241 0.5588696 -0.39164877 6710886
1.3806648 0.5501644 -0.39171705 6710886
1.3809057 0.54145622 -0.39178538 6710886
1.3811467 0.532745 -0.39185375 6710886
1.3813877 0.52403075 -0.39192215 6710886
1.3816289 0.51531345 -0.39199054 6710886
1.3818702 0.50659311 -0.392059 6710886
1.3821113 0.49786967 -0.39212742 6710886
1.3823528 0.48914328 -0.39219597 6710886
1.3825943 0.48041379 -0.39226449 6710886
1.3828359 0.47168124 -0.392333 6710886
1.3830775 0.46294567 -0.39240155 6710886
1.3833193 0.45420703 -0.39247015 6710886
1.383561 0.4454653 -0.39253873 6710886
1.3838029 0.43672055 -0.39260736 6710886
1.3840449 0.42797273 -0.39267603 6710886
1.384287 0.41922188 -0.39274472 6710886
1.3845291 0.41046792 -0.39281341 6710886
1.3847713 0.40171093 -0.39288214 6710886
1.3850137 0.39295089 -0.39295089 6710886
1.3852561 0.38418776 -0.39301965 6710886
1.3854985 0.37542155 -0.39308843 6710886
1.3857411 0.36665228 -0.39315727 6710886
1.3859838 0.35787997 -0.39322612 6710886
1.3862265 0.34910455 -0.39329499 6710886
1.3864694 0.34032607 -0.39336389 6710886
1.3867123 0.33154452 -0.39343283 6710886
1.3869554 0.3227599 -0.39350179 6710886
1.3871984 0.31397215 -0.39357072 6710886
1.3874415 0.30518132 -0.39363968 6710886
1.3876848 0.29638746 -0.39370874 6710886
1.3879282 0.28759053 -0.39377779 6710886
1.3881716 0.27879044 -0.39384681 6710886
1.3884151 0.26998731 -0.39391592 6710886
1.3886588 0.26118109 -0.39398506 6710886
1.3889024 0.25237179 -0.39405417 6710886
1.3891461 0.24355935 -0.39412332 6710886
1.38939 0.23474385 -0.39419252 6710886
1.389634 0.22592527 -0.39426175 6710886
1.3898779 0.21710356 -0.39433095 6710886
1.3901221 0.20827876 -0.39440021 6710886
1.3903663 0.19945088 -0.3944695 6710886
1.3906106 0.19061987 -0.39453882 6710886
1.3908548 0.18178576 -0.39460811 6710886
1.3910993 0.17294855 -0.39467749 6710886
1.391344 0.16410826 -0.39474687 6710886
1.3915886 0.15526482 -0.39481628 6710886
1.3918332 0.14641829 -0.39488569 6710886
1.392078 0.13756865 -0.39495516 6710886
1.392323 0.1287159 -0.39502466 6710886
1.3925679 0.11986002 -0.39509413 6710886
1.392813 0.11100103 -0.39516366 6710886
1.3930581 0.10213891 -0.39523321 6710886
1.3933034 0.093273699 -0.3953028 6710886
1.3935486 0.08440534 -0.39537239 6710886
1.3937941 0.075533867 -0.39544201 6710886
1.3940395 0.066659264 -0.39551166 6710886
1.3942851 0.057781544 -0.39558133 6710886
1.3945308 0.04890069 -0.39565104 6710886
1.3947765 0.040016703 -0.39572075 6710886
1.3950224 0.031129591 -0.39579052 6710886
1.3952682 0.02223934 -0.39586025 6710886
1.3955142 0.013345957 -0.39593005 6710886
1.3957604 0.0044494374 -0.39599991 6710886
1.3960066 -0.004450222 -0.39606974 6710886
1.4071755 -0.40821022 -0.39923856 6710886
1.4074255 -0.41725597 -0.39930949 6710886
1.4076759 -0.42630503 -0.39938051 6710886
1.4079264 -0.43535736 -0.39945161 6710886
1.4081769 -0.44441286 -0.39952266 6710886
1.4084276 -0.4534716 -0.3995938 6710886
1.4086783 -0.46253356 -0.39966491 6710886
1.4089286 -0.4715986 -0.39973593 6710886
1.4091794 -0.48066697 -0.3998071 6710886
1.4094307 -0.4897387 -0.39987841 6710886
1.4096819 -0.49881363 -0.39994967 6710886
1.4099331 -0.50789171 -0.40002093 6710886
1.3774905 0.66307056 -0.39959884 6710886
1.3777304 0.65440214 -0.3996684 6710886
1.3779702 0.64573061 -0.39973798 6710886
1.3634187 0.63021892 -0.39551672 6710886
1.3636563 0.62163454 -0.39558563 6710886
1.3638941 0.61304724 -0.39565462 6710886
1.3641316 0.60445678 -0.39572352 6842472
1.3791707 0.60232759 -0.40008622 7039851
1.3794111 0.593638 -0.40015596 6710886
1.3796514 0.58494526 -0.4002257 6710886
1.379892 0.57624954 -0.40029547 6710886
1.3801326 0.56755078 -0.40036526 6710886
1.3803734 0.55884904 -0.40043512 6710886
1.3806142 0.5501442 -0.40050498 6710886
1.380855 0.54143631 -0.40057483 6710886
1.3810959 0.53272539 -0.40064472 6710886
1.3813369 0.52401143 -0.40071464 6710886
1.3815781 0.51529449 -0.40078461 6710886
1.3818192 0.50657445 -0.40085456 6710886
1.3820605 0.49785137 -0.40092456 6710886
1.3823019 0.48912525 -0.40099457 6710886
1.3825433 0.48039606 -0.4010646 6710886
1.382785 0.47166389 -0.4011347 6710886
1.3830265 0.46292859 -0.40120476 6710886
1.3832682 0.45419028 -0.40127489 6710886
1.3835101 0.44544891 -0.40134507 6710886
1.383752 0.43670449 -0.40141523 6710886
1.3839939 0.42795697 -0.40148538 6710886
1.3842359 0.41920638 -0.4015556 6710886
1.3844781 0.41045281 -0.40162587 6710886
1.3847202 0.40169612 -0.40169612 6710886
1.3849626 0.39293638 -0.40176642 6710886
1.385205 0.3841736 -0.40183675 6710886
1.3854475 0.37540773 -0.40190709 6710886
1.38569 0.36663875 -0.40197742 6710886
1.3859327 0.35786676 -0.40204784 6710886
1.3861754 0.34909165 -0.40211824 6710886
1.3864181 0.34031346 -0.40218866 6710886
1.3866611 0.33153224 -0.40225914 6710886
1.3869041 0.32274795 -0.40232965 6710886
1.3871472 0.31396055 -0.40240017 6710886
1.3873903 0.30517006 -0.40247068 6710886
1.3876336 0.29637653 -0.40254125 6710886
1.3878769 0.28757986 -0.40261182 6710886
1.3881203 0.27878016 -0.40268245 6710886
1.3883637 0.26997733 -0.40275306 6710886
1.3886074 0.26117143 -0.40282375 6710886
1.388851 0.25236243 -0.40289444 6710886
1.3890947 0.24355035 -0.4029651 6710886
1.3893386 0.23473518 -0.40303588 6710886
1.3895825 0.22591689 -0.40310663 6710886
1.3898265 0.21709552 -0.40317741 6710886
1.3900706 0.20827104 -0.40324819 6710886
1.3903148 0.19944349 -0.40331906 6710886
1.3905591 0.19061282 -0.4033899 6710886
1.3908033 0.18177903 -0.40346077 6710886
1.3910478 0.17294216 -0.4035317 6710886
1.3912923 0.16410217 -0.40360263 6710886
1.3915371 0.15525909 -0.40367362 6710886
1.3917816 0.14641286 -0.40374455 6710886
1.3920264 0.13756354 -0.40381557 6710886
1.3922713 0.12871112 -0.40388662 6710886
1.3925163 0.11985558 -0.40395766 6710886
1.3927612 0.11099691 -0.40402874 6710886
1.3930064 0.10213514 -0.40409988 6710886
1.3932517 0.093270235 -0.40417102 6710886
1.3934969 0.084402204 -0.40424216 6710886
1.3937423 0.075531065 -0.40431336 6710886
1.3939878 0.066656791 -0.40438455 6710886
1.3942333 0.057779398 -0.40445578 6710886
1.3944789 0.048898872 -0.40452704 6710886
1.3947247 0.040015221 -0.40459833 6710886
1.3949705 0.031128434 -0.40466964 6710886
1.3952163 0.022238513 -0.40474096 6710886
1.3954624 0.013345461 -0.40481234 6710886
1.3957084 0.0044492716 -0.40488371 6710886
1.3959547 -0.0044500567 -0.40495515 6710886
1.4071229 -0.40819493 -0.40819493 6710886
1.4073728 -0.41724035 -0.40826744 6710886
1.4076231 -0.42628905 -0.40834004 6710886
1.4078736 -0.43534103 -0.40841272 6710886
1.4081241 -0.4443962 -0.40848538 6710886
1.4083747 -0.45345455 -0.40855807 6710886
1.4086254 -0.46251619 -0.40863079 6710886
1.4088757 -0.47158086 -0.40870342 6710886
1.4091266 -0.48064896 -0.40877622 6710886
1.4093778 -0.48972031 -0.40884909 6710886
1.409629 -0.49879488 -0.40892193 6710886
1.4098802 -0.50787264 -0.40899479 6710886
1.3774401 0.6630463 -0.40836626 6710886
1.3776797 0.65437806 -0.40843731 6710886
1.3779197 0.64570689 -0.40850845 6710886
1.3633687 0.63019586 -0.40419456 6710886
1.3636063 0.62161177 -0.40426502 6710886
1.3638439 0.61302471 -0.40433544 6710886
1.3640815 0.60443461 -0.40440589 6842472
1.37912 0.60230547 -0.40886432 7039851
1.3793604 0.59361619 -0.40893561 6710886
1.3796008 0.58492374 -0.40900683 6710886
1.3798413 0.57622838 -0.40907815 6710886
1.380082 0.56752998 -0.40914953 6710886
1.3803226 0.55882847 -0.40922084 6710886
1.3805634 0.55012393 -0.40929222 6710886
1.3808043 0.54141647 -0.40936366 6710886
1.3810451 0.53270578 -0.40943503 6710886
1.3812861 0.52399218 -0.4095065 6710886
1.3815273 0.51527554 -0.409578 6710886
1.3817683 0.5065558 -0.40964946 6710886
1.3820097 0.49783307 -0.40972102 6710886
1.382251 0.48910725 -0.40979257 6710886
1.3824924 0.48037839 -0.40986413 6710886
1.3827341 0.47164652 -0.40993577 6710886
1.3829756 0.46291155 -0.41000736 6710886
1.3832172 0.45417351 -0.410079 6710886
1.3834591 0.44543248 -0.41015071 6710886
1.383701 0.43668839 -0.41022241 6710886
1.3839428 0.42794117 -0.41029412 6710886
1.3841848 0.41919094 -0.41036588 6710886
1.384427 0.41043764 -0.41043764 6710886
1.3846692 0.4016813 -0.41050947 6710886
1.3849114 0.39292186 -0.41058129 6710886
1.3851539 0.38415942 -0.41065317 6710886
1.3853964 0.37539387 -0.41072506 6710886
1.3856388 0.36662522 -0.41079694 6710886
1.3858814 0.35785353 -0.41086885 6710886
1.3861243 0.34907877 -0.41094086 6710886
1.3863671 0.34030095 -0.41101283 6710886
1.3866098 0.33151999 -0.4110848 6710886
1.3868529 0.32273602 -0.41115686 6710886
1.3870959 0.31394896 -0.41122892 6710886
1.387339 0.30515879 -0.41130099 6710886
1.3875822 0.29636556 -0.41137308 6710886
1.3878256 0.28756925 -0.41144523 6710886
1.388069 0.27876985 -0.41151741 6710886
1.3883123 0.26996735 -0.41158953 6710886
1.388556 0.26116177 -0.41166177 6710886
1.3887997 0.2523531 -0.41173401 6710886
1.3890435 0.24354136 -0.41180629 6710886
1.3892871 0.23472647 -0.41187853 6710886
1.3895311 0.22590855 -0.41195089 6710886
1.3897752 0.21708751 -0.41202322 6710886
1.3900191 0.20826334 -0.41209552 6710886
1.3902633 0.1994361 -0.41216794 6710886
1.3905076 0.19060576 -0.41224036 6710886
1.390752 0.18177231 -0.41231281 6710886
1.3909962 0.17293574 -0.41238523 6710886
1.3912408 0.16409609 -0.41245773 6710886
1.3914855 0.15525332 -0.41253027 6710886
1.3917301 0.14640744 -0.41260278 6710886
1.3919748 0.13755845 -0.41267535 6710886
1.3922197 0.12870635 -0.41274795 6710886
1.3924646 0.11985113 -0.41282055 6710886
1.3927096 0.11099279 -0.41289318 6710886
1.3929547 0.10213134 -0.41296586 6710886
1.3931999 0.09326677 -0.41303855 6710886
1.3934451 0.084399074 -0.41311124 6710886
1.3936905 0.075528257 -0.41318399 6710886
1.393936 0.066654317 -0.41325679 6710886
1.3941816 0.057777256 -0.4133296 6710886
1.3944272 0.048897058 -0.41340238 6710886
1.3946729 0.040013731 -0.41347525 6710886
1.3949187 0.031127276 -0.41354811 6710886
1.3951646 0.022237688 -0.41362101 6710886
1.3954105 0.013344965 -0.41369393 6710886
1.3956566 0.0044491063 -0.41376686 6710886
1.3959028 -0.0044498909 -0.41383985 6710886
1.40707 -0.40817961 -0.41715059 6710886
1.4073201 -0.41722474 -0.41722474 6710886
1.4075704 -0.42627308 -0.41729891 6710886
1.4078208 -0.4353247 -0.41737318 6710886
1.4080713 -0.44437951 -0.41744742 6710886
1.4083219 -0.45343757 -0.41752172 6710886
1.4085727 -0.46249887 -0.41759607 6710886
1.4088229 -0.47156319 -0.41767025 6710886
1.4090738 -0.48063093 -0.41774464 6710886
1.4093249 -0.48970193 -0.41781908 6710886
1.4095761 -0.49877617 -0.41789353 6710886
1.4098272 -0.50785363 -0.417968 6710886
1.3773896 0.66302198 -0.41713303 6710886
1.3776293 0.6543541 -0.41720563 6710886
1.377869 0.64568317 -0.41727823 6710886
1.3633187 0.63017273 -0.41287178 6710886
1.3635561 0.62158889 -0.41294369 6710886
1.3637938 0.61300218 -0.41301566 6710886
1.3640313 0.60441238 -0.41308758 6842472
1.3790693 0.60228336 -0.41764176 6974058
1.3793098 0.59359437 -0.41771457 6710886
1.3795502 0.58490235 -0.41778737 6710886
1.3797905 0.57620716 -0.41786015 6710886
1.3800312 0.56750911 -0.41793305 6710886
1.3802719 0.55880797 -0.41800594 6710886
1.3805126 0.55010372 -0.41807884 6710886
1.3807534 0.5413965 -0.41815177 6710886
1.3809944 0.53268629 -0.41822475 6710886
1.3812354 0.52397293 -0.41829771 6710886
1.3814764 0.51525658 -0.41837072 6710886
1.3817177 0.5065372 -0.41844377 6710886
1.3819588 0.49781474 -0.41851681 6710886
1.3822001 0.48908922 -0.41858989 6710886
1.3824415 0.48036069 -0.418663 6710886
1.382683 0.47162911 -0.41873613 6710886
1.3829247 0.4628945 -0.41880932 6710886
1.3831663 0.45415682 -0.41888249 6710886
1.3834081 0.44541606 -0.41895571 6710886
1.3836499 0.43667227 -0.41902897 6710886
1.3838918 0.42792541 -0.41910219 6710886
1.3841338 0.41917551 -0.41917551 6710886
1.3843759 0.41042253 -0.41924882 6710886
1.3846182 0.40166649 -0.41932216 6710886
1.3848604 0.39290738 -0.41939554 6710886
1.3851027 0.38414523 -0.41946894 6710886
1.3853452 0.37538001 -0.41954234 6710886
1.3855878 0.36661172 -0.41961583 6710886
1.3858303 0.3578403 -0.41968927 6710886
1.386073 0.34906587 -0.41976276 6710886
1.3863158 0.34028837 -0.41983628 6710886
1.3865587 0.33150777 -0.41990983 6710886
1.3868016 0.3227241 -0.41998342 6710886
1.3870447 0.31393737 -0.42005703 6710886
1.3872879 0.30514753 -0.42013067 6710886
1.3875309 0.29635459 -0.42020428 6710886
1.3877742 0.28755862 -0.42027795 6710886
1.3880177 0.27875954 -0.42035168 6710886
1.3882611 0.26995736 -0.42042542 6710886
1.3885046 0.26115212 -0.42049918 6710886
1.3887483 0.25234377 -0.42057297 6710886
1.3889921 0.24353234 -0.42064679 6710886
1.3892357 0.23471779 -0.42072058 6710886
1.3894796 0.22590017 -0.42079443 6710886
1.3897237 0.21707946 -0.42086834 6710886
1.3899676 0.20825562 -0.42094219 6710886
1.3902118 0.19942871 -0.42101619 6710886
1.3904561 0.1905987 -0.42109016 6710886
1.3907003 0.18176557 -0.42116413 6710886
1.3909447 0.17292933 -0.42123812 6710886
1.3911892 0.16409001 -0.42131218 6710886
1.3914338 0.15524757 -0.42138624 6710886
1.3916786 0.14640202 -0.42146036 6710886
1.3919232 0.13755335 -0.42153445 6710886
1.392168 0.12870157 -0.4216086 6710886
1.392413 0.11984669 -0.4216828 6710886
1.3926579 0.11098867 -0.42175695 6710886
1.392903 0.10212754 -0.42183116 6710886
1.3931482 0.093263306 -0.42190543 6710886
1.3933935 0.084395945 -0.42197973 6710886
1.3936387 0.075525448 -0.42205399 6710886
1.3938843 0.066651843 -0.42212835 6710886
1.3941298 0.057775106 -0.42220271 6710886
1.3943753 0.04889524 -0.42227706 6710886
1.394621 0.040012244 -0.42235148 6710886
1.3948668 0.031126119 -0.4224259 6710886
1.3951128 0.022236863 -0.4225004 6710886
1.3953587 0.013344469 -0.42257488 6710886
1.3956047 0.004448941 -0.42264938 6710886
1.3958509 -0.0044497256 -0.42272392 6710886
1.4070174 -0.40816432 -0.42610562 6710886
1.4072675 -0.41720912 -0.42618135 6710886
1.4075177 -0.42625713 -0.42625713 6710886
1.407768 -0.43530837 -0.42633295 6710886
1.4080185 -0.44436285 -0.4264088 6710886
1.4082692 -0.45342061 -0.4264847 6710886
1.4085197 -0.4624815 -0.42656061 6710886
1.4087701 -0.47154552 -0.42663643 6710886
1.4090209 -0.48061287 -0.42671236 6710886
1.409272 -0.48968354 -0.42678842 6710886
1.4095231 -0.49875742 -0.42686448 6710886
1.4097743 -0.50783455 -0.42694053 6710886
1.377339 0.66299766 -0.42589915 6710886
1.3775787 0.65433007 -0.4259733 6710886
1.3778186 0.64565957 -0.42604744 6710886
1.3632687 0.6301496 -0.42154837 6710886
1.3635062 0.62156612 -0.4216218 6710886
1.3637439 0.61297977 -0.42169529 6710886
1.3639814 0.6043902 -0.42176872 6842472
1.3790188 0.6022613 -0.42641857 7039851
1.379259 0.5935725 -0.42649284 6710886
1.3794994 0.58488083 -0.4265672 6710886
1.37974 0.57618606 -0.42664158 6710886
1.3799804 0.56748819 -0.42671594 6710886
1.3802211 0.55878741 -0.42679036 6710886
1.3804619 0.55008352 -0.42686483 6710886
1.3807026 0.54137659 -0.42693925 6710886
1.3809435 0.53266662 -0.42701375 6710886
1.3811846 0.52395368 -0.42708829 6710886
1.3814256 0.51523763 -0.42716283 6710886
1.3816668 0.50651854 -0.42723739 6710886
1.3819079 0.49779642 -0.42731196 6710886
1.3821493 0.48907128 -0.42738661 6710886
1.3823907 0.48034304 -0.42746124 6710886
1.3826321 0.47161177 -0.42753589 6710886
1.3828738 0.46287745 -0.42761061 6710886
1.3831153 0.45414004 -0.42768529 6710886
1.383357 0.44539964 -0.42776003 6710886
1.3835989 0.43665618 -0.42783484 6710886
1.3838409 0.42790967 -0.42790967 6710886
1.3840828 0.41916004 -0.42798448 6710886
1.3843249 0.41040739 -0.42805934 6710886
1.3845671 0.40165171 -0.42813423 6710886
1.3848093 0.3928929 -0.4282091 6710886
1.3850516 0.38413104 -0.42828405 6710886
1.3852941 0.37536615 -0.428359 6710886
1.3855367 0.36659819 -0.42843401 6710886
1.3857791 0.3578271 -0.428509 6710886
1.3860219 0.349053 -0.42858407 6710886
1.3862646 0.34027579 -0.42865911 6710886
1.3865074 0.33149552 -0.42873418 6710886
1.3867503 0.32271215 -0.42880931 6710886
1.3869934 0.31392574 -0.42888448 6710886
1.3872365 0.30513623 -0.42895964 6710886
1.3874797 0.29634365 -0.42903483 6710886
1.387723 0.28754798 -0.42911008 6710886
1.3879663 0.27874923 -0.4291853 6710886
1.3882098 0.26994741 -0.42926061 6710886
1.3884532 0.26114243 -0.42933589 6710886
1.3886969 0.25233445 -0.42941123 6710886
1.3889406 0.24352331 -0.42948657 6710886
1.3891844 0.23470911 -0.42956197 6710886
1.3894283 0.22589181 -0.42963737 6710886
1.3896722 0.21707141 -0.4297128 6710886
1.3899163 0.20824793 -0.42978829 6710886
1.3901603 0.19942133 -0.42986375 6710886
1.3904046 0.19059163 -0.42993927 6710886
1.3906488 0.18175884 -0.43001482 6710886
1.3908931 0.17292292 -0.43009034 6710886
1.3911376 0.16408391 -0.43016595 6710886
1.3913822 0.1552418 -0.43024158 6710886
1.391627 0.14639659 -0.43031725 6710886
1.3918716 0.13754825 -0.43039289 6710886
1.3921164 0.1286968 -0.43046862 6710886
1.3923613 0.11984224 -0.43054432 6710886
1.3926064 0.11098456 -0.4306201 6710886
1.3928514 0.10212376 -0.43069586 6710886
1.3930966 0.093259849 -0.43077168 6710886
1.3933418 0.084392816 -0.43084753 6710886
1.393587 0.075522646 -0.43092334 6710886
1.3938324 0.06664937 -0.43099925 6710886
1.394078 0.057772961 -0.43107519 6710886
1.3943236 0.048893426 -0.43115112 6710886
1.3945693 0.040010761 -0.43122709 6710886
1.394815 0.031124962 -0.43130305 6710886
1.3950609 0.022236036 -0.43137911 6710886
1.3953067 0.013343972 -0.43145511 6710886
1.3955528 0.0044487752 -0.43153119 6710886
1.3957989 -0.0044495598 -0.43160731 6710886
1.4069648 -0.40814906 -0.43505999 6710886
1.4072146 -0.41719347 -0.43513727 6710886
1.4074649 -0.42624113 -0.43521464 6710886
1.4077152 -0.43529204 -0.43529204 6710886
1.4079657 -0.44434619 -0.43536949 6710886
1.4082164 -0.45340359 -0.43544701 6710886
1.4084669 -0.46246415 -0.43552449 6710886
1.4087172 -0.47152779 -0.43560186 6710886
1.408968 -0.48059484 -0.43567944 6710886
1.409219 -0.48966515 -0.43575707 6710886
1.4094702 -0.49873871 -0.43583474 6710886
1.4097214 -0.50781548 -0.4359124 6710886
1.3772885 0.66297334 -0.43466464 6710886
1.3775282 0.65430611 -0.43474028 6710886
1.377768 0.64563584 -0.43481597 6710886
1.3632187 0.63012648 -0.43022427 6710886
1.3634561 0.62154335 -0.43029922 6710886
1.3636937 0.61295718 -0.43037421 6710886
1.3639312 0.60436797 -0.43044916 6842472
1.3789681 0.60223913 -0.43519473 7039851
1.3792084 0.5935508 -0.43527058 6710886
1.3794488 0.58485931 -0.43534642 6710886
1.3796892 0.57616484 -0.4354223 6710886
1.3799299 0.56746739 -0.43549827 6710886
1.3801703 0.55876684 -0.43557414 6710886
1.3804111 0.55006331 -0.43565014 6710886
1.380652 0.54135668 -0.43572614 6710886
1.3808928 0.53264701 -0.43580213 6710886
1.3811338 0.52393442 -0.43587819 6710886
1.3813747 0.51521862 -0.43595424 6710886
1.3816159 0.50649989 -0.43603033 6710886
1.3818572 0.49777812 -0.43610647 6710886
1.3820984 0.48905325 -0.43618262 6710886
1.3823398 0.48032537 -0.43625882 6710886
1.3825814 0.47159442 -0.43633503 6710886
1.3828228 0.46286038 -0.43641123 6710886
1.3830644 0.45412335 -0.43648747 6710886
1.3833061 0.44538325 -0.43656379 6710886
1.3835479 0.43664008 -0.43664008 6710886
1.3837899 0.42789391 -0.43671644 6710886
1.3840318 0.4191446 -0.43679279 6710886
1.3842739 0.41039228 -0.4368692 6710886
1.384516 0.40163687 -0.43694559 6710886
1.3847582 0.39287841 -0.43702206 6710886
1.3850005 0.38411686 -0.4370985 6710886
1.3852429 0.37535229 -0.43717501 6710886
1.3854854 0.36658463 -0.43725154 6710886
1.385728 0.35781389 -0.4373281 6710886
1.3859706 0.34904009 -0.43740466 6710886
1.3862134 0.34026322 -0.43748128 6710886
1.3864563 0.33148327 -0.43755794 6710886
1.3866991 0.32270023 -0.43763456 6710886
1.3869421 0.31391415 -0.43771127 6710886
1.3871852 0.30512497 -0.43778798 6710886
1.3874283 0.29633269 -0.43786469 6710886
1.3876716 0.28753734 -0.43794149 6710886
1.387915 0.27873892 -0.43801832 6710886
1.3881584 0.2699374 -0.43809512 6710886
1.3884019 0.26113278 -0.43817195 6710886
1.3886455 0.25232509 -0.43824884 6710886
1.3888892 0.24351431 -0.43832576 6710886
1.389133 0.23470043 -0.43840268 6710886
1.3893768 0.22588344 -0.43847963 6710886
1.3896208 0.21706338 -0.43855664 6710886
1.3898648 0.20824023 -0.43863365 6710886
1.3901088 0.19941394 -0.43871066 6710886
1.3903531 0.19058459 -0.43878776 6710886
1.3905973 0.1817521 -0.43886483 6710886
1.3908417 0.17291653 -0.43894196 6710886
1.3910861 0.16407785 -0.43901908 6710886
1.3913307 0.15523607 -0.4390963 6710886
1.3915753 0.14639117 -0.43917349 6710886
1.39182 0.13754314 -0.43925068 6710886
1.3920648 0.12869203 -0.43932796 6710886
1.3923097 0.11983779 -0.43940523 6710886
1.3925546 0.11098044 -0.43948254 6710886
1.3927996 0.10211997 -0.43955988 6710886
1.3930448 0.093256384 -0.43963724 6710886
1.39329 0.084389679 -0.43971464 6710886
1.3935354 0.075519852 -0.43979207 6710886
1.3937807 0.066646896 -0.43986949 6710886
1.3940263 0.057770818 -0.43994698 6710886
1.3942719 0.048891611 -0.4400245 6710886
1.3945174 0.040009271 -0.44010198 6710886
1.3947632 0.031123808 -0.44017956 6710886
1.395009 0.022235209 -0.44025713 6710886
1.395255 0.013343478 -0.44033477 6710886
1.3955009 0.0044486099 -0.44041237 6710886
1.3957471 -0.0044493945 -0.44049007 6710886
1.406912 -0.40813375 -0.44401366 6710886
1.407162 -0.41717783 -0.44409254 6710886
1.4074121 -0.42622516 -0.44417146 6710886
1.4076624 -0.4352757 -0.44425046 6710886
1.407913 -0.44432956 -0.44432956 6710886
1.4081634 -0.45338655 -0.4444086 6710886
1.4084141 -0.46244681 -0.44448772 6710886
1.4086643 -0.47151011 -0.4445667 6710886
1.4089152 -0.48057681 -0.44464585 6710886
1.4091661 -0.48964676 -0.44472504 6710886
1.4094173 -0.49871999 -0.44480431 6710886
1.4096683 -0.50779635 -0.44488353 6710886
1.377238 0.66294903 -0.4434295 6710886
1.3774776 0.65428209 -0.44350666 6710886
1.3777174 0.64561212 -0.44358382 6710886
1.3631686 0.63010335 -0.43889955 6710886
1.3634062 0.62152058 -0.43897605 6710886
1.3636436 0.61293471 -0.43905252 6710886
1.3638811 0.6043458 -0.43912897 6842472
1.3789175 0.60221702 -0.44397023 7039851
1.3791578 0.59352899 -0.4440476 6710886
1.3793982 0.58483791 -0.44412503 6710886
1.3796386 0.57614368 -0.44420239 6710886
1.3798791 0.56744653 -0.44427985 6710886
1.3801198 0.55874634 -0.44435734 6710886
1.3803604 0.55004305 -0.44443479 6710886
1.3806012 0.54133677 -0.44451234 6710886
1.380842 0.53262746 -0.44458985 6710886
1.381083 0.52391511 -0.44466746 6710886
1.3813241 0.51519972 -0.44474506 6710886
1.3815651 0.50648129 -0.44482267 6710886
1.3818063 0.49775976 -0.44490033 6710886
1.3820477 0.48903528 -0.44497806 6710886
1.3822889 0.48030767 -0.44505572 6710886
1.3825303 0.47157702 -0.44513345 6710886
1.382772 0.46284339 -0.44521126 6710886
1.3830135 0.45410663 -0.44528902 6710886
1.3832552 0.44536686 -0.44536686 6710886
1.383497 0.43662402 -0.4454447 6710886
1.3837389 0.42787811 -0.44552258 6710886
1.3839808 0.41912913 -0.44560045 6710886
1.3842227 0.41037712 -0.44567835 6710886
1.384465 0.40162206 -0.44575635 6710886
1.3847072 0.39286393 -0.44583434 6710886
1.3849494 0.3841027 -0.44591233 6710886
1.3851918 0.37533844 -0.44599038 6710886
1.3854343 0.3665711 -0.44606844 6710886
1.3856769 0.35780069 -0.44614655 6710886
1.3859195 0.34902722 -0.44622466 6710886
1.3861623 0.34025067 -0.44630283 6710886
1.3864051 0.33147106 -0.44638103 6710886
1.3866478 0.32268831 -0.44645917 6710886
1.3868909 0.31390256 -0.44653744 6710886
1.387134 0.3051137 -0.4466157 6710886
1.3873771 0.29632175 -0.44669399 6710886
1.3876203 0.28752673 -0.44677228 6710886
1.3878636 0.2787286 -0.44685063 6710886
1.3881071 0.26992741 -0.44692901 6710886
1.3883505 0.26112312 -0.44700739 6710886
1.3885942 0.25231576 -0.44708583 6710886
1.3888378 0.2435053 -0.44716427 6710886
1.3890816 0.23469175 -0.44724277 6710886
1.3893254 0.22587509 -0.44732127 6710886
1.3895693 0.21705535 -0.4473998 6710886
1.3898133 0.20823251 -0.44747835 6710886
1.3900574 0.19940656 -0.44755697 6710886
1.3903016 0.19057752 -0.44763556 6710886
1.3905458 0.18174538 -0.44771421 6710886
1.3907902 0.17291012 -0.44779289 6710886
1.3910345 0.16407175 -0.44787154 6710886
1.3912791 0.1552303 -0.4479503 6710886
1.3915237 0.14638573 -0.44802907 6710886
1.3917685 0.13753806 -0.44810787 6710886
1.3920132 0.12868726 -0.44818667 6710886
1.392258 0.11983335 -0.44826549 6710886
1.392503 0.11097633 -0.44834438 6710886
1.392748 0.10211618 -0.44842324 6710886
1.3929931 0.093252927 -0.44850215 6710886
1.3932383 0.084386542 -0.4485811 6710886
1.3934836 0.075517043 -0.44866011 6710886
1.393729 0.066644415 -0.44873908 6710886
1.3939744 0.057768669 -0.44881812 6710886
1.39422 0.048889793 -0.44889718 6710886
1.3944657 0.040007789 -0.44897628 6710886
1.3947114 0.031122651 -0.4490554 6710886
1.3949572 0.022234382 -0.44913453 6710886
1.3952031 0.013342981 -0.44921371 6710886
1.395449 0.0044484446 -0.4492929 6710886
1.3956951 -0.0044492288 -0.44937211 6710886
1.4068594 -0.40811852 -0.45296669 6710886
1.4071093 -0.41716221 -0.45304713 6710886
1.4073592 -0.42620915 -0.45312762 6710886
1.4076097 -0.43525943 -0.45320827 6710886
1.4078602 -0.4443129 -0.45328891 6710886
1.4081106 -0.45336956 -0.45336956 6710886
1.4083612 -0.46242943 -0.45345023 6710886
1.4086114 -0.47149241 -0.45353079 6710886
1.4088622 -0.48055875 -0.45361155 6710886
1.4091133 -0.4896284 -0.45369238 6710886
1.4093643 -0.49870124 -0.4537732 6710886
1.4096154 -0.50777727 -0.45385405 6710886
1.3771875 0.66292471 -0.45219368 6710886
1.3774272 0.65425813 -0.45227239 6710886
1.3776668 0.6455884 -0.45235106 6710886
1.3631186 0.63008022 -0.44757423 6710886
1.3633561 0.62149775 -0.44765222 6710886
1.3635936 0.61291218 -0.44773018 6710886
1.363831 0.60432363 -0.44780815 6842472
1.3788669 0.60219496 -0.45274511 7039851
1.3791071 0.59350717 -0.452824 6710886
1.3793474 0.58481634 -0.45290288 6710886
1.3795879 0.57612252 -0.45298183 6710886
1.3798283 0.56742567 -0.45306081 6710886
1.380069 0.55872577 -0.45313981 6710886
1.3803096 0.55002284 -0.45321882 6710886
1.3805504 0.54131687 -0.45329788 6710886
1.3807913 0.53260791 -0.45337698 6710886
1.3810321 0.5238958 -0.45345604 6710886
1.3812732 0.51518077 -0.4535352 6710886
1.3815143 0.50646263 -0.45361438 6710886
1.3817555 0.49774149 -0.45369357 6710886
1.3819968 0.48901728 -0.45377278 6710886
1.3822381 0.48029003 -0.45385206 6710886
1.3824794 0.47155967 -0.45393127 6710886
1.3827211 0.46282634 -0.45401061 6710886
1.3829627 0.45408994 -0.45408994 6710886
1.3832042 0.44535044 -0.45416924 6710886
1.3834461 0.43660796 -0.45424867 6710886
1.3836879 0.42786235 -0.45432806 6710886
1.3839297 0.4191137 -0.45440748 6710886
1.3841717 0.41036198 -0.45448694 6710886
1.3844138 0.40160722 -0.45456642 6710886
1.3846561 0.39284942 -0.45464596 6710886
1.3848983 0.38408852 -0.4547255 6710886
1.3851407 0.37532458 -0.45480508 6710886
1.3853831 0.36655757 -0.45488468 6710886
1.3856257 0.35778749 -0.45496434 6710886
1.3858683 0.34901431 -0.455044 6710886
1.386111 0.34023809 -0.45512369 6710886
1.3863539 0.33145881 -0.45520341 6710886
1.3865968 0.32267645 -0.45528319 6710886
1.3868396 0.31389093 -0.45536292 6710886
1.3870827 0.30510241 -0.45544273 6710886
1.3873259 0.29631081 -0.45552257 6710886
1.3875691 0.28751609 -0.45560244 6710886
1.3878124 0.27871832 -0.45568231 6710886
1.3880558 0.26991746 -0.45576224 6710886
1.3882992 0.26111346 -0.45584217 6710886
1.3885428 0.25230643 -0.45592216 6710886
1.3887864 0.2434963 -0.45600215 6710886
1.3890302 0.23468307 -0.4560822 6710886
1.3892739 0.22586672 -0.45616218 6710886
1.3895179 0.21704732 -0.45624232 6710886
1.3897619 0.2082248 -0.45632243 6710886
1.3900059 0.19939919 -0.45640257 6710886
1.3902501 0.19057046 -0.45648274 6710886
1.3904943 0.18173864 -0.45656294 6710886
1.3907386 0.17290372 -0.45664313 6710886
1.3909831 0.16406569 -0.45672342 6710886
1.3912275 0.15522455 -0.45680365 6710886
1.3914721 0.14638031 -0.45688397 6710886
1.3917168 0.13753295 -0.45696434 6710886
1.3919616 0.12868248 -0.45704469 6710886
1.3922064 0.11982891 -0.4571251 6710886
1.3924514 0.11097222 -0.45720553 6710886
1.3926964 0.1021124 -0.45728597 6710886
1.3929414 0.093249463 -0.45736641 6710886
1.3931867 0.084383421 -0.45744696 6710886
1.3934319 0.075514242 -0.45752746 6710886
1.3936772 0.066641942 -0.45760801 6710886
1.3939227 0.057766523 -0.4576886 6710886
1.3941683 0.048887979 -0.45776924 6710886
1.3944139 0.040006302 -0.45784992 6710886
1.3946595 0.031121494 -0.45793056 6710886
1.3949053 0.022233557 -0.45801127 6710886
1.3951513 0.013342486 -0.458092 6710886
1.3953973 0.0044482797 -0.4581728 6710886
1.3956432 -0.0044490634 -0.45825356 6710886
1.4068066 -0.4081032 -0.46191898 6710886
1.4070566 -0.41714659 -0.46200106 6710886
1.4073067 -0.42619324 -0.46208319 6710886
1.4075569 -0.4352431 -0.46216536 6710886
1.4078074 -0.44429621 -0.46224758 6710886
1.4080578 -0.45335254 -0.46232983 6710886
1.4083084 -0.46241209 -0.46241209 6710886
1.4085587 -0.47147477 -0.46249428 6710886
1.4088094 -0.48054075 -0.4625766 6710886
1.4090605 -0.48961005 -0.46265903 6710886
1.4093115 -0.49868256 -0.46274146 6710886
1.4095625 -0.5077582 -0.46282387 6710886
1.3771369 0.66290039 -0.46095723 6710886
1.3773767 0.65423411 -0.46103746 6710886
1.3776164 0.64556479 -0.46111771 6710886
1.3630686 0.6300571 -0.45624825 6710886
1.3633062 0.62147498 -0.45632777 6710886
1.3635435 0.61288971 -0.45640722 6710886
1.363781 0.60430145 -0.4564867 6842472
1.3788162 0.60217285 -0.46151933 6974058
1.3790565 0.59348536 -0.46159974 6710886
1.3792968 0.58479488 -0.46168017 6710886
1.3795372 0.57610136 -0.46176064 6710886
1.3797777 0.56740481 -0.46184114 6710886
1.3800182 0.55870521 -0.46192166 6710886
1.3802589 0.55000263 -0.46200222 6710886
1.3804996 0.54129696 -0.46208277 6710886
1.3807405 0.5325883 -0.46216342 6710886
1.3809814 0.52387661 -0.46224406 6710886
1.3812224 0.51516181 -0.46232471 6710886
1.3814635 0.50644404 -0.46240541 6710886
1.3817047 0.49772319 -0.46248615 6710886
1.3819458 0.48899925 -0.46256688 6710886
1.3821872 0.48027235 -0.46264768 6710886
1.3824285 0.4715423 -0.46272844 6710886
1.38267 0.46280926 -0.46280926 6710886
1.3829117 0.45407319 -0.46289015 6710886
1.3831533 0.44533405 -0.46297103 6710886
1.3833951 0.43659183 -0.46305194 6710886
1.383637 0.42784661 -0.46313292 6710886
1.3838787 0.41909823 -0.46321383 6710886
1.3841208 0.4103469 -0.46329486 6710886
1.3843628 0.40159243 -0.46337587 6710886
1.3846051 0.39283496 -0.46345696 6710886
1.3848473 0.38407439 -0.46353805 6710886
1.3850896 0.37531075 -0.46361917 6710886
1.3853321 0.36654407 -0.46370032 6710886
1.3855746 0.35777429 -0.46378148 6710886
1.3858172 0.34900144 -0.46386269 6710886
1.3860599 0.34022555 -0.46394393 6710886
1.3863026 0.33144656 -0.46402517 6710886
1.3865455 0.3226645 -0.46410647 6710886
1.3867884 0.31387934 -0.46418777 6710886
1.3870314 0.30509114 -0.46426913 6710886
1.3872746 0.29629984 -0.46435052 6710886
1.3875178 0.28750548 -0.46443191 6710886
1.387761 0.27870798 -0.46451333 6710886
1.3880044 0.26990744 -0.46459481 6710886
1.388248 0.26110384 -0.46467632 6710886
1.3884914 0.2522971 -0.4647578 6710886
1.3887351 0.24348728 -0.46483937 6710886
1.3889788 0.23467439 -0.46492097 6710886
1.3892226 0.22585839 -0.46500257 6710886
1.3894664 0.21703927 -0.46508417 6710886
1.3897104 0.20821708 -0.46516582 6710886
1.3899544 0.1993918 -0.46524751 6710886
1.3901986 0.1905634 -0.46532923 6710886
1.3904428 0.18173191 -0.46541101 6710886
1.3906871 0.17289731 -0.46549276 6710886
1.3909316 0.16405962 -0.46557459 6710886
1.391176 0.15521879 -0.4656564 6710886
1.3914206 0.14637488 -0.46573827 6710886
1.3916652 0.13752785 -0.46582016 6710886
1.39191 0.12867771 -0.46590206 6710886
1.3921548 0.11982446 -0.46598402 6710886
1.3923997 0.11096809 -0.46606597 6710886
1.3926448 0.10210861 -0.46614802 6710886
1.3928897 0.093246005 -0.46623003 6710886
1.393135 0.084380284 -0.46631211 6710886
1.3933802 0.075511441 -0.46639419 6710886
1.3936256 0.066639476 -0.46647635 6710886
1.3938709 0.057764381 -0.46655846 6710886
1.3941165 0.048886165 -0.46664065 6710886
1.3943621 0.040004816 -0.46672285 6710886
1.3946077 0.031120336 -0.46680504 6710886
1.3948535 0.02223273 -0.46688733 6710886
1.3950994 0.013341989 -0.46696964 6710886
1.3953454 0.0044481144 -0.46705201 6710886
1.3955914 -0.0044488981 -0.46713433 6710886
1.4067539 -0.40808791 -0.47087064 6710886
1.4070038 -0.41713095 -0.4709543 6710886
1.4072539 -0.42617723 -0.47103801 6710886
1.4075042 -0.4352268 -0.47112179 6710886
1.4077545 -0.44427955 -0.47120559 6710886
1.408005 -0.45333555 -0.47128943 6710886
1.4082557 -0.4623948 -0.47137335 6710886
1.4085058 -0.47145706 -0.47145706 6710886
1.4087566 -0.48052275 -0.47154102 6710886
1.4090075 -0.48959166 -0.471625 6710886
1.4092586 -0.49866384 -0.47170904 6710886
1.4095097 -0.50773919 -0.47179306 6710886
1.3770865 0.66287613 -0.46972016 6710886
1.3773261 0.65421009 -0.4698019 6710886
1.3775659 0.64554113 -0.46988365 6710886
1.3630186 0.63003403 -0.46492165 6710886
1.3632561 0.62145215 -0.46500266 6710886
1.3634934 0.61286718 -0.4650836 6710886
1.3637309 0.60427928 -0.4651646 6842472
1.3787656 0.60215068 -0.4702929 7039851
1.3790059 0.5934636 -0.47037485 6710886
1.3792461 0.58477342 -0.47045681 6710886
1.3794866 0.5760802 -0.47053879 6710886
1.379727 0.567384 -0.47062081 6710886
1.3799676 0.55868471 -0.47070289 6710886
1.3802083 0.54998243 -0.47078496 6710886
1.3804489 0.54127711 -0.47086707 6710886
1.3806897 0.53256875 -0.4709492 6710886
1.3809307 0.52385736 -0.4710314 6710886
1.3811716 0.51514286 -0.47111356 6710886
1.3814126 0.50642538 -0.47119579 6710886
1.3816538 0.49770486 -0.47127804 6710886
1.3818949 0.48898125 -0.4713603 6710886
1.3821363 0.48025465 -0.47144264 6710886
1.3823777 0.47152498 -0.47152498 6710886
1.3826191 0.46279225 -0.47160733 6710886
1.3828608 0.45405647 -0.47168973 6710886
1.3831024 0.44531766 -0.47177216 6710886
1.3833441 0.43657574 -0.4718546 6710886
1.3835859 0.42783082 -0.47193709 6710886
1.3838278 0.41908282 -0.47201958 6710886
1.3840698 0.41033176 -0.47210214 6710886
1.3843119 0.40157765 -0.47218472 6710886
1.384554 0.39282048 -0.4722673 6710886
1.3847963 0.38406023 -0.47234994 6710886
1.3850385 0.37529689 -0.47243255 6710886
1.385281 0.36653054 -0.47251526 6710886
1.3855234 0.35776109 -0.47259796 6710886
1.385766 0.34898856 -0.47268072 6710886
1.3860086 0.34021297 -0.47276348 6710886
1.3862514 0.33143431 -0.4728463 6710886
1.3864943 0.32265258 -0.47292912 6710886
1.3867371 0.31386775 -0.47301194 6710886
1.3869802 0.30507988 -0.47309485 6710886
1.3872234 0.29628891 -0.47317782 6710886
1.3874665 0.28749487 -0.47326076 6710886
1.3877097 0.2786977 -0.4733437 6710886
1.3879532 0.26989749 -0.47342673 6710886
1.3881966 0.26109418 -0.47350979 6710886
1.3884401 0.25228778 -0.47359285 6710886
1.3886837 0.24347828 -0.47367591 6710886
1.3889273 0.23466569 -0.47375903 6710886
1.3891712 0.22585003 -0.47384223 6710886
1.389415 0.21703126 -0.47392538 6710886
1.3896589 0.20820938 -0.47400856 6710886
1.3899031 0.19938442 -0.47409186 6710886
1.3901472 0.19055636 -0.47417513 6710886
1.3903912 0.18172516 -0.47425836 6710886
1.3906356 0.1728909 -0.47434172 6710886
1.39088 0.16405353 -0.47442508 6710886
1.3911244 0.15521304 -0.47450843 6710886
1.391369 0.14636946 -0.47459188 6710886
1.3916136 0.13752276 -0.4746753 6710886
1.3918585 0.12867296 -0.47475883 6710886
1.3921031 0.11982001 -0.47484228 6710886
1.3923481 0.11096398 -0.47492582 6710886
1.392593 0.10210482 -0.47500938 6710886
1.3928381 0.093242548 -0.47509298 6710886
1.3930832 0.084377155 -0.4751766 6710886
1.3933284 0.075508632 -0.47526023 6710886
1.3935739 0.066637002 -0.47534394 6710886
1.3938192 0.057762235 -0.47542763 6710886
1.3940647 0.048884343 -0.47551137 6710886
1.3943104 0.040003333 -0.47559518 6710886
1.394556 0.031119185 -0.47567898 6710886
1.3948017 0.022231905 -0.47576278 6710886
1.3950475 0.013341494 -0.47584662 6710886
1.3952935 0.0044479487 -0.47593051 6710886
1.3955394 -0.0044487324 -0.47601438 6710886
1.4067013 -0.40807265 -0.47982168 6710886
1.4069512 -0.41711536 -0.47990692 6710886
1.4072011 -0.42616126 -0.47999215 6710886
1.4074514 -0.43521047 -0.48007753 6710886
1.4077017 -0.44426289 -0.48016292 6710886
1.4079523 -0.45331857 -0.48024839 6710886
1.4082029 -0.46237746 -0.48033386 6710886
1.408453 -0.47143936 -0.48041916 6710886
1.4087037 -0.48050469 -0.48050469 6710886
1.4089546 -0.48957327 -0.48059028 6710886
1.4092057 -0.4986451 -0.48067591 6710886
1.4094567 -0.50772011 -0.48076156 6710886
1.377036 0.66285181 -0.47848243 6710886
1.3772756 0.65418613 -0.47856566 6710886
1.3775153 0.64551741 -0.47864896 6710886
1.3629686 0.63001084 -0.47359437 6710886
1.363206 0.62142932 -0.47367689 6710886
1.3634434 0.61284465 -0.47375935 6710886
1.3636807 0.60425699 -0.47384182 6842472
1.378715 0.60212862 -0.47906584 7039851
1.3789552 0.59344178 -0.47914931 6710886
1.3791956 0.58475196 -0.47923282 6710886
1.3794359 0.57605904 -0.47931632 6710886
1.3796763 0.56736314 -0.47939986 6710886
1.3799169 0.5586642 -0.47948346 6710886
1.3801575 0.54996222 -0.47956705 6710886
1.3803982 0.5412572 -0.47965068 6710886
1.3806391 0.5325492 -0.47973439 6710886
1.3808799 0.5238381 -0.47981808 6710886
1.3811208 0.5151239 -0.47990179 6710886
1.3813617 0.50640672 -0.47998551 6710886
1.381603 0.49768656 -0.48006934 6710886
1.3818442 0.48896328 -0.48015314 6710886
1.3820854 0.48023698 -0.48023698 6710886
1.3823268 0.47150761 -0.48032084 6710886
1.3825684 0.46277523 -0.48040476 6710886
1.3828098 0.45403972 -0.48048866 6710886
1.3830515 0.44530126 -0.48057264 6710886
1.3832933 0.43655971 -0.48065665 6710886
1.3835349 0.42781505 -0.48074061 6710886
1.3837769 0.41906741 -0.48082471 6710886
1.3840188 0.41031665 -0.48090875 6710886
1.3842608 0.40156284 -0.48099282 6710886
1.384503 0.39280599 -0.48107702 6710886
1.3847451 0.38404605 -0.48116115 6710886
1.3849875 0.37528306 -0.48124534 6710886
1.3852299 0.36651704 -0.48132959 6710886
1.3854723 0.35774788 -0.48141381 6710886
1.3857149 0.34897569 -0.48149809 6710886
1.3859575 0.34020039 -0.4815824 6710886
1.3862002 0.33142206 -0.48166674 6710886
1.3864431 0.32264069 -0.48175114 6710886
1.3866861 0.31385618 -0.48183557 6710886
1.3869289 0.30506858 -0.48191994 6710886
1.3871721 0.29627797 -0.48200443 6710886
1.3874153 0.28748423 -0.48208895 6710886
1.3876585 0.27868742 -0.48217344 6710886
1.3879018 0.26988751 -0.48225799 6710886
1.3881452 0.2610845 -0.48234257 6710886
1.3883888 0.25227845 -0.48242721 6710886
1.3886323 0.24346927 -0.48251182 6710886
1.388876 0.234657 -0.48259649 6710886
1.3891197 0.22584166 -0.48268119 6710886
1.3893636 0.21702322 -0.48276594 6710886
1.3896075 0.20820168 -0.4828507 6710886
1.3898516 0.19937703 -0.48293549 6710886
1.3900957 0.1905493 -0.48302031 6710886
1.3903397 0.18171844 -0.48310512 6710886
1.3905841 0.17288451 -0.48319003 6710886
1.3908285 0.16404745 -0.48327494 6710886
1.391073 0.15520731 -0.4833599 6710886
1.3913174 0.14636402 -0.48344481 6710886
1.3915621 0.13751766 -0.48352984 6710886
1.3918068 0.12866817 -0.48361489 6710886
1.3920515 0.11981557 -0.48369989 6710886
1.3922964 0.11095987 -0.483785 6710886
1.3925414 0.10210104 -0.48387012 6710886
1.3927865 0.093239091 -0.48395529 6710886
1.3930315 0.084374018 -0.48404041 6710886
1.3932768 0.075505838 -0.48412567 6710886
1.3935221 0.066634528 -0.48421091 6710886
1.3937675 0.057760093 -0.48429614 6710886
1.3940129 0.048882533 -0.48438144 6710886
1.3942585 0.040001843 -0.48446676 6710886
1.3945042 0.031118028 -0.48455215 6710886
1.3947499 0.022231078 -0.48463753 6710886
1.3949957 0.013340998 -0.48472291 6710886
1.3952416 0.0044477833 -0.48480839 6710886
1.3954877 -0.0044485675 -0.48489389 6710886
1.4066486 -0.40805736 -0.488772 6710886
1.4068984 -0.41709968 -0.48885879 6710886
1.4071484 -0.42614529 -0.48894566 6710886
1.4073986 -0.43519413 -0.4890326 6710886
1.407649 -0.44424626 -0.48911962 6710886
1.4078995 -0.45330158 -0.48920664 6710886
1.40815 -0.46236008 -0.48929366 6710886
1.4084002 -0.47142169 -0.48938063 6710886
1.4086509 -0.48048666 -0.48946774 6710886
1.4089017 -0.48955488 -0.48955488 6710886
1.4091527 -0.49862638 -0.48964211 6710886
1.4094038 -0.5077011 -0.48972934 6710886
1.3769854 0.66282743 -0.48724401 6710886
1.3772252 0.65416217 -0.48732886 6710886
1.3774648 0.64549375 -0.48741364 6710886
1.3629186 0.62998778 -0.48226652 6710886
1.3631561 0.62140656 -0.48235053 6710886
1.3633934 0.61282223 -0.48243451 6710886
1.3636308 0.60423487 -0.48251849 6842472
1.3786645 0.60210657 -0.48783815 7039851
1.3789046 0.59342003 -0.48792312 6710886
1.3791449 0.58473051 -0.48800814 6710886
1.3793852 0.57603788 -0.4880932 6710886
1.3796256 0.56734228 -0.48817822 6710886
1.3798661 0.55864364 -0.48826334 6710886
1.3801068 0.54994202 -0.48834851 6710886
1.3803474 0.54123729 -0.48843363 6710886
1.3805883 0.53252959 -0.48851889 6710886
1.380829 0.52381879 -0.48860407 6710886
1.38107 0.51510501 -0.48868936 6710886
1.3813111 0.50638813 -0.48877463 6710886
1.3815521 0.49766821 -0.48885992 6710886
1.3817934 0.48894531 -0.48894531 6710886
1.3820347 0.48021933 -0.48903069 6710886
1.3822759 0.47149026 -0.48911607 6710886
1.3825175 0.46275818 -0.48920152 6710886
1.382759 0.45402306 -0.48928699 6710886
1.3830005 0.44528484 -0.48937243 6710886
1.3832422 0.43654361 -0.48945799 6710886
1.383484 0.42779931 -0.48954353 6710886
1.3837259 0.41905195 -0.48962912 6710886
1.3839678 0.41030151 -0.48971471 6710886
1.3842098 0.40154803 -0.48980033 6710886
1.3844519 0.39279148 -0.48988602 6710886
1.3846941 0.38403189 -0.48997173 6710886
1.3849363 0.3752692 -0.49005744 6710886
1.3851788 0.36650351 -0.49014324 6710886
1.3854213 0.35773471 -0.49022904 6710886
1.3856637 0.34896281 -0.49031484 6710886
1.3859065 0.34018788 -0.4904007 6710886
1.386149 0.33140984 -0.49048656 6710886
1.3863919 0.32262874 -0.49057248 6710886
1.3866348 0.31384459 -0.49065846 6710886
1.3868777 0.30505732 -0.49074438 6710886
1.3871208 0.296267 -0.49083042 6710886
1.387364 0.28747362 -0.49091646 6710886
1.3876072 0.27867711 -0.49100253 6710886
1.3878505 0.26987752 -0.49108863 6710886
1.3880939 0.26107487 -0.49117476 6710886
1.3883374 0.25226912 -0.49126089 6710886
1.3885809 0.24346025 -0.49134707 6710886
1.3888246 0.23464833 -0.49143329 6710886
1.3890684 0.22583331 -0.49151954 6710886
1.3893123 0.21701519 -0.49160585 6710886
1.3895561 0.20819396 -0.49169213 6710886
1.3898001 0.19936965 -0.49177846 6710886
1.3900442 0.19054224 -0.49186486 6710886
1.3902884 0.18171172 -0.49195123 6710886
1.3905326 0.1728781 -0.49203768 6710886
1.390777 0.16404139 -0.49212414 6710886
1.3910214 0.15520154 -0.49221063 6710886
1.3912659 0.14635861 -0.49229714 6710886
1.3915105 0.13751256 -0.49238369 6710886
1.3917552 0.12866341 -0.49247029 6710886
1.392 0.11981113 -0.4925569 6710886
1.3922447 0.11095574 -0.49264351 6710886
1.3924897 0.10209724 -0.49273017 6710886
1.3927348 0.093235627 -0.4928169 6710886
1.3929799 0.084370889 -0.49290362 6710886
1.3932251 0.075503036 -0.4929904 6710886
1.3934704 0.066632055 -0.49307722 6710886
1.3937157 0.057757948 -0.493164 6710886
1.3939612 0.048880719 -0.49325088 6710886
1.3942068 0.04000036 -0.49333775 6710886
1.3944523 0.031116871 -0.49342465 6710886
1.3946981 0.022230254 -0.49351165 6710886
1.3949438 0.013340502 -0.49359858 6710886
1.3951898 0.004447618 -0.4936856 6710886
1.3954358 -0.0044484022 -0.49377266 7303023
1.4065958 -0.40804204 -0.49772161 6710886
1.4068457 -0.41708407 -0.49781004 6710886
1.4070956 -0.42612931 -0.49789843 6710886
1.4073459 -0.43517786 -0.49798703 6710886
1.4075962 -0.4442296 -0.4980756 6710886
1.4078467 -0.45328456 -0.49816424 6710886
1.4080971 -0.46234274 -0.49825287 6710886
1.4083474 -0.47140402 -0.49834138 6710886
1.4085979 -0.48046863 -0.49843007 6710886
1.4088489 -0.48953652 -0.49851885 6710886
1.4090999 -0.4986077 -0.4986077 6710886
1.4093509 -0.50768203 -0.49869648 6710886
1.376935 0.66280317 -0.49600503 7829367
1.3771746 0.65413815 -0.49609134 6710886
1.3774142 0.64547002 -0.49617767 6710886
1.3628685 0.62996465 -0.49093795 6710886
1.363106 0.62138373 -0.49102351 6710886
1.3633434 0.6127997 -0.49110898 6710886
1.3635807 0.6042127 -0.49119449 6842472
1.3786138 0.60208446 -0.49660978 7039851
1.378854 0.59339827 -0.49669632 6710886
1.3790942 0.58470899 -0.49678284 6710886
1.3793346 0.57601672 -0.49686942 6710886
1.3795749 0.56732142 -0.49695599 6710886
1.3798155 0.55862314 -0.49704263 6710886
1.380056 0.54992181 -0.49712929 6710886
1.3802967 0.54121739 -0.49721599 6710886
1.3805375 0.53251004 -0.49730274 6710886
1.3807783 0.52379954 -0.4973895 6710886
1.3810192 0.51508605 -0.49747628 6710886
1.3812603 0.50636953 -0.49756309 6710886
1.3815013 0.49764994 -0.49764994 6710886
1.3817425 0.4889273 -0.49773681 6710886
1.3819838 0.48020163 -0.49782372 6710886
1.3822252 0.47147295 -0.49791068 6710886
1.3824664 0.46274111 -0.49799758 6710886
1.3827081 0.45400634 -0.49808463 6710886
1.3829497 0.44526848 -0.49817169 6710886
1.3831912 0.43652752 -0.49825868 6710886
1.3834331 0.42778358 -0.49834579 6710886
1.3836749 0.41903651 -0.49843287 6710886
1.3839167 0.4102864 -0.49852002 6710886
1.3841588 0.40153325 -0.49860725 6710886
1.3844008 0.392777 -0.49869442 6710886
1.3846431 0.38401774 -0.49878165 6710886
1.3848854 0.37525541 -0.49886897 6710886
1.3851277 0.36648998 -0.49895623 6710886
1.3853701 0.35772151 -0.49904355 6710886
1.3856127 0.34894997 -0.49913096 6710886
1.3858552 0.3401753 -0.49921829 6710886
1.386098 0.33139762 -0.49930578 6710886
1.3863407 0.32261685 -0.49939319 6710886
1.3865836 0.313833 -0.49948066 6710886
1.3868266 0.30504608 -0.49956822 6710886
1.3870696 0.29625607 -0.49965575 6710886
1.3873127 0.28746298 -0.49974331 6710886
1.387556 0.27866682 -0.49983096 6710886
1.3877991 0.26986754 -0.49991855 6710886
1.3880426 0.26106521 -0.50000626 6710886
1.3882861 0.25225979 -0.500094 6710886
1.3885297 0.24345127 -0.50018167 6710886
1.3887732 0.23463964 -0.50026941 6710886
1.389017 0.22582495 -0.50035727 6710886
1.3892608 0.21700716 -0.50044507 6710886
1.3895047 0.20818627 -0.50053293 6710886
1.3897486 0.19936226 -0.50062078 6710886
1.3899927 0.19053519 -0.50070876 6710886
1.3902369 0.18170498 -0.50079668 6710886
1.390481 0.17287168 -0.50088465 6710886
1.3907254 0.16403529 -0.50097263 6710886
1.3909699 0.1551958 -0.50106072 6710886
1.3912144 0.14635319 -0.50114882 6710886
1.3914589 0.13750747 -0.50123686 6710886
1.3917036 0.12865864 -0.50132501 6710886
1.3919483 0.11980669 -0.50141317 6710886
1.3921931 0.11095162 -0.50150138 6710886
1.3924381 0.10209346 -0.5015896 6710886
1.3926831 0.093232177 -0.50167787 6710886
1.3929282 0.084367767 -0.5017662 6710886
1.3931733 0.075500228 -0.50185448 6710886
1.3934187 0.066629581 -0.50194287 6710886
1.393664 0.057755806 -0.50203121 6710886
1.3939093 0.048878897 -0.5021196 6710886
1.3941549 0.03999887 -0.50220805 6710886
1.3944006 0.031115716 -0.50229657 6710886
1.3946463 0.022229427 -0.50238508 6710886
1.394892 0.013340007 -0.50247359 6710886
1.3951379 0.0044474527 -0.50256217 6710886
1.395384 -0.0044482369 -0.5026508 7303023
1.4065433 -0.40802678 -0.50667065 6710886
1.4067931 -0.41706848 -0.50676066 6710886
1.407043 -0.42611337 -0.50685066 6710886
1.4072932 -0.43516156 -0.50694078 6710886
1.4075434 -0.44421291 -0.5070309 6710886
1.4077939 -0.45326757 -0.50712115 6710886
1.4080443 -0.46232539 -0.50721139 6710886
1.4082946 -0.47138634 -0.50730151 6710886
1.4085453 -0.48045063 -0.50739181 6710886
1.408796 -0.48951814 -0.50748211 6710886
1.409047 -0.49858895 -0.50757253 6710886
1.4092979 -0.50766295 -0.50766295 6710886
1.3768846 0.66277891 -0.50476539 7829367
1.3771241 0.65411413 -0.50485319 6710886
1.3773637 0.64544636 -0.50494105 6710886
1.3628186 0.62994152 -0.49960881 6710886
1.3630561 0.62136096 -0.49969587 6710886
1.3632933 0.61277723 -0.49978283 6710886
1.3635306 0.60419053 -0.49986985 6842472
1.3785632 0.60206228 -0.50538075 7039851
1.3788034 0.59337646 -0.50546885 6710886
1.3790436 0.58468753 -0.50555688 6710886
1.3792839 0.57599562 -0.50564498 6710886
1.3795244 0.56730062 -0.50573313 6710886
1.3797647 0.55860257 -0.50582123 6710886
1.3800054 0.5499016 -0.5059095 6710886
1.380246 0.54119754 -0.50599772 6710886
1.3804867 0.53249043 -0.50608593 6710886
1.3807275 0.52378029 -0.50617421 6710886
1.3809685 0.5150671 -0.50626254 6710886
1.3812094 0.50635087 -0.50635087 6710886
1.3814505 0.49763164 -0.50643927 6710886
1.3816917 0.48890933 -0.50652766 6710886
1.3819329 0.48018396 -0.50661612 6710886
1.3821743 0.47145557 -0.50670457 6710886
1.3824155 0.46272409 -0.50679302 6710886
1.3826571 0.4539896 -0.50688159 6710886
1.3828987 0.44525206 -0.50697017 6710886
1.3831403 0.43651146 -0.50705874 6710886
1.3833821 0.42776778 -0.50714737 6710886
1.383624 0.41902107 -0.50723606 6710886
1.3838657 0.41027126 -0.5073247 6710886
1.3841078 0.40151846 -0.50741345 6710886
1.3843499 0.39276257 -0.5075022 6710886
1.3845919 0.38400355 -0.50759089 6710886
1.3848343 0.37524155 -0.50767976 6710886
1.3850766 0.36647648 -0.50776863 6710886
1.385319 0.35770831 -0.50785744 6710886
1.3855616 0.34893709 -0.50794637 6710886
1.3858042 0.34016278 -0.5080353 6710886
1.3860468 0.33138537 -0.50812423 6710886
1.3862896 0.32260495 -0.50821328 6710886
1.3865323 0.31382138 -0.50830227 6710886
1.3867754 0.30503482 -0.50839138 6710886
1.3870183 0.29624513 -0.50848043 6710886
1.3872614 0.28745234 -0.50856954 6710886
1.3875047 0.27865651 -0.50865871 6710886
1.387748 0.26985759 -0.50874794 6710886
1.3879912 0.26105553 -0.5088371 6710886
1.3882347 0.25225046 -0.50892633 6710886
1.3884783 0.24344227 -0.50901562 6710886
1.3887218 0.23463097 -0.50910491 6710886
1.3889656 0.22581661 -0.50919431 6710886
1.3892094 0.21699913 -0.50928366 6710886
1.3894533 0.20817856 -0.50937307 6710886
1.3896972 0.19935489 -0.50946248 6710886
1.3899412 0.19052812 -0.50955194 6710886
1.3901854 0.18169826 -0.50964147 6710886
1.3904295 0.17286529 -0.50973094 6710886
1.3906739 0.16402923 -0.50982052 6710886
1.3909183 0.15519004 -0.50991011 6710886
1.3911628 0.14634776 -0.50999975 6710886
1.3914073 0.13750236 -0.5100894 6710886
1.391652 0.12865387 -0.5101791 6710886
1.3918967 0.11980225 -0.51026887 6710886
1.3921416 0.11094753 -0.51035863 6710886
1.3923864 0.10208967 -0.5104484 6710886
1.3926314 0.093228713 -0.51053816 6710886
1.3928765 0.08436463 -0.51062804 6710886
1.3931216 0.075497426 -0.51071787 6710886
1.3933669 0.066627108 -0.51080781 6710886
1.3936123 0.05775366 -0.51089776 6710886
1.3938577 0.04887709 -0.51098776 6710886
1.3941032 0.039997388 -0.5110777 6710886
1.3943487 0.03111456 -0.51116776 6710886
1.3945946 0.022228602 -0.51125789 6710886
1.3948402 0.013339511 -0.51134795 6710886
1.3950861 0.0044472874 -0.51143807 6710886
1.3953321 -0.0044480716 -0.51152825 6974058
1.4064906 -0.4080115 -0.51561892 6710886
1.4067403 -0.41705284 -0.51571047 6710886
1.4069902 -0.42609739 -0.51580209 6710886
1.4072404 -0.43514523 -0.51589382 6710886
1.4074907 -0.44419631 -0.51598561 6710886
1.4077411 -0.45325056 -0.5160774 6710886
1.4079916 -0.46230811 -0.51616925 6710886
1.4082417 -0.47136867 -0.51626092 6710886
1.4084923 -0.4804326 -0.51635277 6710886
1.4087431 -0.48949978 -0.51644474 6710886
1.4089942 -0.49857026 -0.51653677 6710886
1.409245 -0.50764388 -0.51662874 6710886
1.376834 0.6627546 -0.51352507 7303023
1.3770736 0.65409017 -0.51361442 6710886
1.3773131 0.6454227 -0.51370376 6710886
1.3627687 0.62991846 -0.50827903 6710886
1.363006 0.62133813 -0.50836754 6710886
1.3632432 0.6127547 -0.50845605 6710886
1.3634806 0.6041683 -0.50854456 6842472
1.3785125 0.60204017 -0.5141511 7039851
1.3787527 0.59335464 -0.51424068 6710886
1.3789929 0.58466607 -0.51433027 6710886
1.3792332 0.57597446 -0.51441991 6710886
1.3794736 0.56727976 -0.51450956 6710886
1.3797141 0.55858213 -0.51459926 6710886
1.3799546 0.54988134 -0.51468897 6710886
1.3801953 0.54117763 -0.51477873 6710886
1.3804361 0.53247088 -0.51486856 6710886
1.3806767 0.52376103 -0.51495832 6710886
1.3809177 0.51504815 -0.51504815 6710886
1.3811587 0.50633228 -0.51513809 6710886
1.3813996 0.49761331 -0.51522791 6710886
1.3816408 0.4888913 -0.51531786 6710886
1.381882 0.48016626 -0.5154078 6710886
1.3821234 0.4714382 -0.51549786 6710886
1.3823647 0.46270707 -0.51558787 6710886
1.3826061 0.45397288 -0.51567793 6710886
1.3828478 0.44523567 -0.51576805 6710886
1.3830894 0.43649539 -0.51585817 6710886
1.3833311 0.42775202 -0.5159483 6710886
1.3835729 0.41900563 -0.51603854 6710886
1.3838148 0.41025618 -0.51612872 6710886
1.3840567 0.40150362 -0.51621896 6710886
1.3842988 0.39274806 -0.51630926 6710886
1.384541 0.38398945 -0.51639962 6710886
1.3847831 0.37522769 -0.51648992 6710886
1.3850255 0.36646295 -0.51658028 6710886
1.385268 0.3576951 -0.5166707 6710886
1.3855104 0.34892419 -0.51676118 6710886
1.385753 0.34015024 -0.51685166 6710886
1.3859956 0.33137316 -0.51694214 6710886
1.3862383 0.322593 -0.51703262 6710886
1.3864813 0.31380984 -0.51712328 6710886
1.3867241 0.30502355 -0.51721382 6710886
1.3869672 0.29623419 -0.51730448 6710886
1.3872101 0.28744173 -0.51739508 6710886
1.3874533 0.2786462 -0.5174858 6710886
1.3876966 0.2698476 -0.51757658 6710886
1.3879399 0.2610459 -0.51766729 6710886
1.3881834 0.25224113 -0.51775807 6710886
1.3884269 0.24343325 -0.51784891 6710886
1.3886706 0.2346223 -0.51793981 6710886
1.3889141 0.22580823 -0.51803064 6710886
1.389158 0.2169911 -0.5181216 6710886
1.3894019 0.20817086 -0.51821256 6710886
1.3896457 0.1993475 -0.51830351 6710886
1.3898897 0.19052106 -0.51839453 6710886
1.390134 0.18169154 -0.51848561 6710886
1.3903781 0.17285889 -0.51857668 6710886
1.3906224 0.16402315 -0.51866776 6710886
1.3908668 0.1551843 -0.51875895 6710886
1.3911113 0.14634234 -0.51885015 6710886
1.3913558 0.13749728 -0.51894134 6710886
1.3916004 0.1286491 -0.51903254 6710886
1.3918451 0.11979781 -0.51912385 6710886
1.39209 0.11094341 -0.51921517 6710886
1.3923347 0.10208588 -0.51930642 6710886
1.3925798 0.093225256 -0.51939785 6710886
1.3928249 0.084361501 -0.51948929 6710886
1.39307 0.075494632 -0.51958066 6710886
1.3933152 0.066624634 -0.51967216 6710886
1.3935605 0.057751514 -0.51976365 6710886
1.393806 0.048875276 -0.5198552 6710886
1.3940513 0.039995898 -0.51994669 6710886
1.394297 0.031113405 -0.52003831 6710886
1.3945427 0.022227777 -0.52012998 6710886
1.3947885 0.013339017 -0.52022165 6710886
1.3950342 0.0044471221 -0.52031326 6710886
1.3952801 -0.0044479063 -0.52040499 6710886
1.4064379 -0.40799624 -0.52456659 6710886
1.4066876 -0.41703722 -0.52465969 6710886
1.4069375 -0.42608142 -0.52475291 6710886
1.4071877 -0.43512893 -0.52484626 6710886
1.4074379 -0.44417962 -0.52493954 6710886
1.4076883 -0.45323357 -0.52503294 6710886
1.4079388 -0.46229076 -0.5251264 6710886
1.4081889 -0.471351 -0.52521968 6710886
1.4084395 -0.48041457 -0.52531314 6710886
1.4086903 -0.48948145 -0.52540666 6710886
1.4089413 -0.49855155 -0.5255003 6710886
1.4091922 -0.50762486 -0.52559388 6710886
1.3767836 0.66273034 -0.52228415 6710886
1.3770231 0.65406621 -0.52237499 6710886
1.3772627 0.64539903 -0.52246588 6710886
1.3627186 0.62989533 -0.51694858 6710886
1.362956 0.62131536 -0.51703864 6710886
1.3631933 0.61273223 -0.51712865 6710886
1.3634305 0.60414612 -0.51721865 6842472
1.3784621 0.60201818 -0.52292091 6974058
1.378702 0.59333283 -0.52301192 6710886
1.3789423 0.58464456 -0.52310306 6710886
1.3791826 0.5759533 -0.52319419 6710886
1.3794229 0.56725895 -0.52328539 6710886
1.3796633 0.55856156 -0.52337658 6710886
1.3799039 0.54986119 -0.52346784 6710886
1.3801445 0.54115772 -0.52355909 6710886
1.3803853 0.53245127 -0.52365047 6710886
1.3806261 0.52374178 -0.52374178 6710886
1.3808669 0.51502925 -0.52383316 6710886
1.3811078 0.50631362 -0.52392453 6710886
1.3813488 0.49759501 -0.52401596 6710886
1.38159 0.48887333 -0.52410746 6710886
1.3818312 0.48014861 -0.52419895 6710886
1.3820724 0.47142085 -0.5242905 6710886
1.3823138 0.46269006 -0.52438205 6710886
1.3825554 0.45395622 -0.52447367 6710886
1.3827968 0.44521925 -0.52456522 6710886
1.3830385 0.43647933 -0.52465695 6710886
1.3832802 0.42773628 -0.52474862 6710886
1.3835219 0.41899019 -0.52484035 6710886
1.3837639 0.41024107 -0.52493215 6710886
1.3840058 0.40148887 -0.52502388 6710886
1.3842478 0.39273357 -0.52511567 6710886
1.38449 0.3839753 -0.52520758 6710886
1.3847321 0.37521389 -0.52529943 6710886
1.3849745 0.36644945 -0.52539134 6710886
1.3852168 0.3576819 -0.52548331 6710886
1.3854593 0.34891132 -0.52557528 6710886
1.3857019 0.34013766 -0.52566731 6710886
1.3859445 0.33136094 -0.52575934 6710886
1.3861872 0.32258111 -0.52585143 6710886
1.38643 0.31379825 -0.52594352 6710886
1.386673 0.30501229 -0.52603567 6710886
1.3869159 0.29622325 -0.52612787 6710886
1.387159 0.28743112 -0.52622008 6710886
1.3874022 0.27863592 -0.52631229 6710886
1.3876454 0.26983765 -0.52640456 6710886
1.3878886 0.26103625 -0.52649683 6710886
1.388132 0.25223178 -0.52658916 6710886
1.3883755 0.24342425 -0.52668154 6710886
1.3886192 0.23461363 -0.52677399 6710886
1.3888627 0.22579987 -0.52686638 6710886
1.3891065 0.21698307 -0.52695888 6710886
1.3893504 0.20816316 -0.52705139 6710886
1.3895944 0.19934015 -0.52714396 6710886
1.3898383 0.19051401 -0.52723646 6710886
1.3900825 0.18168481 -0.52732909 6710886
1.3903266 0.17285249 -0.52742171 6710886
1.3905709 0.16401707 -0.52751434 6710886
1.3908153 0.15517855 -0.52760708 6710886
1.3910596 0.14633691 -0.52769977 6710886
1.3913043 0.13749218 -0.52779257 6710886
1.3915488 0.12864432 -0.52788532 6710886
1.3917935 0.11979336 -0.52797818 6710886
1.3920383 0.11093929 -0.52807105 6710886
1.3922831 0.1020821 -0.52816391 6710886
1.3925281 0.093221791 -0.52825683 6710886
1.3927732 0.084358372 -0.52834982 6710886
1.3930184 0.075491831 -0.5284428 6710886
1.3932635 0.06662216 -0.52853578 6710886
1.3935088 0.057749372 -0.52862889 6710886
1.3937542 0.048873462 -0.52872199 6710886
1.3939997 0.039994419 -0.52881509 6710886
1.3942451 0.031112246 -0.52890819 6710886
1.3944908 0.02222695 -0.52900141 6710886
1.3947366 0.01333852 -0.52909464 6710886
1.3949823 0.0044469568 -0.52918786 6710886
1.3952283 -0.004447741 -0.52928114 6710886
1.4063853 -0.40798098 -0.53351361 6710886
1.406635 -0.41702163 -0.53360832 6710886
1.4068848 -0.42606547 -0.53370309 6710886
1.4071349 -0.4351126 -0.53379792 6710886
1.4073851 -0.44416296 -0.53389287 6710886
1.4076356 -0.45321658 -0.53398788 6710886
1.407886 -0.46227342 -0.53408289 6710886
1.408136 -0.47133327 -0.53417772 6710886
1.4083867 -0.48039657 -0.53427279 6710886
1.4086375 -0.48946309 -0.53436798 6710886
1.4088883 -0.4985328 -0.53446311 6710886
1.4091393 -0.50760579 -0.5345583 6710886
1.3767331 0.66270596 -0.53104252 6710886
1.3769726 0.65404218 -0.5311349 6710886
1.3772123 0.64537543 -0.53122741 6710886
1.3626686 0.6298722 -0.52561754 6710886
1.362906 0.62129253 -0.52570909 6710886
1.3631432 0.61270976 -0.52580059 6710886
1.3633804 0.60412395 -0.52589208 6776679
1.3784114 0.601996 -0.53168994 7039851
1.3786515 0.59331107 -0.53178251 6710886
1.3788916 0.5846231 -0.53187513 6710886
1.3791319 0.57593215 -0.53196782 6710886
1.3793724 0.56723815 -0.53206056 6710886
1.3796127 0.55854106 -0.53215331 6710886
1.3798532 0.54984099 -0.53224605 6710886
1.3800939 0.54113793 -0.53233892 6710886
1.3803345 0.53243172 -0.53243172 6710886
1.3805753 0.52372253 -0.53252459 6710886
1.3808161 0.5150103 -0.53261745 6710886
1.381057 0.50629503 -0.53271043 6710886
1.3812981 0.49757671 -0.53280336 6710886
1.3815391 0.48885533 -0.53289634 6710886
1.3817804 0.48013097 -0.53298944 6710886
1.3820217 0.47140354 -0.53308249 6710886
1.3822629 0.46267301 -0.53317559 6710886
1.3825045 0.4539395 -0.53326875 6710886
1.382746 0.44520289 -0.53336185 6710886
1.3829875 0.43646321 -0.53345501 6710886
1.3832293 0.42772052 -0.5335483 6710886
1.383471 0.41897476 -0.53364152 6710886
1.3837129 0.41022596 -0.53373486 6710886
1.3839548 0.40147406 -0.53382814 6710886
1.3841968 0.39271912 -0.53392148 6710886
1.3844389 0.38396111 -0.53401488 6710886
1.3846811 0.37520006 -0.53410828 6710886
1.3849233 0.36643592 -0.53420174 6710886
1.3851657 0.3576687 -0.5342952 6710886
1.3854083 0.34889847 -0.53438878 6710886
1.3856508 0.34012511 -0.5344823 6710886
1.3858933 0.33134869 -0.53457588 6710886
1.3861361 0.32256922 -0.53466952 6710886
1.3863789 0.31378666 -0.53476322 6710886
1.3866217 0.30500102 -0.53485686 6710886
1.3868648 0.29621232 -0.53495061 6710886
1.3871077 0.28742051 -0.53504431 6710886
1.3873509 0.27862564 -0.53513813 6710886
1.387594 0.26982763 -0.53523189 6710886
1.3878374 0.26102662 -0.53532577 6710886
1.3880808 0.25222248 -0.5354197 6710886
1.3883243 0.24341527 -0.53551358 6710886
1.3885678 0.23460494 -0.53560752 6710886
1.3888113 0.22579153 -0.53570145 6710886
1.3890551 0.21697503 -0.53579551 6710886
1.389299 0.20815545 -0.53588957 6710886
1.3895429 0.19933276 -0.53598362 6710886
1.3897868 0.19050696 -0.53607774 6710886
1.390031 0.18167809 -0.53617191 6710886
1.3902751 0.17284609 -0.53626609 6710886
1.3905194 0.164011 -0.53636026 6710886
1.3907636 0.1551728 -0.5364545 6710886
1.3910081 0.14633149 -0.53654879 6710886
1.3912526 0.13748708 -0.53664315 6710886
1.3914973 0.12863956 -0.5367375 6710886
1.3917419 0.11978892 -0.53683186 6710886
1.3919867 0.11093518 -0.53692627 6710886
1.3922316 0.10207832 -0.53702074 6710886
1.3924764 0.093218334 -0.53711516 6710886
1.3927215 0.084355243 -0.53720969 6710886
1.3929666 0.075489029 -0.53730428 6710886
1.3932117 0.066619687 -0.53739882 6710886
1.3934571 0.057747226 -0.53749341 6710886
1.3937025 0.048871648 -0.53758812 6710886
1.393948 0.039992936 -0.53768277 6710886
1.3941934 0.031111093 -0.53777748 6710886
1.3944391 0.022226125 -0.53787225 6710886
1.3946848 0.013338025 -0.53796703 6710886
1.3949306 0.004446792 -0.5380618 6710886
1.3951764 -0.0044475757 -0.53815663 6710886
1.4063326 -0.40796569 -0.54245985 6710886
1.4065824 -0.41700602 -0.54255623 6710886
1.4068321 -0.4260495 -0.54265255 6710886
1.4070821 -0.43509626 -0.54274899 6710886
1.4073325 -0.44414636 -0.54284555 6710886
1.4075828 -0.4531996 -0.54294211 6710886
1.4078332 -0.46225607 -0.54303867 6710886
1.4080833 -0.47131565 -0.54313517 6710886
1.4083339 -0.48037854 -0.54323184 6710886
1.4085846 -0.4894447 -0.54332852 6710886
1.4088355 -0.49851412 -0.54342532 6710886
1.4090865 -0.50758678 -0.54352212 6710886
1.3766826 0.6626817 -0.53980035 6710886
1.3769221 0.65401822 -0.53989422 6710886
1.3771617 0.64535171 -0.53998816 6710886
1.3626187 0.62984914 -0.53428584 6710886
1.3628559 0.6212697 -0.53437883 6710886
1.3630931 0.61268723 -0.53447187 6710886
1.3633304 0.60410178 -0.53456485 6776679
1.3783607 0.60197389 -0.54045832 7039851
1.378601 0.59328932 -0.5405525 6710886
1.378841 0.58460164 -0.54064667 6710886
1.3790812 0.57591099 -0.54074085 6710886
1.3793217 0.56721729 -0.54083508 6710886
1.379562 0.55852056 -0.54092932 6710886
1.3798025 0.54982078 -0.54102361 6710886
1.3800431 0.54111797 -0.54111797 6710886
1.3802837 0.53241211 -0.54121232 6710886
1.3805245 0.52370328 -0.54130673 6710886
1.3807653 0.51499134 -0.54140115 6710886
1.3810062 0.50627637 -0.54149562 6710886
1.3812473 0.49755841 -0.54159015 6710886
1.3814883 0.48883736 -0.54168463 6710886
1.3817295 0.48011327 -0.54177922 6710886
1.3819708 0.47138616 -0.54187381 6710886
1.3822122 0.46265602 -0.54196846 6710886
1.3824534 0.45392275 -0.54206306 6710886
1.3826951 0.4451865 -0.54215783 6710886
1.3829367 0.43644717 -0.54225254 6710886
1.3831782 0.42770475 -0.54234725 6710886
1.3834201 0.41895935 -0.54244208 6710886
1.3836619 0.41021082 -0.54253691 6710886
1.3839037 0.40145925 -0.54263175 6710886
1.3841459 0.39270467 -0.5427267 6710886
1.3843879 0.38394696 -0.54282159 6710886
1.3846301 0.37518623 -0.54291654 6710886
1.3848723 0.36642241 -0.54301155 6710886
1.3851147 0.35765553 -0.54310656 6710886
1.3853571 0.3488856 -0.54320163 6710886
1.3855996 0.34011257 -0.54329669 6710886
1.3858422 0.33133647 -0.54339182 6710886
1.3860849 0.3225573 -0.54348695 6710886
1.3863277 0.31377509 -0.5435822 6710886
1.3865706 0.30498976 -0.54367739 6710886
1.3868135 0.29620138 -0.5437727 6710886
1.3870565 0.28740987 -0.54386795 6710886
1.3872997 0.27861536 -0.54396331 6710886
1.3875428 0.26981771 -0.54405862 6710886
1.387786 0.26101696 -0.54415399 6710886
1.3880295 0.25221315 -0.54424942 6710886
1.388273 0.24340627 -0.54434496 6710886
1.3885164 0.23459627 -0.54444039 6710886
1.3887601 0.22578318 -0.54453593 6710886
1.3890038 0.216967 -0.54463148 6710886
1.3892475 0.20814773 -0.54472703 6710886
1.3894914 0.19932537 -0.54482269 6710886
1.3897353 0.1904999 -0.5449183 6710886
1.3899795 0.18167135 -0.54501402 6710886
1.3902236 0.17283969 -0.54510981 6710886
1.3904679 0.16400492 -0.54520553 6710886
1.3907121 0.15516704 -0.54530132 6710886
1.3909565 0.14632607 -0.54539716 6710886
1.3912011 0.13748199 -0.54549307 6710886
1.3914458 0.1286348 -0.54558897 6710886
1.3916903 0.11978448 -0.54568487 6710886
1.3919351 0.11093107 -0.54578084 6710886
1.39218 0.10207453 -0.54587686 6710886
1.3924248 0.093214884 -0.54597288 6710886
1.3926698 0.084352113 -0.54606891 6710886
1.3929149 0.07548622 -0.54616505 6710886
1.3931601 0.066617221 -0.54626119 6710886
1.3934053 0.057745084 -0.54635733 6710886
1.3936507 0.048869826 -0.54645354 6710886
1.3938962 0.03999145 -0.5465498 6710886
1.3941416 0.031109935 -0.546646 6710886
1.3943872 0.022225298 -0.54674232 6710886
1.3946329 0.013337528 -0.5468387 6710886
1.3948787 0.0044466266 -0.54693508 6710886
1.3951246 -0.0044474103 -0.54703146 6710886
1.4062799 -0.4079504 -0.55140549 6710886
1.4065295 -0.41699034 -0.55150336 6710886
1.4067794 -0.42603356 -0.55160135 6710886
1.4070295 -0.43508002 -0.5516994 6710886
1.4072797 -0.44412971 -0.55179751 6710886
1.4075301 -0.45318264 -0.55189568 6710886
1.4077804 -0.46223873 -0.55199385 6710886
1.4080305 -0.47129795 -0.5520919 6710886
1.4082811 -0.48036054 -0.55219012 6710886
1.4085318 -0.48942634 -0.55228847 6710886
1.4087826 -0.4984954 -0.55238682 6710886
1.4090335 -0.5075677 -0.55248517 6710886
1.3766322 0.66265744 -0.54855746 6710886
1.3768717 0.65399426 -0.54865289 6710886
1.3771112 0.64532804 -0.54874831 6710886
1.3625687 0.62982607 -0.54295349 6710886
1.362806 0.62124693 -0.54304802 6710886
1.3630432 0.61266482 -0.54314256 6710886
1.3632804 0.6040796 -0.54323709 6776679
1.3783103 0.6019519 -0.54922616 7039851
1.3785503 0.59326756 -0.54932177 6710886
1.3787905 0.58458024 -0.5494175 6710886
1.3790306 0.57588983 -0.54951316 6710886
1.3792709 0.56719643 -0.54960895 6710886
1.3795114 0.55850005 -0.54970473 6710886
1.3797518 0.54980057 -0.54980057 6710886
1.3799924 0.54109806 -0.54989642 6710886
1.380233 0.53239256 -0.54999232 6710886
1.3804737 0.52368402 -0.55008823 6710886
1.3807145 0.51497239 -0.55018419 6710886
1.3809556 0.50625783 -0.55028021 6710886
1.3811964 0.49754009 -0.55037618 6710886
1.3814375 0.48881939 -0.55047232 6710886
1.3816787 0.48009562 -0.5505684 6710886
1.3819199 0.47136879 -0.55066448 6710886
1.3821613 0.46263897 -0.55076069 6710886
1.3824025 0.45390603 -0.55085683 6710886
1.3826441 0.44517007 -0.55095309 6710886
1.3828857 0.43643108 -0.55104935 6710886
1.3831273 0.42768902 -0.55114561 6710886
1.3833691 0.41894391 -0.55124199 6710886
1.383611 0.41019574 -0.55133837 6710886
1.3838527 0.40144446 -0.5514347 6710886
1.3840947 0.39269015 -0.55153114 6710886
1.3843368 0.3839328 -0.55162758 6710886
1.3845789 0.37517238 -0.55172408 6710886
1.3848213 0.36640891 -0.55182064 6710886
1.3850636 0.35764235 -0.5519172 6710886
1.385306 0.34887272 -0.55201381 6710886
1.3855485 0.34010002 -0.55211043 6710886
1.3857912 0.33132428 -0.55220711 6710886
1.3860338 0.32254541 -0.55230379 6710886
1.3862765 0.3137635 -0.55240053 6710886
1.3865193 0.30497849 -0.55249727 6710886
1.3867623 0.29619041 -0.55259407 6710886
1.3870053 0.28739929 -0.55269092 6710886
1.3872484 0.27860504 -0.55278778 6710886
1.3874916 0.26980773 -0.5528847 6710886
1.3877349 0.26100734 -0.55298167 6710886
1.3879782 0.25220385 -0.55307859 6710886
1.3882216 0.24339727 -0.55317563 6710886
1.3884652 0.23458759 -0.55327266 6710886
1.3887087 0.22577484 -0.5533697 6710886
1.3889525 0.216959 -0.55346686 6710886
1.3891962 0.20814003 -0.55356395 6710886
1.3894401 0.19931801 -0.55366111 6710886
1.3896841 0.19049287 -0.55375838 6710886
1.389928 0.18166462 -0.55385554 6710886
1.3901721 0.17283328 -0.55395281 6710886
1.3904164 0.16399884 -0.55405015 6710886
1.3906606 0.15516129 -0.55414748 6710886
1.390905 0.14632064 -0.55424488 6710886
1.3911495 0.13747689 -0.55434233 6710886
1.3913941 0.12863003 -0.55443978 6710886
1.3916388 0.11978005 -0.55453724 6710886
1.3918835 0.11092696 -0.55463475 6710886
1.3921283 0.10207075 -0.55473232 6710886
1.3923731 0.09321142 -0.5548299 6710886
1.3926182 0.084348984 -0.55492753 6710886
1.3928633 0.075483426 -0.55502522 6710886
1.3931085 0.066614747 -0.55512291 6710886
1.3933536 0.057742938 -0.55522054 6710886
1.3935989 0.048868012 -0.55531836 6710886
1.3938444 0.039989963 -0.55541617 6710886
1.3940899 0.031108784 -0.55551398 6710886
1.3943355 0.022224475 -0.55561185 6710886
1.3945812 0.013337034 -0.55570978 6710886
1.394827 0.0044464618 -0.55580771 6710886
1.3950727 -0.004447245 -0.55590558 6710886
1.4062274 -0.40793514 -0.56035048 6710886
1.406477 -0.41697475 -0.56044996 6710886
1.4067267 -0.42601761 -0.5605495 6710886
1.4069767 -0.43506369 -0.5606491 6710886
1.4072269 -0.44411305 -0.56074882 6710886
1.4074773 -0.45316562 -0.56084853 6710886
1.4077276 -0.46222141 -0.56094831 6710886
1.4079777 -0.47128028 -0.56104797 6710886
1.4082283 -0.48034254 -0.56114781 6710886
1.4084789 -0.48940796 -0.56124765 6710886
1.4087298 -0.49847671 -0.56134766 6710886
1.4089806 -0.50754863 -0.56144762 6710886
1.3765817 0.66263312 -0.55731392 8421504
1.3768212 0.65397024 -0.5574109 6710886
1.3770608 0.64530444 -0.55750787 6710886
1.3625187 0.62980288 -0.55162048 6710886
1.362756 0.62122416 -0.55171657 6710886
1.3629931 0.61264229 -0.55181259 6710886
1.3632303 0.60405743 -0.55190861 6776679
1.3782597 0.60192972 -0.55799329 7039851
1.3784996 0.59324574 -0.55809045 6710886
1.3787398 0.58455873 -0.55818766 6710886
1.37898 0.57586873 -0.55828494 6710886
1.3792202 0.56717557 -0.55838215 6710886
1.3794607 0.55847949 -0.55847949 6710886
1.3797011 0.54978037 -0.55857688 6710886
1.3799417 0.54107821 -0.55867428 6710886
1.3801823 0.53237301 -0.55877167 6710886
1.3804231 0.52366477 -0.55886912 6710886
1.3806638 0.51495343 -0.55896658 6710886
1.3809047 0.50623918 -0.55906409 6710886
1.3811457 0.49752182 -0.55916172 6710886
1.3813866 0.48880139 -0.55925924 6710886
1.3816279 0.48007798 -0.55935693 6710886
1.381869 0.47135144 -0.5594545 6710886
1.3821104 0.46262193 -0.55955225 6710886
1.3823518 0.45388934 -0.55964994 6710886
1.3825932 0.44515368 -0.5597477 6710886
1.3828348 0.43641502 -0.55984551 6710886
1.3830764 0.42767328 -0.55994338 6710886
1.3833181 0.41892844 -0.56004119 6710886
1.3835599 0.4101806 -0.56013912 6710886
1.3838018 0.40142968 -0.56023705 6710886
1.3840437 0.39267567 -0.56033498 6710886
1.3842858 0.38391864 -0.56043297 6710886
1.384528 0.37515858 -0.56053102 6710886
1.3847702 0.36639538 -0.56062907 6710886
1.3850125 0.35762915 -0.56072718 6710886
1.385255 0.34885988 -0.56082535 6710886
1.3854973 0.34008747 -0.56092346 6710886
1.3857399 0.33131203 -0.56102169 6710886
1.3859825 0.32253349 -0.56111991 6710886
1.3862253 0.31375191 -0.5612182 6710886
1.3864682 0.30496725 -0.56131649 6710886
1.386711 0.29617947 -0.56141484 6710886
1.3869541 0.28738865 -0.56151325 6710886
1.3871971 0.27859476 -0.56161165 6710886
1.3874403 0.26979777 -0.56171012 6710886
1.3876835 0.26099768 -0.56180853 6710886
1.3879269 0.25219452 -0.56190711 6710886
1.3881702 0.24338825 -0.56200558 6710886
1.3884138 0.23457892 -0.56210423 6710886
1.3886575 0.22576649 -0.56220287 6710886
1.3889011 0.21695097 -0.56230152 6710886
1.3891449 0.20813236 -0.56240022 6710886
1.3893887 0.19931063 -0.56249887 6710886
1.3896326 0.19048582 -0.56259763 6710886
1.3898765 0.1816579 -0.5626964 6710886
1.3901206 0.17282689 -0.56279522 6710886
1.3903649 0.16399278 -0.56289411 6710886
1.3906093 0.15515557 -0.56299305 6710886
1.3908535 0.14631523 -0.56309193 6710886
1.391098 0.1374718 -0.56319094 6710886
1.3913425 0.12862526 -0.56328994 6710886
1.3915871 0.1197756 -0.56338894 6710886
1.3918319 0.11092284 -0.56348801 6710886
1.3920766 0.10206696 -0.56358713 6710886
1.3923216 0.09320797 -0.56368631 6710886
1.3925664 0.084345847 -0.56378543 6710886
1.3928115 0.075480625 -0.56388468 6710886
1.3930568 0.066612273 -0.56398392 6710886
1.3933018 0.057740796 -0.56408316 6710886
1.3935472 0.048866197 -0.56418246 6710886
1.3937926 0.039988477 -0.56428188 6710886
1.3940382 0.031107629 -0.56438124 6710886
1.3942837 0.022223648 -0.56448066 6710886
1.3945293 0.013336538 -0.56458008 6710886
1.3947752 0.0044462965 -0.56467962 6710886
1.395021 -0.0044470797 -0.56477916 6710886
1.4061747 -0.40791985 -0.56929475 6710886
1.4064243 -0.41695914 -0.56939584 6710886
1.406674 -0.42600164 -0.56949693 6710886
1.406924 -0.43504739 -0.56959814 6710886
1.4071742 -0.44409642 -0.56969947 6710886
1.4074244 -0.45314863 -0.56980073 6710886
1.4076749 -0.4622041 -0.56990212 6710886
1.4079249 -0.4712626 -0.57000333 6710886
1.4081755 -0.48032451 -0.57010478 6710886
1.408426 -0.4893896 -0.57020622 6710886
1.408677 -0.49845803 -0.57030785 6710886
1.4089278 -0.50752962 -0.57040936 6710886
1.3765314 0.66260886 -0.56606984 8421504
1.3767707 0.65394628 -0.56616831 6710886
1.3770102 0.64528072 -0.56626678 6710886
1.3624688 0.62977988 -0.56028694 6710886
1.3627059 0.62120134 -0.56038445 6710886
1.3629431 0.61261982 -0.56048191 6710886
1.3631803 0.60403526 -0.56057948 6776679
1.3782091 0.60190767 -0.56675977 6974058
1.3784491 0.59322399 -0.56685847 6710886
1.3786892 0.58453727 -0.56695718 6710886
1.3789294 0.57584757 -0.567056 6710886
1.3791697 0.56715482 -0.56715482 6710886
1.37941 0.55845898 -0.56725365 6710886
1.3796505 0.54976016 -0.56735253 6710886
1.379891 0.54105836 -0.56745142 6710886
1.3801316 0.53235346 -0.56755036 6710886
1.3803723 0.52364552 -0.56764936 6710886
1.3806131 0.51493454 -0.56774837 6710886
1.3808539 0.50622052 -0.56784737 6710886
1.3810949 0.49750355 -0.56794649 6710886
1.3813359 0.48878342 -0.56804562 6710886
1.381577 0.48006031 -0.56814474 6710886
1.3818183 0.47133416 -0.56824398 6710886
1.3820595 0.46260488 -0.56834316 6710886
1.3823009 0.45387262 -0.5684424 6710886
1.3825424 0.44513732 -0.56854177 6710886
1.3827838 0.43639892 -0.56864101 6710886
1.3830255 0.42765754 -0.56874043 6710886
1.3832672 0.41891304 -0.56883979 6710886
1.3835089 0.41016549 -0.56893921 6710886
1.3837508 0.4014149 -0.56903869 6710886
1.3839928 0.39266124 -0.56913823 6710886
1.3842348 0.38390452 -0.56923771 6710886
1.3844769 0.37514472 -0.56933731 6710886
1.384719 0.36638185 -0.56943685 6710886
1.3849614 0.35761595 -0.56953651 6710886
1.3852038 0.34884697 -0.56963623 6710886
1.3854462 0.3400749 -0.56973588 6710886
1.3856888 0.33129978 -0.56983566 6710886
1.3859315 0.3225216 -0.56993544 6710886
1.3861741 0.31374031 -0.57003522 6710886
1.386417 0.30495599 -0.57013512 6710886
1.3866599 0.29616857 -0.57023495 6710886
1.3869028 0.28737804 -0.57033491 6710886
1.3871459 0.27858445 -0.57043487 6710886
1.3873891 0.26978779 -0.57053483 6710886
1.3876323 0.26098803 -0.57063484 6710886
1.3878756 0.2521852 -0.57073492 6710886
1.3881191 0.24337929 -0.57083505 6710886
1.3883625 0.23457026 -0.57093519 6710886
1.3886061 0.22575815 -0.57103533 6710886
1.3888496 0.21694294 -0.57113546 6710886
1.3890934 0.20812464 -0.57123572 6710886
1.3893373 0.19930327 -0.57133603 6710886
1.3895812 0.19047877 -0.57143635 6710886
1.3898252 0.18165119 -0.57153666 6710886
1.3900692 0.17282049 -0.57163703 6710886
1.3903134 0.1639867 -0.57173741 6710886
1.3905576 0.1551498 -0.57183784 6710886
1.3908019 0.14630979 -0.57193834 6710886
1.3910464 0.1374667 -0.57203883 6710886
1.391291 0.12862049 -0.57213944 6710886
1.3915356 0.11977117 -0.57224005 6710886
1.3917803 0.11091873 -0.57234061 6710886
1.392025 0.10206317 -0.57244128 6710886
1.39227 0.093204513 -0.57254201 6710886
1.3925148 0.084342726 -0.57264268 6710886
1.3927599 0.075477824 -0.57274348 6710886
1.393005 0.0666098 -0.57284427 6710886
1.3932502 0.057738658 -0.57294512 6710886
1.3934954 0.048864383 -0.57304597 6710886
1.3937409 0.039986994 -0.57314688 6710886
1.3939863 0.031106472 -0.57324785 6710886
1.3942319 0.022222823 -0.57334882 6710886
1.3944775 0.013336042 -0.57344979 6710886
1.3947233 0.0044461312 -0.57355088 6710886
1.3949691 -0.0044469144 -0.57365197 6710886
1.406122 -0.4079046 -0.57823837 6710886
1.4063716 -0.41694352 -0.57834101 6710886
1.4066213 -0.42598569 -0.57844371 6710886
1.4068713 -0.43503112 -0.57854652 6710886
1.4071214 -0.44407976 -0.57864934 6710886
1.4073718 -0.45313165 -0.57875234 6710886
1.4076221 -0.46218675 -0.57885528 6710886
1.4078721 -0.47124493 -0.57895803 6710886
1.4081225 -0.48030645 -0.57906103 6710886
1.4083732 -0.48937127 -0.57916415 6710886
1.4086241 -0.49843931 -0.57926732 6710886
1.4088749 -0.50751054 -0.57937044 6710886
1.3825636 0.72721571 -0.57736522 7303023
1.3824078 0.71832001 -0.57730013 7697781
1.3822521 0.7094264 -0.5772351 9013641
1.3820965 0.70053476 -0.57717013 9013641
1.381941 0.69164515 -0.57710516 9013641
1.3817854 0.6827575 -0.57704026 9013641
1.3816299 0.67387193 -0.57697529 9079434
1.3764808 0.66258454 -0.57482499 8355711
1.3767202 0.65392232 -0.57492495 6710886
1.3769597 0.64525706 -0.57502496 6710886
1.3624188 0.62975675 -0.56895262 6710886
1.3626559 0.62117851 -0.56905162 6710886
1.362893 0.61259729 -0.56915069 6710886
1.3631303 0.60401314 -0.56924981 6776679
1.3781585 0.60188556 -0.57552558 7039851
1.3783985 0.59320223 -0.57562584 6710886
1.3786386 0.58451581 -0.57572615 6710886
1.3788787 0.57582641 -0.57582641 6710886
1.379119 0.56713396 -0.57592672 6710886
1.3793594 0.55843848 -0.5760271 6710886
1.3795997 0.54973996 -0.57612747 6710886
1.3798403 0.54103845 -0.5762279 6710886
1.3800809 0.53233391 -0.57632846 6710886
1.3803215 0.52362627 -0.57642889 6710886
1.3805623 0.51491565 -0.57652944 6710886
1.3808031 0.50620192 -0.57663 6710886
1.381044 0.49748519 -0.57673061 6710886
1.3812851 0.48876545 -0.57683128 6710886
1.3815261 0.48004261 -0.57693195 6710886
1.3817674 0.47131678 -0.57703269 6710886
1.3820087 0.46258789 -0.57713348 6710886
1.38225 0.45385593 -0.57723421 6710886
1.3824915 0.44512096 -0.57733506 6710886
1.382733 0.43638289 -0.57743597 6710886
1.3829745 0.42764175 -0.57753682 6710886
1.3832163 0.41889763 -0.57763779 6710886
1.383458 0.41015038 -0.5777387 6710886
1.3836998 0.40140009 -0.57783967 6710886
1.3839418 0.39264676 -0.57794076 6710886
1.3841838 0.38389036 -0.57804179 6710886
1.3844259 0.37513089 -0.57814288 6710886
1.3846681 0.36636838 -0.57824409 6710886
1.3849103 0.35760278 -0.57834524 6710886
1.3851527 0.3488341 -0.57844645 6710886
1.3853952 0.34006238 -0.57854772 6710886
1.3856376 0.33128756 -0.57864892 6710886
1.3858804 0.32250971 -0.57875031 6710886
1.3861231 0.31372875 -0.57885164 6710886
1.3863658 0.30494472 -0.57895303 6710886
1.3866087 0.29615763 -0.57905447 6710886
1.3868517 0.28736743 -0.57915592 6710886
1.3870946 0.27857417 -0.57925737 6710886
1.3873378 0.26977783 -0.57935894 6710886
1.387581 0.2609784 -0.5794605 6710886
1.3878243 0.25217587 -0.57956213 6710886
1.3880677 0.24337028 -0.57966375 6710886
1.3883111 0.23456158 -0.57976544 6710886
1.3885547 0.22574979 -0.57986712 6710886
1.3887984 0.21693492 -0.57996887 6710886
1.389042 0.20811695 -0.58007061 6710886
1.3892859 0.19929589 -0.58017248 6710886
1.3895298 0.19047172 -0.58027434 6710886
1.3897737 0.18164445 -0.58037621 6710886
1.3900179 0.1728141 -0.58047813 6710886
1.390262 0.16398063 -0.58058012 6710886
1.3905061 0.15514407 -0.58068204 6710886
1.3907504 0.14630438 -0.58078408 6710886
1.3909949 0.13746162 -0.58088619 6710886
1.3912394 0.12861572 -0.58098829 6710886
1.391484 0.11976673 -0.58109045 6710886
1.3917286 0.11091461 -0.58119255 6710886
1.3919734 0.10205939 -0.58129478 6710886
1.3922184 0.093201056 -0.58139706 6710886
1.3924632 0.084339596 -0.58149934 6710886
1.3927082 0.075475022 -0.58160162 6710886
1.3929533 0.066607326 -0.58170396 6710886
1.3931985 0.057736512 -0.58180642 6710886
1.3934437 0.048862569 -0.58190882 6710886
1.3936892 0.039985508 -0.58201128 6710886
1.3939346 0.031105317 -0.5821138 6710886
1.3941802 0.022221997 -0.58221632 6710886
1.3944257 0.013335547 -0.5823189 6710886
1.3946714 0.0044459659 -0.58242148 6710886
1.3949172 -0.0044467491 -0.58252418 6710886
1.4060694 -0.40788934 -0.58718133 6710886
1.406319 -0.41692793 -0.58728558 6710886
1.4065688 -0.42596975 -0.58738989 6710886
1.4068185 -0.43501478 -0.58749419 6710886
1.4070688 -0.44406316 -0.58759874 6710886
1.4073191 -0.45311469 -0.58770323 6710886
1.4075693 -0.46216941 -0.58780771 6710886
1.4078194 -0.47122729 -0.58791214 6710886
1.4080698 -0.48028848 -0.58801675 6710886
1.4083204 -0.48935291 -0.58812141 6710886
1.4085712 -0.49842063 -0.58822614 6710886
1.4088221 -0.50749153 -0.58833086 6710886
1.4090731 -0.51656568 -0.58843571 8421504
1.3671577 0.9980408 -0.57964814 11711154
1.367394 0.98949528 -0.57974833 11711154
1.3676302 0.98094672 -0.57984847 11711154
1.3678666 0.97239524 -0.57994872 11711154
1.368103 0.96384072 -0.58004892 9211020
1.3683395 0.95528328 -0.58014923 9211020
1.3685762 0.94672292 -0.58024955 9211020
1.3688128 0.93815958 -0.58034986 9211020
1.3690497 0.92959332 -0.5804503 9211020
1.3692865 0.92102408 -0.58055073 9211020
1.3695235 0.91245192 -0.58065122 9211020
1.3697604 0.9038766 -0.58075166 9211020
1.3699976 0.89529854 -0.58085221 9211020
1.3702347 0.88671738 -0.58095276 9211020
1.370472 0.87813324 -0.58105332 9211020
1.3707093 0.86954612 -0.58115393 9211020
1.3709468 0.86095613 -0.58125466 9211020
1.3711843 0.85236311 -0.58135539 9211020
1.3714218 0.84376705 -0.58145607 6710886
1.3716595 0.83516806 -0.58155686 6710886
1.3718973 0.82656616 -0.58165765 6710886
1.372135 0.8179611 -0.58175844 6710886
1.372373 0.80935317 -0.58185935 6710886
1.372611 0.80074233 -0.58196026 6710886
1.3728491 0.79212838 -0.58206117 6710886
1.3730873 0.78351152 -0.5821622 6710886
1.3733256 0.77489161 -0.58226323 6710886
1.3735639 0.76626873 -0.58236426 6710886
1.3738022 0.75764281 -0.58246529 6710886
1.3740407 0.74901396 -0.58256644 6710886
1.3742794 0.74038213 -0.58266759 6710886
1.374518 0.73174727 -0.5827688 6710886
1.3747567 0.72310936 -0.58286995 6710886
1.3749956 0.71446854 -0.58297127 6710886
1.3752345 0.70582467 -0.58307254 6710886
1.3754735 0.69717783 -0.58317387 6710886
1.3757125 0.68852788 -0.5832752 6710886
1.3759518 0.67987508 -0.58337665 6710886
1.376191 0.67121917 -0.58347809 6710886
1.3764303 0.66256022 -0.58357954 6710886
1.3766696 0.6538983 -0.58368105 6710886
1.3769093 0.64523339 -0.58378261 6710886
1.3623689 0.62973368 -0.57761782 6710886
1.362606 0.6211558 -0.57771832 6710886
1.3628432 0.61257488 -0.57781887 6710886
1.3630803 0.60399097 -0.57791936 6776679
1.3781079 0.6018635 -0.5842908 6974058
1.3783479 0.59318042 -0.58439255 6710886
1.378588 0.58449435 -0.58449435 6710886
1.3788282 0.57580531 -0.58459622 6710886
1.3790684 0.56711316 -0.58469802 6710886
1.3793087 0.55841798 -0.58479995 6710886
1.379549 0.54971975 -0.58490181 6710886
1.3797896 0.54101855 -0.58500379 6710886
1.3800302 0.5323143 -0.58510584 6710886
1.3802707 0.52360702 -0.58520782 6710886
1.3805115 0.51489669 -0.58530992 6710886
1.3807524 0.50618333 -0.58541203 6710886
1.3809932 0.49746692 -0.58551413 6710886
1.3812343 0.48874748 -0.58561635 6710886
1.3814754 0.48002502 -0.58571857 6710886
1.3817165 0.47129944 -0.58582079 6710886
1.3819578 0.46257085 -0.58592308 6710886
1.3821992 0.45383924 -0.58602542 6710886
1.3824404 0.44510451 -0.58612776 6710886
1.3826821 0.43636683 -0.58623016 6710886
1.3829237 0.42762604 -0.58633262 6710886
1.3831652 0.41888216 -0.58643502 6710886
1.383407 0.41013527 -0.58653754 6710886
1.3836489 0.40138531 -0.58664006 6710886
1.3838907 0.39263228 -0.58674264 6710886
1.3841327 0.3838762 -0.58684522 6710886
1.3843749 0.37511706 -0.58694786 6710886
1.384617 0.36635485 -0.58705056 6710886
1.3848593 0.3575896 -0.58715332 6710886
1.3851016 0.34882122 -0.58725601 6710886
1.385344 0.34004983 -0.58735877 6710886
1.3855866 0.33127537 -0.58746165 6710886
1.3858291 0.32249779 -0.58756447 6710886
1.3860719 0.31371719 -0.58766741 6710886
1.3863146 0.30493346 -0.58777028 6710886
1.3865575 0.29614669 -0.58787328 6710886
1.3868004 0.28735682 -0.58797628 6710886
1.3870434 0.27856386 -0.58807927 6710886
1.3872865 0.26976785 -0.58818239 6710886
1.3875297 0.26096874 -0.58828551 6710886
1.387773 0.25216657 -0.58838862 6710886
1.3880163 0.24336128 -0.5884918 6710886
1.3882599 0.23455292 -0.58859503 6710886
1.3885033 0.22574145 -0.58869827 6710886
1.388747 0.2169269 -0.58880156 6710886
1.3889908 0.20810926 -0.58890492 6710886
1.3892344 0.1992885 -0.58900827 6710886
1.3894783 0.19046468 -0.58911163 6710886
1.3897223 0.18163775 -0.5892151 6710886
1.3899664 0.17280771 -0.58931857 6710886
1.3902105 0.16397457 -0.58942211 6710886
1.3904548 0.15513833 -0.58952564 6710886
1.390699 0.14629897 -0.58962923 6710886
1.3909433 0.13745651 -0.58973277 6710886
1.3911878 0.12861095 -0.58983642 6710886
1.3914324 0.11976229 -0.58994013 6710886
1.391677 0.1109105 -0.59004384 6710886
1.3919218 0.1020556 -0.59014761 6710886
1.3921666 0.093197599 -0.59025145 6710886
1.3924116 0.084336475 -0.59035528 6710886
1.3926566 0.075472221 -0.59045917 6710886
1.3929017 0.06660486 -0.59056306 6710886
1.3931469 0.057734374 -0.59066707 6710886
1.3933921 0.048860762 -0.59077102 6710886
1.3936374 0.039984025 -0.59087503 6710886
1.3938829 0.031104162 -0.5909791 6710886
1.3941284 0.022221174 -0.59108323 6710886
1.3943739 0.013335051 -0.5911873 6710886
1.3946197 0.0044458006 -0.59129149 6710886
1.3948655 -0.0044465843 -0.59139574 6710886
1.4060167 -0.40787405 -0.59612364 6710886
1.4062663 -0.41691232 -0.59622943 6710886
1.4065161 -0.42595381 -0.59633535 6710886
1.4067658 -0.43499848 -0.59644121 6710886
1.407016 -0.4440465 -0.59654731 6710886
1.4072663 -0.4530977 -0.5966534 6710886
1.4075166 -0.46215212 -0.59675956 6710886
1.4077666 -0.47120962 -0.59686553 6710886
1.408017 -0.48027048 -0.59697169 6710886
1.4082676 -0.48933455 -0.59707797 6710886
1.4085184 -0.49840194 -0.5971843 6710886
1.4087691 -0.50747246 -0.59729058 6710886
1.4090202 -0.51654631 -0.59739703 8421504
1.3671081 0.99800462 -0.58834332 6710886
1.3673441 0.98945922 -0.58844489 6710886
1.3675804 0.98091096 -0.58854657 6710886
1.3678168 0.97235978 -0.58864832 6710886
1.3680532 0.96380562 -0.58875006 6710886
1.3682897 0.95524853 -0.58885181 6710886
1.3685263 0.94668847 -0.58895367 6710886
1.368763 0.93812543 -0.58905548 6710886
1.3689997 0.92955941 -0.5891574 6710886
1.3692366 0.92099047 -0.58925933 6710886
1.3694736 0.9124186 -0.58936131 6710886
1.3697106 0.9038437 -0.58946329 6710886
1.3699476 0.89526582 -0.58956528 6710886
1.3701848 0.88668501 -0.58966738 6710886
1.370422 0.87810123 -0.58976948 6710886
1.3706592 0.86951441 -0.58987159 6710886
1.3708967 0.86092466 -0.58997375 6710886
1.3711343 0.852332 -0.59007603 6710886
1.3713719 0.84373629 -0.59017825 6710886
1.3716094 0.83513761 -0.59028047 6710886
1.3718472 0.82653594 -0.59038281 6710886
1.372085 0.81793129 -0.59048516 6710886
1.3723228 0.80932361 -0.5905875 6710886
1.3725609 0.80071306 -0.59068996 6710886
1.3727989 0.79209942 -0.59079242 6710886
1.3730371 0.78348285 -0.59089488 6710886
1.3732753 0.77486324 -0.5909974 6710886
1.3735136 0.76624066 -0.59109998 6710886
1.373752 0.75761515 -0.59120256 6710886
1.3739904 0.74898654 -0.59130514 6710886
1.3742291 0.74035501 -0.5914079 6710886
1.3744677 0.73172051 -0.59151059 6710886
1.3747065 0.72308296 -0.59161335 6710886
1.3749452 0.71444231 -0.59171605 6710886
1.3751842 0.70579886 -0.59181893 6710886
1.3754232 0.69715232 -0.59192175 6710886
1.3756621 0.68850267 -0.59202456 6710886
1.3759013 0.67985016 -0.59212756 6710886
1.3761406 0.67119455 -0.5922305 6710886
1.3763798 0.66253597 -0.5923335 6710886
1.3766192 0.65387434 -0.59243649 6710886
1.3768587 0.64520973 -0.59253955 6710886
1.3623189 0.62971056 -0.58628225 6710886
1.362556 0.62113297 -0.5863843 6710886
1.3627931 0.6125524 -0.58648634 6710886
1.3630302 0.60396874 -0.58658838 6776679
1.3780574 0.60184139 -0.59305537 7039851
1.3782972 0.5931586 -0.5931586 6710886
1.3785373 0.58447289 -0.59326196 6710886
1.3787774 0.57578409 -0.59336525 6710886
1.3790177 0.5670923 -0.59346867 6710886
1.379258 0.55839747 -0.59357214 6710886
1.3794984 0.54969954 -0.59367555 6710886
1.3797388 0.54099864 -0.59377903 6710886
1.3799795 0.53229475 -0.59388262 6710886
1.3802202 0.52358782 -0.59398615 6710886
1.3804607 0.51487774 -0.59408969 6710886
1.3807017 0.50616473 -0.5941934 6710886
1.3809426 0.49744865 -0.59429705 6710886
1.3811835 0.48872951 -0.59440076 6710886
1.3814245 0.48000732 -0.59450448 6710886
1.3816657 0.47128212 -0.59460825 6710886
1.3819069 0.46255383 -0.59471208 6710886
1.3821483 0.45382252 -0.59481597 6710886
1.3823897 0.44508818 -0.5949198 6710886
1.3826311 0.43635073 -0.59502369 6710886
1.3828727 0.42761028 -0.5951277 6710886
1.3831143 0.41886675 -0.59523171 6710886
1.3833561 0.41012019 -0.59533572 6710886
1.383598 0.40137056 -0.59543985 6710886
1.3838397 0.39261782 -0.59554386 6710886
1.3840817 0.38386205 -0.59564799 6710886
1.3843238 0.37510324 -0.59575224 6710886
1.3845659 0.36634135 -0.59585643 6710886
1.3848082 0.3575764 -0.59596068 6710886
1.3850505 0.34880838 -0.59606493 6710886
1.3852929 0.34003729 -0.59616923 6710886
1.3855355 0.33126312 -0.59627366 6710886
1.3857781 0.32248589 -0.59637803 6710886
1.3860207 0.31370559 -0.59648246 6710886
1.3862635 0.30492222 -0.59658694 6710886
1.3865062 0.29613572 -0.59669143 6710886
1.3867491 0.28734621 -0.59679598 6710886
1.3869922 0.27855361 -0.59690058 6710886
1.3872353 0.2697579 -0.59700519 6710886
1.3874785 0.26095912 -0.59710985 6710886
1.3877218 0.25215724 -0.59721452 6710886
1.3879651 0.24335228 -0.59731925 6710886
1.3882085 0.23454423 -0.59742403 6710886
1.3884521 0.2257331 -0.59752882 6710886
1.3886956 0.21691887 -0.5976336 6710886
1.3889394 0.20810157 -0.59773856 6710886
1.3891832 0.19928116 -0.59784347 6710886
1.3894269 0.19045763 -0.59794837 6710886
1.389671 0.18163103 -0.5980534 6710886
1.3899149 0.1728013 -0.59815836 6710886
1.390159 0.16396849 -0.59826344 6710886
1.3904033 0.15513258 -0.59836853 6710886
1.3906475 0.14629357 -0.59847367 6710886
1.3908919 0.13745144 -0.59857881 6710886
1.3911364 0.1286062 -0.59868407 6710886
1.3913809 0.11975785 -0.59878927 6710886
1.3916255 0.11090639 -0.59889454 6710886
1.3918701 0.10205182 -0.5989998 6710886
1.392115 0.093194142 -0.59910518 6710886
1.39236 0.084333345 -0.59921062 6710886
1.3926048 0.075469419 -0.599316 6710886
1.3928499 0.066602387 -0.59942144 6710886
1.3930951 0.057732228 -0.599527 6710886
1.3933403 0.048858948 -0.5996325 6710886
1.3935857 0.039982539 -0.59973812 6710886
1.3938311 0.031103009 -0.59984374 6710886
1.3940766 0.022220347 -0.59994936 6710886
1.3943223 0.013334557 -0.6000551 6710886
1.3945678 0.0044456352 -0.60016078 6710886
1.3948137 -0.004446419 -0.60026658 6710886
1.405964 -0.40785876 -0.60506517 6710886
1.4062136 -0.4168967 -0.60517263 6710886
1.4064634 -0.42593786 -0.6052801 6710886
1.4067132 -0.43498221 -0.60538763 6710886
1.4069633 -0.44402987 -0.60549527 6710886
1.4072134 -0.45308068 -0.60560292 6710886
1.4074638 -0.46213478 -0.60571063 6710886
1.4077138 -0.47119194 -0.60581821 6710886
1.4079642 -0.48025244 -0.60592598 6710886
1.4082147 -0.48931617 -0.6060338 6710886
1.4084655 -0.49838319 -0.60614175 6710886
1.4087163 -0.50745344 -0.60624969 6710886
1.4089673 -0.51652688 -0.60635763 8421504
1.3670583 0.9979682 -0.59703773 6710886
1.3672944 0.98942322 -0.59714091 6710886
1.3675306 0.98087519 -0.59724402 6710886
1.367767 0.97232437 -0.59734726 6710886
1.3680034 0.96377051 -0.59745049 6710886
1.3682399 0.95521373 -0.59755379 6710886
1.3684764 0.9466539 -0.59765708 6710886
1.3687131 0.93809128 -0.5977605 6710886
1.3689499 0.92952561 -0.59786385 6710886
1.3691866 0.92095691 -0.59796727 6710886
1.3694236 0.91238534 -0.5980708 6710886
1.3696606 0.90381074 -0.59817427 6710886
1.3698976 0.89523315 -0.59827775 6710886
1.3701347 0.88665265 -0.59838134 6710886
1.3703719 0.87806916 -0.59848493 6710886
1.3706093 0.8694827 -0.59858859 6710886
1.3708466 0.86089325 -0.59869224 6710886
1.3710841 0.85230082 -0.59879595 6710886
1.3713217 0.84370542 -0.59889972 6710886
1.3715593 0.83510703 -0.59900349 6710886
1.3717971 0.82650572 -0.59910733 6710886
1.3720349 0.81790143 -0.59921122 6710886
1.3722727 0.80929404 -0.59931505 6710886
1.3725107 0.80068374 -0.599419 6710886
1.3727487 0.79207045 -0.59952295 6710886
1.3729869 0.78345424 -0.59962696 6710886
1.3732251 0.77483493 -0.59973097 6710886
1.3734634 0.7662127 -0.5998351 6710886
1.3737018 0.75758743 -0.59993917 6710886
1.3739402 0.74895918 -0.6000433 6710886
1.3741788 0.74032795 -0.60014749 6710886
1.3744174 0.73169369 -0.60025173 6710886
1.3746561 0.72305644 -0.60035598 6710886
1.3748949 0.71441621 -0.60046023 6710886
1.3751338 0.70577294 -0.60056454 6710886
1.3753728 0.69712675 -0.60066897 6710886
1.3756118 0.68847746 -0.60077333 6710886
1.3758509 0.67982525 -0.60087776 6710886
1.37609 0.67116994 -0.60098219 6710886
1.3763294 0.66251171 -0.60108674 6710886
1.3765687 0.65385032 -0.60119122 6710886
1.3768082 0.64518607 -0.60129583 6710886
1.3622689 0.62968749 -0.59494609 6710886
1.362506 0.6211102 -0.59504962 6710886
1.362743 0.61252987 -0.59515315 6710886
1.3629801 0.60394657 -0.59525669 6776679
1.3780068 0.60181934 -0.60181934 7039851
1.3782468 0.59313691 -0.60192412 6710886
1.3784868 0.58445144 -0.60202891 6710886
1.3787268 0.57576299 -0.60213381 6710886
1.378967 0.56707144 -0.60223871 6710886
1.3792074 0.55837697 -0.60234362 6710886
1.3794477 0.5496794 -0.60244858 6710886
1.3796881 0.54097879 -0.60255361 6710886
1.3799287 0.5322752 -0.60265869 6710886
1.3801694 0.52356857 -0.60276377 6710886
1.38041 0.51485878 -0.60286885 6710886
1.3806509 0.50614613 -0.60297406 6710886
1.3808918 0.49743035 -0.60307932 6710886
1.3811326 0.48871151 -0.60318446 6710886
1.3813738 0.47998968 -0.60328978 6710886
1.3816148 0.47126475 -0.60339504 6710886
1.3818561 0.46253681 -0.60350043 6710886
1.3820974 0.45380583 -0.60360581 6710886
1.3823388 0.44507179 -0.60371125 6710886
1.3825802 0.43633467 -0.60381663 6710886
1.3828218 0.42759454 -0.60392219 6710886
1.3830634 0.41885135 -0.60402769 6710886
1.3833051 0.41010505 -0.60413325 6710886
1.3835469 0.40135574 -0.60423887 6710886
1.3837888 0.39260337 -0.60434449 6710886
1.3840307 0.38384789 -0.60445017 6710886
1.3842728 0.37508941 -0.6045559 6710886
1.3845149 0.36632785 -0.60466164 6710886
1.3847572 0.35756323 -0.60476744 6710886
1.3849995 0.34879553 -0.60487324 6710886
1.3852419 0.34002474 -0.6049791 6710886
1.3854843 0.33125091 -0.60508502 6710886
1.3857269 0.322474 -0.60519093 6710886
1.3859695 0.313694 -0.60529691 6710886
1.3862122 0.30491096 -0.60540289 6710886
1.3864552 0.29612485 -0.60550898 6710886
1.386698 0.2873356 -0.60561502 6710886
1.386941 0.27854329 -0.60572118 6710886
1.3871841 0.26974794 -0.60582733 6710886
1.3874272 0.26094946 -0.60593349 6710886
1.3876705 0.25214794 -0.60603976 6710886
1.3879138 0.24334329 -0.60614604 6710886
1.3881572 0.23453557 -0.60625237 6710886
1.3884007 0.22572476 -0.60635865 6710886
1.3886443 0.21691087 -0.60646504 6710886
1.388888 0.20809387 -0.6065715 6710886
1.3891318 0.19927378 -0.60667795 6710886
1.3893756 0.19045058 -0.6067844 6710886
1.3896195 0.18162429 -0.60689092 6710886
1.3898635 0.17279491 -0.60699749 6710886
1.3901075 0.16396242 -0.60710406 6710886
1.3903518 0.15512684 -0.60721076 6710886
1.390596 0.14628814 -0.60731745 6710886
1.3908403 0.13744633 -0.60742414 6710886
1.3910848 0.12860143 -0.60753089 6710886
1.3913294 0.11975342 -0.6076377 6710886
1.3915739 0.11090228 -0.60774451 6710886
1.3918186 0.10204805 -0.60785139 6710886
1.3920634 0.093190685 -0.60795826 6710886
1.3923082 0.084330209 -0.60806519 6710886
1.3925533 0.075466633 -0.60817224 6710886
1.3927983 0.06659992 -0.60827923 6710886
1.3930434 0.057730086 -0.60838628 6710886
1.3932887 0.048857138 -0.60849345 6710886
1.3935339 0.039981056 -0.6086005 6710886
1.3937793 0.031101851 -0.60870767 6710886
1.3940248 0.022219522 -0.6088149 6710886
1.3942704 0.013334062 -0.60892218 6710886
1.394516 0.0044454699 -0.60902941 6710886
1.3947618 -0.0044462536 -0.60913676 6710886
1.4059116 -0.40784356 -0.61400622 6710886
1.4061611 -0.41688111 -0.61411518 6710886
1.4064107 -0.42592189 -0.6142242 6710886
1.4066604 -0.43496591 -0.61433327 6710886
1.4069105 -0.44401321 -0.61444253 6710886
1.4071608 -0.45306373 -0.61455178 6710886
1.4074111 -0.46211746 -0.6146611 6710886
1.407661 -0.47117427 -0.61477023 6710886
1.4079114 -0.48023444 -0.61487961 6710886
1.4081619 -0.48929781 -0.61498898 6710886
1.4084127 -0.49836451 -0.61509854 6710886
1.4086635 -0.50743443 -0.61520809 6710886
1.4089144 -0.51650751 -0.61531764 8421504
1.3670084 0.99793184 -0.60573155 6710886
1.3672446 0.98938715 -0.60583621 6710886
1.3674808 0.98083949 -0.60594082 9211020
1.3677171 0.97228897 -0.6060456 9211020
1.3679535 0.9637354 -0.60615033 9211020
1.3681901 0.95517892 -0.60625511 9211020
1.3684266 0.94661945 -0.60635996 9211020
1.3686632 0.93805707 -0.6064648 9211020
1.3688999 0.9294917 -0.60656971 9211020
1.3691367 0.92092329 -0.60667461 9145227
1.3693736 0.91235197 -0.60677958 9013641
1.3696105 0.90377772 -0.60688454 9079434
1.3698477 0.89520055 -0.60698962 9145227
1.3700848 0.88662028 -0.60709471 9013641
1.370322 0.87803715 -0.60719979 9013641
1.3705593 0.86945099 -0.60730499 8816262
1.3707967 0.86086184 -0.60741013 10724259
1.371034 0.85226971 -0.60751534 10724259
1.3712716 0.84367466 -0.6076206 10790052
1.3715093 0.83507663 -0.60772592 10724259
1.3717469 0.8264755 -0.60783118 10461087
1.3719847 0.81787151 -0.60793656 10263708
1.3719299 0.80909187 -0.6079123 9934743
1.3717856 0.80026078 -0.60784835 10000536
1.3716413 0.79143149 -0.60778439 10000536
1.371497 0.7826041 -0.60772049 10000536
1.3713528 0.7737785 -0.60765654 9803157
1.3712087 0.76495486 -0.6075927 9539985
1.3710644 0.75613296 -0.60752881 9803157
1.3709203 0.74731296 -0.60746491 8947848
1.3707762 0.73849481 -0.60740107 8553090
1.3706322 0.72967857 -0.60733724 8421504
1.370488 0.72086412 -0.6072734 8421504
1.3703442 0.71205157 -0.60720962 8421504
1.3702002 0.70324087 -0.60714585 8421504
1.3700563 0.69443202 -0.60708207 8421504
1.3699124 0.68562502 -0.60701829 8421504
1.3697686 0.67681986 -0.60695463 8421504
1.3696249 0.66801661 -0.60689092 8421504
1.3694811 0.65921515 -0.6068272 8421504
1.3693373 0.65041554 -0.60676348 8421504
1.3691934 0.64161772 -0.60669976 7895160
1.362219 0.62966436 -0.60360932 6710886
1.362456 0.62108737 -0.60371429 6710886
1.3626931 0.6125074 -0.60381937 6710886
1.3629302 0.60392445 -0.60392445 6776679
1.3779562 0.60179722 -0.61058259 7303023
1.3781961 0.59311509 -0.61068887 6710886
1.3784362 0.58443004 -0.61079526 6710886
1.3786762 0.57574183 -0.61090159 6710886
1.3789165 0.5670507 -0.61100811 6710886
1.3791567 0.55835646 -0.61111456 6710886
1.379397 0.54965919 -0.61122102 6710886
1.3796375 0.54095894 -0.61132759 6710886
1.3798779 0.53225559 -0.6114341 6710886
1.3801186 0.52354926 -0.61154073 6710886
1.3803593 0.51483989 -0.61164743 6710886
1.3806001 0.50612748 -0.61175412 6710886
1.3808409 0.49741203 -0.61186081 6710886
1.3810819 0.48869357 -0.61196762 6710886
1.3813229 0.479972 -0.61207438 6710886
1.381564 0.47124743 -0.61218125 6710886
1.3818052 0.46251979 -0.61228812 6710886
1.3820465 0.45378911 -0.61239499 6710886
1.3822879 0.4450554 -0.61250198 6710886
1.3825293 0.43631861 -0.61260891 6710886
1.3827708 0.42757875 -0.61271596 6710886
1.3830125 0.41883591 -0.61282307 6710886
1.3832541 0.41008991 -0.61293012 6710886
1.3834959 0.40134096 -0.61303729 6710886
1.3837377 0.39258885 -0.6131444 6710886
1.3839797 0.38383377 -0.61325163 6710886
1.3842218 0.37507561 -0.61335891 6710886
1.3844639 0.36631435 -0.6134662 6710886
1.384706 0.35755002 -0.61357349 6710886
1.3849484 0.34878266 -0.61368084 6710886
1.3851908 0.34001222 -0.61378831 6710886
1.3854332 0.33123869 -0.61389571 6710886
1.3856758 0.32246211 -0.61400318 6710886
1.3859184 0.31368244 -0.61411071 6710886
1.3861611 0.30489969 -0.61421824 6710886
1.3864039 0.29611388 -0.61432582 6710886
1.3866469 0.28732499 -0.61443347 6710886
1.3868897 0.27853301 -0.61454105 6710886
1.3871329 0.26973799 -0.61464882 6710886
1.3873761 0.26093984 -0.61475658 6710886
1.3876191 0.25213858 -0.61486429 6710886
1.3878626 0.24333431 -0.61497217 6710886
1.388106 0.23452692 -0.61508 6710886
1.3883494 0.22571643 -0.61518788 6710886
1.388593 0.21690284 -0.61529583 6710886
1.3888365 0.20808615 -0.61540371 6710886
1.3890803 0.19926639 -0.61551178 6710886
1.3893242 0.19044355 -0.61561984 6710886
1.389568 0.18161757 -0.61572784 6710886
1.3898121 0.17278853 -0.61583602 6710886
1.3900561 0.16395636 -0.61594415 6710886
1.3903003 0.15512109 -0.61605233 6710886
1.3905445 0.14628272 -0.61616057 6710886
1.3907889 0.13744125 -0.61626887 6710886
1.3910333 0.12859666 -0.61637712 6710886
1.3912778 0.11974898 -0.61648548 6710886
1.3915225 0.11089819 -0.6165939 6710886
1.391767 0.10204426 -0.61670226 6710886
1.3920119 0.093187235 -0.61681074 6710886
1.3922566 0.084327087 -0.61691922 6710886
1.3925016 0.075463824 -0.61702776 6710886
1.3927466 0.066597439 -0.6171363 6710886
1.3929917 0.05772794 -0.6172449 6710886
1.393237 0.048855323 -0.61735362 6710886
1.3934823 0.039979573 -0.61746234 6710886
1.3937275 0.031100696 -0.617571 6710886
1.3939731 0.022218697 -0.61767977 6710886
1.3942187 0.013333567 -0.61778861 6710886
1.3944643 0.0044453051 -0.61789745 6710886
1.3947099 -0.0044460883 -0.61800629 6710886
1.4058589 -0.40782827 -0.62294644 6710886
1.4061084 -0.4168655 -0.62305701 6710886
1.406358 -0.42590594 -0.62316763 6710886
1.4066077 -0.43494961 -0.62327832 6710886
1.4068578 -0.44399658 -0.62338912 6710886
1.4071079 -0.45304671 -0.62349993 6710886
1.4073583 -0.46210015 -0.62361085 6710886
1.4076083 -0.47115663 -0.62372166 6710886
1.4078587 -0.48021647 -0.62383264 6710886
1.4081091 -0.48927948 -0.62394357 6710886
1.4083598 -0.49834579 -0.62405461 6710886
1.4086106 -0.50741535 -0.62416577 6710886
1.4088615 -0.51648813 -0.62427694 8421504
1.3552804 0.99801099 -0.60917556 9934743
1.3551396 0.98926747 -0.60911226 9539985
1.3549988 0.98052567 -0.60904902 9408399
1.354858 0.97178572 -0.60898572 8487297
1.3547173 0.9630475 -0.60892242 8684676
1.3545766 0.95431125 -0.60885918 9211020
1.354436 0.94557679 -0.608796 9211020
1.3542954 0.93684411 -0.60873282 9145227
1.3541548 0.92811328 -0.60866964 9079434
1.3541591 0.91948259 -0.60867155 9145227
1.3543932 0.91100639 -0.60877681 9342606
1.3546276 0.90252745 -0.60888213 9737364
1.354862 0.89404547 -0.60898751 9737364
1.3550965 0.88556057 -0.60909289 9868950
1.3553309 0.87707269 -0.60919827 9868950
1.3555655 0.86858189 -0.60930371 8289918
1.3558004 0.86008829 -0.60940927 8421504
1.3560351 0.85159159 -0.60951477 8553090
1.35627 0.84309196 -0.60962033 8618883
1.3565049 0.83458942 -0.60972595 8684676
1.35674 0.82608396 -0.60983163 8750469
1.3569751 0.81757551 -0.60993731 8750469
1.3572103 0.80906415 -0.61004299 8750469
1.3574455 0.80054975 -0.61014873 8750469
1.3576809 0.79203248 -0.61025453 8618883
1.3579164 0.78351223 -0.61036038 8355711
1.3581519 0.77498907 -0.61046624 8026746
1.3583875 0.76646286 -0.61057216 7631988
1.3586231 0.7579338 -0.61067808 7434609
1.3588589 0.74940169 -0.61078405 6710886
1.3590947 0.74086666 -0.61089003 6710886
1.3593308 0.73232871 -0.61099613 6710886
1.3595668 0.72378772 -0.61110222 6710886
1.3598028 0.71524376 -0.61120832 6710886
1.3600391 0.70669693 -0.61131454 6710886
1.3602754 0.69814706 -0.61142069 6710886
1.3605117 0.68959421 -0.61152691 6710886
1.3607482 0.68103844 -0.61163324 6710886
1.3609847 0.67247963 -0.61173952 6710886
1.3612213 0.6639179 -0.61184591 6710886
1.3614581 0.65535319 -0.6119523 6710886
1.3616947 0.64678538 -0.6120587 6710886
1.3647859 0.6395523 -0.61344814 6710886
1.362169 0.62964129 -0.6122719 6710886
1.362406 0.6210646 -0.61237842 6710886
1.3626431 0.61248499 -0.61248499 6710886
1.3628802 0.60390228 -0.61259156 6776679
1.3779056 0.60177511 -0.61934519 7303023
1.3781456 0.59309334 -0.61945307 6710886
1.3783855 0.58440852 -0.6195609 6710886
1.3786256 0.57572067 -0.61966884 6710886
1.3788658 0.56702983 -0.61977679 6710886
1.379106 0.55833596 -0.61988479 6710886
1.3793464 0.54963899 -0.61999279 6710886
1.3795868 0.54093909 -0.62010086 6710886
1.3798274 0.5322361 -0.62020898 6710886
1.3800678 0.52353001 -0.6203171 6710886
1.3803086 0.51482099 -0.62042534 6710886
1.3805494 0.50610894 -0.62053359 6710886
1.3807901 0.49739373 -0.62064177 6710886
1.3810312 0.48867559 -0.62075007 6710886
1.3812722 0.47995439 -0.62085843 6710886
1.3815132 0.47123009 -0.62096679 6710886
1.3817544 0.46250278 -0.62107515 6710886
1.3819956 0.4537724 -0.62118357 6710886
1.382237 0.445039 -0.62129205 6710886
1.3824785 0.43630257 -0.62140065 6710886
1.3827199 0.42756301 -0.62150913 6710886
1.3829615 0.41882047 -0.62161773 6710886
1.3832033 0.41007486 -0.62172639 6710886
1.3834449 0.40132615 -0.62183505 6710886
1.3836868 0.39257443 -0.62194377 6710886
1.3839287 0.38381961 -0.62205249 6710886
1.3841707 0.37506175 -0.62216121 6710886
1.3844129 0.36630085 -0.62227011 6710886
1.384655 0.35753685 -0.62237895 6710886
1.3848972 0.34876978 -0.62248784 6710886
1.3851397 0.33999968 -0.6225968 6710886
1.3853821 0.33122647 -0.62270576 6710886
1.3856246 0.32245019 -0.62281477 6710886
1.3858672 0.31367087 -0.62292379 6710886
1.3861098 0.30488843 -0.62303287 6710886
1.3863527 0.29610294 -0.623142 6710886
1.3865956 0.28731439 -0.6232512 6710886
1.3868386 0.27852273 -0.6233604 6710886
1.3870816 0.269728 -0.62346965 6710886
1.3873247 0.26093018 -0.62357891 6710886
1.387568 0.25212932 -0.62368828 6710886
1.3878112 0.24332531 -0.6237976 6710886
1.3880546 0.23451823 -0.62390703 6710886
1.388298 0.22570807 -0.6240164 6710886
1.3885416 0.21689482 -0.6241259 6710886
1.3887852 0.20807847 -0.62423539 6710886
1.3890289 0.19925903 -0.62434494 6710886
1.3892728 0.1904365 -0.62445456 6710886
1.3895167 0.18161087 -0.62456417 6710886
1.3897606 0.17278212 -0.62467384 6710886
1.3900048 0.16395029 -0.62478358 6710886
1.3902489 0.15511535 -0.62489331 6710886
1.390493 0.14627731 -0.62500304 6710886
1.3907374 0.13743617 -0.62511289 6710886
1.3909818 0.12859191 -0.62522274 6710886
1.3912263 0.11974455 -0.62533265 6710886
1.3914709 0.11089408 -0.62544256 6710886
1.3917154 0.10204048 -0.62555248 6710886
1.3919603 0.093183778 -0.62566251 6710886
1.3922051 0.084323965 -0.6257726 6710886
1.39245 0.07546103 -0.62588263 6710886
1.392695 0.066594973 -0.62599277 6710886
1.39294 0.057725802 -0.62610292 6710886
1.3931853 0.048853509 -0.62621313 6710886
1.3934306 0.039978091 -0.6263234 6710886
1.3936758 0.031099543 -0.62643361 6710886
1.3939213 0.022217872 -0.62654394 6710886
1.3941668 0.013333071 -0.62665433 6710886
1.3944125 0.0044451403 -0.62676477 6710886
1.3946581 -0.004445923 -0.62687516 6710886
1.4058062 -0.40781298 -0.63188607 7566195
1.4060557 -0.41684988 -0.63199818 6710886
1.4063053 -0.42588997 -0.63211042 6710886
1.4065551 -0.4349333 -0.63222265 6710886
1.4068052 -0.44397995 -0.63233507 6710886
1.4070554 -0.45302978 -0.63244754 6710886
1.4073056 -0.46208283 -0.63256001 6710886
1.4075555 -0.47113895 -0.63267231 6710886
1.4078059 -0.48019847 -0.6327849 6710886
1.4080563 -0.48926112 -0.63289744 6710886
1.4083071 -0.49832714 -0.63301015 6710886
1.4085579 -0.50739634 -0.63312286 6710886
1.4088086 -0.5164687 -0.63323557 8421504
1.3520051 0.99559915 -0.61632329 6710886
1.3522387 0.98714972 -0.61642975 6710886
1.3524722 0.9786973 -0.6165362 6710886
1.352706 0.97024208 -0.61664277 6710886
1.3529396 0.96178383 -0.61674929 6710886
1.3531734 0.95332265 -0.61685586 6710886
1.3534074 0.94485867 -0.61696249 6710886
1.3536413 0.93639159 -0.61706913 6710886
1.3538753 0.92792165 -0.61717582 6710886
1.3541094 0.91944879 -0.61728251 6710886
1.3543437 0.91097307 -0.61738932 6710886
1.3545778 0.90249425 -0.61749607 6710886
1.3548123 0.89401263 -0.61760294 6710886
1.3550467 0.88552809 -0.61770982 6710886
1.3552812 0.87704051 -0.61781675 6710886
1.3555158 0.86855006 -0.61792368 6710886
1.3557506 0.86005664 -0.61803067 6710886
1.3559853 0.85156029 -0.61813766 6710886
1.3562201 0.84306097 -0.61824471 6710886
1.3564551 0.83455878 -0.61835182 6710886
1.35669 0.82605356 -0.61845893 6710886
1.3569252 0.81754547 -0.61856616 6710886
1.3571604 0.80903441 -0.61867338 6710886
1.3573958 0.80052042 -0.61878067 6710886
1.3576312 0.79200351 -0.61888796 6710886
1.3578665 0.78348351 -0.61899525 6710886
1.3581021 0.77496064 -0.61910266 6710886
1.3583378 0.76643485 -0.61921006 6710886
1.3585734 0.75790602 -0.61931753 6710886
1.3588091 0.74937421 -0.61942494 6710886
1.359045 0.74083954 -0.61953247 6710886
1.3592809 0.73230183 -0.61964005 6710886
1.359517 0.7237612 -0.61974764 6710886
1.359753 0.71521759 -0.61985523 6710886
1.3599893 0.70667106 -0.61996293 6710886
1.3602256 0.69812149 -0.62007064 6710886
1.360462 0.689569 -0.6201784 6710886
1.3606982 0.68101341 -0.62028611 6710886
1.3609347 0.67245495 -0.62039393 6710886
1.3611714 0.66389352 -0.62050182 6710886
1.3614081 0.65532917 -0.6206097 6710886
1.3616449 0.64676172 -0.62071764 6710886
1.364709 0.63951629 -0.62211448 6710886
1.3621192 0.62961829 -0.62093389 6710886
1.3623561 0.62104183 -0.62104183 6710886
1.3625931 0.61246246 -0.6211499 6710886
1.3628302 0.60388011 -0.62125796 6776679
1.3778551 0.60175306 -0.62810719 7237230
1.3780949 0.59307158 -0.62821656 6710886
1.378335 0.58438712 -0.628326 6710886
1.378575 0.57569957 -0.62843537 6710886
1.3788152 0.56700903 -0.62854487 6710886
1.3790554 0.5583154 -0.62865436 6710886
1.3792958 0.54961884 -0.62876397 6710886
1.3795362 0.54091918 -0.62887353 6710886
1.3797766 0.53221649 -0.62898314 6710886
1.3800173 0.52351087 -0.62909287 6710886
1.3802578 0.5148021 -0.62920254 6710886
1.3804986 0.50609028 -0.62931228 6710886
1.3807395 0.49737549 -0.62942207 6710886
1.3809803 0.48865759 -0.62953186 6710886
1.3812213 0.47993669 -0.62964171 6710886
1.3814625 0.47121277 -0.62975168 6710886
1.3817035 0.46248576 -0.62986153 6710886
1.3819448 0.45375571 -0.6299715 6710886
1.3821861 0.44502261 -0.63008153 6710886
1.3824276 0.43628651 -0.63019162 6710886
1.3826691 0.42754731 -0.63030171 6710886
1.3829106 0.41880506 -0.6304118 6710886
1.3831522 0.41005975 -0.63052195 6710886
1.383394 0.4013114 -0.63063216 6710886
1.3836358 0.39255995 -0.63074237 6710886
1.3838778 0.38380548 -0.6308527 6710886
1.3841196 0.37504792 -0.63096297 6710886
1.3843617 0.36628732 -0.63107336 6710886
1.384604 0.35752365 -0.63118374 6710886
1.3848462 0.34875691 -0.63129419 6710886
1.3850886 0.33998713 -0.63140464 6710886
1.385331 0.33121425 -0.6315152 6710886
1.3855735 0.3224383 -0.63162571 6710886
1.3858161 0.31365928 -0.63173628 6710886
1.3860588 0.30487719 -0.63184696 6710886
1.3863015 0.296092 -0.63195759 6710886
1.3865443 0.28730378 -0.63206828 6710886
1.3867873 0.27851245 -0.63217902 6710886
1.3870304 0.26971805 -0.63228983 6710886
1.3872734 0.26092055 -0.63240063 6710886
1.3875166 0.25211996 -0.6325115 6710886
1.3877599 0.24331631 -0.63262242 6710886
1.3880033 0.23450957 -0.6327334 6710886
1.3882467 0.22569971 -0.63284427 6710886
1.3884902 0.21688679 -0.63295531 6710886
1.3887339 0.20807077 -0.63306642 6710886
1.3889776 0.19925167 -0.63317752 6710886
1.3892213 0.19042943 -0.63328862 6710886
1.3894652 0.18160413 -0.63339978 6710886
1.3897092 0.17277573 -0.63351101 6710886
1.3899533 0.16394423 -0.63362229 6710886
1.3901974 0.15510961 -0.63373357 6710886
1.3904417 0.1462719 -0.63384491 6710886
1.3906859 0.13743107 -0.63395625 6710886
1.3909303 0.12858714 -0.63406765 6710886
1.3911747 0.1197401 -0.63417906 6710886
1.3914193 0.11088996 -0.63429058 6710886
1.391664 0.10203671 -0.63440216 6710886
1.3919086 0.093180329 -0.63451368 6710886
1.3921535 0.084320843 -0.63462526 6710886
1.3923985 0.075458236 -0.63473696 6710886
1.3926433 0.066592507 -0.63484854 6710886
1.3928884 0.057723664 -0.63496029 6710886
1.3931336 0.048851699 -0.63507205 6710886
1.3933789 0.039976608 -0.63518387 6710886
1.3936242 0.03109839 -0.63529569 6710886
1.3938695 0.022217046 -0.63540751 6710886
1.3941151 0.013332576 -0.63551944 6710886
1.3943607 0.0044449749 -0.63563144 6710886
1.3946064 -0.0044457582 -0.63574344 6710886
1.4057536 -0.40779772 -0.64082497 7566195
1.4060032 -0.41683432 -0.64093882 6710886
1.4062527 -0.42587405 -0.64105254 6710886
1.4065025 -0.43491706 -0.64116639 6710886
1.4067525 -0.44396332 -0.64128035 6710886
1.4070026 -0.45301279 -0.64139432 6710886
1.4072528 -0.46206549 -0.6415084 6710886
1.4075028 -0.47112131 -0.64162236 6710886
1.4077531 -0.48018044 -0.64173651 6710886
1.4080034 -0.48924276 -0.64185059 6710886
1.4082543 -0.49830845 -0.64196491 6710886
1.408505 -0.50737727 -0.64207923 6710886
1.4087558 -0.51644939 -0.64219356 8421504
1.3519558 0.99556279 -0.62492037 6710886
1.3521892 0.9871136 -0.62502825 6710886
1.3524227 0.97866154 -0.6251362 6710886
1.3526564 0.97020656 -0.6252442 6710886
1.35289 0.9617486 -0.6253522 6710886
1.3531239 0.95328778 -0.62546033 6710886
1.3533577 0.94482398 -0.62556839 6710886
1.3535917 0.93635732 -0.62567657 6710886
1.3538257 0.92788768 -0.6257847 6710886
1.3540599 0.91941524 -0.625893 6710886
1.3542941 0.91093969 -0.62600124 6710886
1.3545283 0.90246129 -0.62610948 6710886
1.3547627 0.89397991 -0.62621784 6710886
1.3549972 0.88549566 -0.6263262 6710886
1.3552316 0.87700844 -0.62643462 6710886
1.3554662 0.86851829 -0.62654305 6710886
1.355701 0.86002523 -0.62665153 6710886
1.3559358 0.85152924 -0.62676007 6710886
1.3561705 0.84303015 -0.62686861 6710886
1.3564055 0.83452827 -0.62697721 6710886
1.3566406 0.82602346 -0.62708586 6710886
1.3568758 0.81751567 -0.62719458 6710886
1.3571109 0.80900484 -0.62730324 6710886
1.3573461 0.80049109 -0.62741196 6710886
1.3575815 0.79197448 -0.6275208 6710886
1.3578169 0.7834549 -0.62762958 6710886
1.3580524 0.77493227 -0.62773842 6710886
1.358288 0.76640677 -0.62784737 6710886
1.3585237 0.7578783 -0.62795633 6710886
1.3587595 0.74934685 -0.62806529 6710886
1.3589952 0.74081236 -0.62817425 6710886
1.3592312 0.73227507 -0.62828332 6710886
1.3594673 0.72373474 -0.62839246 6710886
1.3597033 0.71519142 -0.62850153 6710886
1.3599395 0.70664513 -0.62861073 6710886
1.3601757 0.69809592 -0.62871993 6710886
1.360412 0.68954366 -0.62882912 6710886
1.3606485 0.68098855 -0.62893844 6710886
1.3608849 0.67243034 -0.62904775 6710886
1.3611215 0.6638692 -0.62915713 6710886
1.3613582 0.65530509 -0.6292665 6710886
1.3615949 0.64673799 -0.62937593 6710886
1.3646324 0.63948035 -0.63077992 6710886
1.3620691 0.6295951 -0.6295951 6710886
1.3623061 0.62101907 -0.62970465 6710886
1.3625431 0.61243999 -0.62981421 6710886
1.3627802 0.60385799 -0.62992382 6776679
1.3778044 0.60173094 -0.63686848 7303023
1.3780444 0.59304982 -0.6369794 6710886
1.3782843 0.58436561 -0.63709033 6710886
1.3785244 0.57567841 -0.63720131 6710886
1.3787645 0.56698817 -0.63731229 6710886
1.3790047 0.55829489 -0.63742334 6710886
1.379245 0.54959863 -0.63753444 6710886
1.3794854 0.54089928 -0.63764548 6710886
1.3797259 0.53219694 -0.63775671 6710886
1.3799665 0.52349156 -0.63786787 6710886
1.3802072 0.51478314 -0.63797915 6710886
1.3804479 0.50607169 -0.63809037 6710886
1.3806887 0.49735719 -0.63820171 6710886
1.3809296 0.48863965 -0.63831306 6710886
1.3811705 0.47991905 -0.63842446 6710886
1.3814116 0.47119543 -0.63853586 6710886
1.3816528 0.4624688 -0.63864738 6710886
1.381894 0.45373905 -0.63875884 6710886
1.3821353 0.44500625 -0.63887036 6710886
1.3823766 0.43627042 -0.63898188 6710886
1.3826181 0.42753154 -0.63909352 6710886
1.3828597 0.41878963 -0.63920522 6710886
1.3831013 0.41004464 -0.63931692 6710886
1.3833431 0.40129662 -0.63942868 6710886
1.3835849 0.39254549 -0.63954043 6710886
1.3838267 0.38379133 -0.63965225 6710886
1.3840687 0.37503412 -0.63976407 6710886
1.3843107 0.36627382 -0.63987595 6710886
1.384553 0.35751048 -0.63998789 6710886
1.3847952 0.34874406 -0.64009988 6710886
1.3850374 0.33997458 -0.64021182 6710886
1.3852799 0.33120203 -0.64032394 6710886
1.3855224 0.32242641 -0.64043599 6710886
1.385765 0.31364772 -0.64054817 6710886
1.3860077 0.30486596 -0.64066035 6710886
1.3862504 0.2960811 -0.64077252 6710886
1.3864932 0.28729317 -0.64088476 6710886
1.3867362 0.27850217 -0.64099705 6710886
1.3869791 0.26970807 -0.64110935 6710886
1.3872222 0.2609109 -0.6412217 6710886
1.3874654 0.25211066 -0.64133412 6710886
1.3877085 0.24330731 -0.64144653 6710886
1.387952 0.2345009 -0.64155906 6710886
1.3881954 0.22569138 -0.6416716 6710886
1.3884388 0.21687876 -0.64178407 6710886
1.3886825 0.20806308 -0.64189672 6710886
1.3889263 0.19924431 -0.64200938 6710886
1.3891699 0.1904224 -0.64212203 6710886
1.3894138 0.18159743 -0.6422348 6710886
1.3896577 0.17276934 -0.64234751 6710886
1.3899018 0.16393815 -0.64246029 6710886
1.3901459 0.15510386 -0.64257318 6710886
1.39039 0.14626648 -0.64268601 6710886
1.3906343 0.13742597 -0.6427989 6710886
1.3908788 0.12858239 -0.64291191 6710886
1.3911232 0.11973567 -0.64302492 6710886
1.3913677 0.11088584 -0.64313793 6710886
1.3916124 0.10203292 -0.64325106 6710886
1.3918571 0.093176879 -0.64336413 6710886
1.3921019 0.084317714 -0.64347726 6710886
1.3923467 0.075455435 -0.64359045 6710886
1.3925918 0.066590041 -0.64370376 6710886
1.3928368 0.057721522 -0.64381701 6710886
1.3930819 0.048849884 -0.64393026 6710886
1.3933272 0.039975125 -0.64404368 6710886
1.3935724 0.031097235 -0.64415705 6710886
1.3938178 0.022216221 -0.64427042 6710886
1.3940634 0.013332082 -0.64438397 6710886
1.3943089 0.0044448101 -0.64449745 6710886
1.3945546 -0.0044455933 -0.644611 6710886
1.405701 -0.40778247 -0.64976329 7566195
1.4059505 -0.41681871 -0.64987862 6710886
1.4062001 -0.42585811 -0.64999396 6710886
1.4064498 -0.43490076 -0.65010941 6710886
1.4066998 -0.44394669 -0.65022492 6710886
1.4069499 -0.45299584 -0.65034056 6710886
1.4072 -0.46204814 -0.65045613 6710886
1.40745 -0.47110364 -0.6505717 6710886
1.4077003 -0.48016244 -0.6506874 6710886
1.4079506 -0.4892244 -0.65080315 6710886
1.4082015 -0.49828976 -0.65091908 6710886
1.4084522 -0.50735825 -0.65103495 6710886
1.408703 -0.51643002 -0.65115088 8421504
1.3519064 0.99552643 -0.63351685 6710886
1.3521398 0.98707759 -0.63362622 6710886
1.3523735 0.97862589 -0.63373572 6710886
1.352607 0.97017115 -0.63384515 6710886
1.3528407 0.96171349 -0.63395464 6710886
1.3530746 0.95325303 -0.63406426 6710886
1.3533084 0.94478959 -0.63417381 6710886
1.3535423 0.93632317 -0.63428342 6710886
1.3537763 0.92785388 -0.6343931 6710886
1.3540105 0.91938162 -0.63450283 6710886
1.3542447 0.91090649 -0.63461256 6710886
1.354479 0.90242839 -0.63472235 6710886
1.3547132 0.8939473 -0.63483214 6710886
1.3549477 0.88546336 -0.634942 6710886
1.3551823 0.87697649 -0.63505197 6710886
1.3554168 0.86848658 -0.63516182 6710886
1.3556515 0.85999382 -0.63527185 6710886
1.3558862 0.85149807 -0.63538182 6710886
1.3561212 0.84299946 -0.63549191 6710886
1.356356 0.83449781 -0.635602 6710886
1.356591 0.82599324 -0.63571209 6710886
1.3568261 0.81748575 -0.63582224 6710886
1.3570613 0.80897528 -0.63593245 6710886
1.3572965 0.80046189 -0.63604265 6710886
1.3575318 0.79194552 -0.63615292 6710886
1.3577672 0.78342623 -0.63626325 6710886
1.3580028 0.77490395 -0.63637364 6710886
1.3582383 0.76637876 -0.63648403 6710886
1.358474 0.75785059 -0.63659447 6710886
1.3587097 0.74931937 -0.63670492 6710886
1.3589456 0.74078536 -0.63681549 6710886
1.3591814 0.73224825 -0.636926 6710886
1.3594174 0.72370821 -0.63703656 6710886
1.3596535 0.7151652 -0.63714719 6710886
1.3746432 0.71428543 -0.64417154 6710886
1.374882 0.70564371 -0.64428341 6710886
1.3751209 0.69699907 -0.64439535 6710886
1.3753599 0.68835139 -0.64450735 6710886
1.3755988 0.67970061 -0.64461935 6710886
1.375838 0.67104703 -0.64473146 6710886
1.3760772 0.66239023 -0.64484352 6710886
1.3763164 0.65373051 -0.64495564 6710886
1.3765558 0.64506781 -0.64506781 6710886
1.3767953 0.63640207 -0.64517999 6710886
1.3770349 0.62773335 -0.64529228 6710886
1.3772744 0.61906147 -0.64540452 6710886
1.3775141 0.61038667 -0.64551687 6710886
1.377754 0.60170889 -0.64562929 6710886
1.3779937 0.59302801 -0.64574158 6710886
1.3782338 0.58434421 -0.64585412 6710886
1.3784738 0.57565725 -0.64596653 6710886
1.378714 0.56696737 -0.64607912 6710886
1.3789541 0.55827439 -0.64619166 6710886
1.3791944 0.54957843 -0.64630425 6710886
1.3794348 0.54087949 -0.6464169 6710886
1.3796751 0.53217739 -0.64652956 6710886
1.3799157 0.52347231 -0.64664227 6710886
1.3801564 0.51476425 -0.64675504 6710886
1.3803972 0.50605315 -0.64686793 6710886
1.3806379 0.49733889 -0.6469807 6710886
1.3808788 0.48862168 -0.64709359 6710886
1.3811198 0.47990146 -0.64720654 6710886
1.3813608 0.47117808 -0.64731944 6710886
1.3816019 0.46245176 -0.64743245 6710886
1.3818432 0.45372236 -0.64754552 6710886
1.3820844 0.44498986 -0.64765853 6710886
1.3823258 0.43625438 -0.64777166 6710886
1.3825672 0.4275158 -0.64788479 6710886
1.3828088 0.41877422 -0.64799798 6710886
1.3830504 0.41002956 -0.64811122 6710886
1.3832921 0.4012818 -0.64822447 6710886
1.383534 0.39253107 -0.64833784 6710886
1.3837758 0.38377723 -0.64845115 6710886
1.3840177 0.3750203 -0.64856452 6710886
1.3842598 0.36626035 -0.64867795 6710886
1.3845018 0.35749727 -0.64879137 6710886
1.384744 0.34873119 -0.64890486 6710886
1.3849864 0.33996204 -0.64901847 6710886
1.3852288 0.33118981 -0.64913201 6710886
1.3854712 0.32241449 -0.64924562 6710886
1.3857139 0.31363615 -0.64935941 6710886
1.3859564 0.30485466 -0.64947301 6710886
1.3861992 0.29607016 -0.6495868 6710886
1.3864421 0.28728259 -0.64970058 6710886
1.3866849 0.27849188 -0.64981437 6710886
1.386928 0.26969814 -0.64992827 6710886
1.3871709 0.26090127 -0.65004212 6710886
1.3874141 0.25210133 -0.65015608 6710886
1.3876574 0.24329834 -0.6502701 6710886
1.3879006 0.23449221 -0.65038407 6710886
1.3881441 0.22568305 -0.65049821 6710886
1.3883877 0.21687077 -0.65061229 6710886
1.3886311 0.20805538 -0.65072638 6710886
1.3888749 0.19923693 -0.65084064 6710886
1.3891187 0.19041537 -0.65095484 6710886
1.3893623 0.18159069 -0.65106905 6710886
1.3896064 0.17276295 -0.65118343 6710886
1.3898503 0.16393207 -0.65129769 6710886
1.3900944 0.15509813 -0.65141213 6710886
1.3903387 0.14626107 -0.65152657 6710886
1.3905828 0.13742089 -0.65164095 6710886
1.3908272 0.12857762 -0.65175551 6710886
1.3910717 0.11973124 -0.65187007 6710886
1.3913162 0.11088175 -0.65198463 6710886
1.3915608 0.10202914 -0.65209925 6710886
1.3918055 0.093173422 -0.65221393 6710886
1.3920503 0.084314585 -0.65232867 6710886
1.3922951 0.075452633 -0.65244341 6710886
1.39254 0.066587567 -0.65255815 6710886
1.3927851 0.05771938 -0.65267301 6710886
1.3930303 0.048848074 -0.65278786 6710886
1.3932755 0.039973643 -0.65290278 6710886
1.3935207 0.031096082 -0.6530177 6710886
1.3937662 0.0222154 -0.65313274 6710886
1.3940116 0.013331586 -0.65324777 6710886
1.3942571 0.0044446448 -0.65336275 6710886
1.3945028 -0.004445428 -0.65347791 6710886
1.4066324 -0.15694334 -0.65916198 11711154
1.4064941 -0.16589521 -0.65909719 11711154
1.406356 -0.17484534 -0.65903246 9211020
1.4062177 -0.18379369 -0.65896767 9211020
1.4060795 -0.19274031 -0.65890288 9211020
1.4059414 -0.20168515 -0.65883815 9211020
1.4058032 -0.21062823 -0.65877342 11711154
1.405665 -0.21956955 -0.65870869 13158600
1.405527 -0.22850913 -0.65864396 13158600
1.405389 -0.23744695 -0.65857929 13158600
1.4052509 -0.24638301 -0.65851462 12632256
1.405113 -0.25531733 -0.65844995 12632256
1.4049749 -0.26424986 -0.65838528 12632256
1.4048369 -0.27318066 -0.65832061 12632256
1.4046991 -0.28210971 -0.65825599 12632256
1.404561 -0.29103699 -0.65819132 10066329
1.4044229 -0.29996246 -0.65812659 10066329
1.4042847 -0.30888617 -0.6580618 10066329
1.4041467 -0.31780815 -0.65799713 10066329
1.4040086 -0.32672837 -0.65793246 11711154
1.4038706 -0.33564681 -0.65786779 11711154
1.4039031 -0.34460539 -0.65788299 10855845
1.4041522 -0.35361889 -0.65799969 9539985
1.4044013 -0.36263561 -0.65811646 8487297
1.4046506 -0.37165552 -0.65823328 8026746
1.4048998 -0.38067862 -0.65835011 7829367
1.4051493 -0.38970497 -0.65846699 7829367
1.4053988 -0.39873448 -0.65858394 7303023
1.4056484 -0.40776718 -0.65870082 6710886
1.4058979 -0.41680306 -0.65881777 6710886
1.4061474 -0.42584214 -0.65893471 6710886
1.4063971 -0.43488446 -0.65905172 6710886
1.4066471 -0.44393006 -0.65916884 6710886
1.4068971 -0.45297882 -0.65928602 6710886
1.4071473 -0.46203086 -0.65940326 6710886
1.4073972 -0.47108597 -0.65952033 6710886
1.4076475 -0.48014441 -0.65963769 6710886
1.4078978 -0.48920608 -0.65975499 6710886
1.4081485 -0.49827105 -0.65987247 6710886
1.4083993 -0.50733924 -0.65999001 6710886
1.4086502 -0.51641065 -0.66010749 8421504
1.3667597 0.99775022 -0.6491912 6710886
1.3669958 0.98920715 -0.64930338 6710886
1.367232 0.98066103 -0.64941555 6710886
1.3674681 0.97211194 -0.64952773 6710886
1.3677044 0.96355987 -0.6496399 6710886
1.3679409 0.95500499 -0.64975226 6710886
1.3681772 0.94644696 -0.64986449 6710886
1.3684138 0.93788612 -0.64997691 6710886
1.3686504 0.92932224 -0.65008926 6710886
1.3688872 0.92075551 -0.65020174 6710886
1.3691239 0.91218567 -0.65031421 6710886
1.3693609 0.90361303 -0.65042675 6710886
1.3695979 0.89503729 -0.65053934 6710886
1.3698348 0.88645852 -0.65065181 6710886
1.370072 0.87787694 -0.65076452 6710886
1.3703092 0.86929238 -0.65087718 6710886
1.3705465 0.86070472 -0.65098989 6710886
1.3707838 0.85211414 -0.6511026 6710886
1.3710213 0.84352064 -0.65121537 6710886
1.3712589 0.8349241 -0.65132827 6710886
1.3714963 0.82632452 -0.65144104 6710886
1.3717341 0.81772214 -0.65155399 6710886
1.371972 0.80911672 -0.65166694 6710886
1.3722098 0.8005082 -0.65177995 6710886
1.3724477 0.79189682 -0.65189296 6710886
1.3726858 0.7832824 -0.65200603 6710886
1.3729239 0.77466494 -0.6521191 6710886
1.373162 0.76604456 -0.65223223 6710886
1.3734003 0.7574212 -0.65234542 6710886
1.3736386 0.74879479 -0.65245861 6710886
1.373877 0.74016541 -0.65257186 6710886
1.3741156 0.73153305 -0.65268517 6710886
1.3743542 0.72289765 -0.65279853 6710886
1.3745929 0.71425927 -0.65291184 6710886
1.3748317 0.7056179 -0.65302527 6710886
1.3750706 0.69697356 -0.65313876 6710886
1.3753095 0.68832618 -0.65325224 6710886
1.3755485 0.67967576 -0.65336573 6710886
1.3757876 0.67102242 -0.65347934 6710886
1.3760267 0.66236597 -0.65359294 6710886
1.3762661 0.65370661 -0.65370661 6710886
1.3765054 0.64504415 -0.65382028 6710886
1.3767449 0.63637877 -0.653934 6710886
1.3769844 0.62771028 -0.65404779 6710886
1.3772238 0.61903876 -0.65416151 6710886
1.3774636 0.61036432 -0.65427542 6710886
1.3777034 0.60168684 -0.65438932 6710886
1.3779433 0.59300631 -0.65450323 6710886
1.3781831 0.58432269 -0.65461719 6710886
1.3784232 0.57563615 -0.65473121 6710886
1.3786633 0.56694657 -0.65484524 6710886
1.3789034 0.55825388 -0.65495926 6710886
1.3791437 0.54955828 -0.65507346 6710886
1.3793842 0.54085958 -0.65518767 6710886
1.3796246 0.5321579 -0.65530187 6710886
1.3798651 0.52345312 -0.65541607 6710886
1.3801057 0.51474535 -0.65553039 6710886
1.3803464 0.50603449 -0.65564471 6710886
1.3805871 0.49732059 -0.65575904 6710886
1.380828 0.48860371 -0.65587348 6710886
1.3810689 0.47988376 -0.65598792 6710886
1.38131 0.47116077 -0.65610236 6710886
1.381551 0.46243471 -0.65621686 6710886
1.3817923 0.45370567 -0.65633148 6710886
1.3820335 0.44497347 -0.65644604 6710886
1.3822749 0.43623832 -0.65656072 6710886
1.3825164 0.4275001 -0.6566754 6710886
1.3827578 0.41875878 -0.65679008 6710886
1.3829994 0.41001442 -0.65690482 6710886
1.3832412 0.40126705 -0.65701967 6710886
1.3834829 0.39251658 -0.65713453 6710886
1.3837248 0.38376307 -0.65724939 6710886
1.3839668 0.3750065 -0.65736431 6710886
1.3842087 0.36624682 -0.65747923 6710886
1.3844509 0.35748413 -0.65759426 6710886
1.384693 0.34871835 -0.6577093 6710886
1.3849354 0.33994952 -0.6578244 6710886
1.3851777 0.33117759 -0.65793949 6710886
1.3854201 0.3224026 -0.65805465 6710886
1.3856627 0.31362456 -0.65816987 6710886
1.3859054 0.30484346 -0.65828514 6710886
1.386148 0.29605922 -0.65840036 6710886
1.3863908 0.28727195 -0.65851569 6710886
1.3866338 0.2784816 -0.65863109 6710886
1.3868767 0.26968816 -0.65874648 6710886
1.3871198 0.26089165 -0.65886194 6710886
1.3873628 0.25209203 -0.65897739 6710886
1.3876061 0.24328935 -0.65909296 6710886
1.3878495 0.23448357 -0.65920854 6710886
1.3880928 0.22567469 -0.65932411 6710886
1.3883363 0.21686275 -0.6594398 6710886
1.3885798 0.2080477 -0.65955549 6710886
1.3888235 0.19922955 -0.65967119 6710886
1.3890672 0.1904083 -0.65978694 6710886
1.3893111 0.18158399 -0.65990281 6710886
1.3895549 0.17275654 -0.66001856 6710886
1.3897989 0.16392602 -0.66013449 6710886
1.3900429 0.15509237 -0.66025043 6710886
1.3902872 0.14625564 -0.66036642 6710886
1.3905314 0.13741581 -0.66048241 6710886
1.3907757 0.12857285 -0.66059846 6710886
1.3910202 0.11972681 -0.66071457 6710886
1.3912647 0.11087764 -0.66083074 6710886
1.3915092 0.10202535 -0.66094685 6710886
1.3917539 0.093169965 -0.66106308 6710886
1.3919988 0.08431147 -0.66117942 6710886
1.3922435 0.075449839 -0.66129565 6710886
1.3924885 0.066585101 -0.661412 6710886
1.3927333 0.057717234 -0.66152829 6710886
1.3929785 0.04884626 -0.66164482 6710886
1.3932238 0.039972156 -0.66176128 6710886
1.393469 0.031094927 -0.66187775 6710886
1.3937144 0.022214575 -0.66199434 6710886
1.3939599 0.013331092 -0.66211092 6710886
1.3942053 0.0044444799 -0.66222751 6710886
1.394451 -0.0044452632 -0.66234422 6710886
1.3946967 -0.013338138 -0.66246086 8947848
1.3949426 -0.022234151 -0.66257769 9211020
1.3951886 -0.0311333 -0.66269451 9211020
1.3954345 -0.040035583 -0.66281134 9211020
1.3956807 -0.048941012 -0.66292822 9211020
1.3959268 -0.057849579 -0.66304517 9211020
1.3961731 -0.066761293 -0.66316217 6710886
1.3964193 -0.075676136 -0.66327912 6710886
1.3966658 -0.084594145 -0.66339618 6710886
1.3969123 -0.093515292 -0.6635133 6710886
1.397159 -0.1024396 -0.66363043 6710886
1.3974056 -0.11136705 -0.66374761 6710886
1.3976524 -0.12029765 -0.66386479 6710886
1.3978993 -0.12923141 -0.66398203 6710886
1.3981463 -0.13816833 -0.6640994 6710886
1.3983934 -0.14710841 -0.66421676 6710886
1.3986405 -0.15605165 -0.66433412 6710886
1.3988878 -0.16499804 -0.6644516 6710886
1.399135 -0.17394759 -0.66456902 6710886
1.3993824 -0.18290031 -0.6646865 6710886
1.3996298 -0.19185621 -0.66480404 6710886
1.3998774 -0.20081526 -0.66492164 6710886
1.4001251 -0.2097775 -0.6650393 6710886
1.4003729 -0.21874289 -0.66515696 6710886
1.4006207 -0.22771147 -0.66527468 6710886
1.4008687 -0.23668323 -0.66539246 6710886
1.4011166 -0.24565814 -0.66551024 6710886
1.4013648 -0.25463626 -0.66562814 6710886
1.401613 -0.26361755 -0.66574603 6710886
1.4018612 -0.27260199 -0.66586393 6710886
1.4021095 -0.28158966 -0.66598183 6710886
1.4023579 -0.29058048 -0.66609985 6710886
1.4026065 -0.29957449 -0.66621792 6710886
1.4028552 -0.30857173 -0.66633606 6710886
1.4031038 -0.31757212 -0.66645414 6710886
1.4033527 -0.32657573 -0.66657239 6710886
1.4036016 -0.33558252 -0.66669059 6710886
1.4038506 -0.34459248 -0.66680884 6710886
1.4040997 -0.35360569 -0.66692716 6710886
1.4043489 -0.36262205 -0.66704553 6710886
1.404598 -0.37164161 -0.66716385 6710886
1.4048473 -0.38066438 -0.66728228 6710886
1.4050968 -0.38969037 -0.66740078 6710886
1.4053463 -0.39871958 -0.66751927 6710886
1.4055959 -0.40775198 -0.66763783 6710886
1.4058453 -0.41678748 -0.66775632 6710886
1.4060949 -0.42582625 -0.66787487 6710886
1.4063445 -0.43486822 -0.66799343 6710886
1.4065943 -0.44391337 -0.66811204 6710886
1.4068444 -0.45296186 -0.66823083 6710886
1.4070946 -0.46201354 -0.66834968 6710886
1.4073446 -0.47106835 -0.66846842 6710886
1.4075948 -0.48012644 -0.66858727 6710886
1.4078451 -0.48918775 -0.66870618 6710886
1.4080957 -0.49825236 -0.66882521 6710886
1.4083464 -0.50732017 -0.6689443 6710886
1.4085972 -0.51639122 -0.66906345 8421504
1.3667099 0.99771392 -0.65788126 6710886
1.366946 0.98917109 -0.65799487 6710886
1.3671821 0.98062527 -0.65810853 6710886
1.3674183 0.97207648 -0.6582222 6710886
1.3676546 0.96352476 -0.65833592 6710886
1.367891 0.95497012 -0.65844971 6710886
1.3681275 0.94641256 -0.65856355 6710886
1.3683639 0.93785191 -0.65867734 6710886
1.3686006 0.92928845 -0.6587913 6710886
1.3688372 0.92072189 -0.65890521 6710886
1.369074 0.91215241 -0.65901917 6710886
1.3693109 0.90357995 -0.6591332 6710886
1.3695478 0.89500457 -0.65924728 6710886
1.369785 0.88642627 -0.65936142 6710886
1.3700219 0.87784487 -0.65947551 6710886
1.3702592 0.86926061 -0.65958971 6710886
1.3704965 0.86067337 -0.65970397 6710886
1.3707337 0.85208303 -0.65981811 6710886
1.3709712 0.84348983 -0.65993243 6710886
1.3712088 0.83489364 -0.66004682 6710886
1.3714464 0.82629442 -0.6601612 6710886
1.371684 0.81769222 -0.66027552 6710886
1.3719218 0.8090871 -0.66039002 6710886
1.3721596 0.80047894 -0.66050446 6710886
1.3723975 0.79186785 -0.66061902 6710886
1.3726355 0.78325367 -0.66073358 6710886
1.3728737 0.77463663 -0.6608482 6710886
1.3731118 0.76601654 -0.66096288 6710886
1.37335 0.75739342 -0.6610775 6710886
1.3735884 0.74876744 -0.6611923 6710886
1.3738269 0.74013835 -0.66130704 6710886
1.3740653 0.73150623 -0.66142184 6710886
1.3743039 0.72287124 -0.66153669 6710886
1.3745426 0.71423316 -0.66165155 6710886
1.3747814 0.7055921 -0.66176653 6710886
1.3750201 0.69694799 -0.66188145 6710886
1.375259 0.68830091 -0.66199642 6710886
1.3754982 0.6796509 -0.66211152 6710886
1.3757372 0.6709978 -0.66222662 6710886
1.3759763 0.66234171 -0.66234171 6710886
1.3762156 0.65368259 -0.66245687 6710886
1.3764549 0.64502054 -0.66257209 6710886
1.3766943 0.6363554 -0.6626873 6710886
1.3769338 0.62768722 -0.66280264 6710886
1.3771734 0.61901611 -0.66291797 6710886
1.377413 0.61034191 -0.66303331 6710886
1.3776528 0.60166472 -0.6631487 6710886
1.3778927 0.59298456 -0.66326421 6710886
1.3781326 0.58430129 -0.66337967 6710886
1.3783726 0.57561499 -0.66349518 6710886
1.3786126 0.5669257 -0.66361076 6710886
1.3788528 0.55823344 -0.66372633 6710886
1.3790931 0.54953808 -0.66384196 6710886
1.3793334 0.54083967 -0.66395766 6710886
1.3795739 0.53213835 -0.66407347 6710886
1.3798143 0.5234338 -0.66418916 6710886
1.380055 0.5147264 -0.66430503 6710886
1.3802956 0.5060159 -0.66442084 6710886
1.3805364 0.49730235 -0.66453677 6710886
1.3807772 0.48858574 -0.66465271 6710886
1.3810182 0.47986612 -0.66476864 6710886
1.3812592 0.47114345 -0.66488469 6710886
1.3815004 0.46241775 -0.6650008 6710886
1.3817414 0.45368895 -0.66511679 6710886
1.3819827 0.44495714 -0.66523296 6710886
1.382224 0.43622226 -0.66534907 6710886
1.3824655 0.42748436 -0.66546535 6710886
1.382707 0.4187434 -0.66558158 6710886
1.3829485 0.40999934 -0.66569787 6710886
1.3831903 0.40125227 -0.66581422 6710886
1.383432 0.39250213 -0.66593063 6710886
1.3836738 0.38374892 -0.66604698 6710886
1.3839158 0.37499267 -0.66616344 6710886
1.3841578 0.36623335 -0.66627997 6710886
1.3843998 0.35747093 -0.66639644 6710886
1.384642 0.3487055 -0.66651303 6710886
1.3848842 0.33993697 -0.66662961 6710886
1.3851266 0.33116537 -0.66674632 6710886
1.3853691 0.32239074 -0.66686302 6710886
1.3856115 0.313613 -0.66697973 6710886
1.3858542 0.30483219 -0.66709656 6710886
1.386097 0.29604831 -0.66721338 6710886
1.3863397 0.28726137 -0.66733021 6710886
1.3865826 0.27847132 -0.66744715 6710886
1.3868256 0.26967821 -0.66756409 6710886
1.3870685 0.26088199 -0.66768104 6710886
1.3873117 0.25208274 -0.6677981 6710886
1.3875548 0.24328034 -0.66791511 6710886
1.3877981 0.2344749 -0.66803223 6710886
1.3880415 0.22566636 -0.66814941 6710886
1.3882849 0.21685472 -0.66826659 6710886
1.3885285 0.20804 -0.66838384 6710886
1.3887721 0.19922219 -0.66850114 6710886
1.3890158 0.19040127 -0.66861838 6710886
1.3892597 0.18157728 -0.6687358 6710886
1.3895036 0.17275017 -0.66885322 6710886
1.3897475 0.16391996 -0.66897064 6710886
1.3899915 0.15508664 -0.66908807 6710886
1.3902357 0.14625023 -0.66920561 6710886
1.3904799 0.13741072 -0.66932321 6710886
1.3907243 0.1285681 -0.66944081 6710886
1.3909686 0.11972236 -0.66955841 6710886
1.3912131 0.11087353 -0.66967607 6710886
1.3914577 0.10202157 -0.66979384 6710886
1.3917023 0.093166515 -0.66991156 6710886
1.391947 0.084308334 -0.6700294 6710886
1.392192 0.075447045 -0.6701473 6710886
1.3924367 0.066582628 -0.67026514 6710886
1.3926818 0.057715103 -0.6703831 6710886
1.3929268 0.048844445 -0.67050099 6710886
1.393172 0.039970674 -0.67061907 6710886
1.3934174 0.031093774 -0.67073715 6710886
1.3936626 0.022213748 -0.67085516 6710886
1.3939081 0.013330597 -0.67097342 6710886
1.3941537 0.0044443151 -0.67109162 6710886
1.3943992 -0.0044450979 -0.67120975 6710886
1.394645 -0.013337644 -0.67132807 6710886
1.3948908 -0.022233324 -0.67144638 6710886
1.3951366 -0.031132139 -0.6715647 6710886
1.3953826 -0.040034097 -0.67168313 6710886
1.3956287 -0.048939191 -0.67180163 6710886
1.3958749 -0.057847425 -0.67192012 6710886
1.3961211 -0.066758804 -0.67203867 6710886
1.3963675 -0.075673334 -0.67215729 6710886
1.3966138 -0.084590994 -0.67227578 6710886
1.3968604 -0.093511812 -0.67239445 6710886
1.3971069 -0.10243578 -0.67251313 6710886
1.3973536 -0.1113629 -0.67263192 6710886
1.3976004 -0.12029317 -0.67275071 6710886
1.3978473 -0.1292266 -0.67286956 6710886
1.3980942 -0.13816318 -0.67298841 6710886
1.3983413 -0.14710292 -0.67310733 6710886
1.3985884 -0.15604582 -0.6732263 6710886
1.3988355 -0.16499189 -0.67334527 6710886
1.3990829 -0.17394112 -0.6734643 6710886
1.3993301 -0.18289348 -0.67358333 6710886
1.3995776 -0.19184904 -0.67370248 6710886
1.3998252 -0.20080778 -0.67382163 6710886
1.4000729 -0.20976968 -0.6739409 6710886
1.4003206 -0.21873474 -0.67406011 6710886
1.4005685 -0.22770299 -0.67417943 6710886
1.4008163 -0.23667438 -0.6742987 6710886
1.4010644 -0.245649 -0.67441815 6710886
1.4013125 -0.25462675 -0.67453754 6710886
1.4015607 -0.26360771 -0.67465705 6710886
1.4018089 -0.27259183 -0.67477649 6710886
1.4020572 -0.28157914 -0.674896 6710886
1.4023056 -0.29056963 -0.67501563 6710886
1.4025542 -0.29956332 -0.67513525 6710886
1.4028027 -0.30856019 -0.67525488 6710886
1.4030514 -0.31756023 -0.67537457 6710886
1.4033002 -0.32656351 -0.67549437 6710886
1.4035491 -0.33556995 -0.67561418 6710886
1.4037981 -0.34457961 -0.67573404 6710886
1.4040471 -0.35359246 -0.67585391 6710886
1.4042963 -0.36260849 -0.67597383 6710886
1.4045455 -0.37162775 -0.67609382 6710886
1.4047947 -0.38065013 -0.67621374 6710886
1.4050441 -0.38967577 -0.67633379 6710886
1.4052936 -0.39870462 -0.67645389 6710886
1.4055432 -0.40773669 -0.67657405 6710886
1.4057927 -0.41677192 -0.67669415 6710886
1.4060422 -0.42581031 -0.67681426 6710886
1.4062918 -0.43485191 -0.67693442 6710886
1.4065416 -0.44389674 -0.67705464 6710886
1.4067918 -0.45294493 -0.6771751 6710886
1.4070419 -0.46199626 -0.67729551 6710886
1.4072918 -0.47105068 -0.67741573 6710886
1.4075421 -0.48010847 -0.67753625 6710886
1.4077923 -0.48916942 -0.67765671 6710886
1.4080429 -0.49823368 -0.67777735 6710886
1.4082937 -0.50730121 -0.67789805 6710886
1.4085444 -0.51637191 -0.67801875 8421504
1.3666602 0.99767762 -0.66657066 6710886
1.3668963 0.98913509 -0.66668576 6710886
1.3671323 0.98058957 -0.66680092 6710886
1.3673686 0.97204119 -0.66691613 6710886
1.3676047 0.96348965 -0.66703129 6710886
1.3678411 0.95493537 -0.66714662 6710886
1.3680776 0.94637811 -0.66726196 6710886
1.3683141 0.93781781 -0.66737735 6710886
1.3685507 0.92925453 -0.66749269 6710886
1.3687874 0.92068839 -0.66760814 6710886
1.3690242 0.91211921 -0.6677236 6710886
1.3692609 0.90354699 -0.66783911 6710886
1.3694979 0.89497197 -0.66795468 6710886
1.369735 0.88639396 -0.66807032 6710886
1.3699721 0.87781292 -0.66818595 6710886
1.3702091 0.86922884 -0.66830158 6710886
1.3704464 0.8606419 -0.66841733 6710886
1.3706838 0.85205197 -0.66853309 6710886
1.3709211 0.84345901 -0.66864884 6710886
1.3711586 0.83486307 -0.66876465 6710886
1.3713963 0.82626426 -0.66888058 6710886
1.3716339 0.81766236 -0.66899651 6710886
1.3718716 0.80905747 -0.66911244 6710886
1.3721095 0.80044973 -0.66922849 6710886
1.3723475 0.79183894 -0.66934454 6710886
1.3725853 0.78322506 -0.66946054 6710886
1.3728235 0.77460831 -0.6695767 6710886
1.3730617 0.76598859 -0.66969287 6710886
1.3732998 0.75736576 -0.66980904 6710886
1.3735381 0.74874002 -0.66992527 6710886
1.3737766 0.74011123 -0.67004156 6710886
1.3740151 0.73147953 -0.67015791 6710886
1.3742536 0.72284478 -0.67027426 6710886
1.3744923 0.71420699 -0.67039061 6710886
1.3747311 0.70556629 -0.67050707 6710886
1.3749697 0.69692248 -0.67062348 6710886
1.3752087 0.68827575 -0.67074007 6710886
1.3754478 0.67962599 -0.67085665 6710886
1.3756869 0.6709733 -0.6709733 6710886
1.3759259 0.66231745 -0.67108983 6710886
1.3761652 0.65365869 -0.67120653 6710886
1.3764045 0.64499688 -0.6713233 6710886
1.3766438 0.63633204 -0.67144001 6710886
1.3768833 0.62766421 -0.67155677 6710886
1.3771229 0.6189934 -0.67167366 6710886
1.3773626 0.61031955 -0.6717906 6710886
1.3776022 0.60164261 -0.67190748 6710886
1.3778421 0.59296274 -0.67202443 6710886
1.378082 0.58427984 -0.67214149 6710886
1.3783219 0.57559383 -0.6722585 6710886
1.3785621 0.56690496 -0.67237562 6710886
1.3788022 0.55821294 -0.67249274 6710886
1.3790425 0.54951793 -0.67260993 6710886
1.3792827 0.54081982 -0.67272711 6710886
1.3795232 0.53211874 -0.67284435 6710886
1.3797637 0.52341467 -0.67296171 6710886
1.3800042 0.51470745 -0.67307895 6710886
1.3802449 0.50599724 -0.67319638 6710886
1.3804857 0.49728405 -0.6733138 6710886
1.3807265 0.48856777 -0.67343128 6710886
1.3809674 0.47984847 -0.67354876 6710886
1.3812084 0.47112614 -0.67366636 6710886
1.3814495 0.4624007 -0.6737839 6710886
1.3816906 0.45367226 -0.6739015 6710886
1.3819318 0.44494075 -0.67401916 6710886
1.3821732 0.43620622 -0.67413688 6710886
1.3824146 0.42746863 -0.6742546 6710886
1.3826561 0.41872796 -0.67437243 6710886
1.3828977 0.40998429 -0.67449027 6710886
1.3831393 0.40123749 -0.67460805 6710886
1.383381 0.39248767 -0.67472601 6710886
1.3836229 0.38373479 -0.67484397 6710886
1.3838648 0.37497884 -0.67496192 6710886
1.3841068 0.36621985 -0.67507994 6710886
1.3843489 0.35745779 -0.67519808 6710886
1.384591 0.34869266 -0.67531615 6710886
1.3848332 0.33992445 -0.67543429 6710886
1.3850756 0.33115318 -0.67555249 6710886
1.3853179 0.32237881 -0.67567068 6710886
1.3855605 0.31360143 -0.675789 6710886
1.385803 0.30482092 -0.67590725 6710886
1.3860458 0.29603741 -0.67602569 6710886
1.3862885 0.28725076 -0.67614406 6710886
1.3865314 0.27846104 -0.6762625 6710886
1.3867743 0.26966825 -0.67638105 6710886
1.3870174 0.26087239 -0.67649955 6710886
1.3872604 0.25207341 -0.6766181 6710886
1.3875036 0.24327138 -0.67673671 6710886
1.3877468 0.23446624 -0.67685533 6710886
1.3879902 0.22565803 -0.67697406 6710886
1.3882337 0.21684672 -0.67709279 6710886
1.3884771 0.2080323 -0.67721152 6710886
1.3887208 0.19921482 -0.67733037 6710886
1.3889645 0.19039424 -0.67744929 6710886
1.3892082 0.18157054 -0.67756814 6710886
1.3894521 0.17274377 -0.67768711 6710886
1.3896961 0.16391389 -0.67780608 6710886
1.3899401 0.15508091 -0.67792511 6710886
1.3901843 0.14624482 -0.6780442 6710886
1.3904284 0.13740563 -0.67816329 6710886
1.3906727 0.12856333 -0.67828238 6710886
1.3909172 0.11971794 -0.67840165 6710886
1.3911616 0.11086942 -0.67852086 6710886
1.3914062 0.1020178 -0.67864019 6710886
1.3916508 0.093163066 -0.67875946 6710886
1.3918954 0.084305204 -0.67887878 6710886
1.3921403 0.075444244 -0.67899823 6710886
1.3923852 0.066580169 -0.67911768 6710886
1.3926301 0.057712957 -0.67923713 6710886
1.3928753 0.048842639 -0.67935669 6710886
1.3931203 0.039969187 -0.6794762 6710886
1.3933656 0.031092621 -0.67959583 6710886
1.393611 0.022212924 -0.67971551 6710886
1.3938563 0.013330101 -0.67983514 6710886
1.3941019 0.0044441498 -0.67995495 6710886
1.3943475 -0.004444933 -0.68007475 6710886
1.3945931 -0.013337148 -0.68019456 6710886
1.3948389 -0.022232497 -0.68031442 6710886
1.3950849 -0.031130984 -0.68043441 6710886
1.3953308 -0.040032607 -0.68055433 6710886
1.3955768 -0.048937373 -0.68067431 6710886
1.395823 -0.057845276 -0.68079442 6710886
1.3960692 -0.066756323 -0.68091446 6710886
1.3963156 -0.075670518 -0.68103462 6710886
1.396562 -0.084587857 -0.68115485 6710886
1.3968084 -0.093508333 -0.68127501 6710886
1.3970549 -0.10243197 -0.68139523 6710886
1.3973016 -0.11135875 -0.68151557 6710886
1.3975483 -0.12028869 -0.68163592 6710886
1.3977952 -0.12922178 -0.68175632 6710886
1.3980421 -0.13815804 -0.68187672 6710886
1.3982892 -0.14709745 -0.68199724 6710886
1.3985362 -0.15604 -0.68211776 6710886
1.3987834 -0.16498575 -0.68223834 6710886
1.3990308 -0.17393464 -0.68235898 6710886
1.3992782 -0.18288669 -0.68247962 6710886
1.3995255 -0.1918419 -0.68260026 6710886
1.399773 -0.20080028 -0.68272096 6710886
1.4000206 -0.20976184 -0.68284172 6710886
1.4002684 -0.21872659 -0.6829626 6710886
1.4005162 -0.22769448 -0.68308342 6710886
1.4007641 -0.23666556 -0.68320435 6710886
1.4010121 -0.24563982 -0.68332529 6710886
1.4012601 -0.25461724 -0.68344629 6710886
1.4015083 -0.26359788 -0.68356735 6710886
1.4017565 -0.27258167 -0.6836884 6710886
1.4020048 -0.28156862 -0.68380952 6710886
1.4022532 -0.29055876 -0.68393064 6710886
1.4025017 -0.29955211 -0.68405187 6710886
1.4027503 -0.30854866 -0.68417311 6710886
1.4029989 -0.31754836 -0.68429434 6710886
1.4032477 -0.32655129 -0.6844157 6710886
1.4034966 -0.3355574 -0.68453711 6710886
1.4037455 -0.3445667 -0.68465853 6710886
1.4039946 -0.35357919 -0.68478 6710886
1.4042437 -0.3625949 -0.68490148 6710886
1.404493 -0.37161383 -0.68502307 6710886
1.4047421 -0.38063589 -0.6851446 6710886
1.4049915 -0.38966119 -0.6852662 6710886
1.405241 -0.39868972 -0.68538791 6710886
1.4054906 -0.40772143 -0.68550968 6710886
1.40574 -0.41675627 -0.68563128 6710886
1.4059896 -0.42579439 -0.68575305 6710886
1.4062393 -0.43483567 -0.68587482 6710886
1.406489 -0.44388017 -0.68599659 6710886
1.406739 -0.45292792 -0.68611854 6710886
1.4069891 -0.46197891 -0.68624055 6710886
1.407239 -0.47103301 -0.68636239 6710886
1.4074893 -0.48009047 -0.68648452 6710886
1.4077395 -0.48915106 -0.68660653 6710886
1.4079901 -0.49821499 -0.68672878 6710886
1.4082409 -0.5072822 -0.68685108 6710886
1.4084915 -0.51635247 -0.68697327 8421504
1.3666105 0.99764132 -0.67525941 6710886
1.3668464 0.98909903 -0.675376 6710886
1.3670826 0.98055393 -0.6754927 6710886
1.3673187 0.97200572 -0.67560935 6710886
1.367555 0.96345466 -0.67572612 6710886
1.3677913 0.95490056 -0.67584288 6710886
1.3680277 0.94634354 -0.67595965 6710886
1.3682643 0.93778366 -0.67607659 6710886
1.3685007 0.92922062 -0.67619342 6710886
1.3687375 0.92065477 -0.67631036 6710886
1.3689742 0.91208589 -0.67642736 6710886
1.3692111 0.90351415 -0.67654437 6710886
1.3694479 0.8949393 -0.67666143 6710886
1.3696849 0.88636154 -0.67677855 6710886
1.369922 0.87778085 -0.67689568 6710886
1.3701591 0.86919713 -0.67701286 6710886
1.3703964 0.86061049 -0.67713004 6710886
1.3706337 0.85202086 -0.67724735 6710886
1.3708712 0.84342825 -0.67736465 6710886
1.3711085 0.83483261 -0.67748195 6710886
1.3713461 0.82623404 -0.67759937 6710886
1.3715838 0.8176325 -0.67771679 6710886
1.3718215 0.80902797 -0.67783427 6710886
1.3720593 0.80042046 -0.67795175 6710886
1.3722973 0.79180998 -0.67806935 6710886
1.3725352 0.78319651 -0.67818689 6710886
1.3727732 0.77457994 -0.67830449 6710886
1.3730114 0.76596051 -0.67842215 6710886
1.3732497 0.75733811 -0.67853993 6710886
1.3734878 0.74871254 -0.67865759 6710886
1.3737262 0.74008417 -0.67877537 6710886
1.3739648 0.73145276 -0.67889327 6710886
1.3742034 0.72281837 -0.67901117 6710886
1.374442 0.71418089 -0.67912906 6710886
1.3746806 0.70554042 -0.67924696 6710886
1.3749195 0.69689703 -0.67936504 6710886
1.3751583 0.68825054 -0.679483 6710886
1.3753973 0.67960107 -0.67960107 6710886
1.3756365 0.67094868 -0.67971927 6710886
1.3758755 0.6622932 -0.67983735 6710886
1.3761147 0.65363473 -0.6799556 6710886
1.376354 0.64497322 -0.6800738 6710886
1.3765935 0.63630879 -0.68019211 6710886
1.3768328 0.6276412 -0.68031043 6710886
1.3770725 0.61897069 -0.6804288 6710886
1.3773121 0.61029714 -0.68054718 6710886
1.3775517 0.60162055 -0.68066561 6710886
1.3777915 0.59294099 -0.68078411 6710886
1.3780315 0.58425844 -0.68090266 6710886
1.3782715 0.57557279 -0.68102127 6710886
1.3785114 0.5668841 -0.68113983 6710886
1.3787516 0.55819243 -0.6812585 6710886
1.3789918 0.54949772 -0.68137717 6710886
1.379232 0.54079998 -0.6814959 6710886
1.3794725 0.53209919 -0.6816147 6710886
1.3797129 0.52339542 -0.68173349 6710886
1.3799536 0.51468861 -0.6818524 6710886
1.3801941 0.50597864 -0.68197125 6710886
1.3804349 0.49726576 -0.68209022 6710886
1.3806757 0.4885498 -0.68220919 6710886
1.3809165 0.47983077 -0.68232816 6710886
1.3811575 0.47110876 -0.68244725 6710886
1.3813987 0.46238372 -0.68256646 6710886
1.3816398 0.4536556 -0.68268561 6710886
1.381881 0.44492438 -0.68280476 6710886
1.3821223 0.43619016 -0.68292397 6710886
1.3823637 0.42745289 -0.68304324 6710886
1.3826051 0.41871253 -0.68316251 6710886
1.3828467 0.40996915 -0.68328196 6710886
1.3830884 0.40122271 -0.68340135 6710886
1.3833301 0.39247322 -0.68352079 6710886
1.3835719 0.38372064 -0.68364024 6710886
1.3838139 0.37496507 -0.68375981 6710886
1.3840557 0.36620635 -0.68387932 6710886
1.3842978 0.35744461 -0.68399894 6710886
1.38454 0.34867981 -0.68411857 6710886
1.3847822 0.33991191 -0.68423826 6710886
1.3850245 0.331141 -0.684358 6710886
1.3852669 0.32236695 -0.68447781 6710886
1.3855094 0.31358987 -0.68459761 6710886
1.385752 0.30480972 -0.68471748 6710886
1.3859946 0.29602647 -0.68483734 6710886
1.3862374 0.28724015 -0.68495733 6710886
1.3864802 0.27845076 -0.68507731 6710886
1.386723 0.2696583 -0.68519729 6710886
1.3869661 0.26086274 -0.6853174 6710886
1.3872092 0.25206411 -0.6854375 6710886
1.3874524 0.2432624 -0.68555766 6710886
1.3876957 0.2344576 -0.68567789 6710886
1.3879389 0.22564967 -0.68579805 6710886
1.3881824 0.2168387 -0.68591839 6710886
1.3884259 0.20802464 -0.68603867 6710886
1.3886694 0.19920744 -0.68615896 6710886
1.3889132 0.1903872 -0.68627942 6710886
1.3891569 0.18156384 -0.68639988 6710886
1.3894007 0.17273737 -0.68652034 6710886
1.3896447 0.16390784 -0.68664092 6710886
1.3898888 0.15507518 -0.6867615 6710886
1.3901328 0.14623941 -0.68688208 6710886
1.390377 0.13740055 -0.68700278 6710886
1.3906212 0.12855858 -0.68712342 6710886
1.3908656 0.1197135 -0.68724418 6710886
1.3911101 0.11086532 -0.68736494 6710886
1.3913546 0.10201402 -0.68748575 6710886
1.3915992 0.093159609 -0.68760663 6710886
1.3918439 0.08430209 -0.68772757 6710886
1.3920887 0.07544145 -0.68784851 6710886
1.3923336 0.066577695 -0.68796957 6710886
1.3925786 0.057710823 -0.68809056 6710886
1.3928236 0.048840825 -0.68821162 6710886
1.3930688 0.039967712 -0.6883328 6710886
1.3933139 0.031091467 -0.68845391 6710886
1.3935592 0.022212101 -0.68857509 6710886
1.3938047 0.013329607 -0.68869638 6710886
1.3940501 0.0044439849 -0.68881768 6710886
1.3942957 -0.0044447677 -0.68893903 6710886
1.3945414 -0.013336653 -0.68906039 6710886
1.3947871 -0.022231672 -0.6891818 6710886
1.395033 -0.031129828 -0.68930334 6710886
1.3952789 -0.04003112 -0.68942487 6710886
1.395525 -0.048935551 -0.68954641 6710886
1.395771 -0.057843123 -0.689668 6710886
1.3960173 -0.066753842 -0.68978971 6710886
1.3962636 -0.075667702 -0.68991137 6710886
1.39651 -0.084584706 -0.69003314 6710886
1.3967565 -0.093504861 -0.69015497 6710886
1.3970029 -0.10242815 -0.69027668 6710886
1.3972496 -0.11135461 -0.69039857 6710886
1.3974963 -0.12028421 -0.69052052 6710886
1.3977431 -0.12921697 -0.69064242 6710886
1.3979901 -0.1381529 -0.69076449 6710886
1.3982371 -0.14709197 -0.6908865 6710886
1.3984841 -0.15603419 -0.69100857 6710886
1.3987314 -0.16497959 -0.69113076 6710886
1.3989786 -0.17392814 -0.69125289 6710886
1.399226 -0.18287987 -0.69137514 6710886
1.3994734 -0.19183476 -0.69149739 6710886
1.3997208 -0.20079279 -0.69161963 6710886
1.3999684 -0.20975402 -0.69174194 6710886
1.4002161 -0.21871841 -0.69186437 6710886
1.4004639 -0.22768599 -0.6919868 6710886
1.4007118 -0.23665673 -0.69210929 6710886
1.4009597 -0.24563064 -0.69223177 6710886
1.4012078 -0.25460774 -0.69235438 6710886
1.401456 -0.26358801 -0.69247699 6710886
1.4017042 -0.27257147 -0.69259965 6710886
1.4019525 -0.28155813 -0.69272232 6710886
1.4022008 -0.29054791 -0.69284505 6710886
1.4024493 -0.29954091 -0.69296777 6710886
1.4026979 -0.30853713 -0.69309068 6710886
1.4029466 -0.31753653 -0.69321352 6710886
1.4031953 -0.32653907 -0.69333643 6710886
1.4034442 -0.33554485 -0.69345939 6710886
1.4036931 -0.34455383 -0.69358236 6710886
1.4039421 -0.35356599 -0.69370544 6710886
1.4041913 -0.36258137 -0.69382852 6710886
1.4044404 -0.37159991 -0.69395167 6710886
1.4046897 -0.38062167 -0.69407481 6710886
1.4049389 -0.38964662 -0.69419795 6710886
1.4051884 -0.39867479 -0.69432127 6710886
1.4054379 -0.40770614 -0.69444454 6710886
1.4056875 -0.41674069 -0.6945678 6710886
1.405937 -0.42577842 -0.69469112 6710886
1.4061866 -0.43481937 -0.69481444 6710886
1.4064363 -0.44386354 -0.69493788 6710886
1.4066863 -0.45291096 -0.69506139 6710886
1.4069364 -0.46196163 -0.69518495 6710886
1.4071863 -0.47101536 -0.69530839 6710886
1.4074365 -0.48007244 -0.69543207 6710886
1.4076867 -0.4891327 -0.69555569 6710886
1.4079374 -0.49819633 -0.69567955 6710886
1.4081881 -0.50726312 -0.6958034 6710886
1.4084387 -0.5163331 -0.69592726 8421504
1.3665608 0.99760509 -0.68394756 6710886
1.3667967 0.98906308 -0.68406564 6710886
1.3670328 0.98051816 -0.68418378 6710886
1.3672689 0.97197032 -0.68430197 6710886
1.3675052 0.96341956 -0.68442023 6710886
1.3677415 0.95486575 -0.68453848 6710886
1.3679779 0.94630909 -0.6846568 6710886
1.3682144 0.93774945 -0.68477517 6710886
1.368451 0.92918682 -0.68489361 6710886
1.3686875 0.92062116 -0.68501198 6710886
1.3689243 0.91205263 -0.68513048 6710886
1.3691611 0.90348119 -0.68524903 6710886
1.369398 0.8949067 -0.68536752 6710886
1.369635 0.88632923 -0.68548614 6710886
1.3698721 0.87774885 -0.68560481 6710886
1.3701092 0.86916548 -0.68572348 6710886
1.3703463 0.86057901 -0.68584216 6710886
1.3705837 0.85198975 -0.68596095 6710886
1.3708211 0.8433975 -0.6860798 6710886
1.3710585 0.83480209 -0.68619859 6710886
1.371296 0.82620388 -0.6863175 6710886
1.3715338 0.81760269 -0.68643647 6710886
1.3717715 0.80899847 -0.68655545 6710886
1.3720092 0.8003912 -0.68667442 6710886
1.3722471 0.79178101 -0.68679351 6710886
1.372485 0.78316784 -0.6869126 6710886
1.372723 0.77455163 -0.68703169 6710886
1.3729612 0.7659325 -0.6871509 6710886
1.3731995 0.75731039 -0.68727016 6710886
1.3734378 0.7486853 -0.68738943 6710886
1.3736761 0.74005711 -0.68750864 6710886
1.3739145 0.73142594 -0.68762797 6710886
1.374153 0.72279185 -0.68774736 6710886
1.3743916 0.71415466 -0.68786675 6710886
1.3746303 0.70551461 -0.68798625 6710886
1.3748691 0.69687146 -0.68810576 6710886
1.375108 0.68822533 -0.68822533 6710886
1.3753469 0.67957616 -0.6883449 6710886
1.375586 0.67092407 -0.68846458 6710886
1.3758252 0.66226894 -0.68858427 6710886
1.3760643 0.65361077 -0.68870395 6710886
1.3763036 0.64494956 -0.6888237 6710886
1.3765429 0.63628542 -0.68894351 6710886
1.3767824 0.62761825 -0.68906337 6710886
1.3770219 0.61894798 -0.68918324 6710886
1.3772615 0.61027479 -0.68930316 6710886
1.3775012 0.6015985 -0.68942314 6710886
1.377741 0.59291923 -0.68954313 6710886
1.3779808 0.58423692 -0.68966317 6710886
1.3782208 0.57555163 -0.68978328 6710886
1.3784609 0.5668633 -0.68990344 6710886
1.378701 0.55817193 -0.6900236 6710886
1.3789412 0.54947758 -0.69014382 6710886
1.3791815 0.54078013 -0.69026411 6710886
1.3794218 0.53207964 -0.69038439 6710886
1.3796623 0.52337617 -0.69050473 6710886
1.3799028 0.51466966 -0.69062507 6710886
1.3801434 0.50596011 -0.69074547 6710886
1.3803841 0.49724749 -0.69086593 6710886
1.3806249 0.48853183 -0.69098645 6710886
1.3808658 0.47981319 -0.69110703 6710886
1.3811067 0.47109145 -0.69122761 6710886
1.3813478 0.46236667 -0.69134825 6710886
1.3815889 0.45363888 -0.69146895 6710886
1.3818301 0.44490799 -0.69158965 6710886
1.3820714 0.43617409 -0.69171041 6710886
1.3823128 0.42743713 -0.69183123 6710886
1.3825543 0.41869715 -0.69195211 6710886
1.3827958 0.40995407 -0.69207299 6710886
1.3830374 0.40120795 -0.69219393 6710886
1.3832792 0.3924588 -0.69231492 6710886
1.383521 0.38370654 -0.69243592 6710886
1.3837628 0.37495124 -0.69255698 6710886
1.3840048 0.36619288 -0.69267809 6710886
1.3842467 0.35743141 -0.69279915 6710886
1.3844889 0.34866694 -0.69292039 6710886
1.3847312 0.33989939 -0.69304162 6710886
1.3849734 0.33112875 -0.69316286 6710886
1.3852159 0.32235509 -0.69328421 6710886
1.3854582 0.31357828 -0.69340551 6710886
1.3857008 0.30479845 -0.69352692 6710886
1.3859435 0.29601556 -0.6936484 6710886
1.3861861 0.28722954 -0.69376981 6710886
1.386429 0.27844048 -0.69389135 6710886
1.3866719 0.26964834 -0.69401294 6710886
1.3869148 0.26085311 -0.69413453 6710886
1.3871579 0.25205478 -0.69425619 6710886
1.3874011 0.24325339 -0.6943779 6710886
1.3876443 0.23444891 -0.69449961 6710886
1.3878877 0.22564135 -0.69462144 6710886
1.388131 0.21683069 -0.69474322 6710886
1.3883746 0.20801695 -0.69486511 6710886
1.3886181 0.19920009 -0.694987 6710886
1.3888618 0.19038016 -0.69510895 6710886
1.3891056 0.18155713 -0.69523096 6710886
1.3893493 0.172731 -0.69535297 6710886
1.3895932 0.16390176 -0.69547504 6710886
1.3898373 0.15506943 -0.69559717 6710886
1.3900814 0.14623401 -0.69571936 6710886
1.3903255 0.13739546 -0.69584155 6710886
1.3905698 0.12855382 -0.6959638 6710886
1.3908141 0.11970907 -0.69608605 6710886
1.3910586 0.11086121 -0.69620842 6710886
1.3913031 0.10201024 -0.69633079 6710886
1.3915477 0.093156159 -0.69645321 6710886
1.3917923 0.084298961 -0.69657564 6710886
1.3920372 0.075438656 -0.69669819 6710886
1.3922819 0.066575222 -0.69682068 6710886
1.392527 0.057708684 -0.69694334 6710886
1.392772 0.048839014 -0.69706595 6710886
1.3930171 0.039966226 -0.69718862 6710886
1.3932623 0.031090314 -0.69731134 6710886
1.3935075 0.022211276 -0.69743407 6710886
1.3937529 0.013329113 -0.69755691 6710886
1.3939984 0.0044438201 -0.69767976 6710886
1.394244 -0.0044446029 -0.69780266 6710886
1.3944896 -0.013336158 -0.69792563 6710886
1.3947353 -0.022230847 -0.69804859 6710886
1.3949811 -0.031128671 -0.69817162 6710886
1.3952271 -0.040029634 -0.6982947 6710886
1.395473 -0.04893373 -0.69841778 6710886
1.3957192 -0.057840973 -0.69854099 6710886
1.3959653 -0.066751353 -0.69866419 6710886
1.3962116 -0.075664885 -0.69878745 6710886
1.396458 -0.084581561 -0.69891077 6710886
1.3967046 -0.093501382 -0.69903415 6710886
1.3969511 -0.10242435 -0.69915754 6710886
1.3971976 -0.11135047 -0.69928092 6710886
1.3974442 -0.12027973 -0.69940436 6710886
1.3976911 -0.12921217 -0.69952792 6710886
1.397938 -0.13814774 -0.69965148 6710886
1.398185 -0.14708649 -0.6997751 6710886
1.398432 -0.15602838 -0.69989872 6710886
1.3986791 -0.16497344 -0.7000224 6710886
1.3989265 -0.17392167 -0.7001462 6710886
1.3991739 -0.18287306 -0.70027 6710886
1.3994212 -0.19182761 -0.7003938 6710886
1.3996687 -0.20078532 -0.70051765 6710886
1.3999162 -0.2097462 -0.70064151 6710886
1.4001639 -0.21871026 -0.70076549 6710886
1.4004117 -0.22767749 -0.70088953 6710886
1.4006596 -0.2366479 -0.70101362 6710886
1.4009075 -0.24562149 -0.70113772 6710886
1.4011555 -0.25459823 -0.70126182 6710886
1.4014037 -0.26357818 -0.70138603 6710886
1.4016519 -0.27256131 -0.70151025 6710886
1.4019002 -0.28154761 -0.70163453 6710886
1.4021485 -0.29053709 -0.7017588 6710886
1.4023969 -0.29952973 -0.70188314 6710886
1.4026455 -0.30852559 -0.70200753 6710886
1.4028941 -0.31752464 -0.70213199 6710886
1.4031428 -0.32652688 -0.70225644 6710886
1.4033917 -0.33553234 -0.70238101 6710886
1.4036406 -0.34454095 -0.70250559 6710886
1.4038895 -0.35355276 -0.70263016 6710886
1.4041387 -0.36256778 -0.70275486 6710886
1.4043878 -0.37158599 -0.70287955 6710886
1.4046371 -0.38060743 -0.7030043 6710886
1.4048865 -0.38963205 -0.70312911 6710886
1.4051358 -0.39865983 -0.70325387 6710886
1.4053854 -0.40769091 -0.7033788 6710886
1.4056349 -0.4167251 -0.70350367 6710886
1.4058843 -0.42576247 -0.70362848 6710886
1.4061339 -0.43480307 -0.70375341 6710886
1.4063836 -0.44384691 -0.7038784 6710886
1.4066336 -0.452894 -0.70400351 6710886
1.4068837 -0.46194431 -0.70412868 6710886
1.4071336 -0.47099775 -0.70425379 6710886
1.4073838 -0.48005447 -0.70437902 6710886
1.4076339 -0.48911437 -0.70450419 6710886
1.4078846 -0.49817765 -0.70462966 6710886
1.4081352 -0.50724411 -0.70475507 6710886
1.4083859 -0.51631373 -0.70488054 7566195
1.366511 0.99756867 -0.692635 6710886
1.366747 0.98902708 -0.69275469 6710886
1.3669831 0.98048252 -0.69287431 6710886
1.3672191 0.97193491 -0.69299394 6710886
1.3674554 0.96338445 -0.69311368 6710886
1.3676918 0.95483106 -0.69323349 6710886
1.367928 0.94627458 -0.6933533 6710886
1.3681645 0.93771529 -0.69347316 6710886
1.3684011 0.92915291 -0.69359303 6710886
1.3686377 0.92058766 -0.69371295 6710886
1.3688743 0.91201937 -0.69383293 6710886
1.3691112 0.90344822 -0.69395298 6710886
1.3693482 0.8948741 -0.69407308 6710886
1.369585 0.88629693 -0.69419312 6710886
1.369822 0.87771678 -0.69431329 6710886
1.3700593 0.86913377 -0.69443351 6710886
1.3702965 0.86054772 -0.69455373 6710886
1.3705336 0.85195857 -0.69467396 6710886
1.3707711 0.84336668 -0.6947943 6710886
1.3710085 0.83477169 -0.69491464 6710886
1.371246 0.82617372 -0.69503504 6710886
1.3714836 0.81757277 -0.69515544 6710886
1.3717213 0.80896884 -0.6952759 6710886
1.371959 0.80036193 -0.69539642 6710886
1.3721969 0.7917521 -0.695517 6710886
1.3724349 0.78313923 -0.69563764 6710886
1.3726729 0.77452338 -0.69575828 6710886
1.372911 0.76590449 -0.69587892 6710886
1.3731492 0.75728267 -0.69599968 6710886
1.3733875 0.74865788 -0.69612044 6710886
1.3736258 0.74002999 -0.69624126 6710886
1.3738642 0.73139918 -0.69636208 6710886
1.3741027 0.72276539 -0.69648302 6710886
1.3743414 0.71412861 -0.69660395 6710886
1.37458 0.70548874 -0.69672495 6710886
1.3748188 0.69684595 -0.69684595 6710886
1.3750577 0.68820018 -0.69696707 6710886
1.3752965 0.67955124 -0.69708806 6710886
1.3755356 0.67089951 -0.6972093 6710886
1.3757747 0.66224468 -0.69733047 6710886
1.3760139 0.6535868 -0.69745171 6710886
1.3762531 0.64492595 -0.69757295 6710886
1.3764925 0.63626212 -0.6976943 6710886
1.3767319 0.62759519 -0.6978156 6710886
1.3769714 0.61892527 -0.69793701 6710886
1.377211 0.61025238 -0.69805849 6710886
1.3774507 0.60157645 -0.69817996 6710886
1.3776904 0.59289747 -0.69830149 6710886
1.3779303 0.58421552 -0.69842303 6710886
1.3781703 0.57553053 -0.69854468 6710886
1.3784102 0.5668425 -0.69866633 6710886
1.3786503 0.55815142 -0.69878799 6710886
1.3788905 0.54945737 -0.69890976 6710886
1.3791308 0.54076028 -0.69903159 6710886
1.3793712 0.53206015 -0.69915336 6710886
1.3796115 0.52335691 -0.6992752 6710886
1.3798521 0.5146507 -0.69939715 6710886
1.3800927 0.50594151 -0.6995191 6710886
1.3803333 0.49722919 -0.69964105 6710886
1.3805741 0.48851386 -0.69976312 6710886
1.380815 0.47979555 -0.69988525 6710886
1.381056 0.47107413 -0.70000732 6710886
1.381297 0.46234968 -0.70012951 6710886
1.3815382 0.45362219 -0.70025176 6710886
1.3817793 0.44489166 -0.70037401 6710886
1.3820205 0.43615803 -0.7004962 6710886
1.3822619 0.42742139 -0.70061857 6710886
1.3825034 0.41868174 -0.70074099 6710886
1.3827448 0.40993893 -0.70086336 6710886
1.3829864 0.40119314 -0.70098585 6710886
1.3832282 0.39244431 -0.7011084 6710886
1.3834701 0.38369241 -0.70123094 6710886
1.3837118 0.37493742 -0.70135349 6710886
1.3839538 0.36617938 -0.70147616 6710886
1.3841958 0.35741827 -0.70159882 6710886
1.3844379 0.34865409 -0.70172155 6710886
1.3846802 0.33988687 -0.70184433 6710886
1.3849224 0.33111656 -0.70196712 6710886
1.3851647 0.32234317 -0.70208997 6710886
1.3854072 0.31356674 -0.70221281 6710886
1.3856497 0.30478722 -0.70233572 6710886
1.3858924 0.29600462 -0.70245874 6710886
1.3861351 0.28721896 -0.70258176 6710886
1.3863778 0.27843019 -0.70270479 6710886
1.3866208 0.26963839 -0.70282793 6710886
1.3868637 0.26084349 -0.70295107 6710886
1.3871067 0.25204548 -0.70307422 6710886
1.3873498 0.24324441 -0.70319748 6710886
1.3875932 0.23444027 -0.7033208 6710886
1.3878363 0.22563301 -0.70344406 6710886
1.3880798 0.21682267 -0.70356745 6710886
1.3883232 0.20800924 -0.70369083 6710886
1.3885667 0.19919272 -0.70381427 6710886
1.3888105 0.19037312 -0.70393783 6710886
1.3890541 0.1815504 -0.70406127 6710886
1.389298 0.1727246 -0.70418495 6710886
1.3895419 0.1638957 -0.70430857 6710886
1.3897858 0.15506369 -0.70443219 6710886
1.3900299 0.14622858 -0.70455593 6710886
1.3902742 0.13739039 -0.70467973 6710886
1.3905183 0.12854905 -0.70480347 6710886
1.3907627 0.11970464 -0.70492733 6710886
1.3910069 0.1108571 -0.70505112 6710886
1.3912516 0.10200647 -0.7051751 6710886
1.3914962 0.093152717 -0.70529914 6710886
1.3917408 0.084295847 -0.70542312 6710886
1.3919855 0.075435862 -0.70554715 6710886
1.3922304 0.066572763 -0.70567125 6710886
1.3924752 0.057706539 -0.70579535 6710886
1.3927203 0.048837204 -0.70591962 6710886
1.3929654 0.039964747 -0.70604384 6710886
1.3932105 0.031089161 -0.70616806 6710886
1.3934559 0.022210453 -0.70629239 6710886
1.3937012 0.013328618 -0.70641679 6710886
1.3939466 0.0044436553 -0.70654118 6710886
1.3941922 -0.004444438 -0.70666564 6710886
1.3944378 -0.013335663 -0.70679009 6710886
1.3946835 -0.02223002 -0.70691466 6710886
1.3949294 -0.031127516 -0.7070393 6710886
1.3951752 -0.040028144 -0.70716387 6710886
1.3954211 -0.048931912 -0.70728856 6710886
1.3956673 -0.057838824 -0.70741332 6710886
1.3959135 -0.06674888 -0.70753807 6710886
1.3961598 -0.075662076 -0.70766294 6710886
1.3964061 -0.08457841 -0.70778775 6710886
1.3966526 -0.093497902 -0.70791268 6710886
1.3968991 -0.10242055 -0.70803767 6710886
1.3971456 -0.11134633 -0.70816261 6710886
1.3973923 -0.12027526 -0.70828766 6710886
1.397639 -0.12920734 -0.70841271 6710886
1.3978859 -0.1381426 -0.70853782 6710886
1.3981329 -0.147081 -0.70866305 6710886
1.3983799 -0.15602256 -0.70878822 6710886
1.398627 -0.1649673 -0.70891351 6710886
1.3988743 -0.17391518 -0.70903879 6710886
1.3991216 -0.18286623 -0.7091642 6710886
1.3993691 -0.19182047 -0.70928961 6710886
1.3996166 -0.20077784 -0.70941508 6710886
1.399864 -0.20973837 -0.70954043 6710886
1.4001117 -0.21870211 -0.70966601 6710886
1.4003594 -0.22766899 -0.70979154 6710886
1.4006072 -0.23663905 -0.70991719 6710886
1.4008552 -0.24561231 -0.71004283 6710886
1.4011033 -0.25458875 -0.7101686 6710886
1.4013513 -0.26356834 -0.71029437 6710886
1.4015995 -0.27255112 -0.71042013 6710886
1.4018478 -0.28153709 -0.71054602 6710886
1.4020962 -0.29052624 -0.71067184 6710886
1.4023446 -0.29951856 -0.71079779 6710886
1.402593 -0.30851406 -0.71092373 6710886
1.4028417 -0.31751278 -0.71104974 6710886
1.4030904 -0.32651466 -0.7111758 6710886
1.4033391 -0.33551976 -0.71130186 6710886
1.4035881 -0.34452805 -0.71142805 6710886
1.4038371 -0.35353956 -0.71155429 6710886
1.4040861 -0.36255422 -0.71168047 6710886
1.4043353 -0.37157211 -0.71180677 6710886
1.4045845 -0.38059318 -0.71193314 6710886
1.4048339 -0.38961747 -0.71205956 6710886
1.4050833 -0.39864495 -0.71218592 6710886
1.4053327 -0.40767562 -0.71231234 6710886
1.4055823 -0.41670951 -0.71243888 6710886
1.4058318 -0.42574659 -0.7125653 6710886
1.4060813 -0.43478683 -0.71269178 6710886
1.4063309 -0.44383028 -0.71281832 6710886
1.4065809 -0.45287704 -0.71294504 6710886
1.406831 -0.46192703 -0.71307182 6710886
1.4070809 -0.47098011 -0.71319842 6710886
1.4073311 -0.4800365 -0.71332526 6710886
1.4075812 -0.48909605 -0.71345204 6710886
1.4078318 -0.49815896 -0.71357906 6710886
1.4080824 -0.50722504 -0.71370608 6710886
1.4083331 -0.51629442 -0.71383315 7566195
1.3664613 0.99753237 -0.7013219 6710886
1.3666972 0.98899102 -0.70144296 6710886
1.3669333 0.98044688 -0.70156419 6710886
1.3671694 0.97189957 -0.70168531 6710886
1.3674055 0.96334934 -0.70180655 6710886
1.3676419 0.95479625 -0.70192784 6710886
1.3678783 0.94624019 -0.7020492 6710886
1.3681146 0.93768102 -0.70217043 6710886
1.3683512 0.92911911 -0.70229191 6710886
1.3685879 0.92055416 -0.70241332 6710886
1.3688245 0.91198617 -0.70253479 6710886
1.3690614 0.90341532 -0.70265639 6710886
1.3692982 0.89484149 -0.70277792 6710886
1.3695351 0.88626462 -0.70289952 6710886
1.3697721 0.87768477 -0.70302111 6710886
1.3700092 0.869102 -0.70314282 6710886
1.3702464 0.86051631 -0.70326459 6710886
1.3704836 0.85192758 -0.70338637 6710886
1.370721 0.84333587 -0.70350814 6710886
1.3709584 0.83474123 -0.70363003 6710886
1.3711959 0.82614356 -0.70375192 6710886
1.3714335 0.81754291 -0.70387387 6710886
1.3716712 0.80893934 -0.70399582 6710886
1.371909 0.80033278 -0.70411789 6710886
1.3721467 0.79172313 -0.7042399 6710886
1.3723847 0.78311056 -0.70436203 6710886
1.3726227 0.77449507 -0.70448422 6710886
1.3728609 0.76587659 -0.70460647 6710886
1.373099 0.75725496 -0.7047286 6710886
1.3733373 0.74863052 -0.70485091 6710886
1.3735756 0.74000299 -0.70497322 6710886
1.3738139 0.73137242 -0.70509553 6710886
1.3740524 0.72273892 -0.70521796 6710886
1.3742911 0.71410245 -0.70534045 6710886
1.3745297 0.70546293 -0.70546293 6710886
1.3747685 0.69682044 -0.70558548 6710886
1.3750073 0.6881749 -0.70570803 6710886
1.3752463 0.67952645 -0.70583069 6710886
1.3754852 0.67087489 -0.7059533 6710886
1.3757243 0.66222042 -0.70607609 6710886
1.3759634 0.65356284 -0.70619881 6710886
1.3762026 0.64490229 -0.70632154 6710886
1.376442 0.63623875 -0.70644438 6710886
1.3766814 0.62757218 -0.70656729 6710886
1.3769209 0.61890262 -0.70669019 6710886
1.3771604 0.61022997 -0.70681316 6710886
1.3774002 0.60155439 -0.70693618 6710886
1.3776399 0.59287572 -0.7070592 6710886
1.3778796 0.584194 -0.70718223 6710886
1.3781196 0.57550937 -0.70730543 6710886
1.3783597 0.56682169 -0.70742863 6710886
1.3785998 0.55813098 -0.70755184 6710886
1.3788399 0.54943717 -0.7076751 6710886
1.3790802 0.54074043 -0.70779842 6710886
1.3793205 0.5320406 -0.70792174 6710886
1.3795608 0.52333766 -0.70804513 6710886
1.3798014 0.51463181 -0.70816857 6710886
1.380042 0.50592291 -0.70829207 6710886
1.3802826 0.49721092 -0.70841557 6710886
1.3805233 0.48849592 -0.70853913 6710886
1.3807642 0.4797779 -0.70866275 6710886
1.3810052 0.47105679 -0.70878643 6710886
1.3812461 0.46233264 -0.70891005 6710886
1.3814873 0.4536055 -0.70903385 6710886
1.3817284 0.44487527 -0.70915759 6710886
1.3819697 0.436142 -0.70928144 6710886
1.382211 0.42740566 -0.70940524 6710886
1.3824525 0.4186663 -0.70952922 6710886
1.382694 0.40992388 -0.7096532 6710886
1.3829355 0.40117839 -0.70977712 6710886
1.3831773 0.39242986 -0.70990121 6710886
1.383419 0.38367826 -0.71002531 6710886
1.3836609 0.37492362 -0.71014941 6710886
1.3839027 0.36616585 -0.7102735 6710886
1.3841448 0.3574051 -0.71039778 6710886
1.3843869 0.34864125 -0.71052206 6710886
1.384629 0.33987433 -0.71064633 6710886
1.3848714 0.33110437 -0.71077067 6710886
1.3851137 0.32233131 -0.71089506 6710886
1.3853561 0.31355515 -0.71101946 6710886
1.3855987 0.30477598 -0.71114397 6710886
1.3858411 0.29599369 -0.71126842 6710886
1.3860838 0.28720835 -0.711393 6710886
1.3863267 0.27841994 -0.71151763 6710886
1.3865695 0.26962844 -0.71164227 6710886
1.3868124 0.26083383 -0.71176696 6710886
1.3870555 0.25203618 -0.71189165 6710886
1.3872986 0.24323542 -0.7120164 6710886
1.3875418 0.23443159 -0.71214128 6710886
1.3877852 0.2256247 -0.71226621 6710886
1.3880285 0.21681467 -0.71239108 6710886
1.3882719 0.20800157 -0.71251601 6710886
1.3885154 0.19918536 -0.71264094 6710886
1.388759 0.19036607 -0.71276599 6710886
1.3890028 0.18154369 -0.7128911 6710886
1.3892466 0.17271821 -0.71301621 6710886
1.3894905 0.16388965 -0.71314138 6710886
1.3897345 0.15505797 -0.71326667 6710886
1.3899784 0.14622317 -0.71339184 6710886
1.3902227 0.13738529 -0.71351719 6710886
1.3904669 0.12854432 -0.71364254 6710886
1.3907111 0.1197002 -0.71376783 6710886
1.3909556 0.110853 -0.71389335 6710886
1.3911999 0.10200268 -0.71401876 6710886
1.3914446 0.09314926 -0.71414429 6710886
1.3916893 0.084292725 -0.71426994 6710886
1.3919339 0.075433061 -0.71439546 6710886
1.3921788 0.066570289 -0.71452111 6710886
1.3924237 0.057704404 -0.71464688 6710886
1.3926686 0.048835389 -0.71477252 6710886
1.3929138 0.039963264 -0.71489841 6710886
1.393159 0.031088011 -0.71502423 6710886
1.3934041 0.022209629 -0.71515006 6710886
1.3936496 0.013328125 -0.715276 6710886
1.3938949 0.0044434904 -0.71540195 6710886
1.3941405 -0.0044442732 -0.71552795 6710886
1.3943861 -0.013335167 -0.71565402 6710886
1.3946317 -0.022229197 -0.71578008 6710886
1.3948776 -0.031126359 -0.71590626 6710886
1.3951235 -0.040026661 -0.71603251 6710886
1.3953693 -0.048930094 -0.71615863 6710886
1.3956153 -0.05783667 -0.71628493 6710886
1.3958615 -0.066746391 -0.71641123 6710886
1.3961078 -0.07565926 -0.71653765 6710886
1.3963541 -0.084575266 -0.71666408 6710886
1.3966006 -0.093494423 -0.71679062 6710886
1.396847 -0.10241672 -0.71691704 6710886
1.3970937 -0.11134218 -0.71704364 6710886
1.3973402 -0.12027077 -0.71717018 6710886
1.3975871 -0.12920254 -0.7172969 6710886
1.3978338 -0.13813744 -0.71742356 6710886
1.3980808 -0.14707553 -0.71755028 6710886
1.3983278 -0.15601675 -0.71767706 6710886
1.3985749 -0.16496114 -0.7178039 6710886
1.3988222 -0.17390871 -0.71793079 6710886
1.3990695 -0.18285944 -0.71805775 6710886
1.3993169 -0.19181331 -0.71818471 6710886
1.3995644 -0.20077036 -0.71831173 6710886
1.3998119 -0.20973057 -0.71843874 6710886
1.4000595 -0.21869394 -0.71856582 6710886
1.4003072 -0.22766051 -0.71869296 6710886
1.400555 -0.23663023 -0.71882015 6710886
1.400803 -0.24560316 -0.71894741 6710886
1.4010509 -0.25457925 -0.71907467 6710886
1.401299 -0.26355851 -0.71920198 6710886
1.4015472 -0.27254096 -0.71932936 6710886
1.4017954 -0.28152657 -0.71945679 6710886
1.4020438 -0.29051539 -0.71958429 6710886
1.4022923 -0.29950738 -0.71971178 6710886
1.4025407 -0.30850255 -0.71983927 6710886
1.4027892 -0.31750092 -0.71996683 6710886
1.4030379 -0.32650247 -0.7200945 6710886
1.4032867 -0.33550721 -0.72022218 6710886
1.4035356 -0.34451517 -0.72034991 6710886
1.4037845 -0.35352629 -0.72047764 6710886
1.4040337 -0.36254066 -0.72060555 6710886
1.4042828 -0.37155822 -0.7207334 6710886
1.404532 -0.38057894 -0.72086126 6710886
1.4047813 -0.3896029 -0.72098929 6710886
1.4050307 -0.39863005 -0.72111726 6710886
1.4052802 -0.40766039 -0.72124535 6710886
1.4055296 -0.4166939 -0.72137332 6710886
1.4057791 -0.42573062 -0.72150135 6710886
1.4060286 -0.43477052 -0.72162944 6710886
1.4062783 -0.44381365 -0.72175753 6710886
1.4065282 -0.45286006 -0.72188586 6710886
1.4067783 -0.46190971 -0.72201419 6710886
1.4070281 -0.47096244 -0.7221424 6710886
1.4072783 -0.4800185 -0.72227079 6710886
1.4075285 -0.48907775 -0.72239923 6710886
1.407779 -0.49814028 -0.7225278 6710886
1.4080296 -0.50720602 -0.72265637 6710886
1.4082803 -0.51627505 -0.72278506 7566195
1.3664116 0.99749613 -0.71000814 6710886
1.3666475 0.98895508 -0.71013075 6710886
1.3668835 0.98041111 -0.71025336 6710886
1.3671197 0.97186422 -0.71037608 6710886
1.3673557 0.96331424 -0.71049875 6710886
1.3675921 0.95476151 -0.7106216 6710886
1.3678284 0.94620568 -0.71074432 6710886
1.3680649 0.93764699 -0.71086723 6710886
1.3683013 0.9290852 -0.71099007 6710886
1.3685379 0.92052054 -0.71111304 6710886
1.3687747 0.91195297 -0.71123606 6710886
1.3690114 0.90338236 -0.71135908 6710886
1.3692483 0.89480883 -0.71148217 6710886
1.3694851 0.88623226 -0.71160525 6710886
1.3697221 0.87765276 -0.71172839 6710886
1.3699592 0.86907029 -0.7118516 6710886
1.3701963 0.86048484 -0.7119748 6710886
1.3704337 0.85189652 -0.71209812 6710886
1.3706709 0.84330505 -0.71222138 6710886
1.3709084 0.83471072 -0.71234477 6710886
1.3711458 0.8261134 -0.71246815 6710886
1.3713834 0.81751305 -0.71259159 6710886
1.371621 0.80890971 -0.71271503 6710886
1.3718588 0.80030352 -0.71283865 6710886
1.3720967 0.79169422 -0.71296221 6710886
1.3723345 0.78308195 -0.71308577 6710886
1.3725725 0.77446675 -0.71320951 6710886
1.3728106 0.76584852 -0.71333319 6710886
1.3730487 0.75722724 -0.71345687 6710886
1.373287 0.74860305 -0.71358073 6710886
1.3735254 0.73997593 -0.71370459 6710886
1.3737638 0.73134571 -0.7138285 6710886
1.3740022 0.72271252 -0.71395236 6710886
1.3742408 0.71407634 -0.71407634 6710886
1.3744794 0.70543712 -0.71420032 6710886
1.3747181 0.69679493 -0.71432436 6710886
1.374957 0.68814975 -0.71444845 6710886
1.3751959 0.67950153 -0.71457261 6710886
1.3754349 0.67085034 -0.71469676 6710886
1.3756739 0.66219616 -0.71482098 6710886
1.375913 0.65353888 -0.71494526 6710886
1.3761523 0.64487869 -0.71506959 6710886
1.3763915 0.63621545 -0.71519387 6710886
1.3766309 0.62754917 -0.71531826 6710886
1.3768704 0.61887991 -0.71544272 6710886
1.37711 0.61020762 -0.71556723 6710886
1.3773496 0.60153228 -0.71569175 6710886
1.3775893 0.59285396 -0.71581632 6710886
1.3778292 0.58417267 -0.71594089 6710886
1.378069 0.57548827 -0.71606553 6710886
1.378309 0.56680089 -0.71619022 6710886
1.3785491 0.55811048 -0.71631497 6710886
1.3787893 0.54941702 -0.71643978 6710886
1.3790295 0.54072052 -0.7165646 6710886
1.3792698 0.53202105 -0.71668953 6710886
1.3795103 0.52331853 -0.71681446 6710886
1.3797506 0.51461285 -0.71693933 6710886
1.3799913 0.50590432 -0.71706438 6710886
1.380232 0.49719268 -0.71718943 6710886
1.3804725 0.48847795 -0.71731442 6710886
1.3807135 0.47976023 -0.71743965 6710886
1.3809544 0.47103947 -0.71756482 6710886
1.3811954 0.46231568 -0.71769005 6710886
1.3814363 0.45358878 -0.71781528 6710886
1.3816776 0.44485891 -0.71794063 6710886
1.3819189 0.43612596 -0.71806598 6710886
1.3821601 0.42738992 -0.71819133 6710886
1.3824016 0.4186509 -0.71831679 6710886
1.3826431 0.4099088 -0.71844232 6710886
1.3828847 0.40116364 -0.71856785 6710886
1.3831263 0.3924154 -0.71869338 6710886
1.383368 0.3836641 -0.71881896 6710886
1.3836099 0.37490979 -0.71894467 6710886
1.3838516 0.36615235 -0.71907026 6710886
1.3840938 0.35739192 -0.71919608 6710886
1.3843359 0.3486284 -0.71932191 6710886
1.3845781 0.33986181 -0.71944773 6710886
1.3848202 0.33109212 -0.71957356 6710886
1.3850626 0.32231942 -0.7196995 6710886
1.385305 0.31354362 -0.71982551 6710886
1.3855475 0.30476475 -0.71995145 6710886
1.3857901 0.29598278 -0.72007751 6710886
1.3860327 0.28719774 -0.72020358 6710886
1.3862755 0.27840966 -0.72032976 6710886
1.3865184 0.26961848 -0.72045594 6710886
1.3867612 0.2608242 -0.72058213 6710886
1.3870043 0.25202689 -0.72070843 6710886
1.3872474 0.24322645 -0.72083479 6710886
1.3874905 0.23442294 -0.72096109 6710886
1.3877338 0.22561634 -0.72108752 6710886
1.3879772 0.21680667 -0.721214 6710886
1.3882205 0.20799387 -0.72134042 6710886
1.3884642 0.19917801 -0.72146702 6710886
1.3887076 0.19035903 -0.7215935 6710886
1.3889514 0.18153699 -0.72172022 6710886
1.3891952 0.17271183 -0.72184688 6710886
1.389439 0.16388357 -0.72197354 6710886
1.389683 0.15505221 -0.72210032 6710886
1.389927 0.14621776 -0.72222716 6710886
1.3901712 0.13738021 -0.72235399 6710886
1.3904154 0.12853955 -0.72248089 6710886
1.3906597 0.11969578 -0.72260785 6710886
1.3909039 0.11084889 -0.72273475 6710886
1.3911484 0.1019989 -0.72286183 6710886
1.3913929 0.093145803 -0.72298884 6710886
1.3916377 0.084289595 -0.72311604 6710886
1.3918824 0.075430274 -0.72324318 6710886
1.3921272 0.066567823 -0.72337037 6710886
1.3923721 0.057702266 -0.72349763 6710886
1.3926171 0.048833586 -0.72362494 6710886
1.3928621 0.039961781 -0.72375226 6710886
1.3931073 0.031086856 -0.72387964 6710886
1.3933525 0.022208806 -0.72400707 6710886
1.3935978 0.013327629 -0.72413456 6710886
1.3938433 0.0044433256 -0.72426206 6710886
1.3940886 -0.0044441079 -0.72438955 6710886
1.3943343 -0.013334673 -0.72451723 6710886
1.39458 -0.022228371 -0.7246449 6710886
1.3948257 -0.031125203 -0.72477257 6710886
1.3950716 -0.040025171 -0.72490036 6710886
1.3953176 -0.048928279 -0.72502816 6710886
1.3955635 -0.057834521 -0.72515595 6710886
1.3958097 -0.06674391 -0.72528386 6710886
1.3960558 -0.075656436 -0.72541177 6710886
1.3963022 -0.084572122 -0.7255398 6710886
1.3965486 -0.093490943 -0.72566783 6710886
1.396795 -0.10241291 -0.72579587 6710886
1.3970417 -0.11133804 -0.72592402 6710886
1.3972883 -0.12026631 -0.72605217 6710886
1.397535 -0.12919773 -0.72618032 6710886
1.3977818 -0.13813232 -0.72630864 6710886
1.3980287 -0.14707005 -0.72643691 6710886
1.3982757 -0.15601094 -0.72656524 6710886
1.3985229 -0.16495501 -0.72669363 6710886
1.39877 -0.17390221 -0.72682208 6710886
1.3990173 -0.18285261 -0.72695059 6710886
1.3992647 -0.19180615 -0.72707915 6710886
1.3995122 -0.20076287 -0.72720772 6710886
1.3997598 -0.20972276 -0.72733641 6710886
1.4000074 -0.21868581 -0.72746503 6710886
1.400255 -0.22765201 -0.72759366 6710886
1.4005028 -0.23662141 -0.72772247 6710886
1.4007506 -0.24559398 -0.72785127 6710886
1.4009986 -0.25456974 -0.72798008 6710886
1.4012467 -0.26354864 -0.728109 6710886
1.4014949 -0.27253076 -0.72823799 6710886
1.4017431 -0.28151605 -0.72836691 6710886
1.4019914 -0.29050452 -0.72849596 6710886
1.4022398 -0.29949617 -0.72862506 6710886
1.4024884 -0.30849105 -0.72875416 6710886
1.4027369 -0.31748906 -0.72888333 6710886
1.4029855 -0.32649025 -0.72901249 6710886
1.4032342 -0.33549467 -0.72914177 6710886
1.4034832 -0.3445023 -0.72927111 6710886
1.4037321 -0.35351309 -0.72940046 6710886
1.4039811 -0.3625271 -0.72952986 6710886
1.4042302 -0.3715443 -0.72965932 6710886
1.4044794 -0.38056469 -0.72978878 6710886
1.4047288 -0.38958833 -0.72991836 6710886
1.4049782 -0.39861512 -0.73004794 6710886
1.4052275 -0.40764511 -0.73017752 6710886
1.4054772 -0.41667837 -0.73030722 6710886
1.4057264 -0.42571467 -0.73043674 6710886
1.4059759 -0.43475422 -0.73056638 6710886
1.4062256 -0.44379702 -0.73069608 6710886
1.4064755 -0.4528431 -0.73082602 6710886
1.4067256 -0.46189243 -0.73095596 6710886
1.4069754 -0.47094479 -0.73108572 6710886
1.4072255 -0.48000047 -0.73121566 6710886
1.4074757 -0.48905939 -0.73134571 6710886
1.4077262 -0.49812159 -0.73147583 6710886
1.4079767 -0.50718701 -0.73160607 6710886
1.4082274 -0.51625568 -0.7317363 7566195
1.3663619 0.99745983 -0.71869373 6710886
1.3665978 0.98891908 -0.71881783 6710886
1.3668338 0.98037547 -0.71894199 6710886
1.3670698 0.97182882 -0.71906614 6710886
1.3673061 0.96327931 -0.71919042 6710886
1.3675423 0.9547267 -0.71931463 6710886
1.3677785 0.94617116 -0.71943891 6710886
1.3680151 0.93761283 -0.71956331 6710886
1.3682514 0.92905134 -0.71968764 6710886
1.3684881 0.92048705 -0.71981215 6710886
1.3687247 0.91191965 -0.71993661 6710886
1.3689615 0.9033494 -0.72006112 6710886
1.3691983 0.89477617 -0.7201857 6710886
1.3694352 0.88619995 -0.72031033 6710886
1.3696722 0.87762076 -0.72043496 6710886
1.3699092 0.86903858 -0.7205596 6710886
1.3701464 0.86045349 -0.72068441 6710886
1.3703836 0.85186535 -0.72080916 6710886
1.370621 0.8432743 -0.72093403 6710886
1.3708583 0.83468026 -0.72105885 6710886
1.3710958 0.82608318 -0.72118378 6710886
1.3713334 0.81748325 -0.72130871 6710886
1.3715709 0.80888021 -0.7214337 6710886
1.3718086 0.80027419 -0.72155869 6710886
1.3720466 0.79166532 -0.72168386 6710886
1.3722843 0.78305328 -0.72180891 6710886
1.3725224 0.77443844 -0.72193414 6710886
1.3727604 0.7658205 -0.72205931 6710886
1.3729986 0.75719965 -0.7221846 6710886
1.3732368 0.74857569 -0.72230989 6710886
1.3734751 0.73994881 -0.72243524 6710886
1.3737135 0.73131895 -0.72256064 6710886
1.3739519 0.72268605 -0.72268605 6710886
1.3741904 0.71405017 -0.72281152 6710886
1.3744291 0.70541131 -0.72293705 6710886
1.3746679 0.69676948 -0.72306263 6710886
1.3749065 0.68812454 -0.72318816 6710886
1.3751454 0.67947662 -0.72331381 6710886
1.3753844 0.67082578 -0.72343957 6710886
1.3756235 0.66217184 -0.72356528 6710886
1.3758626 0.65351498 -0.72369105 6710886
1.3761019 0.64485508 -0.72381693 6710886
1.3763411 0.63619208 -0.72394276 6710886
1.3765805 0.62752616 -0.72406864 6710886
1.37682 0.6188572 -0.72419465 6710886
1.3770595 0.61018521 -0.72432059 6710886
1.3772991 0.60151023 -0.72444665 6710886
1.3775388 0.59283221 -0.72457272 6710886
1.3777786 0.58415121 -0.7246989 6710886
1.3780185 0.57546717 -0.72482502 6710886
1.3782585 0.56678009 -0.72495127 6710886
1.3784986 0.55808997 -0.72507757 6710886
1.3787386 0.54939681 -0.72520381 6710886
1.3789788 0.54070067 -0.72533017 6710886
1.3792192 0.5320015 -0.7254566 6710886
1.3794595 0.52329928 -0.72558302 6710886
1.3797001 0.51459402 -0.72570956 6710886
1.3799405 0.50588572 -0.72583598 6710886
1.3801812 0.49717438 -0.72596258 6710886
1.3804219 0.48846 -0.72608918 6710886
1.3806627 0.47974259 -0.72621584 6710886
1.3809036 0.47102216 -0.72634256 6710886
1.3811445 0.46229866 -0.72646928 6710886
1.3813857 0.45357215 -0.72659618 6710886
1.3816267 0.44484252 -0.72672296 6710886
1.381868 0.4361099 -0.72684985 6710886
1.3821093 0.42737421 -0.72697675 6710886
1.3823507 0.41863549 -0.72710371 6710886
1.3825921 0.40989366 -0.72723073 6710886
1.3828337 0.40114886 -0.7273578 6710886
1.3830754 0.39240095 -0.72748488 6710886
1.383317 0.38364998 -0.72761202 6710886
1.3835589 0.37489596 -0.72773921 6710886
1.3838007 0.36613888 -0.72786647 6710886
1.3840427 0.35737875 -0.72799373 6710886
1.3842849 0.34861556 -0.7281211 6710886
1.384527 0.33984926 -0.72824842 6710886
1.3847692 0.33107993 -0.72837585 6710886
1.3850114 0.3223075 -0.72850329 6710886
1.3852539 0.31353205 -0.72863078 6710886
1.3854965 0.30475351 -0.72875839 6710886
1.385739 0.29597187 -0.72888595 6710886
1.3859817 0.28718719 -0.72901362 6710886
1.3862243 0.27839938 -0.72914118 6710886
1.3864672 0.26960853 -0.72926897 6710886
1.3867102 0.26081461 -0.72939676 6710886
1.386953 0.25201756 -0.72952449 6710886
1.3871962 0.24321747 -0.7296524 6710886
1.3874394 0.23441429 -0.72978032 6710886
1.3876826 0.22560801 -0.72990823 6710886
1.3879259 0.21679863 -0.7300362 6710886
1.3881694 0.20798621 -0.73016435 6710886
1.3884128 0.19917065 -0.73029238 6710886
1.3886564 0.19035201 -0.73042047 6710886
1.3889 0.18153027 -0.73054862 6710886
1.3891438 0.17270544 -0.73067689 6710886
1.3893877 0.16387752 -0.73080516 6710886
1.3896315 0.15504648 -0.73093337 6710886
1.3898757 0.14621235 -0.73106182 6710886
1.3901198 0.13737513 -0.7311902 6710886
1.3903638 0.12853478 -0.73131859 6710886
1.3906082 0.11969134 -0.7314471 6710886
1.3908526 0.1108448 -0.73157567 6710886
1.3910969 0.10199513 -0.73170418 6710886
1.3913416 0.09314236 -0.73183286 6710886
1.3915861 0.084286474 -0.73196143 6710886
1.3918308 0.075427473 -0.73209018 6710886
1.3920757 0.066565365 -0.73221898 6710886
1.3923204 0.057700124 -0.73234773 6710886
1.3925654 0.048831772 -0.73247659 6710886
1.3928105 0.039960299 -0.73260546 6710886
1.3930556 0.031085702 -0.73273438 6710886
1.3933008 0.022207981 -0.73286337 6710886
1.3935462 0.013327136 -0.73299247 6710886
1.3937914 0.0044431603 -0.73312145 6710886
1.394037 -0.004443943 -0.73325062 6710886
1.3942825 -0.013334177 -0.73337972 6710886
1.3945282 -0.022227544 -0.73350894 6710886
1.394774 -0.031124048 -0.73363829 6710886
1.3950198 -0.040023685 -0.73376757 6710886
1.3952657 -0.048926461 -0.73389691 6710886
1.3955117 -0.057832379 -0.73402631 6710886
1.3957577 -0.066741429 -0.73415571 6710886
1.396004 -0.075653628 -0.73428524 6710886
1.3962502 -0.084568977 -0.73441476 6710886
1.3964967 -0.093487464 -0.7345444 6710886
1.3967431 -0.1024091 -0.73467398 6710886
1.3969897 -0.1113339 -0.73480374 6710886
1.3972363 -0.12026184 -0.73493344 6710886
1.397483 -0.12919292 -0.7350632 6710886
1.3977298 -0.13812716 -0.73519295 6710886
1.3979766 -0.14706457 -0.73532283 6710886
1.3982236 -0.15600513 -0.73545277 6710886
1.3984708 -0.16494885 -0.73558277 6710886
1.3987179 -0.17389573 -0.73571271 6710886
1.3989652 -0.1828458 -0.73584282 6710886
1.3992126 -0.19179901 -0.73597294 6710886
1.39946 -0.20075537 -0.73610306 6710886
1.3997076 -0.20971493 -0.73623329 6710886
1.3999552 -0.21867765 -0.73636353 6710886
1.4002029 -0.22764355 -0.73649383 6710886
1.4004505 -0.23661257 -0.73662406 6710886
1.4006983 -0.2455848 -0.73675442 6710886
1.4009463 -0.2545602 -0.73688483 6710886
1.4011943 -0.26353881 -0.73701531 6710886
1.4014425 -0.2725206 -0.73714584 6710886
1.4016907 -0.28150553 -0.73727643 6710886
1.401939 -0.29049367 -0.73740703 6710886
1.4021875 -0.299485 -0.73753768 6710886
1.4024359 -0.30847949 -0.7376684 6710886
1.4026845 -0.3174772 -0.73779911 6710886
1.4029331 -0.32647806 -0.73792988 6710886
1.4031818 -0.33548215 -0.73806071 6710886
1.4034307 -0.34448943 -0.7381916 6710886
1.4036796 -0.35349989 -0.73832256 6710886
1.4039286 -0.36251354 -0.73845351 6710886
1.4041777 -0.37153038 -0.73858452 6710886
1.4044269 -0.38055047 -0.73871565 6710886
1.4046762 -0.38957375 -0.73884672 6710886
1.4049256 -0.39860022 -0.73897791 6710886
1.405175 -0.40762988 -0.7391091 6710886
1.4054246 -0.41666278 -0.73924041 6710886
1.405674 -0.42569879 -0.7393716 6710886
1.4059234 -0.43473798 -0.73950273 6710886
1.406173 -0.44378042 -0.73963404 6710886
1.4064229 -0.45282614 -0.73976547 6710886
1.4066728 -0.46187508 -0.73989695 6710886
1.4069226 -0.47092712 -0.74002832 6710886
1.4071728 -0.4799825 -0.74015993 6710886
1.4074229 -0.48904103 -0.74029148 6710886
1.4076734 -0.4981029 -0.7404232 6710886
1.4079241 -0.50716805 -0.74055511 6710886
1.4081746 -0.51623631 -0.74068689 7566195
1.3663121 0.99742353 -0.72737873 6710886
1.3665481 0.98888314 -0.72750431 6710886
1.366784 0.98033971 -0.7276299 6710886
1.3670201 0.97179347 -0.72775567 6710886
1.3672563 0.9632442 -0.72788137 6710886
1.3674924 0.95469195 -0.72800708 6710886
1.3677287 0.94613671 -0.72813284 6710886
1.3679651 0.93757856 -0.72825873 6710886
1.3682016 0.92901748 -0.72838461 6710886
1.3684381 0.92045343 -0.72851056 6710886
1.3686748 0.91188639 -0.7286365 6710886
1.3689115 0.90331644 -0.72876257 6710886
1.3691484 0.89474356 -0.72888863 6710886
1.3693852 0.88616765 -0.72901475 6710886
1.3696222 0.87758875 -0.72914094 6710886
1.3698593 0.86900693 -0.72926712 6710886
1.3700963 0.86042202 -0.7293933 6710886
1.3703336 0.85183424 -0.72951961 6710886
1.3705709 0.84324354 -0.72964597 6710886
1.3708082 0.83464974 -0.72977233 6710886
1.3710457 0.82605302 -0.72989875 6710886
1.3712833 0.81745338 -0.73002523 6710886
1.3715209 0.80885065 -0.73015171 6710886
1.3717586 0.80024499 -0.73027825 6710886
1.3719964 0.79163641 -0.73040485 6710886
1.3722342 0.78302473 -0.73053145 6710886
1.3724722 0.77441013 -0.73065811 6710886
1.3727102 0.76579249 -0.73078483 6710886
1.3729484 0.75717193 -0.73091167 6710886
1.3731866 0.74854833 -0.73103845 6710886
1.3734248 0.73992175 -0.73116523 6710886
1.3736632 0.73129219 -0.73129219 6710886
1.3739017 0.72265965 -0.73141915 6710886
1.3741401 0.71402401 -0.7315461 6710886
1.3743788 0.70538551 -0.73167312 6710886
1.3746175 0.69674391 -0.7318002 6710886
1.3748564 0.68809938 -0.73192739 6710886
1.3750951 0.67945176 -0.73205447 6710886
1.375334 0.67080116 -0.73218167 6710886
1.3755732 0.66214764 -0.73230898 6710886
1.3758122 0.65349102 -0.73243624 6710886
1.3760514 0.64483142 -0.73256361 6710886
1.3762907 0.63616878 -0.73269099 6710886
1.3765299 0.62750316 -0.73281837 6710886
1.3767694 0.6188345 -0.73294586 6710886
1.377009 0.61016291 -0.73307341 6710886
1.3772486 0.60148823 -0.73320097 6710886
1.3774883 0.59281045 -0.73332852 6710886
1.3777281 0.58412981 -0.73345619 6710886
1.377968 0.57544607 -0.73358387 6710886
1.3782078 0.56675923 -0.7337116 6710886
1.3784479 0.55806947 -0.73383939 6710886
1.378688 0.54937667 -0.73396719 6710886
1.3789283 0.54068089 -0.73409516 6710886
1.3791684 0.53198189 -0.73422295 6710886
1.3794088 0.52328002 -0.73435098 6710886
1.3796493 0.51457506 -0.73447895 6710886
1.3798897 0.50586706 -0.73460698 6710886
1.3801304 0.49715608 -0.73473513 6710886
1.3803712 0.48844206 -0.73486328 6710886
1.380612 0.479725 -0.73499149 6710886
1.3808528 0.47100484 -0.7351197 6710886
1.3810937 0.46228164 -0.73524797 6710886
1.3813348 0.45355543 -0.7353763 6710886
1.3815758 0.44482613 -0.73550463 6710886
1.3818171 0.43609384 -0.73563308 6710886
1.3820584 0.42735848 -0.73576152 6710886
1.3822998 0.41862008 -0.73589003 6710886
1.3825412 0.40987858 -0.73601854 6710886
1.3827828 0.40113407 -0.73614717 6710886
1.3830245 0.3923865 -0.73627579 6710886
1.3832661 0.38363585 -0.73640442 6710886
1.3835078 0.37488213 -0.73653316 6710886
1.3837498 0.3661254 -0.73666197 6710886
1.3839917 0.35736558 -0.73679072 6710886
1.3842337 0.34860268 -0.73691958 6710886
1.3844759 0.33983675 -0.73704851 6710886
1.3847182 0.33106774 -0.73717749 6710886
1.3849604 0.32229564 -0.73730642 6710886
1.3852028 0.31352046 -0.73743546 6710886
1.3854454 0.30474228 -0.73756462 6710886
1.3856879 0.29596096 -0.73769379 6710886
1.3859304 0.28717655 -0.73782283 6710886
1.3861732 0.27838913 -0.73795211 6710886
1.386416 0.26959857 -0.73808134 6710886
1.3866589 0.26080495 -0.73821068 6710886
1.3869019 0.25200826 -0.73834002 6710886
1.3871449 0.24320848 -0.73846942 6710886
1.3873881 0.23440562 -0.73859888 6710886
1.3876313 0.22559968 -0.73872834 6710886
1.3878746 0.21679063 -0.73885787 6710886
1.388118 0.2079785 -0.73898745 6710886
1.3883616 0.19916329 -0.73911709 6710886
1.388605 0.19034496 -0.73924673 6710886
1.3888488 0.18152356 -0.73937649 6710886
1.3890924 0.17269905 -0.73950619 6710886
1.3893362 0.16387144 -0.739636 6710886
1.3895802 0.15504076 -0.73976588 6710886
1.3898242 0.14620695 -0.73989576 6710886
1.3900683 0.13737004 -0.7400257 6710886
1.3903124 0.12853003 -0.7401557 6710886
1.3905567 0.11968691 -0.74028569 6710886
1.3908011 0.11084069 -0.74041581 6710886
1.3910455 0.10199136 -0.74054593 6710886
1.3912899 0.093138911 -0.74067611 6710886
1.3915346 0.084283352 -0.74080628 6710886
1.3917792 0.075424679 -0.74093652 6710886
1.392024 0.066562891 -0.74106687 6710886
1.3922689 0.057697989 -0.74119723 6710886
1.3925138 0.048829962 -0.74132758 6710886
1.3927588 0.03995882 -0.74145806 6710886
1.3930039 0.031084551 -0.74158853 6710886
1.3932492 0.022207158 -0.74171907 6710886
1.3934945 0.013326641 -0.74184972 6710886
1.3937398 0.0044429959 -0.74198031 6710886
1.3939853 -0.0044437782 -0.74211097 6710886
1.3942308 -0.013333684 -0.74224168 6710886
1.3944764 -0.022226719 -0.74237245 6710886
1.3947221 -0.031122889 -0.74250323 6710886
1.394968 -0.040022202 -0.74263418 6710886
1.3952138 -0.048924644 -0.74276501 6710886
1.3954598 -0.057830222 -0.74289596 6710886
1.3957059 -0.066738956 -0.74302697 6710886
1.395952 -0.075650811 -0.74315798 6710886
1.3961983 -0.084565826 -0.74328911 6710886
1.3964447 -0.093483984 -0.7434203 6710886
1.3966911 -0.10240529 -0.74355143 6710886
1.3969377 -0.11132976 -0.74368274 6710886
1.3971843 -0.12025736 -0.74381399 6710886
1.397431 -0.12918812 -0.74394536 6710886
1.3976778 -0.13812204 -0.74407673 6710886
1.3979245 -0.14705908 -0.7442081 6710886
1.3981715 -0.15599932 -0.74433959 6710886
1.3984187 -0.16494271 -0.74447119 6710886
1.3986658 -0.17388926 -0.74460274 6710886
1.398913 -0.18283898 -0.74473435 6710886
1.3991604 -0.19179185 -0.74486601 6710886
1.3994079 -0.20074791 -0.7449978 6710886
1.3996553 -0.20970711 -0.74512953 6710886
1.3999029 -0.21866949 -0.74526137 6710886
1.4001505 -0.22763504 -0.74539316 6710886
1.4003984 -0.23660377 -0.74552512 6710886
1.4006461 -0.24557565 -0.74565697 6710886
1.400894 -0.25455073 -0.74578899 6710886
1.401142 -0.26352897 -0.74592096 6710886
1.4013902 -0.27251041 -0.7460531 6710886
1.4016384 -0.28149503 -0.74618524 6710886
1.4018867 -0.29048282 -0.74631745 6710886
1.402135 -0.29947379 -0.74644965 6710886
1.4023836 -0.30846798 -0.74658197 6710886
1.4026321 -0.31746534 -0.74671429 6710886
1.4028807 -0.32646587 -0.74684656 6710886
1.4031295 -0.33546963 -0.74697906 6710886
1.4033781 -0.34447652 -0.74711144 6710886
1.403627 -0.35348666 -0.74724394 6710886
1.4038761 -0.36249998 -0.7473765 6710886
1.4041252 -0.37151653 -0.74750912 6710886
1.4043744 -0.38053623 -0.7476418 6710886
1.4046236 -0.38955915 -0.74777448 6710886
1.4048729 -0.39858526 -0.74790716 6710886
1.4051224 -0.40761462 -0.74804002 6710886
1.4053719 -0.41664714 -0.74817282 6710886
1.4056213 -0.42568281 -0.74830562 6710886
1.4058708 -0.43472171 -0.74843842 6710886
1.4061203 -0.44376379 -0.74857128 6710886
1.4063702 -0.45280918 -0.74870425 6710886
1.4066201 -0.46185777 -0.74883735 6710886
1.40687 -0.47090951 -0.74897039 6710886
1.4071201 -0.47996452 -0.74910355 6710886
1.4073702 -0.48902273 -0.74923664 6710886
1.4076205 -0.49808422 -0.74936992 6710886
1.4078712 -0.50714898 -0.74950337 6710886
1.4081217 -0.51621693 -0.74963671 7566195
1.3662624 0.99738723 -0.73606306 6710886
1.3664984 0.98884714 -0.7361902 6710886
1.3667343 0.98030406 -0.73631728 6710886
1.3669703 0.97175801 -0.73644441 6710886
1.3672065 0.96320909 -0.73657167 6710886
1.3674427 0.9546572 -0.73669893 6710886
1.3676789 0.94610226 -0.73682618 6710886
1.3679153 0.93754441 -0.7369535 6710886
1.3681518 0.92898369 -0.73708093 6710886
1.3683884 0.92041999 -0.73720843 6710886
1.3686249 0.91185319 -0.73733586 6710886
1.3688617 0.90328354 -0.73746341 6710886
1.3690985 0.89471096 -0.73759103 6710886
1.3693353 0.88613528 -0.73771852 6710886
1.3695723 0.87755674 -0.73784626 6710886
1.3698093 0.86897516 -0.73797393 6710886
1.3700464 0.86039066 -0.73810166 6710886
1.3702836 0.85180318 -0.73822945 6710886
1.3705208 0.84321272 -0.73835725 6710886
1.3707583 0.83461934 -0.73848516 6710886
1.3709956 0.82602286 -0.73861307 6710886
1.3712332 0.81742352 -0.73874104 6710886
1.3714708 0.80882114 -0.73886907 6710886
1.3717084 0.80021572 -0.73899704 6710886
1.3719462 0.79160744 -0.73912519 6710886
1.3721842 0.78299618 -0.73925334 6710886
1.3724221 0.77438188 -0.73938155 6710886
1.37266 0.76576453 -0.73950976 6710886
1.3728981 0.75714421 -0.73963797 6710886
1.3731364 0.74852097 -0.73976636 6710886
1.3733746 0.73989469 -0.73989469 6710886
1.3736129 0.73126543 -0.74002308 6710886
1.3738514 0.72263318 -0.74015158 6710886
1.37409 0.71399796 -0.74028009 6710886
1.3743285 0.7053597 -0.7404086 6710886
1.3745672 0.69671839 -0.74053717 6710886
1.3748059 0.68807417 -0.74066579 6710886
1.3750447 0.67942685 -0.74079448 6710886
1.3752837 0.67077667 -0.74092323 6710886
1.3755227 0.66212338 -0.74105197 6710886
1.3757619 0.65346712 -0.74118084 6710886
1.3760009 0.64480776 -0.74130958 6710886
1.3762403 0.63614547 -0.74143857 6710886
1.3764796 0.62748021 -0.74156749 6710886
1.3767189 0.61881179 -0.74169642 6710886
1.3769585 0.6101405 -0.74182546 6710886
1.3771981 0.60146612 -0.74195457 6710886
1.3774378 0.59278876 -0.74208373 6710886
1.3776774 0.58410829 -0.74221283 6710886
1.3779174 0.57542497 -0.74234211 6710886
1.3781574 0.56673849 -0.7424714 6710886
1.3783972 0.55804896 -0.74260062 6710886
1.3786374 0.54935652 -0.74273002 6710886
1.3788776 0.54066098 -0.74285942 6710886
1.3791178 0.53196239 -0.74298882 6710886
1.3793582 0.52326083 -0.74311829 6710886
1.3795986 0.51455617 -0.74324781 6710886
1.3798392 0.50584853 -0.74337745 6710886
1.3800796 0.49713781 -0.74350697 6710886
1.3803204 0.48842412 -0.74363673 6710886
1.3805612 0.47970736 -0.74376643 6710886
1.3808019 0.47098747 -0.74389613 6710886
1.381043 0.46226466 -0.74402595 6710886
1.381284 0.45353875 -0.74415582 6710886
1.3815252 0.44480982 -0.74428576 6710886
1.3817662 0.43607777 -0.74441558 6710886
1.3820075 0.42734274 -0.74454558 6710886
1.3822489 0.41860464 -0.74467564 6710886
1.3824903 0.4098635 -0.74480569 6710886
1.3827318 0.40111929 -0.74493581 6710886
1.3829734 0.39237204 -0.74506599 6710886
1.3832152 0.38362172 -0.74519622 6710886
1.3834569 0.37486833 -0.74532646 6710886
1.3836988 0.3661119 -0.74545681 6710886
1.3839407 0.35735241 -0.74558711 6710886
1.3841827 0.34858984 -0.74571747 6710886
1.3844248 0.3398242 -0.74584788 6710886
1.384667 0.33105549 -0.74597842 6710886
1.3849094 0.32228374 -0.74610895 6710886
1.3851516 0.3135089 -0.74623948 6710886
1.3853942 0.30473101 -0.7463702 6710886
1.3856367 0.29595003 -0.74650079 6710886
1.3858794 0.28716597 -0.74663156 6710886
1.386122 0.27837881 -0.74676228 6710886
1.3863648 0.26958862 -0.74689305 6710886
1.3866076 0.26079533 -0.74702388 6710886
1.3868506 0.25199896 -0.74715477 6710886
1.3870938 0.24319951 -0.74728578 6710886
1.3873367 0.23439695 -0.74741668 6710886
1.38758 0.22559133 -0.74754775 6710886
1.3878233 0.21678263 -0.74767882 6710886
1.3880666 0.20797081 -0.74780995 6710886
1.3883102 0.19915593 -0.74794114 6710886
1.3885537 0.19033793 -0.74807233 6710886
1.3887974 0.18151686 -0.74820364 6710886
1.3890411 0.17269267 -0.74833488 6710886
1.3892848 0.16386539 -0.74846619 6710886
1.3895288 0.155035 -0.74859762 6710886
1.3897728 0.14620154 -0.74872911 6710886
1.3900168 0.13736495 -0.74886054 6710886
1.3902609 0.12852527 -0.74899209 6710886
1.3905053 0.11968249 -0.74912375 6710886
1.3907495 0.11083658 -0.74925524 6710886
1.390994 0.10198758 -0.74938697 6710886
1.3912385 0.093135461 -0.74951869 6710886
1.3914829 0.084280223 -0.74965042 6710886
1.3917277 0.075421885 -0.74978226 6710886
1.3919724 0.066560425 -0.74991411 6710886
1.3922173 0.057695851 -0.75004601 6710886
1.3924623 0.048828155 -0.75017804 6710886
1.3927071 0.039957333 -0.75030994 6710886
1.3929523 0.031083398 -0.75044203 6710886
1.3931975 0.022206336 -0.75057417 6710886
1.3934427 0.013326147 -0.75070626 6710886
1.3936881 0.004442831 -0.7508384 6710886
1.3939335 -0.0044436133 -0.75097066 6710886
1.394179 -0.013333187 -0.75110286 6710886
1.3944247 -0.022225896 -0.75123525 6710886
1.3946704 -0.031121736 -0.75136763 6710886
1.3949162 -0.040020712 -0.75150007 6710886
1.3951621 -0.048922829 -0.75163251 6710886
1.3954079 -0.057828076 -0.75176495 6710886
1.3956541 -0.066736475 -0.75189757 6710886
1.3959002 -0.07564801 -0.75203019 6710886
1.3961464 -0.084562682 -0.75216281 6710886
1.3963927 -0.093480505 -0.75229549 6710886
1.396639 -0.10240147 -0.75242817 6710886
1.3968856 -0.11132561 -0.75256109 6710886
1.3971323 -0.12025288 -0.75269395 6710886
1.397379 -0.12918331 -0.75282687 6710886
1.3976258 -0.1381169 -0.75295985 6710886
1.3978727 -0.14705363 -0.75309283 6710886
1.3981194 -0.15599351 -0.7532258 6710886
1.3983666 -0.16493657 -0.7533589 6710886
1.3986137 -0.17388278 -0.75349206 6710886
1.3988609 -0.18283217 -0.75362527 6710886
1.3991083 -0.19178471 -0.75375849 6710886
1.3993556 -0.20074041 -0.75389177 6710886
1.3996031 -0.20969929 -0.7540251 6710886
1.3998507 -0.21866134 -0.7541585 6710886
1.4000983 -0.22762655 -0.75429189 6710886
1.400346 -0.23659493 -0.75442535 6710886
1.4005939 -0.24556649 -0.75455886 6710886
1.4008417 -0.25454122 -0.75469238 6710886
1.4010898 -0.26351914 -0.75482601 6710886
1.4013379 -0.27250025 -0.7549597 6710886
1.4015861 -0.28148451 -0.7550934 6710886
1.4018344 -0.290472 -0.75522715 6710886
1.4020827 -0.29946262 -0.75536096 6710886
1.4023311 -0.30845645 -0.75549477 6710886
1.4025797 -0.31745347 -0.75562871 6710886
1.4028283 -0.32645369 -0.75576264 6710886
1.403077 -0.33545709 -0.75589663 6710886
1.4033257 -0.34446365 -0.75603062 6710886
1.4035746 -0.35347342 -0.75616467 6710886
1.4038236 -0.36248642 -0.75629884 6710886
1.4040726 -0.37150261 -0.75643301 6710886
1.4043218 -0.38052198 -0.75656724 6710886
1.4045711 -0.38954458 -0.75670153 6710886
1.4048203 -0.39857036 -0.75683582 6710886
1.4050698 -0.40759936 -0.75697023 6710886
1.4053193 -0.41663155 -0.75710469 6710886
1.4055686 -0.42566687 -0.75723898 6710886
1.4058181 -0.43470544 -0.75737339 6710886
1.4060676 -0.44374716 -0.7575078 6710886
1.4063175 -0.4527922 -0.75764239 6710886
1.4065675 -0.46184048 -0.75777709 6710886
1.4068172 -0.47089183 -0.75791162 6710886
1.4070674 -0.47994655 -0.75804645 6710886
1.4073175 -0.48900443 -0.75818115 6710886
1.4075677 -0.49806553 -0.75831598 6710886
1.4078184 -0.50712997 -0.75845104 6710886
1.4080689 -0.51619756 -0.75858599 7566195
1.3662127 0.99735093 -0.7447468 6710886
1.3664485 0.98881108 -0.74487531 6710886
1.3666846 0.98026842 -0.745004 6710886
1.3669205 0.9717226 -0.74513257 6710886
1.3671566 0.96317399 -0.74526131 6710886
1.3673929 0.95462245 -0.74539012 6710886
1.3676292 0.94606787 -0.74551892 6710886
1.3678654 0.93751025 -0.74564773 6710886
1.368102 0.92894983 -0.74577665 6710886
1.3683385 0.92038637 -0.74590558 6710886
1.368575 0.91181993 -0.7460345 6710886
1.3688117 0.90325058 -0.74616355 6710886
1.3690486 0.89467835 -0.74629265 6710886
1.3692855 0.88610303 -0.74642181 6710886
1.3695223 0.87752473 -0.74655092 6710886
1.3697593 0.86894351 -0.74668008 6710886
1.3699964 0.86035931 -0.74680936 6710886
1.3702335 0.85177207 -0.74693859 6710886
1.3704709 0.84318197 -0.74706799 6710886
1.3707082 0.83458889 -0.74719733 6710886
1.3709457 0.82599276 -0.74732679 6710886
1.371183 0.8173936 -0.74745619 6710886
1.3714207 0.80879164 -0.74758577 6710886
1.3716584 0.80018657 -0.74771535 6710886
1.371896 0.79157847 -0.74784487 6710886
1.372134 0.78296751 -0.74797457 6710886
1.3723719 0.77435356 -0.74810427 6710886
1.37261 0.76573658 -0.74823403 6710886
1.3728479 0.75711656 -0.74836373 6710886
1.3730861 0.74849355 -0.74849355 6710886
1.3733244 0.73986763 -0.74862349 6710886
1.3735627 0.73123866 -0.74875337 6710886
1.3738011 0.72260672 -0.74888337 6710886
1.3740396 0.71397179 -0.74901336 6710886
1.3742782 0.70533383 -0.74914342 6710886
1.3745168 0.69669288 -0.74927348 6710886
1.3747556 0.68804896 -0.74940366 6710886
1.3749944 0.67940199 -0.74953383 6710886
1.3752333 0.67075205 -0.74966407 6710886
1.3754723 0.66209912 -0.74979436 6710886
1.3757114 0.65344316 -0.74992472 6710886
1.3759505 0.64478409 -0.75005502 6710886
1.3761897 0.63612211 -0.75018543 6710886
1.3764291 0.62745714 -0.7503159 6710886
1.3766686 0.6187892 -0.75044644 6710886
1.3769079 0.61011809 -0.75057691 6710886
1.3771476 0.60144407 -0.75070757 6710886
1.3773873 0.592767 -0.75083822 6710886
1.3776269 0.58408689 -0.75096887 6710886
1.3778667 0.57540381 -0.75109959 6710886
1.3781067 0.56671768 -0.75123042 6710886
1.3783468 0.55802858 -0.75136125 6710886
1.3785868 0.54933631 -0.75149208 6710886
1.378827 0.54064113 -0.75162303 6710886
1.3790672 0.53194284 -0.75175399 6710886
1.3793075 0.52324158 -0.751885 6710886
1.379548 0.51453727 -0.75201607 6710886
1.3797884 0.50582993 -0.75214714 6710886
1.3800291 0.49711961 -0.75227833 6710886
1.3802696 0.48840615 -0.75240946 6710886
1.3805104 0.47968969 -0.75254071 6710886
1.3807513 0.47097018 -0.75267202 6710886
1.3809922 0.46224764 -0.75280333 6710886
1.3812332 0.45352209 -0.75293469 6710886
1.3814743 0.44479343 -0.75306612 6710886
1.3817155 0.4360618 -0.75319761 6710886
1.3819567 0.42732704 -0.7533291 6710886
1.382198 0.41858923 -0.75346065 6710886
1.3824395 0.40984842 -0.75359225 6710886
1.3826809 0.40110451 -0.75372386 6710886
1.3829225 0.39235759 -0.75385559 6710886
1.3831643 0.38360763 -0.75398737 6710886
1.383406 0.37485456 -0.75411916 6710886
1.3836478 0.3660984 -0.75425094 6710886
1.3838897 0.35733923 -0.75438279 6710886
1.3841318 0.34857699 -0.75451475 6710886
1.3843738 0.33981168 -0.75464672 6710886
1.384616 0.3310433 -0.75477874 6710886
1.3848583 0.32227185 -0.75491077 6710886
1.3851006 0.31349733 -0.75504291 6710886
1.3853431 0.30471978 -0.75517505 6710886
1.3855855 0.29593909 -0.75530726 6710886
1.3858283 0.28715539 -0.75543958 6710886
1.386071 0.27836859 -0.75557184 6710886
1.3863137 0.26957867 -0.75570416 6710886
1.3865565 0.2607857 -0.75583655 6710886
1.3867995 0.25198966 -0.75596899 6710886
1.3870425 0.24319053 -0.75610149 6710886
1.3872856 0.23438831 -0.75623399 6710886
1.3875288 0.225583 -0.75636655 6710886
1.3877721 0.21677461 -0.75649917 6710886
1.3880155 0.20796314 -0.75663185 6710886
1.3882588 0.19914855 -0.75676447 6710886
1.3885025 0.19033091 -0.75689733 6710886
1.388746 0.18151014 -0.75703007 6710886
1.3889897 0.17268628 -0.75716293 6710886
1.3892336 0.16385934 -0.75729585 6710886
1.3894774 0.15502928 -0.75742877 6710886
1.3897214 0.14619613 -0.75756174 6710886
1.3899654 0.13735987 -0.75769478 6710886
1.3902094 0.1285205 -0.75782782 6710886
1.3904537 0.11967805 -0.75796098 6710886
1.3906981 0.11083248 -0.75809419 6710886
1.3909425 0.1019838 -0.75822741 6710886
1.391187 0.093132012 -0.75836068 6710886
1.3914316 0.084277116 -0.75849402 6710886
1.3916761 0.075419091 -0.7586273 6710886
1.3919209 0.066557966 -0.75876075 6710886
1.3921657 0.057693709 -0.75889421 6710886
1.3924105 0.048826341 -0.75902766 6710886
1.3926556 0.039955854 -0.75916129 6710886
1.3929006 0.031082243 -0.75929481 6710886
1.3931458 0.022205511 -0.7594285 6710886
1.3933911 0.013325653 -0.75956219 6710886
1.3936363 0.0044426662 -0.75969589 6710886
1.3938818 -0.0044434485 -0.7598297 6710886
1.3941272 -0.013332693 -0.75996345 6710886
1.3943729 -0.022225071 -0.76009738 6710886
1.3946186 -0.031120582 -0.76023132 6710886
1.3948643 -0.040019225 -0.76036525 6710886
1.3951102 -0.048921011 -0.76049936 6710886
1.3953562 -0.05782593 -0.76063341 6710886
1.3956021 -0.066733986 -0.76076746 6710886
1.3958483 -0.075645193 -0.76090163 6710886
1.3960946 -0.084559545 -0.76103592 6710886
1.3963407 -0.093477026 -0.76117009 6710886
1.3965871 -0.10239767 -0.76130444 6710886
1.3968335 -0.11132145 -0.76143873 6710886
1.3970803 -0.12024841 -0.76157326 6710886
1.3973269 -0.12917849 -0.76170772 6710886
1.3975737 -0.13811174 -0.76184219 6710886
1.3978206 -0.14704815 -0.76197678 6710886
1.3980675 -0.15598771 -0.76211137 6710886
1.3983145 -0.16493042 -0.76224601 6710886
1.3985616 -0.1738763 -0.76238072 6710886
1.3988087 -0.18282534 -0.76251543 6710886
1.3990561 -0.19177756 -0.76265025 6710886
1.3993034 -0.20073293 -0.76278514 6710886
1.3995509 -0.20969146 -0.76292002 6710886
1.3997985 -0.21865319 -0.76305497 6710886
1.4000461 -0.22761805 -0.76318997 6710886
1.4002938 -0.23658611 -0.76332498 6710886
1.4005417 -0.24555734 -0.7634601 6710886
1.4007895 -0.25453174 -0.76359516 6710886
1.4010375 -0.2635093 -0.76373035 6710886
1.4012855 -0.27249005 -0.76386559 6710886
1.4015337 -0.28147402 -0.76400089 6710886
1.4017819 -0.29046112 -0.7641362 6710886
1.4020303 -0.29945144 -0.76427162 6710886
1.4022788 -0.30844495 -0.76440704 6710886
1.4025272 -0.31744161 -0.76454246 6710886
1.4027759 -0.3264415 -0.764678 6710886
1.4030246 -0.33544454 -0.76481354 6710886
1.4032733 -0.3444508 -0.7649492 6710886
1.4035221 -0.35346022 -0.7650848 6710886
1.403771 -0.36247286 -0.76522046 6710886
1.4040201 -0.37148869 -0.76535624 6710886
1.4042692 -0.38050774 -0.76549202 6710886
1.4045185 -0.38953 -0.76562792 6710886
1.4047678 -0.39855543 -0.76576382 6710886
1.4050171 -0.40758407 -0.76589978 6710886
1.4052666 -0.41661593 -0.76603574 6710886
1.4055161 -0.42565098 -0.76617175 6710886
1.4057655 -0.43468916 -0.76630771 6710886
1.406015 -0.44373059 -0.76644373 6710886
1.4062648 -0.45277524 -0.76657987 6710886
1.4065149 -0.4618232 -0.76671618 6710886
1.4067645 -0.47087419 -0.76685226 6710886
1.4070146 -0.47992855 -0.76698864 6710886
1.4072647 -0.48898607 -0.76712495 6710886
1.407515 -0.49804688 -0.76726139 6710886
1.4077656 -0.50711095 -0.767398 6710886
1.4080161 -0.51617819 -0.76753455 7566195
1.3661629 0.99731457 -0.75342977 6710886
1.3663988 0.98877513 -0.75355989 6710886
1.3666347 0.98023266 -0.75369 6710886
1.3668709 0.97168738 -0.75382024 6710886
1.3671068 0.96313888 -0.75395036 6710886
1.3673431 0.95458764 -0.75408065 6710886
1.3675793 0.94603336 -0.75421095 6710886
1.3678156 0.9374761 -0.75434124 6710886
1.368052 0.92891592 -0.7544716 6710886
1.3682886 0.92035288 -0.75460213 6710886
1.3685251 0.91178674 -0.75473255 6710886
1.3687618 0.90321761 -0.75486308 6710886
1.3689986 0.89464569 -0.75499368 6710886
1.3692355 0.88607073 -0.75512433 6710886
1.3694723 0.87749267 -0.75525486 6710886
1.3697094 0.8689118 -0.75538564 6710886
1.3699465 0.86032796 -0.75551641 6710886
1.3701836 0.85174102 -0.75564718 6710886
1.3704208 0.84315115 -0.75577801 6710886
1.3706582 0.83455837 -0.75590891 6710886
1.3708956 0.8259626 -0.75603986 6710886
1.371133 0.81736374 -0.75617075 6710886
1.3713706 0.80876201 -0.75630176 6710886
1.3716083 0.80015731 -0.75643289 6710886
1.3718461 0.79154962 -0.75656402 6710886
1.3720838 0.7829389 -0.75669509 6710886
1.3723217 0.77432519 -0.75682634 6710886
1.3725598 0.76570857 -0.75695765 6710886
1.3727977 0.75708884 -0.75708884 6710886
1.3730359 0.74846619 -0.75722021 6710886
1.3732742 0.73984063 -0.75735164 6710886
1.3735125 0.73121196 -0.75748307 6710886
1.3737508 0.72258025 -0.75761449 6710886
1.3739893 0.71394569 -0.75774604 6710886
1.3742279 0.70530802 -0.75787759 6710886
1.3744665 0.69666743 -0.7580092 6710886
1.3747052 0.68802375 -0.7581408 6710886
1.3749441 0.67937714 -0.75827259 6710886
1.375183 0.67072749 -0.75840431 6710886
1.3754219 0.6620748 -0.75853604 6710886
1.375661 0.6534192 -0.75866795 6710886
1.3759001 0.64476055 -0.75879979 6710886
1.3761393 0.6360988 -0.7589317 6710886
1.3763787 0.62743419 -0.75906372 6710886
1.376618 0.61876649 -0.75919574 6710886
1.3768575 0.61009574 -0.75932783 6710886
1.377097 0.60142201 -0.75945985 6710886
1.3773367 0.59274524 -0.75959212 6710886
1.3775765 0.5840655 -0.75972432 6710886
1.3778162 0.57538265 -0.75985652 6710886
1.3780562 0.56669688 -0.75998884 6710886
1.3782961 0.55800802 -0.76012117 6710886
1.3785361 0.54931611 -0.76025355 6710886
1.3787763 0.54062128 -0.76038599 6710886
1.3790165 0.53192335 -0.76051849 6710886
1.3792568 0.52322239 -0.76065099 6710886
1.3794972 0.51451838 -0.76078355 6710886
1.3797377 0.50581133 -0.76091623 6710886
1.3799783 0.49710131 -0.76104891 6710886
1.3802189 0.48838818 -0.76118153 6710886
1.3804597 0.47967204 -0.76131439 6710886
1.3807005 0.47095287 -0.76144719 6710886
1.3809414 0.46223065 -0.76158005 6710886
1.3811823 0.45350537 -0.76171291 6710886
1.3814235 0.44477707 -0.76184589 6710886
1.3816646 0.43604574 -0.76197886 6710886
1.3819058 0.4273113 -0.7621119 6710886
1.3821471 0.41857383 -0.76224494 6710886
1.3823886 0.40983334 -0.76237816 6710886
1.3826301 0.40108979 -0.76251137 6710886
1.3828716 0.39234313 -0.76264453 6710886
1.3831133 0.38359347 -0.76277781 6710886
1.383355 0.37484074 -0.76291114 6710886
1.3835968 0.3660849 -0.76304448 6710886
1.3838387 0.35732606 -0.76317787 6710886
1.3840808 0.34856415 -0.76331139 6710886
1.3843229 0.33979917 -0.7634449 6710886
1.3845649 0.33103108 -0.76357836 6710886
1.3848072 0.32225999 -0.76371199 6710886
1.3850496 0.3134858 -0.76384568 6710886
1.3852919 0.30470851 -0.76397932 6710886
1.3855344 0.29592818 -0.76411307 6710886
1.3857771 0.28714478 -0.76424688 6710886
1.3860197 0.27835828 -0.76438069 6710886
1.3862624 0.26956871 -0.76451457 6710886
1.3865054 0.26077607 -0.7646485 6710886
1.3867483 0.25198036 -0.76478249 6710886
1.3869913 0.24318154 -0.76491648 6710886
1.3872343 0.23437965 -0.76505053 6710886
1.3874775 0.22557467 -0.76518464 6710886
1.3877207 0.2167666 -0.76531875 6710886
1.3879641 0.20795545 -0.76545304 6710886
1.3882076 0.1991412 -0.76558727 6710886
1.3884511 0.19032386 -0.76572156 6710886
1.3886946 0.18150342 -0.76585591 6710886
1.3889384 0.1726799 -0.76599032 6710886
1.3891821 0.16385326 -0.76612473 6710886
1.389426 0.15502355 -0.76625925 6710886
1.3896699 0.14619072 -0.76639372 6710886
1.3899139 0.13735479 -0.76652831 6710886
1.3901581 0.12851575 -0.76666296 6710886
1.3904022 0.11967362 -0.7667976 6710886
1.3906466 0.11082838 -0.76693237 6710886
1.390891 0.10198002 -0.76706713 6710886
1.3911353 0.093128555 -0.7672019 6710886
1.39138 0.084273987 -0.76733685 6710886
1.3916246 0.075416297 -0.76747173 6710886
1.3918693 0.066555493 -0.76760668 6710886
1.392114 0.05769157 -0.76774168 6710886
1.3923589 0.04882453 -0.76787668 6710886
1.3926039 0.039954372 -0.76801181 6710886
1.392849 0.031081092 -0.76814699 6710886
1.3930941 0.022204686 -0.76828218 6710886
1.3933394 0.013325159 -0.76841748 6710886
1.3935847 0.0044425013 -0.76855272 6710886
1.3938301 -0.0044432837 -0.76868802 6710886
1.3940756 -0.013332199 -0.7688235 6710886
1.3943211 -0.022224244 -0.76895887 6710886
1.3945668 -0.031119425 -0.76909435 6710886
1.3948126 -0.040017739 -0.76922989 6710886
1.3950584 -0.04891919 -0.76936549 6710886
1.3953043 -0.057823781 -0.76950109 6710886
1.3955504 -0.066731513 -0.76963681 6710886
1.3957964 -0.075642385 -0.76977247 6710886
1.3960426 -0.084556393 -0.76990825 6710886
1.396289 -0.093473569 -0.77004415 6710886
1.3965353 -0.10239387 -0.77017993 6710886
1.3967817 -0.11131732 -0.77031583 6710886
1.3970282 -0.12024392 -0.77045178 6710886
1.397275 -0.1291737 -0.77058792 6710886
1.3975217 -0.13810661 -0.770724 6710886
1.3977685 -0.14704268 -0.77086008 6710886
1.3980155 -0.15598191 -0.77099627 6710886
1.3982625 -0.16492429 -0.77113253 6710886
1.3985094 -0.17386982 -0.77126867 6710886
1.3987566 -0.18281853 -0.77140504 6710886
1.399004 -0.19177042 -0.77154142 6710886
1.3992513 -0.20072545 -0.77167785 6710886
1.3994987 -0.20968364 -0.77181429 6710886
1.3997463 -0.21864502 -0.77195084 6710886
1.3999939 -0.22760957 -0.77208734 6710886
1.4002416 -0.23657729 -0.77222395 6710886
1.4004894 -0.24554819 -0.77236068 6710886
1.4007373 -0.25452223 -0.77249736 6710886
1.4009851 -0.26349947 -0.77263403 6710886
1.4012332 -0.27247989 -0.77277082 6710886
1.4014814 -0.2814635 -0.77290767 6710886
1.4017296 -0.29045027 -0.77304459 6710886
1.4019779 -0.29944023 -0.7731815 6710886
1.4022263 -0.30843341 -0.77331853 6710886
1.4024749 -0.31742975 -0.77345562 6710886
1.4027234 -0.32642928 -0.77359271 6710886
1.4029721 -0.33543199 -0.7737298 6710886
1.4032209 -0.34443793 -0.77386701 6710886
1.4034697 -0.35344702 -0.77400422 6710886
1.4037186 -0.36245933 -0.77414149 6710886
1.4039676 -0.37147483 -0.77427882 6710886
1.4042168 -0.38049352 -0.77441627 6710886
1.4044659 -0.38951543 -0.77455366 6710886
1.4047152 -0.39854053 -0.7746911 6710886
1.4049646 -0.40756884 -0.77482867 6710886
1.4052141 -0.41660035 -0.77496624 6710886
1.4054635 -0.42563504 -0.77510381 6710886
1.405713 -0.43467292 -0.77524137 6710886
1.4059625 -0.44371399 -0.775379 6710886
1.4062122 -0.45275831 -0.77551675 6710886
1.4064622 -0.46180591 -0.77565455 6710886
1.4067118 -0.47085658 -0.77579224 6710886
1.4069619 -0.47991058 -0.77593017 6710886
1.4072119 -0.48896772 -0.77606803 6710886
1.4074622 -0.49802819 -0.77620608 6710886
1.4077128 -0.50709194 -0.7763443 6710886
1.4079633 -0.51615882 -0.7764824 7566195
1.3661133 0.99727839 -0.76211232 6710886
1.3663491 0.98873913 -0.76224387 6710886
1.366585 0.98019701 -0.76237547 6710886
1.3668211 0.97165191 -0.76250714 6710886
1.3670572 0.96310395 -0.76263887 6710886
1.3672932 0.95455283 -0.76277053 6710886
1.3675295 0.94599891 -0.76290238 6710886
1.3677659 0.93744206 -0.76303422 6710886
1.3680022 0.92888206 -0.76316601 6710886
1.3682387 0.92031926 -0.76329798 6710886
1.3684753 0.91175354 -0.76343 6710886
1.3687119 0.90318477 -0.76356202 6710886
1.3689486 0.89461297 -0.76369399 6710886
1.3691856 0.88603842 -0.76382619 6710886
1.3694224 0.87746072 -0.76395833 6710886
1.3696593 0.86888003 -0.76409048 6710886
1.3698964 0.86029649 -0.7642228 6710886
1.3701336 0.85170996 -0.76435512 6710886
1.3703707 0.8431204 -0.76448739 6710886
1.3706081 0.83452791 -0.76461977 6710886
1.3708456 0.82593244 -0.76475227 6710886
1.371083 0.817334 -0.76488477 6710886
1.3713205 0.80873251 -0.76501721 6710886
1.3715582 0.8001281 -0.76514983 6710886
1.3717959 0.79152071 -0.76528245 6710886
1.3720336 0.78291023 -0.76541501 6710886
1.3722715 0.77429688 -0.76554775 6710886
1.3725096 0.76568061 -0.76568061 6710886
1.3727477 0.75706124 -0.76581341 6710886
1.3729857 0.74843884 -0.76594621 6710886
1.3732239 0.73981351 -0.76607907 6710886
1.3734622 0.7311852 -0.76621199 6710886
1.3737005 0.72255379 -0.76634496 6710886
1.373939 0.71391952 -0.766478 6710886
1.3741776 0.70528221 -0.7666111 6710886
1.3744162 0.69664192 -0.76674426 6710886
1.3746549 0.68799859 -0.76687735 6710886
1.3748937 0.67935222 -0.76701057 6710886
1.3751327 0.67070299 -0.76714391 6710886
1.3753715 0.66205055 -0.76727712 6710886
1.3756106 0.65339524 -0.76741052 6710886
1.3758497 0.64473689 -0.76754391 6710886
1.376089 0.63607556 -0.76767743 6710886
1.3763282 0.62741119 -0.76781088 6710886
1.3765676 0.61874378 -0.7679444 6710886
1.3768071 0.61007339 -0.76807803 6710886
1.3770465 0.6013999 -0.76821154 6710886
1.3772862 0.59272355 -0.7683453 6710886
1.3775259 0.5840441 -0.76847905 6710886
1.3777658 0.57536161 -0.76861286 6710886
1.3780055 0.56667608 -0.76874655 6710886
1.3782455 0.55798751 -0.76888043 6710886
1.3784856 0.54929602 -0.76901442 6710886
1.3787256 0.54060137 -0.76914835 6710886
1.3789659 0.5319038 -0.76928234 6710886
1.3792062 0.52320313 -0.76941639 6710886
1.3794466 0.51449949 -0.76955056 6710886
1.379687 0.50579274 -0.76968461 6710886
1.3799276 0.49708304 -0.7698189 6710886
1.3801682 0.48837024 -0.76995307 6710886
1.3804089 0.4796544 -0.77008736 6710886
1.3806497 0.47093555 -0.77022171 6710886
1.3808906 0.46221367 -0.77035612 6710886
1.3811315 0.45348868 -0.77049047 6710886
1.3813726 0.44476068 -0.770625 6710886
1.3816137 0.43602967 -0.77075952 6710886
1.381855 0.4272956 -0.77089411 6710886
1.3820962 0.41855842 -0.77102864 6710886
1.3823377 0.40981826 -0.7711634 6710886
1.3825792 0.40107501 -0.77129811 6710886
1.3828206 0.39232868 -0.77143276 6710886
1.3830622 0.38357931 -0.77156758 6710886
1.383304 0.37482691 -0.77170247 6710886
1.3835459 0.36607143 -0.77183741 6710886
1.3837876 0.35731286 -0.77197224 6710886
1.3840296 0.34855127 -0.77210724 6710886
1.3842717 0.33978662 -0.77224231 6710886
1.3845139 0.33101889 -0.77237737 6710886
1.3847561 0.32224807 -0.77251256 6710886
1.3849984 0.31347421 -0.77264774 6710886
1.3852409 0.3046973 -0.77278298 6710886
1.3854833 0.29591724 -0.77291822 6710886
1.3857259 0.28713417 -0.77305353 6710886
1.3859686 0.27834803 -0.77318895 6710886
1.3862113 0.26955876 -0.77332431 6710886
1.3864541 0.26076645 -0.77345979 6710886
1.3866971 0.25197104 -0.77359533 6710886
1.3869401 0.24317257 -0.77373093 6710886
1.3871831 0.23437099 -0.77386647 6710886
1.3874263 0.22556634 -0.77400213 6710886
1.3876696 0.21675861 -0.77413785 6710886
1.3879129 0.20794776 -0.77427357 6710886
1.3881563 0.19913384 -0.77440941 6710886
1.3883998 0.19031684 -0.77454525 6710886
1.3886433 0.18149671 -0.77468103 6710886
1.388887 0.17267352 -0.77481705 6710886
1.3891308 0.16384722 -0.77495307 6710886
1.3893746 0.15501781 -0.77508909 6710886
1.3896185 0.14618531 -0.7752251 6710886
1.3898625 0.13734971 -0.77536124 6710886
1.3901067 0.12851101 -0.77549744 6710886
1.3903508 0.11966919 -0.77563363 6710886
1.3905951 0.11082427 -0.77576989 6710886
1.3908395 0.10197625 -0.77590626 6710886
1.391084 0.09312512 -0.77604264 6710886
1.3913283 0.084270857 -0.77617896 6710886
1.3915731 0.07541351 -0.77631551 6710886
1.3918178 0.066553034 -0.77645206 6710886
1.3920624 0.057689432 -0.7765885 6710886
1.3923074 0.048822723 -0.77672517 6710886
1.3925523 0.039952889 -0.77686179 6710886
1.3927974 0.03107994 -0.77699852 6710886
1.3930424 0.022203865 -0.77713525 6710886
1.3932877 0.013324663 -0.77727205 6710886
1.393533 0.0044423365 -0.7774089 6710886
1.3937784 -0.0044431188 -0.77754581 6710886
1.3940238 -0.013331703 -0.77768266 6710886
1.3942693 -0.022223419 -0.77781969 6710886
1.3945149 -0.031118266 -0.77795666 6710886
1.3947607 -0.040016253 -0.77809381 6710886
1.3950067 -0.048917376 -0.77823102 6710886
1.3952525 -0.057821631 -0.77836812 6710886
1.3954985 -0.066729032 -0.77850538 6710886
1.3957446 -0.075639576 -0.77864265 6710886
1.3959907 -0.084553257 -0.77877998 6710886
1.396237 -0.093470089 -0.77891737 6710886
1.3964834 -0.10239007 -0.77905482 6710886
1.3967297 -0.11131318 -0.77919221 6710886
1.3969762 -0.12023945 -0.77932978 6710886
1.3972228 -0.12916887 -0.77946728 6710886
1.3974696 -0.13810146 -0.77960503 6710886
1.3977165 -0.14703721 -0.77974278 6710886
1.3979634 -0.1559761 -0.77988046 6710886
1.3982104 -0.16491815 -0.78001827 6710886
1.3984573 -0.17386334 -0.78015602 6710886
1.3987045 -0.18281172 -0.78029394 6710886
1.3989518 -0.19176325 -0.78043187 6710886
1.3991991 -0.20071796 -0.78056985 6710886
1.3994466 -0.20967583 -0.7807079 6710886
1.3996941 -0.21863687 -0.780846 6710886
1.3999417 -0.22760108 -0.7809841 6710886
1.4001894 -0.23656847 -0.78112227 6710886
1.4004371 -0.24553901 -0.78126049 6710886
1.4006851 -0.25451276 -0.78139883 6710886
1.400933 -0.26348966 -0.78153712 6710886
1.4011809 -0.2724697 -0.7816754 6710886
1.4014291 -0.28145298 -0.78181386 6710886
1.4016773 -0.29043943 -0.78195232 6710886
1.4019256 -0.29942906 -0.78209084 6710886
1.402174 -0.30842188 -0.78222942 6710886
1.4024224 -0.31741789 -0.782368 6710886
1.402671 -0.32641709 -0.7825067 6710886
1.4029197 -0.33541948 -0.7826454 6710886
1.4031684 -0.34442505 -0.78278422 6710886
1.4034172 -0.35343382 -0.78292298 6710886
1.4036661 -0.36244577 -0.78306186 6710886
1.403915 -0.37146091 -0.78320074 6710886
1.4041642 -0.38047928 -0.78333968 6710886
1.4044133 -0.38950083 -0.78347868 6710886
1.4046626 -0.3985256 -0.78361773 6710886
1.404912 -0.40755358 -0.78375685 6710886
1.4051615 -0.41658476 -0.78389609 6710886
1.4054109 -0.4256191 -0.78403521 6710886
1.4056603 -0.43465662 -0.78417432 6710886
1.4059098 -0.44369736 -0.7843135 6710886
1.4061595 -0.45274135 -0.78445286 6710886
1.4064095 -0.46178859 -0.78459227 6710886
1.4066592 -0.47083896 -0.78473163 6710886
1.4069092 -0.47989261 -0.7848711 6710886
1.4071592 -0.48894942 -0.78501052 6710886
1.4074094 -0.4980095 -0.78515011 6710886
1.40766 -0.50707293 -0.78528988 6710886
1.4079106 -0.51613951 -0.78542972 7566195
1.3660636 0.99724209 -0.77079409 6710886
1.3662995 0.98870325 -0.77092719 6710886
1.3665353 0.98016137 -0.77106029 6710886
1.3667713 0.97161663 -0.77119344 6710886
1.3670074 0.96306884 -0.7713266 6710886
1.3672434 0.95451808 -0.77145982 6710886
1.3674797 0.94596446 -0.77159309 6710886
1.3677161 0.93740791 -0.77172649 6710886
1.3679525 0.92884833 -0.77185988 6710886
1.3681889 0.92028576 -0.77199328 6710886
1.3684254 0.91172028 -0.77212673 6710886
1.3686621 0.90315187 -0.77226031 6710886
1.3688987 0.89458042 -0.77239382 6710886
1.3691356 0.88600606 -0.77252746 6710886
1.3693725 0.87742871 -0.77266115 6710886
1.3696095 0.86884844 -0.77279484 6710886
1.3698465 0.86026514 -0.77292854 6710886
1.3700836 0.85167885 -0.77306235 6710886
1.3703208 0.84308964 -0.77319622 6710886
1.370558 0.83449739 -0.77333003 6710886
1.3707955 0.82590228 -0.77346402 6710886
1.371033 0.81730413 -0.77359802 6710886
1.3712705 0.80870301 -0.77373207 6710886
1.371508 0.80009884 -0.77386606 6710886
1.3717458 0.79149181 -0.77400029 6710886
1.3719835 0.78288168 -0.7741344 6710886
1.3722214 0.77426857 -0.77426857 6710886
1.3724593 0.76565254 -0.77440286 6710886
1.3726974 0.75703353 -0.77453715 6710886
1.3729355 0.74841148 -0.77467155 6710886
1.3731737 0.73978645 -0.77480596 6710886
1.373412 0.73115844 -0.77494043 6710886
1.3736504 0.7225275 -0.77507496 6710886
1.3738887 0.71389341 -0.77520937 6710886
1.3741273 0.7052564 -0.77534401 6710886
1.3743659 0.69661641 -0.77547866 6710886
1.3746046 0.68797338 -0.77561331 6710886
1.3748434 0.67932737 -0.77574801 6710886
1.3750823 0.67067838 -0.77588284 6710886
1.3753213 0.66202641 -0.77601767 6710886
1.3755602 0.65337133 -0.77615249 6710886
1.3757993 0.64471328 -0.77628744 6710886
1.3760386 0.63605225 -0.77642244 6710886
1.3762777 0.62738812 -0.77655733 6710886
1.3765171 0.61872107 -0.77669239 6710886
1.3767565 0.61005104 -0.77682751 6710886
1.3769962 0.60137796 -0.77696276 6710886
1.3772357 0.59270179 -0.77709788 6710886
1.3774754 0.58402264 -0.77723312 6710886
1.3777151 0.57534045 -0.77736843 6710886
1.377955 0.56665528 -0.77750373 6710886
1.3781949 0.55796707 -0.77763915 6710886
1.378435 0.54927588 -0.77777463 6710886
1.3786751 0.54058158 -0.77791005 6710886
1.3789152 0.53188425 -0.77804554 6710886
1.3791555 0.52318394 -0.77818114 6710886
1.379396 0.51448059 -0.7783168 6710886
1.3796363 0.5057742 -0.7784524 6710886
1.3798769 0.49706477 -0.77858818 6710886
1.3801175 0.48835233 -0.77872396 6710886
1.3803582 0.47963682 -0.77885979 6710886
1.3805989 0.47091824 -0.77899557 6710886
1.3808398 0.46219665 -0.77913153 6710886
1.3810807 0.45347202 -0.77926743 6710886
1.3813218 0.44474435 -0.77940345 6710886
1.3815629 0.43601364 -0.77953953 6710886
1.3818041 0.42727986 -0.7796756 6710886
1.3820455 0.41854307 -0.7798118 6710886
1.3822868 0.40980315 -0.77994794 6710886
1.3825282 0.40106022 -0.78008413 6710886
1.3827698 0.39231426 -0.78022051 6710886
1.3830113 0.38356519 -0.78035676 6710886
1.3832531 0.37481311 -0.7804932 6710886
1.3834949 0.36605793 -0.78062958 6710886
1.3837368 0.35729975 -0.78076613 6710886
1.3839786 0.34853843 -0.78090256 6710886
1.3842207 0.3397741 -0.78103918 6710886
1.3844628 0.33100668 -0.78117579 6710886
1.3847051 0.32223621 -0.78131247 6710886
1.3849473 0.31346264 -0.78144914 6710886
1.3851898 0.30468604 -0.78158593 6710886
1.3854321 0.29590634 -0.78172266 6710886
1.3856747 0.28712356 -0.78185958 6710886
1.3859174 0.27833775 -0.78199649 6710886
1.3861601 0.26954883 -0.78213346 6710886
1.3864028 0.26075679 -0.78227043 6710886
1.3866458 0.25196174 -0.78240752 6710886
1.3868889 0.24316359 -0.78254467 6710886
1.3871318 0.23436232 -0.7826817 6710886
1.387375 0.225558 -0.78281897 6710886
1.3876183 0.21675059 -0.78295624 6710886
1.3878616 0.20794009 -0.78309351 6710886
1.3881049 0.19912647 -0.78323078 6710886
1.3883485 0.19030979 -0.78336823 6710886
1.388592 0.18149 -0.78350562 6710886
1.3888357 0.17266713 -0.78364313 6710886
1.3890795 0.16384116 -0.78378069 6710886
1.3893232 0.15501209 -0.7839182 6710886
1.3895671 0.1461799 -0.78405583 6710886
1.3898112 0.13734463 -0.78419352 6710886
1.3900552 0.12850624 -0.7843312 6710886
1.3902993 0.11966476 -0.78446901 6710886
1.3905436 0.11082017 -0.78460681 6710886
1.3907878 0.10197247 -0.78474462 6710886
1.3910323 0.093121663 -0.78488261 6710886
1.3912768 0.084267743 -0.78502053 6710886
1.3915215 0.075410709 -0.78515857 6710886
1.3917662 0.06655056 -0.78529668 6710886
1.3920109 0.057687297 -0.78543472 6710886
1.3922557 0.048820909 -0.78557283 6710886
1.3925008 0.039951414 -0.78571111 6710886
1.3927456 0.031078786 -0.78584927 6710886
1.3929908 0.022203041 -0.78598768 6710886
1.393236 0.013324169 -0.78612602 6710886
1.3934813 0.0044421717 -0.78626436 6710886
1.3937267 -0.004442954 -0.78640288 6710886
1.3939722 -0.013331209 -0.78654134 6710886
1.3942176 -0.022222595 -0.78667986 6710886
1.3944633 -0.031117115 -0.7868185 6710886
1.3947089 -0.040014766 -0.78695703 6710886
1.3949548 -0.048915558 -0.78709579 6710886
1.3952007 -0.057819489 -0.78723454 6710886
1.3954465 -0.06672655 -0.78737324 6710886
1.3956927 -0.075636759 -0.78751218 6710886
1.3959389 -0.084550112 -0.78765106 6710886
1.396185 -0.09346661 -0.78778994 6710886
1.3964314 -0.10238625 -0.787929 6710886
1.3966779 -0.11130904 -0.78806806 6710886
1.3969243 -0.12023497 -0.78820705 6710886
1.3971709 -0.12916407 -0.78834623 6710886
1.3974175 -0.13809632 -0.78848541 6710886
1.3976644 -0.14703172 -0.7886247 6710886
1.3979113 -0.15597029 -0.788764 6710886
1.3981583 -0.164912 -0.78890336 6710886
1.3984053 -0.17385687 -0.78904277 6710886
1.3986523 -0.1828049 -0.78918213 6710886
1.3988996 -0.1917561 -0.7893216 6710886
1.399147 -0.20071049 -0.78946126 6710886
1.3993944 -0.20966801 -0.78960085 6710886
1.3996419 -0.21862872 -0.78974044 6710886
1.3998895 -0.22759259 -0.78988016 6710886
1.4001372 -0.23655964 -0.79001993 6710886
1.4003849 -0.24552986 -0.7901597 6710886
1.4006327 -0.25450325 -0.79029953 6710886
1.4008807 -0.26347983 -0.79043949 6710886
1.4011288 -0.27245957 -0.79057944 6710886
1.4013767 -0.28144249 -0.79071933 6710886
1.4016249 -0.29042858 -0.7908594 6710886
1.4018732 -0.29941788 -0.79099947 6710886
1.4021215 -0.30841035 -0.7911396 6710886
1.4023701 -0.31740603 -0.79127985 6710886
1.4026186 -0.3264049 -0.7914201 6710886
1.4028672 -0.33540693 -0.79156035 6710886
1.403116 -0.34441218 -0.79170072 6710886
1.4033648 -0.35342062 -0.79184109 6710886
1.4036137 -0.36243224 -0.79198152 6710886
1.4038627 -0.37144706 -0.79212207 6710886
1.4041116 -0.38046503 -0.79226249 6710886
1.4043608 -0.38948625 -0.7924031 6710886
1.40461 -0.39851069 -0.79254371 6710886
1.4048594 -0.40753832 -0.79268444 6710886
1.4051088 -0.41656914 -0.79282516 6710886
1.4053583 -0.42560318 -0.79296595 6710886
1.4056077 -0.43464038 -0.79310668 6710886
1.4058572 -0.44368076 -0.79324746 6710886
1.4061068 -0.4527244 -0.79338831 6710886
1.4063567 -0.46177128 -0.79352927 6710886
1.4066064 -0.47082129 -0.79367018 6710886
1.4068565 -0.47987464 -0.79381132 6710886
1.4071065 -0.48893112 -0.79395235 6710886
1.4073569 -0.49799091 -0.79409361 6710886
1.4076072 -0.50705391 -0.79423487 6710886
1.4078578 -0.51612014 -0.79437625 7566195
1.3660139 0.99720579 -0.77947527 6710886
1.3662497 0.98866719 -0.7796098 6710886
1.3664856 0.98012567 -0.77974445 6710886
1.3667215 0.97158116 -0.77987903 6710886
1.3669575 0.96303374 -0.78001374 6710886
1.3671937 0.95448333 -0.78014851 6710886
1.3674299 0.94593 -0.78028327 6710886
1.3676662 0.93737376 -0.78041816 6710886
1.3679026 0.92881453 -0.78055304 6710886
1.3681389 0.92025214 -0.78068787 6710886
1.3683755 0.91168708 -0.78082287 6710886
1.3686122 0.90311891 -0.78095788 6710886
1.3688489 0.89454788 -0.781093 6710886
1.3690857 0.88597375 -0.78122813 6710886
1.3693225 0.8773967 -0.78136325 6710886
1.3695595 0.86881673 -0.78149849 6710886
1.3697964 0.86023366 -0.78163368 6710886
1.3700336 0.85164779 -0.78176904 6710886
1.3702708 0.84305894 -0.7819044 6710886
1.3705081 0.83446699 -0.78203976 6710886
1.3707454 0.82587212 -0.78217518 6710886
1.3709829 0.81727427 -0.78231066 6710886
1.3712204 0.80867344 -0.78244621 6710886
1.3714579 0.80006963 -0.78258175 6710886
1.3716956 0.79146284 -0.78271741 6710886
1.3719335 0.78285313 -0.78285313 6710886
1.3721713 0.77424031 -0.78298879 6710886
1.3724092 0.76562458 -0.78312457 6710886
1.3726472 0.75700581 -0.78326035 6710886
1.3728853 0.74838412 -0.78339624 6710886
1.3731234 0.73975939 -0.78353208 6710886
1.3733617 0.73113167 -0.7836681 6710886
1.3736001 0.72250104 -0.78380412 6710886
1.3738385 0.71386731 -0.7839402 6710886
1.374077 0.70523059 -0.78407621 6710886
1.3743156 0.6965909 -0.78421241 6710886
1.3745543 0.68794823 -0.78434861 6710886
1.3747931 0.67930251 -0.78448486 6710886
1.3750318 0.67065376 -0.78462112 6710886
1.3752708 0.66200215 -0.78475749 6710886
1.3755099 0.65334743 -0.78489387 6710886
1.3757489 0.64468968 -0.78503025 6710886
1.3759881 0.63602895 -0.7851668 6710886
1.3762274 0.62736523 -0.78530329 6710886
1.3764666 0.61869842 -0.78543985 6710886
1.376706 0.61002862 -0.7855764 6710886
1.3769456 0.60135585 -0.78571314 6710886
1.3771852 0.5926801 -0.78584987 6710886
1.3774248 0.58400118 -0.7859866 6710886
1.3776646 0.57531935 -0.78612339 6710886
1.3779044 0.56663448 -0.78626025 6710886
1.3781443 0.55794656 -0.7863971 6710886
1.3783844 0.54925567 -0.78653413 6710886
1.3786244 0.54056174 -0.7866711 6710886
1.3788645 0.5318647 -0.78680813 6710886
1.3791049 0.52316469 -0.78694522 6710886
1.3793452 0.5144617 -0.78708237 6710886
1.3795857 0.50575566 -0.78721964 6710886
1.3798261 0.49704647 -0.78735679 6710886
1.3800668 0.48833436 -0.78749412 6710886
1.3803074 0.47961915 -0.78763145 6710886
1.3805481 0.47090089 -0.78776878 6710886
1.380789 0.46217966 -0.78790629 6710886
1.38103 0.45345533 -0.78804374 6710886
1.381271 0.44472799 -0.7881813 6710886
1.381512 0.43599758 -0.78831881 6710886
1.3817532 0.42726412 -0.78845644 6710886
1.3819946 0.41852763 -0.78859419 6710886
1.3822359 0.40978807 -0.78873187 6710886
1.3824773 0.40104544 -0.78886962 6710886
1.3827188 0.3922998 -0.78900743 6710886
1.3829604 0.38355109 -0.78914529 6710886
1.3832021 0.37479928 -0.78928322 6710886
1.383444 0.36604449 -0.7894212 6710886
1.3836858 0.35728657 -0.78955925 6710886
1.3839276 0.34852558 -0.78969717 6710886
1.3841697 0.33976158 -0.78983533 6710886
1.3844118 0.33099449 -0.7899735 6710886
1.384654 0.32222435 -0.79011172 6710886
1.3848963 0.31345111 -0.79024994 6710886
1.3851386 0.3046748 -0.79038823 6710886
1.3853811 0.29589543 -0.79052663 6710886
1.3856236 0.28711298 -0.79066497 6710886
1.3858663 0.27832747 -0.79080343 6710886
1.386109 0.26953888 -0.79094195 6710886
1.3863518 0.26074719 -0.79108053 6710886
1.3865945 0.25195241 -0.791219 6710886
1.3868376 0.2431546 -0.7913577 6710886
1.3870807 0.23435369 -0.7914964 6710886
1.3873237 0.22554967 -0.7916351 6710886
1.3875669 0.21674258 -0.79177386 6710886
1.3878103 0.20793241 -0.79191279 6710886
1.3880537 0.19911912 -0.79205161 6710886
1.3882971 0.19030274 -0.79219049 6710886
1.3885407 0.18148331 -0.79232955 6710886
1.3887844 0.17266075 -0.79246861 6710886
1.389028 0.16383508 -0.79260755 6710886
1.3892719 0.15500635 -0.79274672 6710886
1.3895158 0.14617451 -0.7928859 6710886
1.3897597 0.13733955 -0.79302508 6710886
1.3900038 0.12850149 -0.79316443 6710886
1.3902478 0.11966033 -0.79330367 6710886
1.3904921 0.11081607 -0.79344302 6710886
1.3907365 0.1019687 -0.7935825 6710886
1.3909808 0.093118213 -0.79372191 6710886
1.3912253 0.084264621 -0.79386145 6710886
1.39147 0.075407915 -0.79400104 6710886
1.3917146 0.066548094 -0.79414064 6710886
1.3919593 0.057685159 -0.79428023 6710886
1.3922042 0.048819106 -0.79442 6710886
1.392449 0.039949927 -0.79455972 6710886
1.3926941 0.031077636 -0.79469955 6710886
1.3929391 0.022202216 -0.79483932 6710886
1.3931843 0.013323675 -0.79497927 6710886
1.3934296 0.0044420068 -0.79511929 6710886
1.3936749 -0.0044427887 -0.79525918 6710886
1.3939204 -0.013330715 -0.79539931 6710886
1.394166 -0.022221772 -0.79553944 6710886
1.3944114 -0.031115958 -0.79567951 6710886
1.3946573 -0.040013283 -0.79581976 6710886
1.3949029 -0.04891374 -0.79595995 6710886
1.3951489 -0.05781734 -0.79610032 6710886
1.3953948 -0.066724077 -0.79624063 6710886
1.3956409 -0.075633951 -0.796381 6710886
1.395887 -0.084546976 -0.79652148 6710886
1.3961332 -0.093463138 -0.79666197 6710886
1.3963795 -0.10238244 -0.79680252 6710886
1.3966259 -0.1113049 -0.79694307 6710886
1.3968724 -0.12023051 -0.7970838 6710886
1.3971189 -0.12915927 -0.79722446 6710886
1.3973656 -0.13809118 -0.79736519 6710886
1.3976122 -0.14702623 -0.79750592 6710886
1.3978592 -0.15596446 -0.79764688 6710886
1.3981062 -0.16490586 -0.79778779 6710886
1.3983532 -0.1738504 -0.79792875 6710886
1.3986003 -0.1827981 -0.79806978 6710886
1.3988475 -0.19174896 -0.7982108 6710886
1.3990948 -0.200703 -0.79835194 6710886
1.3993422 -0.20966019 -0.79849309 6710886
1.3995897 -0.21862055 -0.79863429 6710886
1.3998373 -0.22758411 -0.79877555 6710886
1.400085 -0.23655082 -0.79891694 6710886
1.4003327 -0.2455207 -0.79905826 6710886
1.4005805 -0.25449377 -0.7991997 6710886
1.4008284 -0.26346996 -0.79934114 6710886
1.4010764 -0.2724494 -0.7994827 6710886
1.4013245 -0.281432 -0.7996242 6710886
1.4015726 -0.29041773 -0.79976577 6710886
1.4018209 -0.29940671 -0.79990751 6710886
1.4020692 -0.30839884 -0.80004919 6710886
1.4023176 -0.31739417 -0.80019093 6710886
1.4025662 -0.32639268 -0.80033278 6710886
1.4028147 -0.33539438 -0.80047458 6710886
1.4030635 -0.3443993 -0.80061656 6710886
1.4033123 -0.35340738 -0.80075854 6710886
1.4035612 -0.36241868 -0.80090058 6710886
1.4038101 -0.37143317 -0.80104256 6710886
1.4040593 -0.38045087 -0.80118477 6710886
1.4043083 -0.38947171 -0.80132687 6710886
1.4045575 -0.39849576 -0.80146903 6710886
1.4048069 -0.40752307 -0.8016113 6710886
1.4050562 -0.41655356 -0.80175364 6710886
1.4053057 -0.42558727 -0.80189598 6710886
1.4055551 -0.43462411 -0.80203831 6710886
1.4058045 -0.44366413 -0.80218059 6710886
1.4060543 -0.45270747 -0.8023231 6710886
1.406304 -0.46175396 -0.80246562 6710886
1.4065537 -0.47080365 -0.80260813 6710886
1.4068038 -0.47985667 -0.80275083 6710886
1.4070538 -0.48891279 -0.80289352 6710886
1.407304 -0.49797222 -0.80303627 6710886
1.4075545 -0.5070349 -0.8031792 6710886
1.407805 -0.51610082 -0.80332214 7566195
1.3659642 0.99716949 -0.78815579 6710886
1.3662 0.98863125 -0.78829187 6710886
1.3664359 0.98009002 -0.78842801 6710886
1.3666718 0.97154582 -0.78856409 6710886
1.3669078 0.96299869 -0.78870028 6710886
1.367144 0.95444864 -0.78883654 6710886
1.3673801 0.94589561 -0.7889728 6710886
1.3676163 0.93733948 -0.78910905 6710886
1.3678527 0.92878062 -0.78924549 6710886
1.3680892 0.92021871 -0.78938192 6710886
1.3683256 0.91165376 -0.78951836 6710886
1.3685622 0.90308595 -0.78965485 6710886
1.368799 0.89451522 -0.78979146 6710886
1.3690358 0.88594151 -0.78992814 6710886
1.3692726 0.87736475 -0.79006475 6710886
1.3695096 0.86878508 -0.79020149 6710886
1.3697466 0.86020237 -0.79033822 6710886
1.3699836 0.85161668 -0.79047495 6710886
1.3702208 0.84302813 -0.79061186 6710886
1.3704581 0.8344366 -0.79074878 6710886
1.3706955 0.82584202 -0.79088575 6710886
1.3709328 0.81724447 -0.79102272 6710886
1.3711703 0.80864388 -0.79115969 6710886
1.3714079 0.80004042 -0.79129678 6710886
1.3716455 0.79143387 -0.79143387 6710886
1.3718833 0.78282446 -0.79157108 6710886
1.3721211 0.774212 -0.79170835 6710886
1.372359 0.76559657 -0.79184562 6710886
1.372597 0.75697815 -0.79198289 6710886
1.3728352 0.74835676 -0.79212034 6710886
1.3730733 0.73973238 -0.79225779 6710886
1.3733115 0.73110497 -0.79239517 6710886
1.3735498 0.72247458 -0.79253268 6710886
1.3737882 0.7138412 -0.79267025 6710886
1.3740267 0.70520478 -0.79280782 6710886
1.3742653 0.69656539 -0.79294556 6710886
1.374504 0.68792301 -0.79308325 6710886
1.3747427 0.67927766 -0.793221 6710886
1.3749815 0.67062926 -0.7933588 6710886
1.3752204 0.66197783 -0.79349661 6710886
1.3754594 0.65332347 -0.79363453 6710886
1.3756984 0.64466602 -0.79377246 6710886
1.3759376 0.63600558 -0.79391044 6710886
1.3761768 0.62734216 -0.79404849 6710886
1.3764162 0.61867577 -0.79418659 6710886
1.3766556 0.61000627 -0.7943247 6710886
1.3768951 0.6013338 -0.79446292 6710886
1.3771347 0.59265834 -0.79460114 6710886
1.3773743 0.58397979 -0.79473943 6710886
1.377614 0.57529825 -0.79487771 6710886
1.3778539 0.56661367 -0.79501611 6710886
1.3780938 0.55792612 -0.79515457 6710886
1.3783337 0.54923546 -0.79529297 6710886
1.3785738 0.54054183 -0.79543149 6710886
1.378814 0.53184521 -0.79557008 6710886
1.3790542 0.5231455 -0.79570872 6710886
1.3792945 0.51444274 -0.79584736 6710886
1.379535 0.50573701 -0.79598612 6710886
1.3797755 0.49702826 -0.79612488 6710886
1.380016 0.48831639 -0.79626364 6710886
1.3802567 0.4796015 -0.79640251 6710886
1.3804975 0.47088364 -0.79654145 6710886
1.3807383 0.46216267 -0.79668039 6710886
1.3809792 0.45343867 -0.79681939 6710886
1.3812202 0.44471166 -0.79695851 6710886
1.3814613 0.43598154 -0.79709756 6710886
1.3817024 0.42724842 -0.79723674 6710886
1.3819437 0.41851223 -0.79737592 6710886
1.3821851 0.40977302 -0.79751521 6710886
1.3824264 0.40103069 -0.79765445 6710886
1.3826679 0.39228535 -0.79779381 6710886
1.3829095 0.38353696 -0.79793322 6710886
1.3831512 0.37478548 -0.79807264 6710886
1.3833929 0.36603099 -0.79821211 6710886
1.3836348 0.3572734 -0.79835171 6710886
1.3838767 0.34851277 -0.79849124 6710886
1.3841187 0.33974904 -0.79863089 6710886
1.3843608 0.3309823 -0.79877061 6710886
1.3846029 0.32221243 -0.79891026 6710886
1.3848451 0.31343952 -0.79905003 6710886
1.3850875 0.30466354 -0.79918987 6710886
1.38533 0.29588452 -0.79932982 6710886
1.3855726 0.2871024 -0.79946977 6710886
1.385815 0.27831718 -0.79960966 6710886
1.3860577 0.2695289 -0.79974973 6710886
1.3863006 0.26073757 -0.7998898 6710886
1.3865434 0.25194314 -0.80002993 6710886
1.3867863 0.24314561 -0.80017012 6710886
1.3870294 0.23434502 -0.80031037 6710886
1.3872726 0.22554135 -0.80045068 6710886
1.3875157 0.21673456 -0.80059093 6710886
1.387759 0.20792471 -0.8007313 6710886
1.3880024 0.19911177 -0.80087179 6710886
1.3882457 0.19029571 -0.80101216 6710886
1.3884894 0.18147659 -0.80115277 6710886
1.388733 0.17265436 -0.80129337 6710886
1.3889767 0.16382904 -0.80143392 6710886
1.3892205 0.15500061 -0.80157459 6710886
1.3894644 0.1461691 -0.80171531 6710886
1.3897083 0.13733447 -0.80185604 6710886
1.3899523 0.12849674 -0.80199689 6710886
1.3901964 0.11965591 -0.80213773 6710886
1.3904406 0.11081196 -0.80227858 6710886
1.390685 0.10196492 -0.8024196 6710886
1.3909293 0.093114763 -0.80256063 6710886
1.3911737 0.084261499 -0.80270159 6710886
1.3914183 0.075405121 -0.80284274 6710886
1.3916631 0.066545635 -0.802984 6710886
1.3919077 0.057683021 -0.80312514 6710886
1.3921525 0.048817296 -0.80326641 6710886
1.3923975 0.039948452 -0.80340773 6710886
1.3926424 0.031076482 -0.80354905 6710886
1.3928875 0.022201393 -0.80369043 6710886
1.3931326 0.01332318 -0.80383188 6710886
1.3933779 0.004441842 -0.80397344 6710886
1.3936232 -0.0044426243 -0.804115 6710886
1.3938686 -0.013330218 -0.80425656 6710886
1.3941141 -0.022220945 -0.80439824 6710886
1.3943598 -0.031114805 -0.80453998 6710886
1.3946054 -0.040011797 -0.80468166 6710886
1.3948512 -0.048911925 -0.80482352 6710886
1.395097 -0.05781519 -0.80496532 6710886
1.3953429 -0.066721596 -0.80510724 6710886
1.395589 -0.075631142 -0.80524921 6710886
1.395835 -0.084543824 -0.80539119 6710886
1.3960813 -0.093459666 -0.80553329 6710886
1.3963276 -0.10237864 -0.80567539 6710886
1.3965739 -0.11130076 -0.80581748 6710886
1.3968204 -0.12022604 -0.80595976 6710886
1.3970671 -0.12915447 -0.80610204 6710886
1.3973136 -0.13808604 -0.80624431 6710886
1.3975604 -0.14702077 -0.80638671 6710886
1.3978071 -0.15595865 -0.80652905 6710886
1.3980541 -0.16489972 -0.80667156 6710886
1.3983011 -0.17384392 -0.80681407 6710886
1.3985482 -0.18279129 -0.80695671 6710886
1.3987955 -0.19174184 -0.80709934 6710886
1.3990427 -0.20069553 -0.80724198 6710886
1.3992901 -0.20965239 -0.80738473 6710886
1.3995376 -0.21861242 -0.80752754 6710886
1.399785 -0.22757562 -0.8076703 6710886
1.4000326 -0.23654199 -0.80781317 6710886
1.4002804 -0.24551153 -0.8079561 6710886
1.4005282 -0.25448424 -0.80809909 6710886
1.4007761 -0.26346016 -0.8082422 6710886
1.4010241 -0.27243924 -0.80838525 6710886
1.4012722 -0.28142148 -0.80852836 6710886
1.4015204 -0.29040691 -0.80867159 6710886
1.4017684 -0.2993955 -0.8088147 6710886
1.4020169 -0.30838734 -0.80895805 6710886
1.4022653 -0.31738234 -0.8091014 6710886
1.4025137 -0.32638049 -0.80924475 6710886
1.4027624 -0.33538187 -0.80938822 6710886
1.4030111 -0.34438643 -0.80953175 6710886
1.4032599 -0.35339418 -0.80967528 6710886
1.4035087 -0.36240512 -0.8098188 6710886
1.4037577 -0.37141928 -0.80996251 6710886
1.4040067 -0.38043663 -0.81010622 6710886
1.4042559 -0.38945717 -0.81024998 6710886
1.4045049 -0.39848086 -0.81039363 6710886
1.4047543 -0.40750784 -0.81053752 6710886
1.4050037 -0.41653797 -0.81068146 6710886
1.4052532 -0.42557135 -0.81082541 6710886
1.4055024 -0.43460783 -0.81096923 6710886
1.4057519 -0.44364753 -0.81111318 6710886
1.4060016 -0.45269048 -0.81125724 6710886
1.4062514 -0.46173671 -0.81140137 6710886
1.4065011 -0.47078604 -0.81154543 6710886
1.406751 -0.47983864 -0.81168967 6710886
1.407001 -0.48889446 -0.81183392 6710886
1.4072512 -0.49795353 -0.81197828 6710886
1.4075018 -0.50701594 -0.81212288 6710886
1.4077522 -0.51608145 -0.8122673 7566195
1.3659145 0.9971332 -0.79683572 6710886
1.3661503 0.98859525 -0.79697329 6710886
1.3663862 0.98005438 -0.79711092 6710886
1.3666221 0.97151047 -0.79724854 6710886
1.366858 0.96296358 -0.79738617 6710886
1.3670942 0.95441389 -0.79752392 6710886
1.3673303 0.9458611 -0.79766166 6710886
1.3675665 0.93730533 -0.79779947 6710886
1.3678029 0.92874676 -0.79793733 6710886
1.3680394 0.92018521 -0.79807532 6710886
1.3682759 0.91162068 -0.7982133 6710886
1.3685124 0.9030531 -0.79835129 6710886
1.368749 0.89448255 -0.79848933 6710886
1.3689859 0.8859092 -0.7986275 6710886
1.3692226 0.87733275 -0.7987656 6710886
1.3694595 0.86875331 -0.79890382 6710886
1.3696966 0.86017102 -0.79904211 6710886
1.3699337 0.85158569 -0.79918045 6710886
1.3701707 0.84299731 -0.79931867 6710886
1.3704081 0.83440608 -0.79945713 6710886
1.3706454 0.82581186 -0.79959559 6710886
1.3708827 0.81721461 -0.79973406 6710886
1.3711202 0.80861437 -0.79987258 6710886
1.3713578 0.80001122 -0.80001122 6710886
1.3715955 0.79140508 -0.80014986 6710886
1.3718332 0.78279591 -0.80028856 6710886
1.372071 0.77418375 -0.80042726 6710886
1.372309 0.76556867 -0.80056608 6710886
1.3725468 0.75695044 -0.80070484 6710886
1.3727849 0.74832934 -0.80084372 6710886
1.373023 0.73970526 -0.80098265 6710886
1.3732613 0.73107827 -0.80112165 6710886
1.3734996 0.72244817 -0.80126071 6710886
1.3737381 0.71381509 -0.80139977 6710886
1.3739765 0.70517898 -0.80153888 6710886
1.374215 0.69653994 -0.801678 6710886
1.3744537 0.68789786 -0.80181724 6710886
1.3746924 0.6792528 -0.80195653 6710886
1.3749311 0.67060465 -0.80209577 6710886
1.37517 0.66195357 -0.80223513 6710886
1.375409 0.65329951 -0.80237454 6710886
1.3756481 0.64464247 -0.80251408 6710886
1.3758872 0.63598228 -0.80265349 6710886
1.3761264 0.62731916 -0.80279309 6710886
1.3763658 0.61865306 -0.80293274 6710886
1.376605 0.60998386 -0.80307227 6710886
1.3768445 0.60131174 -0.80321199 6710886
1.3770841 0.59263659 -0.80335176 6710886
1.3773239 0.58395839 -0.80349165 6710886
1.3775635 0.57527715 -0.80363142 6710886
1.3778033 0.56659293 -0.80377132 6710886
1.3780432 0.55790561 -0.80391127 6710886
1.3782831 0.54921532 -0.80405128 6710886
1.3785232 0.54052204 -0.80419129 6710886
1.3787633 0.53182566 -0.80433136 6710886
1.3790036 0.5231263 -0.80447155 6710886
1.3792439 0.51442385 -0.80461168 6710886
1.3794843 0.50571847 -0.80475199 6710886
1.3797247 0.49700996 -0.80489224 6710886
1.3799653 0.48829845 -0.80503255 6710886
1.380206 0.47958392 -0.80517298 6710886
1.3804467 0.47086629 -0.80531341 6710886
1.3806876 0.46214572 -0.80545396 6710886
1.3809284 0.45342198 -0.80559444 6710886
1.3811693 0.44469526 -0.80573499 6710886
1.3814105 0.43596551 -0.80587566 6710886
1.3816515 0.42723265 -0.80601627 6710886
1.3818928 0.41849682 -0.80615705 6710886
1.3821342 0.40975791 -0.80629784 6710886
1.3823756 0.40101597 -0.80643868 6710886
1.382617 0.39227089 -0.80657947 6710886
1.3828586 0.38352284 -0.80672044 6710886
1.3831003 0.37477171 -0.8068614 6710886
1.3833419 0.36601749 -0.80700237 6710886
1.3835838 0.35726023 -0.80714351 6710886
1.3838257 0.34849989 -0.80728459 6710886
1.3840677 0.33973652 -0.8074258 6710886
1.3843096 0.33097005 -0.80756694 6710886
1.3845519 0.32220057 -0.80770826 6710886
1.3847941 0.31342798 -0.80784959 6710886
1.3850365 0.30465233 -0.80799097 6710886
1.3852788 0.29587358 -0.80813235 6710886
1.3855214 0.28709179 -0.80827385 6710886
1.385764 0.27830693 -0.80841535 6710886
1.3860066 0.26951897 -0.80855691 6710886
1.3862494 0.26072794 -0.80869853 6710886
1.3864923 0.25193384 -0.80884022 6710886
1.3867351 0.24313663 -0.8089819 6710886
1.3869781 0.23433636 -0.80912369 6710886
1.3872212 0.22553299 -0.80926549 6710886
1.3874644 0.21672656 -0.80940735 6710886
1.3877077 0.20791703 -0.80954927 6710886
1.387951 0.1991044 -0.80969119 6710886
1.3881946 0.19028869 -0.80983329 6710886
1.388438 0.18146987 -0.80997533 6710886
1.3886817 0.17264798 -0.81011742 6710886
1.3889253 0.16382298 -0.81025958 6710886
1.3891691 0.15499488 -0.8104018 6710886
1.3894129 0.14616367 -0.81054401 6710886
1.3896569 0.13732938 -0.81068635 6710886
1.3899009 0.12849198 -0.81082875 6710886
1.3901449 0.11965147 -0.81097108 6710886
1.3903892 0.11080787 -0.8111136 6710886
1.3906335 0.10196114 -0.81125605 6710886
1.3908778 0.093111321 -0.81139863 6710886
1.3911223 0.084258385 -0.81154126 6710886
1.3913668 0.075402327 -0.81168389 6710886
1.3916115 0.066543162 -0.81182659 6710886
1.3918562 0.057680886 -0.8119694 6710886
1.3921009 0.048815485 -0.81211215 6710886
1.3923459 0.03994697 -0.81225508 6710886
1.3925909 0.031075332 -0.81239796 6710886
1.3928359 0.022200571 -0.81254089 6710886
1.3930811 0.013322688 -0.81268394 6710886
1.3933262 0.0044416771 -0.81282693 6710886
1.3935715 -0.0044424594 -0.81297004 6710886
1.3938169 -0.013329725 -0.81311321 6710886
1.3940624 -0.022220122 -0.81325644 6710886
1.394308 -0.031113649 -0.81339967 6710886
1.3945537 -0.040010311 -0.81354302 6710886
1.3947994 -0.048910107 -0.81368631 6710886
1.3950453 -0.057813045 -0.81382978 6710886
1.3952911 -0.066719115 -0.81397319 6710886
1.3955371 -0.075628333 -0.81411672 6710886
1.3957833 -0.084540695 -0.81426036 6710886
1.3960294 -0.093456186 -0.81440389 6710886
1.3962756 -0.10237483 -0.81454754 6710886
1.396522 -0.11129662 -0.81469131 6710886
1.3967685 -0.12022156 -0.81483507 6710886
1.397015 -0.12914966 -0.8149789 6710886
1.3972616 -0.13808091 -0.81512278 6710886
1.3975083 -0.14701529 -0.81526667 6710886
1.3977551 -0.15595286 -0.81541067 6710886
1.3980019 -0.16489355 -0.81555462 6710886
1.398249 -0.17383744 -0.8156988 6710886
1.3984962 -0.18278448 -0.81584293 6710886
1.3987433 -0.19173467 -0.81598711 6710886
1.3989906 -0.20068805 -0.81613141 6710886
1.3992379 -0.20964457 -0.81627566 6710886
1.3994853 -0.21860427 -0.81642002 6710886
1.3997328 -0.22756712 -0.81656438 6710886
1.3999804 -0.23653316 -0.8167088 6710886
1.4002281 -0.24550237 -0.81685334 6710886
1.400476 -0.25447476 -0.81699795 6710886
1.4007238 -0.26345032 -0.81714249 6710886
1.4009718 -0.27242905 -0.81728715 6710886
1.4012198 -0.28141096 -0.81743187 6710886
1.401468 -0.29039609 -0.81757665 6710886
1.4017162 -0.29938436 -0.81772143 6710886
1.4019644 -0.30837581 -0.81786627 6710886
1.4022129 -0.31737044 -0.81801116 6710886
1.4024614 -0.3263683 -0.81815618 6710886
1.40271 -0.33536932 -0.81830114 6710886
1.4029586 -0.34437355 -0.81844622 6710886
1.4032074 -0.35338098 -0.81859136 6710886
1.4034562 -0.36239156 -0.81873649 6710886
1.4037051 -0.37140536 -0.81888169 6710886
1.4039541 -0.38042238 -0.81902701 6710886
1.4042033 -0.38944259 -0.81917232 6710886
1.4044524 -0.39846596 -0.8193177 6710886
1.4047017 -0.40749258 -0.81946307 6710886
1.4049511 -0.41652238 -0.81960857 6710886
1.4052005 -0.42555538 -0.81975406 6710886
1.40545 -0.43459159 -0.81989962 6710886
1.4056994 -0.44363096 -0.82004511 6710886
1.4059489 -0.45267352 -0.82019067 6710886
1.4061989 -0.46171945 -0.82033646 6710886
1.4064484 -0.47076839 -0.82048202 6710886
1.4066983 -0.47982067 -0.82062787 6710886
1.4069483 -0.48887613 -0.82077372 6710886
1.4071985 -0.49793488 -0.82091969 6710886
1.407449 -0.50699693 -0.82106578 6710886
1.4076993 -0.51606208 -0.82121181 7566195
1.3658649 0.99709702 -0.80551505 6710886
1.3661005 0.98855931 -0.80565405 6710886
1.3663363 0.98001862 -0.80579311 6710886
1.3665724 0.97147518 -0.80593228 6710886
1.3668084 0.96292865 -0.80607152 6710886
1.3670443 0.95437908 -0.80621064 6710886
1.3672805 0.94582665 -0.80634993 6710886
1.3675168 0.9372713 -0.80648923 6710886
1.367753 0.9287129 -0.80662858 6710886
1.3679894 0.92015159 -0.806768 6710886
1.3682259 0.91158736 -0.80690747 6710886
1.3684624 0.90302014 -0.80704695 6710886
1.3686992 0.89445001 -0.8071866 6710886
1.3689359 0.88587689 -0.8073262 6710886
1.3691728 0.8773008 -0.80746591 6710886
1.3694096 0.8687216 -0.8076055 6710886
1.3696465 0.86013955 -0.80774528 6710886
1.3698837 0.85155457 -0.80788511 6710886
1.3701208 0.84296656 -0.80802494 6710886
1.370358 0.83437562 -0.80816483 6710886
1.3705953 0.8257817 -0.80830485 6710886
1.3708328 0.81718481 -0.80844486 6710886
1.3710701 0.80858487 -0.80858487 6710886
1.3713077 0.79998201 -0.80872494 6710886
1.3715454 0.79137617 -0.80886513 6710886
1.371783 0.78276724 -0.80900526 6710886
1.3720208 0.77415544 -0.80914551 6710886
1.3722588 0.76554066 -0.80928582 6710886
1.3724967 0.75692284 -0.80942619 6710886
1.3727347 0.74830198 -0.8095665 6710886
1.3729728 0.73967826 -0.80970699 6710886
1.3732111 0.7310515 -0.80984747 6710886
1.3734493 0.72242171 -0.80998796 6710886
1.3736877 0.71378899 -0.81012857 6710886
1.3739262 0.70515317 -0.81026918 6710886
1.3741648 0.69651449 -0.8104099 6710886
1.3744034 0.68787265 -0.81055063 6710886
1.374642 0.67922789 -0.81069136 6710886
1.3748809 0.67058015 -0.81083226 6710886
1.3751197 0.66192937 -0.81097305 6710886
1.3753587 0.65327561 -0.81111401 6710886
1.3755977 0.64461881 -0.81125498 6710886
1.3758368 0.63595903 -0.811396 6710886
1.376076 0.62729621 -0.81153703 6710886
1.3763154 0.61863041 -0.81167817 6710886
1.3765547 0.60996157 -0.81181937 6710886
1.3767941 0.60128969 -0.81196052 6710886
1.3770336 0.59261483 -0.81210178 6710886
1.3772733 0.58393699 -0.81224316 6710886
1.3775131 0.57525605 -0.81238455 6710886
1.3777527 0.56657207 -0.81252587 6710886
1.3779926 0.55788517 -0.81266737 6710886
1.3782326 0.54919517 -0.81280887 6710886
1.3784726 0.54050219 -0.81295043 6710886
1.3787128 0.53180617 -0.81309205 6710886
1.378953 0.52310711 -0.81323373 6710886
1.3791932 0.51440495 -0.81337541 6710886
1.3794335 0.50569981 -0.81351715 6710886
1.3796741 0.49699172 -0.81365901 6710886
1.3799146 0.48828053 -0.81380087 6710886
1.3801552 0.47956628 -0.81394273 6710886
1.3803959 0.47084898 -0.81408471 6710886
1.3806367 0.46212867 -0.81422669 6710886
1.3808775 0.45340529 -0.81436872 6710886
1.3811185 0.4446789 -0.81451088 6710886
1.3813596 0.43594944 -0.81465304 6710886
1.3816007 0.42721698 -0.81479526 6710886
1.3818419 0.41848141 -0.81493747 6710886
1.3820833 0.40974283 -0.81507981 6710886
1.3823247 0.40100119 -0.8152222 6710886
1.3825661 0.39225647 -0.81536454 6710886
1.3828076 0.38350868 -0.81550699 6710886
1.3830492 0.37475789 -0.81564951 6710886
1.383291 0.36600402 -0.81579208 6710886
1.3835328 0.35724705 -0.81593466 6710886
1.3837746 0.34848705 -0.81607729 6710886
1.3840166 0.339724 -0.81621999 6710886
1.3842586 0.33095786 -0.81636274 6710886
1.3845009 0.32218868 -0.81650555 6710886
1.3847431 0.31341642 -0.81664842 6710886
1.3849854 0.3046411 -0.81679136 6710886
1.3852277 0.29586267 -0.81693423 6710886
1.3854703 0.28708121 -0.81707728 6710886
1.3857129 0.27829665 -0.81722033 6710886
1.3859555 0.26950902 -0.81736344 6710886
1.3861982 0.26071832 -0.81750655 6710886
1.386441 0.25192451 -0.81764978 6710886
1.3866839 0.24312766 -0.81779307 6710886
1.3869269 0.2343277 -0.8179363 6710886
1.38717 0.22552466 -0.81807965 6710886
1.3874131 0.21671855 -0.81822312 6710886
1.3876563 0.20790933 -0.81836653 6710886
1.3878998 0.19909704 -0.81851006 6710886
1.3881432 0.19028166 -0.81865364 6710886
1.3883867 0.18146318 -0.81879723 6710886
1.3886303 0.17264159 -0.81894088 6710886
1.3888739 0.16381691 -0.81908458 6710886
1.3891177 0.15498915 -0.81922835 6710886
1.3893616 0.14615828 -0.81937218 6710886
1.3896054 0.1373243 -0.81951594 6710886
1.3898494 0.12848723 -0.81965989 6710886
1.3900936 0.11964705 -0.81980383 6710886
1.3903377 0.11080376 -0.81994784 6710886
1.390582 0.10195737 -0.8200919 6710886
1.3908263 0.093107872 -0.82023603 6710886
1.3910707 0.084255256 -0.82038015 6710886
1.3913153 0.07539954 -0.82052439 6710886
1.3915598 0.066540696 -0.82066858 6710886
1.3918046 0.057678744 -0.82081294 6710886
1.3920494 0.048813678 -0.8209573 6710886
1.3922942 0.039945487 -0.82110167 6710886
1.3925391 0.031074177 -0.82124615 6710886
1.3927842 0.022199748 -0.82139069 6710886
1.3930293 0.013322193 -0.82153523 6710886
1.3932745 0.0044415127 -0.82167983 6710886
1.3935198 -0.0044422941 -0.82182443 6710886
1.3937652 -0.01332923 -0.82196921 6710886
1.3940107 -0.022219297 -0.82211393 6710886
1.3942562 -0.031112494 -0.82225877 6710886
1.3945019 -0.040008828 -0.82240367 6710886
1.3947476 -0.048908293 -0.82254857 6710886
1.3949934 -0.057810899 -0.82269353 6710886
1.3952394 -0.066716641 -0.8228386 6710886
1.3954853 -0.075625524 -0.82298362 6710886
1.3957313 -0.084537543 -0.8231287 6710886
1.3959776 -0.093452722 -0.82327396 6710886
1.3962238 -0.10237103 -0.82341915 6710886
1.3964701 -0.11129248 -0.82356441 6710886
1.3967166 -0.1202171 -0.82370979 6710886
1.396963 -0.12914485 -0.8238551 6710886
1.3972096 -0.13807577 -0.82400054 6710886
1.3974564 -0.14700983 -0.82414609 6710886
1.3977031 -0.15594704 -0.82429153 6710886
1.3979499 -0.16488743 -0.82443714 6710886
1.3981968 -0.17383096 -0.82458276 6710886
1.3984441 -0.18277767 -0.82472855 6710886
1.3986912 -0.19172753 -0.82487428 6710886
1.3989385 -0.20068058 -0.82502013 6710886
1.3991859 -0.20963678 -0.82516605 6710886
1.3994331 -0.21859612 -0.82531184 6710886
1.3996806 -0.22755864 -0.82545781 6710886
1.3999282 -0.23652434 -0.82560384 6710886
1.4001759 -0.24549322 -0.82574993 6710886
1.4004238 -0.25446528 -0.82589608 6710886
1.4006716 -0.26344049 -0.82604223 6710886
1.4009196 -0.27241889 -0.82618845 6710886
1.4011675 -0.28140047 -0.82633471 6710886
1.4014157 -0.29038525 -0.82648104 6710886
1.4016639 -0.29937318 -0.82662743 6710886
1.4019121 -0.30836427 -0.82677382 6710886
1.4021605 -0.31735861 -0.82692033 6710886
1.402409 -0.32635611 -0.82706684 6710886
1.4026575 -0.3353568 -0.82721341 6710886
1.4029062 -0.34436068 -0.82736009 6710886
1.403155 -0.35336778 -0.82750678 6710886
1.4034038 -0.36237803 -0.82765353 6710886
1.4036527 -0.37139148 -0.82780033 6710886
1.4039017 -0.38040817 -0.82794714 6710886
1.4041507 -0.38942799 -0.82809401 6710886
1.4044 -0.39845109 -0.82824105 6710886
1.4046491 -0.40747732 -0.82838798 6710886
1.4048985 -0.4165068 -0.82853502 6710886
1.4051479 -0.42553946 -0.82868212 6710886
1.4053973 -0.43457532 -0.82882917 6710886
1.4056467 -0.44361433 -0.82897627 6710886
1.4058963 -0.4526566 -0.8291235 6710886
1.4061462 -0.46170214 -0.82927084 6710886
1.4063958 -0.47075078 -0.82941806 6710886
1.4066458 -0.47980273 -0.82956547 6710886
1.4068956 -0.48885784 -0.82971281 6710886
1.4071459 -0.49791625 -0.82986039 6710886
1.4073962 -0.50697786 -0.83000803 6710886
1.4076465 -0.51604271 -0.83015567 7566195
1.3658152 0.99706072 -0.81419367 6710886
1.366051 0.98852342 -0.81433427 6710886
1.3662866 0.97998297 -0.81447476 6710886
1.3665226 0.97143972 -0.81461537 6710886
1.3667586 0.96289355 -0.8147561 6710886
1.3669946 0.95434439 -0.81489682 6710886
1.3672308 0.94579226 -0.81503755 6710886
1.3674669 0.93723714 -0.81517833 6710886
1.3677033 0.92867917 -0.81531924 6710886
1.3679396 0.92011809 -0.81546009 6710886
1.3681761 0.91155416 -0.81560111 6710886
1.3684127 0.9029873 -0.81574214 6710886
1.3686492 0.89441735 -0.81588316 6710886
1.368886 0.88584453 -0.8160243 6710886
1.3691229 0.87726879 -0.81616551 6710886
1.3693597 0.86869001 -0.81630671 6710886
1.3695966 0.8601082 -0.81644791 6710886
1.3698337 0.85152352 -0.81658924 6710886
1.3700708 0.84293586 -0.81673056 6710886
1.3703079 0.8343451 -0.81687194 6710886
1.3705453 0.82575154 -0.81701344 6710886
1.3707827 0.817155 -0.817155 6710886
1.3710202 0.80855542 -0.8172965 6710886
1.3712577 0.79995281 -0.81743807 6710886
1.3714952 0.79134721 -0.81757975 6710886
1.371733 0.78273869 -0.81772143 6710886
1.3719707 0.77412713 -0.81786311 6710886
1.3722086 0.76551265 -0.81800497 6710886
1.3724465 0.75689518 -0.81814682 6710886
1.3726845 0.74827462 -0.81828862 6710886
1.3729227 0.7396512 -0.81843066 6710886
1.3731608 0.73102474 -0.81857264 6710886
1.3733991 0.7223953 -0.81871468 6710886
1.3736374 0.71376282 -0.81885672 6710886
1.3738759 0.70512736 -0.81899887 6710886
1.3741145 0.69648898 -0.81914115 6710886
1.3743531 0.6878475 -0.81928331 6710886
1.3745917 0.67920303 -0.81942558 6710886
1.3748305 0.67055559 -0.81956792 6710886
1.3750694 0.66190517 -0.81971037 6710886
1.3753083 0.65325165 -0.81985277 6710886
1.3755473 0.64459521 -0.81999522 6710886
1.3757864 0.63593572 -0.8201378 6710886
1.3760256 0.6272732 -0.82028037 6710886
1.3762648 0.6186077 -0.82042295 6710886
1.3765042 0.60993916 -0.82056564 6710886
1.3767437 0.6012677 -0.82070845 6710886
1.3769832 0.59259313 -0.82085121 6710886
1.3772228 0.58391553 -0.82099402 6710886
1.3774625 0.57523495 -0.82113695 6710886
1.3777021 0.56655127 -0.82127976 6710886
1.3779421 0.55786473 -0.82142282 6710886
1.3781821 0.54917502 -0.82156587 6710886
1.378422 0.54048234 -0.82170892 6710886
1.3786621 0.53178662 -0.82185203 6710886
1.3789023 0.52308786 -0.82199526 6710886
1.3791426 0.51438612 -0.82213849 6710886
1.3793828 0.50568128 -0.82228172 6710886
1.3796233 0.49697343 -0.82242501 6710886
1.3798639 0.48826256 -0.82256842 6710886
1.3801045 0.47954866 -0.82271194 6710886
1.3803451 0.47083166 -0.82285535 6710886
1.3805859 0.46211168 -0.82299888 6710886
1.3808268 0.45338863 -0.82314247 6710886
1.3810678 0.44466254 -0.82328612 6710886
1.3813088 0.43593341 -0.82342982 6710886
1.38155 0.42720127 -0.82357359 6710886
1.3817911 0.41846603 -0.8237173 6710886
1.3820324 0.40972775 -0.82386118 6710886
1.3822738 0.40098643 -0.82400507 6710886
1.3825152 0.39224201 -0.82414895 6710886
1.3827567 0.38349459 -0.82429296 6710886
1.3829983 0.37474409 -0.82443696 6710886
1.3832401 0.36599055 -0.82458109 6710886
1.3834817 0.35723388 -0.82472515 6710886
1.3837237 0.34847423 -0.82486939 6710886
1.3839656 0.33971149 -0.82501358 6710886
1.3842077 0.3309457 -0.82515794 6710886
1.3844497 0.32217678 -0.82530218 6710886
1.384692 0.31340486 -0.82544661 6710886
1.3849343 0.30462986 -0.82559103 6710886
1.3851767 0.29585177 -0.82573551 6710886
1.3854191 0.2870706 -0.82588005 6710886
1.3856617 0.2782864 -0.82602471 6710886
1.3859043 0.26949906 -0.82616931 6710886
1.386147 0.26070869 -0.82631397 6710886
1.3863899 0.25191522 -0.82645875 6710886
1.3866328 0.24311869 -0.82660359 6710886
1.3868756 0.23431905 -0.82674831 6710886
1.3871187 0.22551633 -0.82689321 6710886
1.3873619 0.21671054 -0.82703817 6710886
1.3876052 0.20790167 -0.82718325 6710886
1.3878484 0.19908968 -0.82732821 6710886
1.3880918 0.19027461 -0.82747328 6710886
1.3883353 0.18145646 -0.82761848 6710886
1.3885789 0.1726352 -0.82776368 6710886
1.3888226 0.16381086 -0.82790893 6710886
1.3890663 0.15498342 -0.82805425 6710886
1.3893101 0.14615287 -0.82819957 6710886
1.389554 0.13731922 -0.828345 6710886
1.389798 0.12848248 -0.82849044 6710886
1.3900422 0.11964263 -0.82863599 6710886
1.3902863 0.11079967 -0.82878149 6710886
1.3905305 0.1019536 -0.82892704 6710886
1.3907748 0.093104422 -0.82907271 6710886
1.3910192 0.084252141 -0.82921839 6710886
1.3912637 0.075396739 -0.82936418 6710886
1.3915083 0.066538237 -0.82950997 6710886
1.391753 0.057676606 -0.82965583 6710886
1.3919978 0.048811868 -0.8298018 6710886
1.3922427 0.039944008 -0.82994771 6710886
1.3924875 0.031073026 -0.83009368 6710886
1.3927326 0.022198925 -0.83023983 6710886
1.3929776 0.013321698 -0.83038586 6710886
1.3932228 0.0044413479 -0.83053201 6710886
1.3934681 -0.0044421297 -0.83067828 6710886
1.3937135 -0.013328736 -0.83082449 6710886
1.3939589 -0.022218471 -0.83097082 6710886
1.3942045 -0.031111339 -0.83111721 6710886
1.3944501 -0.040007342 -0.8312636 6710886
1.3946959 -0.048906479 -0.83141017 6710886
1.3949417 -0.057808753 -0.83155668 6710886
1.3951875 -0.06671416 -0.83170319 6710886
1.3954334 -0.075622708 -0.83184981 6710886
1.3956795 -0.084534407 -0.8319965 6710886
1.3959256 -0.093449242 -0.83214325 6710886
1.3961719 -0.10236723 -0.83229005 6710886
1.3964182 -0.11128835 -0.83243686 6710886
1.3966646 -0.12021263 -0.83258379 6710886
1.3969111 -0.12914006 -0.83273071 6710886
1.3971577 -0.13807063 -0.8328777 6710886
1.3974043 -0.14700437 -0.83302468 6710886
1.3976512 -0.15594126 -0.8331719 6710886
1.397898 -0.16488129 -0.83331901 6710886
1.3981448 -0.17382449 -0.83346617 6710886
1.3983918 -0.18277085 -0.8336134 6710886
1.3986391 -0.1917204 -0.8337608 6710886
1.3988863 -0.20067309 -0.83390814 6710886
1.3991337 -0.20962895 -0.8340556 6710886
1.3993809 -0.21858795 -0.834203 6710886
1.3996284 -0.22755015 -0.83435053 6710886
1.399876 -0.23651552 -0.83449817 6710886
1.4001237 -0.24548405 -0.83464581 6710886
1.4003714 -0.25445578 -0.83479345 6710886
1.4006193 -0.26343066 -0.83494121 6710886
1.4008672 -0.27240872 -0.83508903 6710886
1.4011153 -0.28138998 -0.83523691 6710886
1.4013634 -0.2903744 -0.83538479 6710886
1.4016116 -0.299362 -0.83553272 6710886
1.4018599 -0.3083528 -0.83568078 6710886
1.4021081 -0.31734672 -0.83582872 6710886
1.4023565 -0.32634389 -0.83597684 6710886
1.4026051 -0.33534425 -0.83612502 6710886
1.4028537 -0.3443478 -0.83627325 6710886
1.4031025 -0.35335454 -0.83642155 6710886
1.4033513 -0.36236447 -0.83656985 6710886
1.4036002 -0.37137762 -0.8367182 6710886
1.4038491 -0.38039392 -0.83686662 6710886
1.4040983 -0.38941345 -0.83701515 6710886
1.4043474 -0.39843619 -0.83716363 6710886
1.4045967 -0.40746212 -0.83731222 6710886
1.4048458 -0.41649118 -0.83746076 6710886
1.4050953 -0.42552355 -0.83760953 6710886
1.4053447 -0.43455905 -0.83775818 6710886
1.4055941 -0.44359773 -0.83790684 6710886
1.4058436 -0.45263964 -0.83805555 6710886
1.4060935 -0.46168485 -0.8382045 6710886
1.4063431 -0.47073317 -0.83835334 6710886
1.4065931 -0.47978476 -0.83850235 6710886
1.4068429 -0.48883954 -0.8386513 6710886
1.407093 -0.49789757 -0.83880037 6710886
1.4073435 -0.5069589 -0.83894968 6710886
1.4075937 -0.51602334 -0.83909887 7566195
1.3657655 0.99702442 -0.82287169 6710886
1.3660012 0.98848742 -0.82301378 6710886
1.3662369 0.97994733 -0.82315576 6710886
1.3664728 0.97140437 -0.82329792 6710886
1.3667089 0.96285856 -0.82344013 6710886
1.3669449 0.95430964 -0.82358229 6710886
1.3671809 0.94575781 -0.82372451 6710886
1.3674172 0.93720305 -0.8238669 6710886
1.3676535 0.92864531 -0.82400924 6710886
1.3678898 0.9200846 -0.82415158 6710886
1.3681263 0.91152096 -0.82429409 6710886
1.3683628 0.90295434 -0.8244366 6710886
1.3685994 0.8943848 -0.82457918 6710886
1.368836 0.88581222 -0.82472175 6710886
1.3690729 0.87723678 -0.82486445 6710886
1.3693098 0.8686583 -0.82500714 6710886
1.3695467 0.86007684 -0.82514989 6710886
1.3697838 0.85149246 -0.82529271 6710886
1.3700209 0.8429051 -0.82543558 6710886
1.3702581 0.83431476 -0.82557851 6710886
1.3704952 0.82572138 -0.82572138 6710886
1.3707327 0.81712514 -0.82586443 6710886
1.3709701 0.80852586 -0.82600749 6710886
1.3712075 0.79992348 -0.82615054 6710886
1.3714452 0.79131836 -0.82629371 6710886
1.3716829 0.78271013 -0.82643694 6710886
1.3719207 0.77409893 -0.82658023 6710886
1.3721584 0.76548469 -0.82672346 6710886
1.3723963 0.75686747 -0.82686681 6710886
1.3726344 0.74824733 -0.82701021 6710886
1.3728725 0.7396242 -0.82715368 6710886
1.3731107 0.73099804 -0.82729715 6710886
1.373349 0.7223689 -0.82744074 6710886
1.3735873 0.71373671 -0.82758433 6710886
1.3738257 0.70510161 -0.82772797 6710886
1.3740642 0.69646347 -0.82787168 6710886
1.3743027 0.68782234 -0.82801539 6710886
1.3745414 0.67917818 -0.82815921 6710886
1.3747802 0.67053103 -0.82830304 6710886
1.3750191 0.66188091 -0.82844698 6710886
1.375258 0.65322775 -0.82859093 6710886
1.3754969 0.64457154 -0.82873487 6710886
1.375736 0.63591242 -0.82887894 6710886
1.3759753 0.62725025 -0.82902306 6710886
1.3762144 0.61858505 -0.82916719 6710886
1.3764538 0.60991687 -0.82931137 6710886
1.3766931 0.60124558 -0.82945561 6710886
1.3769326 0.59257138 -0.82959992 6710886
1.3771722 0.58389413 -0.82974428 6710886
1.377412 0.57521385 -0.8298887 6710886
1.3776517 0.56653053 -0.83003312 6710886
1.3778914 0.55784416 -0.83017761 6710886
1.3781314 0.54915488 -0.83032215 6710886
1.3783715 0.54046255 -0.83046681 6710886
1.3786114 0.53176707 -0.83061141 6710886
1.3788517 0.52306867 -0.83075613 6710886
1.379092 0.51436722 -0.83090091 6710886
1.3793323 0.50566274 -0.83104569 6710886
1.3795726 0.49695516 -0.83119053 6710886
1.3798132 0.48824462 -0.83133543 6710886
1.3800538 0.47953102 -0.83148038 6710886
1.3802944 0.47081438 -0.8316254 6710886
1.3805351 0.46209466 -0.83177042 6710886
1.380776 0.45337197 -0.83191556 6710886
1.381017 0.44464621 -0.83206069 6710886
1.3812579 0.43591735 -0.83220589 6710886
1.3814991 0.42718551 -0.83235115 6710886
1.3817403 0.41845065 -0.83249652 6710886
1.3819815 0.40971264 -0.83264184 6710886
1.3822229 0.40097165 -0.83278728 6710886
1.3824643 0.39222759 -0.83293271 6710886
1.3827058 0.38348046 -0.83307827 6710886
1.3829473 0.37473026 -0.83322376 6710886
1.3831891 0.36597705 -0.83336943 6710886
1.3834308 0.35722074 -0.83351505 6710886
1.3836727 0.34846139 -0.83366078 6710886
1.3839146 0.33969894 -0.83380651 6710886
1.3841567 0.33093348 -0.83395243 6710886
1.3843988 0.32216495 -0.83409828 6710886
1.3846409 0.31339329 -0.83424413 6710886
1.3848832 0.3046186 -0.8343901 6710886
1.3851256 0.29584086 -0.83453619 6710886
1.385368 0.28706002 -0.83468223 6710886
1.3856106 0.27827612 -0.83482838 6710886
1.3858532 0.26948914 -0.83497453 6710886
1.3860959 0.26069906 -0.83512074 6710886
1.3863386 0.25190592 -0.83526701 6710886
1.3865815 0.2431097 -0.83541334 6710886
1.3868245 0.2343104 -0.83555973 6710886
1.3870674 0.225508 -0.83570611 6710886
1.3873106 0.21670254 -0.83585262 6710886
1.3875539 0.20789398 -0.83599925 6710886
1.3877971 0.19908231 -0.83614576 6710886
1.3880405 0.19026758 -0.83629239 6710886
1.388284 0.18144974 -0.83643907 6710886
1.3885276 0.17262883 -0.83658588 6710886
1.3887712 0.1638048 -0.83673263 6710886
1.3890148 0.15497766 -0.83687943 6710886
1.3892587 0.14614746 -0.83702636 6710886
1.3895025 0.13731413 -0.83717322 6710886
1.3897465 0.12847771 -0.83732027 6710886
1.3899907 0.1196382 -0.83746737 6710886
1.3902348 0.11079556 -0.83761448 6710886
1.3904791 0.10194983 -0.83776164 6710886
1.3907233 0.09310098 -0.8379088 6710886
1.3909677 0.08424902 -0.83805603 6710886
1.3912122 0.075393952 -0.83820331 6710886
1.3914568 0.066535771 -0.83835071 6710886
1.3917015 0.057674471 -0.83849812 6710886
1.3919462 0.048810057 -0.83864558 6710886
1.3921911 0.039942529 -0.8387931 6710886
1.392436 0.031071877 -0.83894068 6710886
1.3926809 0.022198102 -0.8390882 6710886
1.392926 0.013321204 -0.8392359 6710886
1.3931711 0.0044411826 -0.83938354 6710886
1.3934164 -0.0044419649 -0.83953136 6710886
1.3936619 -0.013328242 -0.83967924 6710886
1.3939072 -0.022217646 -0.83982706 6710886
1.3941528 -0.031110186 -0.839975 6710886
1.3943983 -0.040005855 -0.84012294 6710886
1.394644 -0.048904661 -0.840271 6710886
1.3948898 -0.057806604 -0.84041911 6710886
1.3951358 -0.066711687 -0.84056729 6710886
1.3953816 -0.075619899 -0.84071535 6710886
1.3956277 -0.08453127 -0.8408637 6710886
1.3958738 -0.09344577 -0.84101194 6710886
1.39612 -0.10236342 -0.84116024 6710886
1.3963664 -0.11128422 -0.84130871 6710886
1.3966126 -0.12020815 -0.84145707 6710886
1.3968592 -0.12913525 -0.8416056 6710886
1.3971058 -0.1380655 -0.8417542 6710886
1.3973523 -0.1469989 -0.84190273 6710886
1.3975991 -0.15593545 -0.84205145 6710886
1.397846 -0.16487516 -0.84220016 6710886
1.3980927 -0.17381802 -0.84234887 6710886
1.3983399 -0.18276405 -0.84249771 6710886
1.3985869 -0.19171324 -0.84264654 6710886
1.3988342 -0.20066562 -0.84279561 6710886
1.3990816 -0.20962115 -0.84294462 6710886
1.3993289 -0.21857983 -0.84309363 6710886
1.3995763 -0.22754167 -0.8432427 6710886
1.3998238 -0.2365067 -0.84339178 6710886
1.4000715 -0.2454749 -0.84354103 6710886
1.4003192 -0.25444627 -0.84369028 6710886
1.4005671 -0.26342082 -0.84383959 6710886
1.400815 -0.27239856 -0.84398901 6710886
1.401063 -0.28137946 -0.84413838 6710886
1.401311 -0.29036355 -0.84428787 6710886
1.4015592 -0.29935083 -0.84443742 6710886
1.4018075 -0.30834129 -0.84458703 6710886
1.4020559 -0.31733492 -0.84473664 6710886
1.4023042 -0.3263317 -0.84488624 6710886
1.4025527 -0.33533174 -0.84503597 6710886
1.4028013 -0.34433493 -0.8451857 6710886
1.4030501 -0.35334134 -0.8453356 6710886
1.4032989 -0.36235094 -0.84548551 6710886
1.4035476 -0.3713637 -0.84563541 6710886
1.4037967 -0.38037971 -0.84578544 6710886
1.4040457 -0.38939887 -0.84593546 6710886
1.4042948 -0.39842126 -0.84608561 6710886
1.4045441 -0.40744686 -0.84623581 6710886
1.4047934 -0.41647562 -0.84638596 6710886
1.4050428 -0.42550763 -0.84653622 6710886
1.4052923 -0.43454283 -0.84668654 6710886
1.4055415 -0.44358113 -0.84683675 6710886
1.405791 -0.45262271 -0.84698707 6710886
1.4060408 -0.46166754 -0.84713751 6710886
1.4062904 -0.47071552 -0.84728795 6710886
1.4065403 -0.47976676 -0.84743845 6710886
1.4067903 -0.48882121 -0.84758908 6710886
1.4070404 -0.49787891 -0.84773976 6710886
1.4072907 -0.50693989 -0.84789062 6710886
1.4075412 -0.51600409 -0.84804147 7566195
1.3657157 0.99698818 -0.83154905 6710886
1.3659515 0.98845148 -0.83169264 6710886
1.3661873 0.97991174 -0.83183622 6710886
1.3664231 0.97136909 -0.83197975 6710886
1.366659 0.96282345 -0.8321234 6710886
1.3668951 0.95427489 -0.83226711 6710886
1.3671312 0.94572341 -0.83241093 6710886
1.3673674 0.9371689 -0.8325547 6710886
1.3676037 0.92861152 -0.83269858 6710886
1.3678401 0.92005116 -0.83284253 6710886
1.3680763 0.9114877 -0.83298635 6710886
1.368313 0.9029215 -0.83313042 6710886
1.3685496 0.89435226 -0.83327454 6710886
1.3687861 0.88577992 -0.83341855 6710886
1.369023 0.87720478 -0.83356273 6710886
1.3692598 0.86862665 -0.83370697 6710886
1.3694968 0.86004555 -0.83385128 6710886
1.3697337 0.85146135 -0.83399552 6710886
1.3699708 0.84287429 -0.83413988 6710886
1.370208 0.83428431 -0.83428431 6710886
1.3704453 0.82569128 -0.83442873 6710886
1.3706826 0.81709528 -0.83457327 6710886
1.3709201 0.80849636 -0.83471787 6710886
1.3711575 0.79989439 -0.83486241 6710886
1.371395 0.79128939 -0.83500701 6710886
1.3716327 0.78268147 -0.83515173 6710886
1.3718705 0.77407062 -0.83529657 6710886
1.3721082 0.76545668 -0.83544129 6710886
1.3723462 0.75683981 -0.83558613 6710886
1.3725842 0.74822003 -0.83573109 6710886
1.3728223 0.73959714 -0.83587605 6710886
1.3730603 0.73097122 -0.83602101 6710886
1.3732986 0.72234243 -0.83616608 6710886
1.3735371 0.71371067 -0.83631128 6710886
1.3737754 0.7050758 -0.83645636 6710886
1.3740139 0.69643795 -0.83660161 6710886
1.3742524 0.68779713 -0.83674681 6710886
1.3744911 0.67915332 -0.83689213 6710886
1.3747298 0.67050648 -0.83703744 6710886
1.3749686 0.66185665 -0.83718294 6710886
1.3752075 0.65320379 -0.83732837 6710886
1.3754464 0.64454794 -0.83747381 6710886
1.3756856 0.63588911 -0.83761942 6710886
1.3759247 0.62722725 -0.83776504 6710886
1.3761641 0.6185624 -0.83791077 6710886
1.3764032 0.60989445 -0.83805639 6710886
1.3766427 0.60122359 -0.83820224 6710886
1.3768822 0.59254968 -0.83834803 6710886
1.3771217 0.58387268 -0.83849382 6710886
1.3773614 0.57519275 -0.8386398 6710886
1.3776011 0.56650978 -0.83878577 6710886
1.377841 0.55782378 -0.8389318 6710886
1.3780808 0.54913473 -0.83907783 6710886
1.3783208 0.54044265 -0.83922398 6710886
1.3785609 0.53174758 -0.83937013 6710886
1.378801 0.52304947 -0.83951634 6710886
1.3790412 0.51434827 -0.83966261 6710886
1.3792816 0.50564414 -0.839809 6710886
1.379522 0.49693692 -0.83995533 6710886
1.3797624 0.48822665 -0.84010172 6710886
1.3800031 0.47951341 -0.84024829 6710886
1.3802438 0.47079709 -0.84039479 6710886
1.3804845 0.46207771 -0.84054136 6710886
1.3807253 0.45335528 -0.84068799 6710886
1.3809662 0.44462985 -0.84083468 6710886
1.3812071 0.43590134 -0.84098136 6710886
1.3814483 0.42716983 -0.84112817 6710886
1.3816894 0.41843522 -0.84127504 6710886
1.3819307 0.40969759 -0.84142196 6710886
1.382172 0.4009569 -0.84156883 6710886
1.3824134 0.39221314 -0.84171581 6710886
1.3826549 0.38346633 -0.84186286 6710886
1.3828964 0.37471646 -0.84200996 6710886
1.3831382 0.36596358 -0.84215713 6710886
1.3833799 0.3572076 -0.84230435 6710886
1.3836218 0.34844857 -0.84245163 6710886
1.3838636 0.33968642 -0.8425988 6710886
1.3841056 0.33092126 -0.84274614 6710886
1.3843477 0.32215303 -0.8428936 6710886
1.3845898 0.31338173 -0.843041 6710886
1.3848321 0.30460739 -0.84318852 6710886
1.3850745 0.29582995 -0.84333611 6710886
1.385317 0.28704944 -0.84348375 6710886
1.3855594 0.27826583 -0.84363139 6710886
1.385802 0.26947919 -0.84377909 6710886
1.3860447 0.26068944 -0.84392685 6710886
1.3862875 0.25189662 -0.84407467 6710886
1.3865303 0.24310072 -0.84422249 6710886
1.3867732 0.23430175 -0.84437042 6710886
1.3870163 0.22549969 -0.84451842 6710886
1.3872594 0.21669453 -0.84466642 6710886
1.3875026 0.20788629 -0.84481448 6710886
1.3877459 0.19907497 -0.84496266 6710886
1.3879892 0.19026054 -0.84511077 6710886
1.3882327 0.18144305 -0.84525907 6710886
1.3884763 0.17262244 -0.84540737 6710886
1.3887199 0.16379875 -0.84555572 6710886
1.3889635 0.15497194 -0.84570402 6710886
1.3892074 0.14614205 -0.84585249 6710886
1.3894513 0.13730906 -0.84600103 6710886
1.389695 0.12847295 -0.84614944 6710886
1.3899392 0.11963376 -0.8462981 6710886
1.3901833 0.11079146 -0.84644675 6710886
1.3904276 0.10194605 -0.84659547 6710886
1.3906718 0.09309753 -0.84674418 6710886
1.3909162 0.084245898 -0.84689301 6710886
1.3911607 0.075391158 -0.84704185 6710886
1.3914052 0.066533305 -0.84719074 6710886
1.3916498 0.057672333 -0.84733969 6710886
1.3918947 0.048808254 -0.84748876 6710886
1.3921394 0.039941046 -0.84763777 6710886
1.3923843 0.031070722 -0.84778684 6710886
1.3926294 0.02219728 -0.84793609 6710886
1.3928744 0.013320711 -0.84808522 6710886
1.3931196 0.0044410187 -0.84823453 6710886
1.3933647 -0.0044418001 -0.84838378 6710886
1.3936101 -0.013327748 -0.84853321 6710886
1.3938556 -0.022216825 -0.8486827 6710886
1.3941009 -0.031109028 -0.84883207 6710886
1.3943466 -0.040004373 -0.84898168 6710886
1.3945923 -0.048902847 -0.84913123 6710886
1.394838 -0.057804454 -0.84928083 6710886
1.3950839 -0.066709206 -0.84943056 6710886
1.3953298 -0.075617097 -0.84958035 6710886
1.3955758 -0.084528118 -0.84973007 6710886
1.3958219 -0.093442298 -0.84987992 6710886
1.3960681 -0.10235962 -0.85002983 6710886
1.3963144 -0.11128008 -0.85017979 6710886
1.3965608 -0.12020369 -0.85032982 6710886
1.3968072 -0.12913045 -0.85047984 6710886
1.3970537 -0.13806036 -0.85062993 6710886
1.3973005 -0.14699344 -0.85078019 6710886
1.3975471 -0.15592965 -0.85093039 6710886
1.3977939 -0.16486903 -0.8510806 6710886
1.3980409 -0.17381157 -0.85123104 6710886
1.3982878 -0.18275724 -0.85138136 6710886
1.3985349 -0.19170611 -0.8515318 6710886
1.3987819 -0.20065811 -0.85168219 6710886
1.3990294 -0.20961332 -0.85183287 6710886
1.3992767 -0.21857168 -0.85198349 6710886
1.3995242 -0.22753321 -0.85213417 6710886
1.3997716 -0.23649786 -0.85228479 6710886
1.4000193 -0.24546576 -0.85243559 6710886
1.400267 -0.25443679 -0.85258645 6710886
1.4005148 -0.26341102 -0.85273737 6710886
1.4007627 -0.2723884 -0.85288823 6710886
1.4010106 -0.28136894 -0.85303921 6710886
1.4012587 -0.2903527 -0.85319024 6710886
1.4015069 -0.29933965 -0.8533414 6710886
1.4017551 -0.30832976 -0.8534925 6710886
1.4020035 -0.31732309 -0.85364377 6710886
1.4022518 -0.32631955 -0.85379493 6710886
1.4025003 -0.33531919 -0.85394621 6710886
1.4027489 -0.34432209 -0.8540976 6710886
1.4029976 -0.35332814 -0.85424906 6710886
1.4032464 -0.36233738 -0.85440052 6710886
1.4034952 -0.37134981 -0.85455197 6710886
1.4037442 -0.38036549 -0.85470361 6710886
1.4039932 -0.38938433 -0.85485524 6710886
1.4042423 -0.39840636 -0.85500687 6710886
1.4044915 -0.4074316 -0.85515863 6710886
1.4047408 -0.41646004 -0.85531044 6710886
1.4049902 -0.42549169 -0.85546225 6710886
1.4052396 -0.43452653 -0.85561413 6710886
1.405489 -0.44356456 -0.85576594 6710886
1.4057384 -0.45260575 -0.85591781 6710886
1.4059881 -0.46165025 -0.85606986 6710886
1.4062377 -0.47069788 -0.85622185 6710886
1.4064876 -0.47974879 -0.85637397 6710886
1.4067376 -0.48880291 -0.8565262 6710886
1.4069877 -0.49786025 -0.85667849 6710886
1.4072379 -0.50692087 -0.85683084 6710886
1.4074883 -0.51598471 -0.8569833 7566195
1.365666 0.99695188 -0.84022582 6710886
1.3659018 0.98841548 -0.84037089 6710886
1.3661376 0.9798761 -0.84051597 6710886
1.3663734 0.97133374 -0.84066105 6710886
1.3666093 0.9627884 -0.84080619 6710886
1.3668454 0.9542402 -0.84095138 6710886
1.3670814 0.94568896 -0.84109664 6710886
1.3673176 0.93713474 -0.8412419 6710886
1.3675538 0.92857766 -0.84138727 6710886
1.3677902 0.9200176 -0.84153271 6710886
1.3680266 0.91145456 -0.84167814 6710886
1.368263 0.90288854 -0.84182358 6710886
1.3684996 0.89431959 -0.84196919 6710886
1.3687364 0.88574773 -0.84211487 6710886
1.368973 0.87717277 -0.84226042 6710886
1.3692099 0.86859494 -0.84240615 6710886
1.3694469 0.8600142 -0.84255195 6710886
1.3696839 0.85143042 -0.8426978 6710886
1.3699208 0.84284359 -0.84284359 6710886
1.370158 0.83425379 -0.84298944 6710886
1.3703953 0.82566118 -0.84313548 6710886
1.3706325 0.81706542 -0.84328145 6710886
1.3708699 0.80846673 -0.84342748 6710886
1.3711075 0.79986519 -0.84357363 6710886
1.371345 0.79126054 -0.84371984 6710886
1.3715826 0.78265291 -0.84386599 6710886
1.3718203 0.77404231 -0.84401226 6710886
1.3720582 0.76542872 -0.84415853 6710886
1.372296 0.75681216 -0.84430486 6710886
1.372534 0.74819267 -0.84445137 6710886
1.3727721 0.73957008 -0.84459782 6710886
1.3730102 0.73094451 -0.84474427 6710886
1.3732485 0.72231603 -0.84489089 6710886
1.3734868 0.7136845 -0.84503752 6710886
1.3737252 0.70505005 -0.84518421 6710886
1.3739636 0.6964125 -0.84533089 6710886
1.3742021 0.68777198 -0.84547764 6710886
1.3744408 0.67912847 -0.84562445 6710886
1.3746794 0.67048192 -0.84577131 6710886
1.3749183 0.66183245 -0.8459183 6710886
1.3751572 0.65317994 -0.84606528 6710886
1.3753963 0.6445244 -0.84621233 6710886
1.3756351 0.63586581 -0.84635931 6710886
1.3758743 0.62720424 -0.84650642 6710886
1.3761135 0.61853969 -0.84665364 6710886
1.3763528 0.6098721 -0.8468008 6710886
1.3765922 0.60120147 -0.84694809 6710886
1.3768317 0.59252793 -0.84709543 6710886
1.3770713 0.58385128 -0.84724289 6710886
1.3773109 0.57517165 -0.84739029 6710886
1.3775506 0.56648898 -0.84753776 6710886
1.3777905 0.55780333 -0.84768534 6710886
1.3780302 0.54911453 -0.84783286 6710886
1.3782701 0.5404228 -0.8479805 6710886
1.3785102 0.53172803 -0.8481282 6710886
1.3787504 0.52303028 -0.84827596 6710886
1.3789905 0.51432937 -0.84842372 6710886
1.379231 0.50562561 -0.84857166 6710886
1.3794713 0.49691868 -0.84871948 6710886
1.3797117 0.48820874 -0.84886742 6710886
1.3799523 0.47949576 -0.84901541 6710886
1.380193 0.47077978 -0.84916353 6710886
1.3804338 0.46206075 -0.84931165 6710886
1.3806745 0.45333862 -0.84945977 6710886
1.3809154 0.44461349 -0.849608 6710886
1.3811564 0.43588534 -0.8497563 6710886
1.3813974 0.42715406 -0.84990448 6710886
1.3816385 0.41841981 -0.85005289 6710886
1.3818798 0.40968251 -0.85020131 6710886
1.3821212 0.40094215 -0.85034984 6710886
1.3823625 0.39219868 -0.85049832 6710886
1.382604 0.38345224 -0.85064691 6710886
1.3828456 0.37470269 -0.85079557 6710886
1.3830872 0.36595008 -0.85094416 6710886
1.3833289 0.35719442 -0.85109288 6710886
1.3835708 0.34843573 -0.85124171 6710886
1.3838125 0.33967391 -0.85139042 6710886
1.3840545 0.33090907 -0.85153931 6710886
1.3842967 0.32214117 -0.85168827 6710886
1.3845389 0.3133702 -0.85183734 6710886
1.384781 0.30459613 -0.85198629 6710886
1.3850234 0.29581901 -0.85213542 6710886
1.3852658 0.28703883 -0.85228455 6710886
1.3855082 0.27825555 -0.85243368 6710886
1.3857509 0.26946923 -0.85258299 6710886
1.3859936 0.26067984 -0.85273236 6710886
1.3862363 0.25188732 -0.85288167 6710886
1.386479 0.24309173 -0.85303098 6710886
1.3867221 0.2342931 -0.85318053 6710886
1.386965 0.22549134 -0.85333002 6710886
1.3872081 0.21668652 -0.85347956 6710886
1.3874513 0.2078786 -0.85362917 6710886
1.3876946 0.19906761 -0.8537789 6710886
1.387938 0.19025353 -0.85392863 6710886
1.3881813 0.18143633 -0.85407835 6710886
1.3884249 0.17261605 -0.8542282 6710886
1.3886685 0.16379268 -0.8543781 6710886
1.3889121 0.15496621 -0.85452795 6710886
1.3891559 0.14613664 -0.85467792 6710886
1.3893998 0.13730398 -0.854828 6710886
1.3896438 0.12846822 -0.85497808 6710886
1.3898877 0.11962933 -0.85512817 6710886
1.3901318 0.11078735 -0.85527837 6710886
1.3903761 0.10194228 -0.85542864 6710886
1.3906202 0.093094073 -0.8555789 6710886
1.3908647 0.084242783 -0.85572928 6710886
1.3911091 0.075388364 -0.85587966 6710886
1.3913537 0.066530839 -0.85603017 6710886
1.3915983 0.057670198 -0.85618067 6710886
1.3918431 0.048806444 -0.85633123 6710886
1.3920878 0.039939567 -0.85648179 6710886
1.3923327 0.031069571 -0.85663247 6710886
1.3925776 0.022196455 -0.85678315 6710886
1.3928227 0.013320217 -0.85693395 6710886
1.3930678 0.0044408538 -0.85708475 6710886
1.3933131 -0.0044416352 -0.85723561 6710886
1.3935584 -0.013327252 -0.85738659 6710886
1.3938037 -0.022215998 -0.85753751 6710886
1.3940493 -0.031107876 -0.85768861 6710886
1.3942947 -0.040002882 -0.85783958 6710886
1.3945404 -0.048901029 -0.85799074 6710886
1.3947862 -0.057802312 -0.85814202 6710886
1.395032 -0.066706732 -0.85829324 6710886
1.395278 -0.075614288 -0.85844457 6710886
1.395524 -0.084524989 -0.85859591 6710886
1.3957701 -0.093438827 -0.8587473 6710886
1.3960162 -0.10235581 -0.85889876 6710886
1.3962624 -0.11127593 -0.85905021 6710886
1.3965088 -0.12019922 -0.85920179 6710886
1.3967553 -0.12912565 -0.85935348 6710886
1.3970017 -0.13805522 -0.85950512 6710886
1.3972484 -0.14698796 -0.85965687 6710886
1.3974952 -0.15592384 -0.85980868 6710886
1.3977419 -0.16486289 -0.8599605 6710886
1.3979888 -0.17380509 -0.86011237 6710886
1.3982358 -0.18275046 -0.86026436 6710886
1.3984828 -0.19169897 -0.86041629 6710886
1.3987299 -0.20065065 -0.86056834 6710886
1.3989772 -0.2096055 -0.86072046 6710886
1.3992245 -0.21856353 -0.86087269 6710886
1.399472 -0.22752471 -0.86102492 6710886
1.3997196 -0.23648909 -0.86117727 6710886
1.3999671 -0.24545659 -0.8613295 6710886
1.4002148 -0.25442731 -0.8614819 6710886
1.4004625 -0.26340118 -0.86163431 6710886
1.4007103 -0.27237821 -0.86178678 6710886
1.4009584 -0.28135848 -0.86193943 6710886
1.4012064 -0.29034185 -0.86209202 6710886
1.4014546 -0.29932848 -0.86224467 6710886
1.4017028 -0.30831823 -0.86239737 6710886
1.4019511 -0.3173112 -0.86255014 6710886
1.4021995 -0.32630736 -0.86270303 6710886
1.4024481 -0.3353067 -0.86285591 6710886
1.4026965 -0.34430921 -0.8630088 6710886
1.4029452 -0.35331494 -0.8631618 6710886
1.4031938 -0.36232382 -0.86331475 6710886
1.4034427 -0.37133595 -0.86346793 6710886
1.4036916 -0.38035125 -0.86362106 6710886
1.4039407 -0.38936976 -0.8637743 6710886
1.4041898 -0.39839146 -0.86392754 6710886
1.404439 -0.40741634 -0.86408085 6710886
1.4046882 -0.41644445 -0.86423421 6710886
1.4049376 -0.42547578 -0.86438763 6710886
1.4051871 -0.43451032 -0.86454117 6710886
1.4054363 -0.44354793 -0.86469442 6710886
1.4056857 -0.4525888 -0.8648479 6710886
1.4059355 -0.46163297 -0.86500162 6710886
1.4061852 -0.47068027 -0.86515516 6710886
1.4064349 -0.47973081 -0.86530882 6710886
1.4066848 -0.48878455 -0.86546254 6710886
1.4069349 -0.49784157 -0.86561644 6710886
1.4071852 -0.50690186 -0.86577046 6710886
1.4074355 -0.51596534 -0.86592448 7566195
1.3656164 0.99691564 -0.84890199 6710886
1.3658521 0.98837954 -0.8490485 6710886
1.3660878 0.97984034 -0.849195 6710886
1.3663237 0.9712984 -0.84934163 6710886
1.3665595 0.9627533 -0.8494882 6710886
1.3667955 0.95420539 -0.84963495 6710886
1.3670317 0.94565457 -0.84978175 6710886
1.3672678 0.93710071 -0.84992856 6710886
1.367504 0.92854381 -0.8500753 6710886
1.3677404 0.9199841 -0.85022229 6710886
1.3679768 0.91142136 -0.85036922 6710886
1.3682132 0.90285563 -0.8505162 6710886
1.3684497 0.89428693 -0.85066319 6710886
1.3686864 0.88571543 -0.85081035 6710886
1.3689232 0.87714082 -0.85095751 6710886
1.3691599 0.86856323 -0.85110468 6710886
1.3693968 0.85998273 -0.85125196 6710886
1.3696339 0.85139936 -0.85139936 6710886
1.3698708 0.84281278 -0.85154659 6710886
1.370108 0.83422339 -0.85169405 6710886
1.3703452 0.82563102 -0.85184151 6710886
1.3705826 0.81703568 -0.85198903 6710886
1.3708198 0.80843723 -0.85213655 6710886
1.3710574 0.79983598 -0.85228419 6710886
1.371295 0.79123163 -0.85243189 6710886
1.3715324 0.78262424 -0.85257953 6710886
1.3717703 0.77401406 -0.85272735 6710886
1.3720081 0.76540083 -0.85287517 6710886
1.3722459 0.75678456 -0.85302305 6710886
1.3724838 0.74816531 -0.85317093 6710886
1.3727219 0.73954308 -0.85331893 6710886
1.3729601 0.73091787 -0.85346699 6710886
1.3731982 0.72228956 -0.85361499 6710886
1.3734365 0.71365839 -0.8537631 6710886
1.3736749 0.70502418 -0.85391128 6710886
1.3739134 0.69638705 -0.85405958 6710886
1.3741518 0.68774676 -0.85420781 6710886
1.3743905 0.67910361 -0.85435617 6710886
1.3746293 0.67045742 -0.85450459 6710886
1.3748679 0.66180819 -0.85465294 6710886
1.3751068 0.65315598 -0.85480142 6710886
1.3753458 0.64450079 -0.85495001 6710886
1.3755848 0.63584256 -0.85509861 6710886
1.3758239 0.62718123 -0.85524714 6710886
1.3760631 0.61851704 -0.85539591 6710886
1.3763025 0.60984981 -0.85554469 6710886
1.3765417 0.60117948 -0.8556934 6710886
1.3767812 0.59250623 -0.85584229 6710886
1.3770207 0.58382988 -0.85599118 6710886
1.3772603 0.57515055 -0.85614014 6710886
1.3775001 0.56646818 -0.85628915 6710886
1.3777398 0.55778283 -0.85643816 6710886
1.3779798 0.54909444 -0.85658735 6710886
1.3782196 0.54040295 -0.85673642 6710886
1.3784597 0.53170854 -0.85688567 6710886
1.3786998 0.52301103 -0.85703492 6710886
1.3789399 0.51431048 -0.85718417 6710886
1.3791802 0.50560695 -0.85733354 6710886
1.3794206 0.49690041 -0.85748303 6710886
1.3796611 0.4881908 -0.85763246 6710886
1.3799015 0.47947812 -0.85778195 6710886
1.3801422 0.47076246 -0.85793155 6710886
1.380383 0.46204376 -0.85808128 6710886
1.3806237 0.45332193 -0.85823089 6710886
1.3808646 0.44459715 -0.85838062 6710886
1.3811055 0.43586928 -0.8585304 6710886
1.3813467 0.42713842 -0.85868031 6710886
1.3815877 0.41840443 -0.85883015 6710886
1.3818289 0.4096674 -0.85898006 6710886
1.3820703 0.40092739 -0.85913014 6710886
1.3823116 0.39218426 -0.85928011 6710886
1.3825531 0.38343811 -0.85943025 6710886
1.3827946 0.37468889 -0.8595804 6710886
1.3830363 0.36593661 -0.8597306 6710886
1.3832779 0.35718125 -0.85988081 6710886
1.3835198 0.34842288 -0.86003113 6710886
1.3837616 0.33966142 -0.86018151 6710886
1.3840035 0.33089685 -0.86033183 6710886
1.3842456 0.32212928 -0.86048234 6710886
1.3844877 0.31335863 -0.86063284 6710886
1.3847301 0.30458495 -0.86078352 6710886
1.3849722 0.29580811 -0.86093402 6710886
1.3852147 0.28702825 -0.86108476 6710886
1.3854572 0.2782453 -0.8612355 6710886
1.3856996 0.26945928 -0.86138618 6710886
1.3859423 0.26067019 -0.8615371 6710886
1.3861852 0.25187802 -0.86168802 6710886
1.386428 0.24308279 -0.861839 6710886
1.3866708 0.23428445 -0.86198992 6710886
1.3869138 0.22548302 -0.86214095 6710886
1.387157 0.21667853 -0.86229211 6710886
1.3874 0.20787093 -0.86244321 6710886
1.3876432 0.19906025 -0.86259437 6710886
1.3878866 0.19024649 -0.8627457 6710886
1.3881299 0.18142961 -0.86289698 6710886
1.3883735 0.17260967 -0.86304832 6710886
1.3886172 0.16378663 -0.86319983 6710886
1.3888608 0.15496048 -0.86335129 6710886
1.3891045 0.14613123 -0.86350274 6710886
1.3893484 0.1372989 -0.86365438 6710886
1.3895923 0.12846345 -0.86380595 6710886
1.3898362 0.1196249 -0.86395758 6710886
1.3900803 0.11078325 -0.86410934 6710886
1.3903246 0.1019385 -0.86426121 6710886
1.3905689 0.093090631 -0.86441302 6710886
1.3908131 0.084239654 -0.8645649 6710886
1.3910576 0.075385571 -0.86471689 6710886
1.3913021 0.066528372 -0.86486882 6710886
1.3915467 0.05766806 -0.86502093 6710886
1.3917915 0.048804633 -0.86517304 6710886
1.3920362 0.039938085 -0.86532515 6710886
1.3922812 0.031068422 -0.86547744 6710886
1.392526 0.022195632 -0.86562967 6710886
1.3927711 0.013319723 -0.86578202 6710886
1.3930162 0.004440689 -0.86593437 6710886
1.3932613 -0.0044414704 -0.86608672 6710886
1.3935066 -0.013326758 -0.86623925 6710886
1.393752 -0.022215173 -0.86639172 6710886
1.3939976 -0.031106722 -0.86654443 6710886
1.3942431 -0.040001404 -0.86669707 6710886
1.3944887 -0.048899215 -0.86684972 6710886
1.3947344 -0.057800163 -0.86700243 6710886
1.3949803 -0.066704251 -0.86715531 6710886
1.3952261 -0.07561148 -0.86730814 6710886
1.3954722 -0.084521845 -0.86746109 6710886
1.3957182 -0.093435355 -0.86761403 6710886
1.3959644 -0.10235201 -0.86776704 6710886
1.3962107 -0.11127181 -0.86792016 6710886
1.3964568 -0.12019475 -0.86807317 6710886
1.3967034 -0.12912086 -0.86822641 6710886
1.3969499 -0.13805009 -0.86837965 6710886
1.3971964 -0.14698249 -0.8685329 6710886
1.3974432 -0.15591805 -0.86868626 6710886
1.3976899 -0.16485676 -0.86883968 6710886
1.3979367 -0.17379862 -0.8689931 6710886
1.3981837 -0.18274365 -0.86914665 6710886
1.3984307 -0.19169183 -0.86930019 6710886
1.3986778 -0.20064318 -0.86945379 6710886
1.3989251 -0.20959769 -0.86960745 6710886
1.3991723 -0.21855536 -0.86976117 6710886
1.3994198 -0.22751623 -0.86991501 6710886
1.3996674 -0.23648027 -0.87006891 6710886
1.399915 -0.24544746 -0.87022281 6710886
1.4001625 -0.25441781 -0.87037665 6710886
1.4004103 -0.26339135 -0.87053072 6710886
1.4006581 -0.27236807 -0.8706848 6710886
1.4009061 -0.28134796 -0.87083894 6710886
1.4011542 -0.29033104 -0.87099314 6710886
1.4014022 -0.2993173 -0.87114733 6710886
1.4016504 -0.30830672 -0.87130165 6710886
1.4018987 -0.31729937 -0.87145597 6710886
1.4021472 -0.32629517 -0.8716104 6710886
1.4023956 -0.33529416 -0.87176484 6710886
1.4026442 -0.34429637 -0.87191933 6710886
1.4028927 -0.3533017 -0.87207383 6710886
1.4031414 -0.36231026 -0.87222844 6710886
1.4033903 -0.37132207 -0.87238318 6710886
1.4036392 -0.38033703 -0.87253791 6710886
1.4038882 -0.38935521 -0.8726927 6710886
1.4041373 -0.39837655 -0.8728475 6710886
1.4043864 -0.40740111 -0.87300235 6710886
1.4046357 -0.41642886 -0.87315732 6710886
1.4048851 -0.42545986 -0.87331235 6710886
1.4051346 -0.43449408 -0.87346745 6710886
1.4053838 -0.44353136 -0.87362242 6710886
1.4056332 -0.4525719 -0.87377745 6710886
1.4058828 -0.46161568 -0.8739326 6710886
1.4061325 -0.47066265 -0.87408775 6710886
1.4063823 -0.47971287 -0.87424308 6710886
1.4066322 -0.48876628 -0.87439841 6710886
1.4068823 -0.49782297 -0.87455386 6710886
1.4071325 -0.50688291 -0.87470943 6710886
1.4073827 -0.51594603 -0.874865 7566195
1.3655668 0.99687946 -0.8575775 6710886
1.3658025 0.98834366 -0.8577255 6710886
1.3660381 0.97980469 -0.85787344 6710886
1.366274 0.97126305 -0.85802162 6710886
1.3665099 0.96271837 -0.85816979 6710886
1.3667458 0.9541707 -0.85831791 6710886
1.3669819 0.94562006 -0.85846615 6710886
1.367218 0.93706656 -0.85861444 6710886
1.3674543 0.92851007 -0.85876286 6710886
1.3676904 0.91995049 -0.85891116 6710886
1.367927 0.91138816 -0.85905969 6710886
1.3681633 0.90282273 -0.85920811 6710886
1.3683999 0.89425439 -0.85935664 6710886
1.3686365 0.88568306 -0.85950524 6710886
1.3688732 0.87710881 -0.85965395 6710886
1.3691101 0.86853164 -0.85980266 6710886
1.3693469 0.85995138 -0.85995138 6710886
1.3695838 0.85136819 -0.86010021 6710886
1.369821 0.84278214 -0.8602491 6710886
1.3700579 0.83419293 -0.86039793 6710886
1.3702952 0.82560086 -0.86054689 6710886
1.3705325 0.81700581 -0.86069596 6710886
1.3707699 0.80840778 -0.86084503 6710886
1.3710073 0.79980677 -0.86099416 6710886
1.3712448 0.79120272 -0.86114329 6710886
1.3714825 0.78259575 -0.86129254 6710886
1.3717201 0.77398574 -0.86144173 6710886
1.3719579 0.76537281 -0.8615911 6710886
1.3721957 0.75675684 -0.86174047 6710886
1.3724337 0.74813795 -0.8618899 6710886
1.3726717 0.73951602 -0.86203939 6710886
1.3729098 0.73089111 -0.86218888 6710886
1.3731481 0.72226328 -0.86233854 6710886
1.3733863 0.71363229 -0.86248815 6710886
1.3736247 0.70499843 -0.86263788 6710886
1.3738631 0.69636154 -0.8627876 6710886
1.3741015 0.68772161 -0.86293733 6710886
1.3743402 0.67907876 -0.86308718 6710886
1.3745788 0.67043287 -0.86323708 6710886
1.3748177 0.66178399 -0.86338711 6710886
1.3750564 0.65313202 -0.86353695 6710886
1.3752954 0.64447713 -0.86368704 6710886
1.3755344 0.63581926 -0.86383718 6710886
1.3757734 0.62715828 -0.86398727 6710886
1.3760127 0.61849439 -0.86413753 6710886
1.3762519 0.6098274 -0.86428779 6710886
1.3764913 0.60115749 -0.86443812 6710886
1.3767307 0.59248447 -0.86458844 6710886
1.3769702 0.58380842 -0.86473882 6710886
1.3772099 0.57512951 -0.86488938 6710886
1.3774494 0.56644738 -0.86503977 6710886
1.3776892 0.55776232 -0.86519039 6710886
1.3779291 0.54907423 -0.86534101 6710886
1.3781691 0.54038316 -0.86549175 6710886
1.378409 0.53168899 -0.86564243 6710886
1.3786491 0.52299184 -0.86579323 6710886
1.3788893 0.51429164 -0.86594403 6710886
1.3791295 0.50558841 -0.86609489 6710886
1.37937 0.49688217 -0.86624593 6710886
1.3796104 0.48817286 -0.8663969 6710886
1.379851 0.47946057 -0.866548 6710886
1.3800914 0.47074512 -0.86669898 6710886
1.3803322 0.46202675 -0.8668502 6710886
1.380573 0.4533053 -0.86700141 6710886
1.3808138 0.44458079 -0.86715263 6710886
1.3810548 0.43585324 -0.86730397 6710886
1.3812958 0.42712268 -0.8674553 6710886
1.3815368 0.41838902 -0.8676067 6710886
1.3817781 0.40965235 -0.86775821 6710886
1.3820194 0.40091261 -0.86790973 6710886
1.3822608 0.39216983 -0.86806136 6710886
1.3825021 0.38342395 -0.86821288 6710886
1.3827437 0.3746751 -0.86836463 6710886
1.3829854 0.36592314 -0.86851639 6710886
1.383227 0.35716811 -0.86866814 6710886
1.3834687 0.34841001 -0.86881995 6710886
1.3837106 0.3396489 -0.86897182 6710886
1.3839526 0.3308847 -0.86912382 6710886
1.3841946 0.32211742 -0.86927575 6710886
1.3844367 0.31334707 -0.8694278 6710886
1.384679 0.30457368 -0.86957997 6710886
1.3849212 0.2957972 -0.86973208 6710886
1.3851635 0.28701764 -0.86988425 6710886
1.385406 0.27823505 -0.87003654 6710886
1.3856486 0.26944935 -0.87018889 6710886
1.3858912 0.26066056 -0.87034124 6710886
1.3861339 0.25186872 -0.87049365 6710886
1.3863767 0.24307381 -0.87064618 6710886
1.3866196 0.23427577 -0.87079865 6710886
1.3868625 0.22547469 -0.87095124 6710886
1.3871057 0.21667053 -0.87110394 6710886
1.3873489 0.20786327 -0.87125665 6710886
1.387592 0.19905289 -0.8714093 6710886
1.3878353 0.19023944 -0.87156212 6710886
1.3880787 0.18142292 -0.87171501 6710886
1.3883221 0.17260328 -0.87186784 6710886
1.3885658 0.16378057 -0.8720209 6710886
1.3888094 0.15495475 -0.87217391 6710886
1.3890532 0.14612584 -0.87232697 6710886
1.3892969 0.13729382 -0.87248003 6710886
1.3895409 0.12845871 -0.87263328 6710886
1.3897849 0.11962049 -0.87278652 6710886
1.3900288 0.11077914 -0.87293971 6710886
1.3902731 0.10193472 -0.87309307 6710886
1.3905174 0.093087189 -0.87324649 6710886
1.3907617 0.08423654 -0.87339991 6710886
1.3910061 0.075382784 -0.8735534 6710886
1.3912506 0.066525914 -0.87370694 6710886
1.3914952 0.057665925 -0.8738606 6710886
1.3917398 0.048802823 -0.8740142 6710886
1.3919846 0.039936606 -0.87416786 6710886
1.3922296 0.031067269 -0.87432176 6710886
1.3924744 0.02219481 -0.87447548 6710886
1.3927194 0.013319229 -0.87462932 6710886
1.3929645 0.0044405241 -0.87478328 6710886
1.3932098 -0.0044413065 -0.87493736 6710886
1.3934549 -0.013326263 -0.87509125 6710886
1.3937004 -0.022214349 -0.87524539 6710886
1.3939457 -0.031105565 -0.87539947 6710886
1.3941913 -0.039999913 -0.87555367 6710886
1.394437 -0.0488974 -0.87570798 6710886
1.3946826 -0.057798017 -0.8758623 6710886
1.3949285 -0.066701777 -0.87601662 6710886
1.3951744 -0.075608671 -0.87617111 6710886
1.3954202 -0.084518701 -0.87632543 6710886
1.3956664 -0.093431883 -0.87648004 6710886
1.3959125 -0.10234821 -0.87663466 6710886
1.3961587 -0.11126767 -0.87678921 6710886
1.396405 -0.12019028 -0.87694389 6710886
1.3966514 -0.12911604 -0.87709862 6710886
1.3968979 -0.13804497 -0.87725347 6710886
1.3971446 -0.14697704 -0.87740839 6710886
1.3973911 -0.15591224 -0.87756318 6710886
1.3976378 -0.16485062 -0.87771815 6710886
1.3978847 -0.17379215 -0.87787318 6710886
1.3981316 -0.18273684 -0.87802821 6710886
1.3983786 -0.19168469 -0.87818336 6710886
1.3986257 -0.2006357 -0.87833852 6710886
1.3988729 -0.20958987 -0.87849373 6710886
1.3991202 -0.21854722 -0.87864906 6710886
1.3993676 -0.22750774 -0.87880439 6710886
1.3996152 -0.23647144 -0.87895989 6710886
1.3998628 -0.24543831 -0.8791154 6710886
1.4001104 -0.25440833 -0.87927091 6710886
1.400358 -0.26338151 -0.87942636 6710886
1.4006059 -0.27235791 -0.87958211 6710886
1.4008538 -0.28133744 -0.87973773 6710886
1.4011018 -0.29032019 -0.87989354 6710886
1.4013499 -0.29930612 -0.88004935 6710886
1.4015981 -0.30829522 -0.88020521 6710886
1.4018464 -0.3172875 -0.88036114 6710886
1.4020947 -0.32628298 -0.88051707 6710886
1.4023432 -0.33528164 -0.88067311 6710886
1.4025917 -0.34428349 -0.88082916 6710886
1.4028404 -0.35328853 -0.88098532 6710886
1.4030889 -0.36229673 -0.88114142 6710886
1.4033378 -0.37130818 -0.88129777 6710886
1.4035866 -0.38032278 -0.88145399 6710886
1.4038357 -0.38934061 -0.88161039 6710886
1.4040847 -0.39836162 -0.88176674 6710886
1.4043339 -0.40738589 -0.88192332 6710886
1.4045831 -0.41641328 -0.88207978 6710886
1.4048325 -0.42544395 -0.88223636 6710886
1.4050819 -0.43447778 -0.882393 6710886
1.4053311 -0.44351473 -0.88254952 6710886
1.4055805 -0.45255494 -0.88270617 6710886
1.4058303 -0.46159843 -0.88286299 6710886
1.4060798 -0.47064501 -0.88301969 6710886
1.4063296 -0.4796949 -0.88317662 6710886
1.4065795 -0.48874798 -0.8833335 6710886
1.4068295 -0.49780428 -0.8834905 6710886
1.4070798 -0.50686389 -0.88364774 6710886
1.40733 -0.51592672 -0.88380486 7566195
1.3655171 0.99684316 -0.86625236 6710886
1.3657528 0.98830765 -0.86640185 6710886
1.3659884 0.97976905 -0.86655128 6710886
1.3662243 0.97122771 -0.86670095 6710886
1.3664601 0.96268326 -0.86685055 6710886
1.3666961 0.95413595 -0.86700028 6710886
1.366932 0.94558561 -0.86714995 6710886
1.3671682 0.9370324 -0.86729974 6710886
1.3674045 0.92847621 -0.86744964 6710886
1.3676406 0.91991699 -0.86759943 6710886
1.367877 0.9113549 -0.86774939 6710886
1.3681135 0.90278989 -0.86789942 6710886
1.36835 0.89422184 -0.8680495 6710886
1.3685867 0.88565081 -0.86819959 6710886
1.3688233 0.87707686 -0.86834973 6710886
1.3690602 0.86849999 -0.86849999 6710886
1.3692969 0.85992002 -0.86865014 6710886
1.3695339 0.85133719 -0.86880052 6710886
1.369771 0.84275138 -0.8689509 6710886
1.3700081 0.83416259 -0.86910135 6710886
1.3702452 0.82557076 -0.86925173 6710886
1.3704824 0.81697595 -0.86940223 6710886
1.3707199 0.80837828 -0.86955285 6710886
1.3709571 0.79977745 -0.86970335 6710886
1.3711947 0.79117382 -0.86985409 6710886
1.3714323 0.78256714 -0.87000477 6710886
1.3716701 0.77395755 -0.87015569 6710886
1.3719077 0.7653448 -0.87030637 6710886
1.3721457 0.75672925 -0.87045735 6710886
1.3723836 0.74811065 -0.87060827 6710886
1.3726215 0.73948896 -0.87075925 6710886
1.3728596 0.73086435 -0.87091023 6710886
1.3730978 0.72223681 -0.87106133 6710886
1.373336 0.71360618 -0.87121242 6710886
1.3735744 0.70497262 -0.8713637 6710886
1.3738128 0.69633603 -0.87151492 6710886
1.3740513 0.68769652 -0.87166625 6710886
1.3742899 0.6790539 -0.87181759 6710886
1.3745285 0.67040831 -0.87196898 6710886
1.3747673 0.66175973 -0.87212044 6710886
1.3750061 0.65310812 -0.8722719 6710886
1.375245 0.64445353 -0.87242347 6710886
1.375484 0.63579595 -0.8725751 6710886
1.3757231 0.62713534 -0.8727268 6710886
1.3759623 0.61847168 -0.87287849 6710886
1.3762015 0.60980505 -0.87303025 6710886
1.3764409 0.60113543 -0.87318212 6710886
1.3766801 0.59246272 -0.87333393 6710886
1.3769197 0.58378708 -0.87348592 6710886
1.3771594 0.57510835 -0.87363791 6710886
1.377399 0.56642663 -0.87378991 6710886
1.3776387 0.55774188 -0.87394202 6710886
1.3778785 0.54905409 -0.87409413 6710886
1.3781185 0.54036331 -0.87424636 6710886
1.3783584 0.53166944 -0.87439853 6710886
1.3785986 0.52297264 -0.87455094 6710886
1.3788388 0.51427281 -0.87470329 6710886
1.379079 0.50556988 -0.8748557 6710886
1.3793193 0.4968639 -0.87500811 6710886
1.3795598 0.48815495 -0.87516069 6710886
1.3798002 0.47944289 -0.87531322 6710886
1.3800408 0.47072786 -0.87546581 6710886
1.3802814 0.46200976 -0.87561852 6710886
1.3805223 0.45328864 -0.87577122 6710886
1.3807631 0.44456446 -0.87592399 6710886
1.381004 0.43583724 -0.87607688 6710886
1.381245 0.42710698 -0.87622976 6710886
1.3814861 0.41837364 -0.87638265 6710886
1.3817272 0.40963727 -0.87653565 6710886
1.3819685 0.40089786 -0.87668872 6710886
1.3822099 0.39215541 -0.87684184 6710886
1.3824513 0.38340986 -0.87699497 6710886
1.3826928 0.3746613 -0.87714821 6710886
1.3829343 0.36590964 -0.87730139 6710886
1.3831761 0.35715497 -0.87745476 6710886
1.3834177 0.34839717 -0.87760806 6710886
1.3836596 0.33963636 -0.87776154 6710886
1.3839016 0.33087251 -0.87791502 6710886
1.3841436 0.32210556 -0.87806857 6710886
1.3843857 0.31333554 -0.87822217 6710886
1.3846278 0.30456245 -0.87837571 6710886
1.3848702 0.29578629 -0.87852949 6710886
1.3851124 0.28700706 -0.87868315 6710886
1.3853549 0.27822477 -0.87883693 6710886
1.3855975 0.2694394 -0.87899083 6710886
1.3858401 0.26065096 -0.87914473 6710886
1.3860828 0.25185943 -0.87929869 6710886
1.3863256 0.24306484 -0.87945276 6710886
1.3865684 0.23426715 -0.87960678 6710886
1.3868114 0.22546637 -0.87976092 6710886
1.3870544 0.21666251 -0.87991512 6710886
1.3872975 0.20785557 -0.88006932 6710886
1.3875407 0.19904554 -0.88022357 6710886
1.387784 0.19023243 -0.88037795 6710886
1.3880274 0.18141621 -0.88053238 6710886
1.3882709 0.1725969 -0.88068676 6710886
1.3885144 0.16377451 -0.88084131 6710886
1.3887581 0.15494902 -0.88099587 6710886
1.3890018 0.14612043 -0.88115048 6710886
1.3892455 0.13728873 -0.8813051 6710886
1.3894894 0.12845394 -0.88145983 6710886
1.3897334 0.11961605 -0.88161463 6710886
1.3899776 0.11077506 -0.88176948 6710886
1.3902216 0.10193095 -0.88192427 6710886
1.3904659 0.093083739 -0.88207924 6710886
1.3907102 0.084233426 -0.88223428 6710886
1.3909545 0.075379983 -0.88238925 6710886
1.391199 0.06652344 -0.88254434 6710886
1.3914436 0.057663787 -0.88269949 6710886
1.3916883 0.048801016 -0.88285476 6710886
1.391933 0.039935123 -0.88300997 6710886
1.3921778 0.031066116 -0.8831653 6710886
1.3924228 0.022193987 -0.88332069 6710886
1.3926678 0.013318735 -0.88347608 6710886
1.3929129 0.0044403598 -0.88363159 6710886
1.3931581 -0.0044411412 -0.88378716 6710886
1.3934033 -0.013325769 -0.88394266 6710886
1.3936486 -0.022213526 -0.88409829 6710886
1.3938941 -0.031104414 -0.88425404 6710886
1.3941395 -0.039998431 -0.88440973 6710886
1.3943852 -0.048895586 -0.88456559 6710886
1.3946309 -0.057795875 -0.88472146 6710886
1.3948766 -0.066699296 -0.88487732 6710886
1.3951225 -0.075605862 -0.88503331 6710886
1.3953685 -0.084515564 -0.88518935 6710886
1.3956145 -0.093428411 -0.8853454 6710886
1.3958606 -0.10234439 -0.8855015 6710886
1.3961068 -0.11126354 -0.88565773 6710886
1.3963531 -0.12018581 -0.88581401 6710886
1.3965995 -0.12911125 -0.88597029 6710886
1.3968459 -0.13803983 -0.88612664 6710886
1.3970925 -0.14697155 -0.88628298 6710886
1.3973392 -0.15590645 -0.88643956 6710886
1.3975859 -0.16484448 -0.88659602 6710886
1.3978328 -0.17378569 -0.88675261 6710886
1.3980796 -0.18273005 -0.88690925 6710886
1.3983265 -0.19167756 -0.88706589 6710886
1.3985736 -0.20062824 -0.88722265 6710886
1.3988209 -0.20958209 -0.88737947 6710886
1.3990681 -0.21853909 -0.88753635 6710886
1.3993155 -0.22749928 -0.88769323 6710886
1.3995628 -0.23646261 -0.88785017 6710886
1.3998106 -0.24542916 -0.88800728 6710886
1.4000582 -0.25439885 -0.8881644 6710886
1.4003059 -0.26337171 -0.88832152 6710886
1.4005536 -0.27234772 -0.88847864 6710886
1.4008015 -0.28132695 -0.88863593 6710886
1.4010495 -0.29030937 -0.88879323 6710886
1.4012976 -0.29929495 -0.88895065 6710886
1.4015458 -0.30828372 -0.88910806 6710886
1.4017941 -0.31727567 -0.8892656 6710886
1.4020424 -0.32627079 -0.88942313 6710886
1.4022908 -0.33526912 -0.88958073 6710886
1.4025394 -0.34427065 -0.88973838 6710886
1.4027879 -0.35327533 -0.88989609 6710886
1.4030365 -0.3622832 -0.89005375 6710886
1.4032853 -0.37129429 -0.89021158 6710886
1.4035342 -0.38030857 -0.89036947 6710886
1.4037832 -0.38932607 -0.89052749 6710886
1.4040322 -0.39834675 -0.89068544 6710886
1.4042814 -0.40737063 -0.89084351 6710886
1.4045305 -0.41639772 -0.89100152 6710886
1.4047799 -0.42542803 -0.89115977 6710886
1.4050293 -0.4344615 -0.89131796 6710886
1.4052786 -0.44349816 -0.89147609 6710886
1.4055279 -0.45253801 -0.89163429 6710886
1.4057776 -0.46158111 -0.89179265 6710886
1.4060271 -0.47062737 -0.89195091 6710886
1.4062769 -0.47967693 -0.89210945 6710886
1.4065268 -0.48872969 -0.89226794 6710886
1.4067768 -0.49778566 -0.89242649 6710886
1.4070269 -0.50684488 -0.89258516 6710886
1.4072772 -0.51590735 -0.892744 7566195
1.3654674 0.99680686 -0.87492657 6710886
1.3657031 0.98827171 -0.87507755 6710886
1.3659388 0.97973347 -0.87522858 6710886
1.3661745 0.9711923 -0.87537956 6710886
1.3664104 0.96264821 -0.87553078 6710886
1.3666464 0.95410126 -0.875682 6710886
1.3668823 0.94555122 -0.87583315 6710886
1.3671185 0.93699831 -0.87598449 6710886
1.3673546 0.92844242 -0.87613577 6710886
1.3675909 0.91988355 -0.87628716 6710886
1.3678272 0.9113217 -0.87643856 6710886
1.3680637 0.90275699 -0.87659013 6710886
1.3683002 0.89418924 -0.87674165 6710886
1.3685367 0.88561851 -0.87689322 6710886
1.3687733 0.87704486 -0.87704486 6710886
1.3690102 0.86846828 -0.87719661 6710886
1.3692471 0.85988873 -0.87734836 6710886
1.3694839 0.85130614 -0.87750018 6710886
1.3697209 0.84272057 -0.87765199 6710886
1.369958 0.83413208 -0.87780392 6710886
1.3701952 0.8255406 -0.87795585 6710886
1.3704324 0.81694615 -0.87810785 6710886
1.3706698 0.80834877 -0.87826002 6710886
1.3709072 0.7997483 -0.87841213 6710886
1.3711447 0.79114491 -0.87856424 6710886
1.3713822 0.78253859 -0.87871647 6710886
1.3716199 0.77392924 -0.87886882 6710886
1.3718576 0.7653169 -0.87902111 6710886
1.3720955 0.75670159 -0.87917352 6710886
1.3723334 0.74808329 -0.87932593 6710886
1.3725715 0.73946202 -0.87947851 6710886
1.3728094 0.73083764 -0.87963092 6710886
1.3730476 0.72221041 -0.87978357 6710886
1.3732859 0.71358013 -0.87993628 6710886
1.3735241 0.70494682 -0.88008887 6710886
1.3737625 0.69631058 -0.88024163 6710886
1.374001 0.6876713 -0.88039446 6710886
1.3742397 0.67902911 -0.8805474 6710886
1.3744782 0.67038375 -0.88070023 6710886
1.374717 0.66173553 -0.88085324 6710886
1.3749558 0.65308422 -0.88100624 6710886
1.3751947 0.64442992 -0.88115931 6710886
1.3754337 0.63577265 -0.88131249 6710886
1.3756727 0.62711233 -0.88146561 6710886
1.375912 0.61844909 -0.88161892 6710886
1.3761511 0.6097827 -0.88177216 6710886
1.3763903 0.60111338 -0.88192546 6710886
1.3766298 0.59244102 -0.88207889 6710886
1.3768692 0.58376563 -0.88223225 6710886
1.3771088 0.57508725 -0.88238579 6710886
1.3773484 0.56640583 -0.88253933 6710886
1.3775882 0.55772144 -0.88269293 6710886
1.377828 0.549034 -0.88284665 6710886
1.3780679 0.54034346 -0.88300031 6710886
1.3783079 0.53165001 -0.88315415 6710886
1.3785479 0.52295345 -0.88330793 6710886
1.3787881 0.51425391 -0.88346183 6710886
1.3790283 0.50555128 -0.88361573 6710886
1.3792685 0.49684563 -0.88376963 6710886
1.379509 0.48813698 -0.88392371 6710886
1.3797495 0.47942531 -0.88407785 6710886
1.3799901 0.47071058 -0.88423198 6710886
1.3802307 0.46199277 -0.88438612 6710886
1.3804715 0.45327196 -0.88454044 6710886
1.3807123 0.4445481 -0.88469476 6710886
1.3809532 0.43582121 -0.88484907 6710886
1.3811941 0.42709124 -0.88500345 6710886
1.3814353 0.41835827 -0.885158 6710886
1.3816764 0.40962222 -0.8853125 6710886
1.3819176 0.40088308 -0.88546705 6710886
1.382159 0.39214095 -0.88562173 6710886
1.3824004 0.38339576 -0.8857764 6710886
1.3826418 0.37464747 -0.88593107 6710886
1.3828834 0.36589617 -0.88608593 6710886
1.3831251 0.35714179 -0.88624072 6710886
1.3833669 0.34838438 -0.88639569 6710886
1.3836087 0.33962387 -0.88655061 6710886
1.3838506 0.33086029 -0.88670558 6710886
1.3840926 0.32209367 -0.88686067 6710886
1.3843346 0.31332397 -0.8870157 6710886
1.3845768 0.30455121 -0.88717091 6710886
1.384819 0.29577538 -0.88732612 6710886
1.3850615 0.28699651 -0.88748151 6710886
1.3853039 0.27821451 -0.88763678 6710886
1.3855463 0.26942948 -0.88779217 6710886
1.3857889 0.26064134 -0.88794762 6710886
1.3860315 0.25185013 -0.88810307 6710886
1.3862743 0.24305585 -0.88825864 6710886
1.3865173 0.2342585 -0.88841432 6710886
1.3867602 0.22545806 -0.88856995 6710886
1.3870032 0.21665451 -0.88872564 6710886
1.3872463 0.20784789 -0.88888139 6710886
1.3874896 0.19903819 -0.88903731 6710886
1.3877327 0.19022539 -0.88919312 6710886
1.3879761 0.18140949 -0.88934898 6710886
1.3882196 0.17259054 -0.88950509 6710886
1.388463 0.16376846 -0.88966101 6710886
1.3887067 0.15494329 -0.88981718 6710886
1.3889503 0.14611502 -0.88997328 6710886
1.3891943 0.13728367 -0.89012957 6710886
1.389438 0.12844919 -0.89028579 6710886
1.3896819 0.11961162 -0.89044207 6710886
1.3899261 0.11077096 -0.89059848 6710886
1.3901701 0.10192718 -0.89075488 6710886
1.3904144 0.09308029 -0.89091134 6710886
1.3906586 0.084230296 -0.89106786 6710886
1.3909031 0.075377196 -0.89122456 6710886
1.3911475 0.066520981 -0.89138114 6710886
1.3913921 0.057661653 -0.89153785 6710886
1.3916367 0.048799206 -0.89169461 6710886
1.3918813 0.039933641 -0.89185137 6710886
1.3921262 0.031064963 -0.89200824 6710886
1.3923712 0.022193164 -0.89216518 6710886
1.3926162 0.013318242 -0.89232218 6710886
1.3928611 0.0044401949 -0.89247912 6710886
1.3931063 -0.0044409763 -0.89263624 6710886
1.3933517 -0.013325276 -0.89279348 6710886
1.393597 -0.022212703 -0.89295065 6710886
1.3938423 -0.031103259 -0.89310783 6710886
1.3940879 -0.039996948 -0.89326519 6710886
1.3943334 -0.048893768 -0.89342248 6710886
1.3945791 -0.057793725 -0.8935799 6710886
1.3948249 -0.066696823 -0.89373744 6710886
1.3950707 -0.075603053 -0.89389491 6710886
1.3953166 -0.084512427 -0.89405251 6710886
1.3955626 -0.093424939 -0.89421016 6710886
1.3958087 -0.10234059 -0.89436781 6710886
1.396055 -0.1112594 -0.89452559 6710886
1.3963013 -0.12018135 -0.89468342 6710886
1.3965476 -0.12910645 -0.89484125 6710886
1.3967941 -0.1380347 -0.89499921 6710886
1.3970405 -0.14696608 -0.8951571 6710886
1.3972871 -0.15590064 -0.89531511 6710886
1.3975339 -0.16483836 -0.89547324 6710886
1.3977807 -0.17377922 -0.89563131 6710886
1.3980275 -0.18272324 -0.8957895 6710886
1.3982745 -0.19167042 -0.89594781 6710886
1.3985215 -0.20062076 -0.89610606 6710886
1.3987688 -0.20957428 -0.89626449 6710886
1.399016 -0.21853095 -0.89642292 6710886
1.3992634 -0.2274908 -0.89658141 6710886
1.3995107 -0.2364538 -0.8967399 6710886
1.3997582 -0.24541998 -0.89689845 6710886
1.4000059 -0.25438935 -0.89705718 6710886
1.4002537 -0.2633619 -0.8972159 6710886
1.4005014 -0.27233759 -0.89737463 6710886
1.4007492 -0.28131646 -0.89753342 6710886
1.4009972 -0.29029852 -0.89769232 6710886
1.4012452 -0.29928377 -0.89785129 6710886
1.4014934 -0.30827218 -0.89801031 6710886
1.4017416 -0.31726378 -0.89816934 6710886
1.4019901 -0.32625863 -0.89832854 6710886
1.4022384 -0.33525658 -0.89848763 6710886
1.4024869 -0.34425777 -0.89864689 6710886
1.4027355 -0.35326213 -0.89880615 6710886
1.4029841 -0.36226967 -0.89896548 6710886
1.4032328 -0.3712804 -0.8991248 6710886
1.4034817 -0.38029435 -0.8992843 6710886
1.4037306 -0.38931149 -0.89944381 6710886
1.4039797 -0.39833185 -0.89960337 6710886
1.4042288 -0.4073554 -0.89976299 6710886
1.4044781 -0.41638216 -0.89992273 6710886
1.4047273 -0.42541209 -0.90008247 6710886
1.4049767 -0.43444526 -0.90024221 6710886
1.4052261 -0.44348159 -0.90040201 6710886
1.4054754 -0.45252109 -0.90056175 6710886
1.4057249 -0.46156383 -0.90072161 6710886
1.4059744 -0.47060972 -0.90088147 6710886
1.4062243 -0.47965896 -0.90104157 6710886
1.406474 -0.48871133 -0.90120161 6710886
1.4067241 -0.497767 -0.90136188 6710886
1.4069742 -0.50682586 -0.9015221 6710886
1.4072244 -0.51588798 -0.90168244 7566195
1.3654177 0.99677056 -0.88360012 6710886
1.3656534 0.98823571 -0.88375264 6710886
1.3658891 0.97969782 -0.88390517 6710886
1.3661249 0.97115701 -0.88405776 6710886
1.3663607 0.96261322 -0.88421035 6710886
1.3665966 0.95406651 -0.884363 6710886
1.3668326 0.94551682 -0.88451576 6710886
1.3670686 0.93696415 -0.88466847 6710886
1.3673048 0.92840856 -0.8848213 6710886
1.3675411 0.91985005 -0.88497418 6710886
1.3677775 0.91128856 -0.88512719 6710886
1.3680137 0.90272403 -0.88528007 6710886
1.3682504 0.89415669 -0.8854332 6710886
1.3684869 0.88558626 -0.88558626 6710886
1.3687235 0.87701291 -0.88573939 6710886
1.3689603 0.86843657 -0.88589263 6710886
1.3691971 0.85985732 -0.88604587 6710886
1.3694341 0.85127515 -0.88619924 6710886
1.369671 0.84268987 -0.88635254 6710886
1.3699081 0.83410168 -0.88650596 6710886
1.3701452 0.8255105 -0.88665944 6710886
1.3703824 0.81691635 -0.88681293 6710886
1.3706198 0.80831927 -0.88696653 6710886
1.3708571 0.7997191 -0.88712013 6710886
1.3710946 0.79111606 -0.88727379 6710886
1.3713322 0.78250998 -0.88742751 6710886
1.3715699 0.77390099 -0.88758135 6710886
1.3718076 0.76528895 -0.88773519 6710886
1.3720453 0.75667387 -0.88788903 6710886
1.3722832 0.74805593 -0.88804299 6710886
1.3725212 0.7394349 -0.88819695 6710886
1.3727592 0.73081094 -0.88835102 6710886
1.3729974 0.722184 -0.88850516 6710886
1.3732356 0.71355402 -0.8886593 6710886
1.3734739 0.70492107 -0.8888135 6710886
1.3737122 0.69628507 -0.88896769 6710886
1.3739507 0.68764615 -0.88912207 6710886
1.3741894 0.67900425 -0.8892765 6710886
1.3744279 0.67035925 -0.88943088 6710886
1.3746666 0.66171128 -0.88958532 6710886
1.3749055 0.65306032 -0.88973993 6710886
1.3751444 0.64440638 -0.88989449 6710886
1.3753833 0.63574934 -0.8900491 6710886
1.3756223 0.62708938 -0.89020377 6710886
1.3758614 0.61842638 -0.89035851 6710886
1.3761005 0.60976034 -0.8905133 6710886
1.3763399 0.60109133 -0.89066821 6710886
1.3765793 0.59241933 -0.89082307 6710886
1.3768188 0.58374423 -0.8909781 6710886
1.3770583 0.57506615 -0.89113307 6710886
1.3772979 0.56638503 -0.8912881 6710886
1.3775377 0.55770099 -0.89144331 6710886
1.3777773 0.54901379 -0.8915984 6710886
1.3780173 0.54032367 -0.89175367 6710886
1.3782573 0.53163046 -0.89190894 6710886
1.3784974 0.52293426 -0.89206433 6710886
1.3787374 0.51423502 -0.89221972 6710886
1.3789777 0.50553274 -0.89237517 6710886
1.379218 0.49682742 -0.89253068 6710886
1.3794583 0.48811904 -0.89268619 6710886
1.3796988 0.47940767 -0.89284182 6710886
1.3799394 0.47069329 -0.89299756 6710886
1.38018 0.46197581 -0.89315319 6710886
1.3804207 0.4532553 -0.893309 6710886
1.3806615 0.44453174 -0.8934648 6710886
1.3809024 0.43580517 -0.89362073 6710886
1.3811433 0.42707554 -0.8937766 6710886
1.3813844 0.41834283 -0.89393258 6710886
1.3816255 0.40960711 -0.89408869 6710886
1.3818667 0.40086833 -0.89424473 6710886
1.3821081 0.39212653 -0.89440095 6710886
1.3823495 0.38338163 -0.89455718 6710886
1.382591 0.3746337 -0.89471346 6710886
1.3828325 0.36588269 -0.89486974 6710886
1.3830742 0.35712865 -0.89502609 6710886
1.3833159 0.34837154 -0.89518255 6710886
1.3835577 0.33961135 -0.89533901 6710886
1.3837996 0.3308481 -0.89549553 6710886
1.3840415 0.3220818 -0.89565212 6710886
1.3842837 0.31331244 -0.89580882 6710886
1.3845258 0.30454001 -0.89596552 6710886
1.384768 0.29576448 -0.89612222 6710886
1.3850104 0.2869859 -0.8962791 6710886
1.3852527 0.27820426 -0.89643592 6710886
1.3854952 0.26941952 -0.8965928 6710886
1.3857378 0.26063171 -0.89674979 6710886
1.3859805 0.25184086 -0.89690685 6710886
1.3862232 0.24304688 -0.89706391 6710886
1.386466 0.23424985 -0.89722109 6710886
1.386709 0.22544973 -0.89737833 6710886
1.3869519 0.21664651 -0.8975355 6710886
1.387195 0.2078402 -0.8976928 6710886
1.3874382 0.19903083 -0.89785016 6710886
1.3876815 0.19021836 -0.89800763 6710886
1.3879248 0.1814028 -0.89816511 6710886
1.3881682 0.17258415 -0.89832264 6710886
1.3884118 0.16376241 -0.89848024 6710886
1.3886553 0.15493755 -0.89863783 6710886
1.388899 0.14610961 -0.89879549 6710886
1.3891428 0.13727857 -0.89895326 6710886
1.3893867 0.12844445 -0.89911109 6710886
1.3896306 0.1196072 -0.89926893 6710886
1.3898746 0.11076685 -0.89942682 6710886
1.3901187 0.10192341 -0.89958483 6710886
1.3903629 0.093076847 -0.89974284 6710886
1.3906071 0.084227175 -0.89990091 6710886
1.3908515 0.075374402 -0.90005904 6710886
1.391096 0.066518515 -0.90021724 6710886
1.3913405 0.057659514 -0.90037549 6710886
1.3915851 0.048797399 -0.9005338 6710886
1.3918298 0.039932165 -0.90069216 6710886
1.3920746 0.031063812 -0.90085053 6710886
1.3923194 0.02219234 -0.90100896 6710886
1.3925645 0.013317748 -0.90116757 6710886
1.3928095 0.0044400301 -0.90132612 6710886
1.3930546 -0.0044408115 -0.90148473 6710886
1.3932999 -0.01332478 -0.90164351 6710886
1.3935453 -0.022211878 -0.90180224 6710886
1.3937907 -0.031102106 -0.90196109 6710886
1.3940361 -0.039995462 -0.90211987 6710886
1.3942816 -0.048891954 -0.90227878 6710886
1.3945273 -0.05779158 -0.90243775 6710886
1.394773 -0.066694342 -0.90259677 6710886
1.3950189 -0.075600252 -0.90275592 6710886
1.3952647 -0.084509283 -0.902915 6710886
1.3955108 -0.093421467 -0.9030742 6710886
1.395757 -0.1023368 -0.90323353 6710886
1.396003 -0.11125526 -0.90339273 6710886
1.3962493 -0.12017688 -0.90355211 6710886
1.3964957 -0.12910165 -0.90371156 6710886
1.3967421 -0.13802956 -0.903871 6710886
1.3969886 -0.14696063 -0.90403056 6710886
1.3972352 -0.15589485 -0.90419006 6710886
1.3974819 -0.16483222 -0.90434974 6710886
1.3977287 -0.17377275 -0.90450948 6710886
1.3979754 -0.18271643 -0.90466917 6710886
1.3982224 -0.19166328 -0.90482897 6710886
1.3984696 -0.2006133 -0.90498888 6710886
1.3987166 -0.20956646 -0.90514874 6710886
1.3989639 -0.21852282 -0.90530884 6710886
1.3992113 -0.22748233 -0.90546888 6710886
1.3994586 -0.23644499 -0.90562898 6710886
1.3997061 -0.24541084 -0.90578914 6710886
1.3999536 -0.25437984 -0.90594929 6710886
1.4002014 -0.26335207 -0.90610963 6710886
1.4004492 -0.27232742 -0.90626997 6710886
1.400697 -0.28130597 -0.90643036 6710886
1.4009449 -0.2902877 -0.90659082 6710886
1.4011929 -0.29927257 -0.90675128 6710886
1.4014411 -0.30826068 -0.90691185 6710886
1.4016893 -0.31725195 -0.90707248 6710886
1.4019376 -0.32624641 -0.90723318 6710886
1.402186 -0.33524406 -0.90739393 6710886
1.4024345 -0.3442449 -0.90755469 6710886
1.4026831 -0.35324892 -0.90771562 6710886
1.4029318 -0.36225617 -0.90787655 6710886
1.4031805 -0.37126654 -0.90803748 6710886
1.4034293 -0.38028014 -0.90819848 6710886
1.4036782 -0.38929695 -0.90835953 6710886
1.4039272 -0.39831695 -0.9085207 6710886
1.4041762 -0.40734014 -0.90868187 6710886
1.4044255 -0.41636658 -0.90884316 6710886
1.4046748 -0.42539617 -0.90900445 6710886
1.4049242 -0.43442899 -0.90916586 6710886
1.4051734 -0.44346496 -0.90932715 6710886
1.4054228 -0.45250416 -0.90948856 6710886
1.4056723 -0.46154654 -0.90965003 6710886
1.4059219 -0.47059217 -0.90981156 6710886
1.4061717 -0.47964102 -0.90997314 6710886
1.4064214 -0.48869306 -0.91013479 6710886
1.4066714 -0.49774835 -0.91029656 6710886
1.4069214 -0.50680685 -0.91045833 6710886
1.4071717 -0.51586866 -0.91062033 7566195
1.3653682 0.9967345 -0.89227325 6710886
1.3656037 0.98819971 -0.89242709 6710886
1.3658394 0.97966218 -0.89258111 6710886
1.3660752 0.97112167 -0.89273518 6710886
1.366311 0.96257818 -0.89288926 6710886
1.3665469 0.95403177 -0.89304346 6710886
1.3667829 0.94548243 -0.89319772 6710886
1.3670189 0.93693012 -0.89335197 6710886
1.367255 0.92837471 -0.89350623 6710886
1.3674912 0.91981655 -0.8936606 6710886
1.3677276 0.91125536 -0.8938151 6710886
1.3679639 0.90269113 -0.89396948 6710886
1.3682004 0.89412403 -0.89412403 6710886
1.3684371 0.88555402 -0.89427871 6710886
1.3686737 0.87698096 -0.89443332 6710886
1.3689103 0.86840492 -0.89458799 6710886
1.3691472 0.85982597 -0.89474279 6710886
1.3693842 0.85124409 -0.89489764 6710886
1.369621 0.84265912 -0.89505243 6710886
1.369858 0.83407122 -0.89520729 6710886
1.3700953 0.8254804 -0.89536232 6710886
1.3703325 0.81688654 -0.89551735 6710886
1.3705697 0.80828971 -0.89567238 6710886
1.3708071 0.79968989 -0.89582747 6710886
1.3710446 0.79108721 -0.89598274 6710886
1.3712821 0.78248143 -0.89613795 6710886
1.3715197 0.77387267 -0.89629322 6710886
1.3717574 0.76526093 -0.89644855 6710886
1.3719952 0.75664628 -0.89660394 6710886
1.372233 0.74802858 -0.89675939 6710886
1.372471 0.7394079 -0.8969149 6710886
1.372709 0.73078424 -0.89707047 6710886
1.3729471 0.72215754 -0.89722604 6710886
1.3731854 0.71352792 -0.89738178 6710886
1.3734237 0.70489532 -0.89753747 6710886
1.3736621 0.69625968 -0.89769328 6710886
1.3739004 0.68762094 -0.89784902 6710886
1.374139 0.67897934 -0.89800489 6710886
1.3743776 0.6703347 -0.89816087 6710886
1.3746163 0.66168702 -0.89831686 6710886
1.374855 0.65303636 -0.89847285 6710886
1.3750939 0.64438272 -0.89862901 6710886
1.3753328 0.63572603 -0.89878511 6710886
1.3755718 0.62706637 -0.89894134 6710886
1.375811 0.61840373 -0.89909756 6710886
1.3760502 0.60973805 -0.89925396 6710886
1.3762895 0.60106933 -0.89941031 6710886
1.3765289 0.59239757 -0.89956671 6710886
1.3767684 0.58372289 -0.89972323 6710886
1.3770077 0.57504505 -0.89987963 6710886
1.3772473 0.56636429 -0.90003622 6710886
1.3774871 0.55768049 -0.90019292 6710886
1.3777269 0.54899371 -0.90034968 6710886
1.3779666 0.54030377 -0.90050632 6710886
1.3782067 0.53161097 -0.9006632 6710886
1.3784467 0.52291507 -0.90082002 6710886
1.3786868 0.51421613 -0.90097696 6710886
1.378927 0.50551414 -0.90113389 6710886
1.3791673 0.49680915 -0.90129095 6710886
1.3794078 0.48810115 -0.90144807 6710886
1.3796481 0.47939005 -0.90160513 6710886
1.3798887 0.47067598 -0.90176237 6710886
1.3801293 0.46195886 -0.90191966 6710886
1.3803699 0.45323861 -0.90207684 6710886
1.3806107 0.44451541 -0.9022342 6710886
1.3808516 0.43578914 -0.90239167 6710886
1.3810927 0.42705986 -0.90254921 6710886
1.3813336 0.41832745 -0.90270662 6710886
1.3815747 0.40959206 -0.90286422 6710886
1.3818159 0.4008536 -0.90302181 6710886
1.3820572 0.39211208 -0.90317953 6710886
1.3822986 0.38336751 -0.90333724 6710886
1.3825401 0.37461993 -0.90349507 6710886
1.3827816 0.36586922 -0.90365291 6710886
1.3830231 0.35711548 -0.90381074 6710886
1.3832649 0.34835869 -0.90396875 6710886
1.3835068 0.33959886 -0.90412682 6710886
1.3837485 0.33083591 -0.90428478 6710886
1.3839905 0.32206991 -0.90444297 6710886
1.3842326 0.31330088 -0.90460116 6710886
1.3844748 0.30452877 -0.90475941 6710886
1.3847169 0.29575357 -0.9049176 6710886
1.3849592 0.28697532 -0.90507597 6710886
1.3852017 0.27819401 -0.90523446 6710886
1.385444 0.26940957 -0.90539283 6710886
1.3856866 0.26062208 -0.90555137 6710886
1.3859293 0.25183156 -0.90570998 6710886
1.3861719 0.24303789 -0.90586853 6710886
1.3864148 0.23424117 -0.9060272 6710886
1.3866577 0.22544138 -0.90618598 6710886
1.3869008 0.21663852 -0.90634483 6710886
1.3871437 0.20783253 -0.90650356 6710886
1.3873869 0.19902347 -0.90666252 6710886
1.3876302 0.19021134 -0.90682149 6710886
1.3878734 0.18139608 -0.90698045 6710886
1.3881168 0.17257775 -0.90713948 6710886
1.3883604 0.16375634 -0.90729868 6710886
1.388604 0.15493184 -0.90745789 6710886
1.3888476 0.1461042 -0.90761703 6710886
1.3890914 0.13727351 -0.90777636 6710886
1.3893353 0.12843969 -0.90793574 6710886
1.3895791 0.11960276 -0.90809506 6710886
1.3898231 0.11076275 -0.90825456 6710886
1.3900672 0.10191963 -0.90841407 6710886
1.3903115 0.093073405 -0.90857369 6710886
1.3905556 0.08422406 -0.90873325 6710886
1.3908 0.075371608 -0.90889299 6710886
1.3910445 0.066516057 -0.90905273 6710886
1.3912889 0.057657376 -0.90921247 6710886
1.3915335 0.048795588 -0.90937233 6710886
1.3917782 0.039930683 -0.90953225 6710886
1.3920231 0.031062663 -0.90969223 6710886
1.3922678 0.022191517 -0.90985221 6710886
1.3925128 0.013317253 -0.9100123 6710886
1.3927579 0.0044398657 -0.91017246 6710886
1.393003 -0.0044406471 -0.91033262 6710886
1.3932482 -0.013324286 -0.9104929 6710886
1.3934935 -0.022211054 -0.91065317 6710886
1.3937389 -0.031100949 -0.91081351 6710886
1.3939843 -0.039993979 -0.91097391 6710886
1.3942299 -0.04889014 -0.91113442 6710886
1.3944756 -0.057789437 -0.911295 6710886
1.3947213 -0.066691868 -0.91145551 6710886
1.3949671 -0.075597435 -0.91161615 6710886
1.395213 -0.084506147 -0.9117769 6710886
1.3954589 -0.093417995 -0.91193759 6710886
1.395705 -0.10233299 -0.91209841 6710886
1.3959512 -0.11125113 -0.91225928 6710886
1.3961973 -0.12017241 -0.91242015 6710886
1.3964437 -0.12909685 -0.91258115 6710886
1.3966902 -0.13802443 -0.91274226 6710886
1.3969367 -0.14695516 -0.91290331 6710886
1.3971833 -0.15588905 -0.91306448 6710886
1.3974298 -0.16482608 -0.91322559 6710886
1.3976767 -0.17376629 -0.91338694 6710886
1.3979236 -0.18270965 -0.91354823 6710886
1.3981704 -0.19165614 -0.91370952 6710886
1.3984175 -0.20060582 -0.91387099 6710886
1.3986646 -0.20955867 -0.91403252 6710886
1.3989118 -0.21851468 -0.91419405 6710886
1.3991591 -0.22747384 -0.91435564 6710886
1.3994066 -0.2364362 -0.9145174 6710886
1.3996539 -0.2454017 -0.91467905 6710886
1.3999015 -0.25437039 -0.91484082 6710886
1.4001491 -0.26334223 -0.91500264 6710886
1.4003969 -0.27231726 -0.91516459 6710886
1.4006448 -0.28129548 -0.91532654 6710886
1.4008926 -0.29027686 -0.91548854 6710886
1.4011407 -0.29926142 -0.91565067 6710886
1.4013888 -0.30824918 -0.91581273 6710886
1.401637 -0.31724012 -0.91597497 6710886
1.4018853 -0.32623422 -0.91613722 6710886
1.4021337 -0.33523154 -0.91629958 6710886
1.4023821 -0.34423205 -0.91646194 6710886
1.4026307 -0.35323572 -0.91662437 6710886
1.4028794 -0.36224261 -0.91678685 6710886
1.403128 -0.37125269 -0.91694939 6710886
1.4033768 -0.38026592 -0.91711193 6710886
1.4036256 -0.38928238 -0.91727453 6710886
1.4038746 -0.39830205 -0.91743731 6710886
1.4041238 -0.40732491 -0.9176001 6710886
1.4043729 -0.41635099 -0.91776294 6710886
1.4046222 -0.42538026 -0.91792583 6710886
1.4048716 -0.43441275 -0.91808879 6710886
1.405121 -0.44344842 -0.91825175 6710886
1.4053702 -0.45248723 -0.91841465 6710886
1.4056197 -0.46152928 -0.91857773 6710886
1.4058692 -0.47057453 -0.91874075 6710886
1.406119 -0.47962305 -0.91890401 6710886
1.4063687 -0.48867476 -0.9190672 6710886
1.4066187 -0.49772972 -0.91923058 6710886
1.4068688 -0.5067879 -0.91939402 6710886
1.407119 -0.51584935 -0.91955751 7566195
1.3653185 0.9966982 -0.90094554 6710886
1.3655541 0.98816383 -0.90110093 6710886
1.3657897 0.97962654 -0.90125638 6710886
1.3660254 0.97108632 -0.90141201 6710886
1.3662612 0.96254319 -0.90156758 6710886
1.366497 0.95399702 -0.90172321 6710886
1.3667331 0.94544798 -0.90187895 6710886
1.3669692 0.93689603 -0.90203476 6710886
1.3672053 0.92834097 -0.90219051 6710886
1.3674414 0.919783 -0.90234637 6710886
1.3676778 0.91122216 -0.90250236 6710886
1.3679142 0.90265834 -0.90265834 6710886
1.3681506 0.89409149 -0.90281433 6710886
1.3683871 0.88552171 -0.90297037 6710886
1.3686237 0.87694895 -0.90312654 6710886
1.3688604 0.86837322 -0.9032827 6710886
1.3690972 0.85979462 -0.90343899 6710886
1.3693341 0.85121298 -0.90359533 6710886
1.3695711 0.84262836 -0.90375167 6710886
1.3698081 0.83404076 -0.90390807 6710886
1.3700452 0.82545024 -0.90406454 6710886
1.3702824 0.81685674 -0.90422106 6710886
1.3705196 0.8082602 -0.90437764 6710886
1.370757 0.79966068 -0.90453422 6710886
1.3709944 0.79105824 -0.90469092 6710886
1.371232 0.78245288 -0.90484774 6710886
1.3714696 0.77384442 -0.9050045 6710886
1.3717073 0.76523304 -0.90516132 6710886
1.3719451 0.75661868 -0.90531826 6710886
1.3721828 0.74800122 -0.90547514 6710886
1.3724208 0.73938084 -0.90563214 6710886
1.3726588 0.73075747 -0.90578926 6710886
1.372897 0.72213119 -0.90594643 6710886
1.3731351 0.71350181 -0.90610349 6710886
1.3733734 0.70486945 -0.90626073 6710886
1.3736118 0.69623417 -0.90641809 6710886
1.3738501 0.68759578 -0.90657532 6710886
1.3740886 0.67895448 -0.90673274 6710886
1.3743273 0.67031014 -0.90689021 6710886
1.3745661 0.66166288 -0.90704781 6710886
1.3748047 0.65301251 -0.90720528 6710886
1.3750436 0.64435917 -0.90736294 6710886
1.3752825 0.63570279 -0.90752053 6710886
1.3755214 0.62704337 -0.90767819 6710886
1.3757606 0.61838102 -0.90783602 6710886
1.3759998 0.6097157 -0.90799385 6710886
1.3762391 0.60104728 -0.90815175 6710886
1.3764783 0.59237581 -0.90830964 6710886
1.3767178 0.58370143 -0.90846765 6710886
1.3769573 0.57502401 -0.90862572 6710886
1.3771969 0.56634355 -0.90878379 6710886
1.3774365 0.55766004 -0.90894192 6710886
1.3776764 0.54897356 -0.90910017 6710886
1.3779162 0.54028404 -0.90925848 6710886
1.3781561 0.53159142 -0.90941674 6710886
1.3783962 0.52289587 -0.90957516 6710886
1.3786362 0.51419723 -0.90973359 6710886
1.3788763 0.50549555 -0.90989202 6710886
1.3791167 0.49679092 -0.91005063 6710886
1.379357 0.48808318 -0.91020918 6710886
1.3795973 0.47937241 -0.91036779 6710886
1.3798379 0.47065863 -0.91052651 6710886
1.3800786 0.46194184 -0.91068536 6710886
1.3803192 0.45322198 -0.91084415 6710886
1.3805599 0.44449905 -0.91100299 6710886
1.3808008 0.4357731 -0.91116196 6710886
1.3810418 0.42704412 -0.91132092 6710886
1.3812827 0.41831204 -0.91147995 6710886
1.3815238 0.40957698 -0.91163909 6710886
1.3817651 0.40083885 -0.9117983 6710886
1.3820064 0.39209768 -0.9119575 6710886
1.3822477 0.38335341 -0.91211671 6710886
1.3824892 0.37460613 -0.91227609 6710886
1.3827307 0.36585575 -0.91243547 6710886
1.3829722 0.35710233 -0.91259485 6710886
1.383214 0.34834588 -0.91275436 6710886
1.3834558 0.33958632 -0.91291392 6710886
1.3836976 0.33082372 -0.91307348 6710886
1.3839395 0.32205805 -0.9132331 6710886
1.3841815 0.31328931 -0.91339278 6710886
1.3844237 0.30451754 -0.91355264 6710886
1.3846658 0.29574266 -0.91371238 6710886
1.3849081 0.28696471 -0.91387224 6710886
1.3851506 0.27818373 -0.91403228 6710886
1.385393 0.26939964 -0.91419226 6710886
1.3856355 0.26061249 -0.91435224 6710886
1.3858781 0.25182223 -0.91451234 6710886
1.3861209 0.24302895 -0.91467255 6710886
1.3863636 0.23423253 -0.91483271 6710886
1.3866065 0.22543305 -0.91499299 6710886
1.3868495 0.2166305 -0.91515338 6710886
1.3870926 0.20782487 -0.91531378 6710886
1.3873357 0.19901612 -0.91547418 6710886
1.3875788 0.19020429 -0.91563463 6710886
1.3878223 0.18138941 -0.91579527 6710886
1.3880656 0.17257139 -0.91595584 6710886
1.388309 0.16375029 -0.91611648 6710886
1.3885527 0.15492611 -0.91627723 6710886
1.3887963 0.14609882 -0.91643804 6710886
1.38904 0.13726842 -0.9165988 6710886
1.3892838 0.12843493 -0.91675967 6710886
1.3895278 0.11959835 -0.91692072 6710886
1.3897717 0.11075865 -0.91708165 6710886
1.3900157 0.10191585 -0.91724271 6710886
1.39026 0.093069956 -0.91740388 6710886
1.3905041 0.084220938 -0.91756499 6710886
1.3907485 0.075368822 -0.91772622 6710886
1.3909929 0.066513583 -0.91788751 6710886
1.3912374 0.057655241 -0.9180488 6710886
1.391482 0.048793782 -0.91821027 6710886
1.3917266 0.039929204 -0.91837168 6710886
1.3919715 0.03106151 -0.91853327 6710886
1.3922162 0.022190694 -0.91869473 6710886
1.3924612 0.013316759 -0.91885638 6710886
1.3927063 0.0044397009 -0.91901815 6710886
1.3929514 -0.0044404822 -0.91917986 6710886
1.3931965 -0.013323791 -0.91934156 6710886
1.3934418 -0.022210229 -0.91950345 6710886
1.3936871 -0.031099794 -0.9196654 6710886
1.3939326 -0.039992493 -0.91982734 6710886
1.3941782 -0.048888326 -0.91998941 6710886
1.3944237 -0.057787288 -0.92015141 6710886
1.3946695 -0.066689394 -0.92031366 6710886
1.3949152 -0.075594626 -0.92047578 6710886
1.3951612 -0.08450301 -0.92063802 6710886
1.3954071 -0.093414523 -0.92080033 6710886
1.3956531 -0.10232919 -0.92096269 6710886
1.3958993 -0.111247 -0.92112511 6710886
1.3961456 -0.12016796 -0.92128766 6710886
1.3963917 -0.12909204 -0.92145008 6710886
1.3966383 -0.13801931 -0.92161274 6710886
1.3968848 -0.14694971 -0.92177546 6710886
1.3971312 -0.15588324 -0.92193806 6710886
1.397378 -0.16481997 -0.9221009 6710886
1.3976246 -0.17375982 -0.92226362 6710886
1.3978715 -0.18270284 -0.92242652 6710886
1.3981185 -0.19164903 -0.92258954 6710886
1.3983654 -0.20059836 -0.92275244 6710886
1.3986125 -0.20955087 -0.92291552 6710886
1.3988597 -0.21850654 -0.92307866 6710886
1.399107 -0.22746538 -0.92324179 6710886
1.3993543 -0.23642738 -0.92340505 6710886
1.3996018 -0.24539256 -0.92356837 6710886
1.3998493 -0.25436088 -0.92373163 6710886
1.400097 -0.26333243 -0.92389512 6710886
1.4003446 -0.2723071 -0.9240585 6710886
1.4005926 -0.28128499 -0.92422211 6710886
1.4008404 -0.29026604 -0.92438567 6710886
1.4010884 -0.29925025 -0.92454928 6710886
1.4013364 -0.30823767 -0.92471296 6710886
1.4015846 -0.31722826 -0.92487675 6710886
1.4018329 -0.32622206 -0.9250406 6710886
1.4020813 -0.33521903 -0.92520446 6710886
1.4023297 -0.34421918 -0.92536843 6710886
1.4025782 -0.35322252 -0.9255324 6710886
1.4028269 -0.36222908 -0.92569649 6710886
1.4030756 -0.3712388 -0.92586058 6710886
1.4033244 -0.38025174 -0.92602479 6710886
1.4035733 -0.38926786 -0.92618901 6710886
1.4038222 -0.39828715 -0.92635328 6710886
1.4040712 -0.40730968 -0.92651761 6710886
1.4043204 -0.4163354 -0.926682 6710886
1.4045696 -0.42536435 -0.9268465 6710886
1.4048189 -0.43439645 -0.92701101 6710886
1.4050684 -0.44343182 -0.92717564 6710886
1.4053177 -0.4524703 -0.92734009 6710886
1.4055672 -0.46151203 -0.92750478 6710886
1.4058166 -0.47055691 -0.92766935 6710886
1.4060663 -0.47960508 -0.92783415 6710886
1.406316 -0.48865643 -0.9279989 6710886
1.406566 -0.49771106 -0.92816389 6710886
1.4068161 -0.50676894 -0.92832893 6710886
1.4070663 -0.51583004 -0.92849404 7566195
1.3652688 0.9966619 -0.90961719 6710886
1.3655045 0.98812795 -0.90977418 6710886
1.3657399 0.97959089 -0.90993106 6710886
1.3659757 0.97105104 -0.91008818 6710886
1.3662115 0.96250814 -0.9102453 6710886
1.3664474 0.95396239 -0.91040248 6710886
1.3666834 0.94541359 -0.91055965 6710886
1.3669194 0.93686187 -0.91071689 6710886
1.3671556 0.92830724 -0.91087425 6710886
1.3673916 0.9197495 -0.91103148 6710886
1.367628 0.91118896 -0.91118896 6710886
1.3678644 0.90262544 -0.9113465 6710886
1.3681008 0.89405894 -0.91150397 6710886
1.3683373 0.88548946 -0.91166157 6710886
1.3685739 0.87691706 -0.91181922 6710886
1.3688105 0.86834162 -0.91197687 6710886
1.3690473 0.85976326 -0.91213459 6710886
1.3692842 0.85118192 -0.91229242 6710886
1.3695211 0.84259766 -0.91245031 6710886
1.3697582 0.83401042 -0.91260827 6710886
1.3699952 0.82542014 -0.91276616 6710886
1.3702325 0.81682694 -0.91292423 6710886
1.3704697 0.80823076 -0.9130823 6710886
1.3707069 0.79963148 -0.91324031 6710886
1.3709444 0.79102939 -0.91339856 6710886
1.371182 0.78242427 -0.91355687 6710886
1.3714194 0.77381611 -0.91371506 6710886
1.3716571 0.76520503 -0.91387343 6710886
1.371895 0.75659096 -0.91403186 6710886
1.3721328 0.74797392 -0.91419035 6710886
1.3723706 0.73935378 -0.91434878 6710886
1.3726087 0.73073077 -0.91450739 6710886
1.3728468 0.72210479 -0.91466606 6710886
1.3730849 0.7134757 -0.91482466 6710886
1.3733232 0.7048437 -0.91498345 6710886
1.3735615 0.69620866 -0.91514224 6710886
1.3737999 0.68757069 -0.91530108 6710886
1.3740383 0.67892963 -0.91545993 6710886
1.374277 0.67028564 -0.9156189 6710886
1.3745157 0.66163862 -0.91577792 6710886
1.3747543 0.65298855 -0.91593695 6710886
1.3749932 0.64433551 -0.91609609 6710886
1.3752321 0.63567948 -0.9162553 6710886
1.3754712 0.62702054 -0.91641462 6710886
1.3757101 0.61835837 -0.91657376 6710886
1.3759494 0.60969335 -0.91673315 6710886
1.3761886 0.60102528 -0.91689259 6710886
1.3764279 0.59235412 -0.91705197 6710886
1.3766673 0.58368003 -0.91721147 6710886
1.3769069 0.57500291 -0.91737109 6710886
1.3771465 0.5663228 -0.91753072 6710886
1.377386 0.55763954 -0.91769028 6710886
1.3776258 0.54895341 -0.91785008 6710886
1.3778657 0.54026419 -0.91800988 6710886
1.3781055 0.53157192 -0.91816968 6710886
1.3783455 0.52287668 -0.9183296 6710886
1.3785856 0.51417834 -0.91848952 6710886
1.3788258 0.50547701 -0.91864955 6710886
1.379066 0.49677268 -0.91880959 6710886
1.3793063 0.48806527 -0.91896975 6710886
1.3795468 0.47935486 -0.91912991 6710886
1.3797872 0.47064134 -0.91929013 6710886
1.3800278 0.46192485 -0.9194504 6710886
1.3802685 0.45320532 -0.91961074 6710886
1.3805093 0.44448274 -0.91977119 6710886
1.3807501 0.4357571 -0.91993165 6710886
1.380991 0.42702842 -0.92009217 6710886
1.381232 0.41829669 -0.92025274 6710886
1.3814731 0.40956193 -0.92041332 6710886
1.3817142 0.4008241 -0.92057401 6710886
1.3819555 0.39208323 -0.92073476 6710886
1.3821968 0.38333929 -0.92089552 6710886
1.3824382 0.3745923 -0.92105633 6710886
1.3826798 0.36584228 -0.92121732 6710886
1.3829213 0.35708919 -0.92137825 6710886
1.383163 0.34833303 -0.92153925 6710886
1.3834047 0.3395738 -0.9217003 6710886
1.3836466 0.33081153 -0.92186147 6710886
1.3838885 0.32204619 -0.92202264 6710886
1.3841305 0.31327778 -0.92218387 6710886
1.3843726 0.3045063 -0.92234516 6710886
1.3846148 0.29573175 -0.92250657 6710886
1.3848571 0.28695413 -0.92266792 6710886
1.3850994 0.27817345 -0.92282939 6710886
1.3853419 0.26938972 -0.92299098 6710886
1.3855844 0.26060286 -0.92315251 6710886
1.3858269 0.25181293 -0.92331415 6710886
1.3860697 0.24301995 -0.92347586 6710886
1.3863125 0.2342239 -0.92363763 6710886
1.3865553 0.22542474 -0.9237994 6710886
1.3867983 0.2166225 -0.92396128 6710886
1.3870413 0.20781718 -0.92412323 6710886
1.3872844 0.19900876 -0.92428517 6710886
1.3875276 0.19019727 -0.92444718 6710886
1.3877709 0.18138269 -0.9246093 6710886
1.3880143 0.17256501 -0.92477149 6710886
1.3882577 0.16374424 -0.92493367 6710886
1.3885013 0.15492037 -0.92509592 6710886
1.388745 0.14609341 -0.92525828 6710886
1.3889886 0.13726334 -0.92542064 6710886
1.3892324 0.12843019 -0.92558306 6710886
1.3894763 0.11959392 -0.92574555 6710886
1.3897203 0.11075456 -0.92590809 6710886
1.3899642 0.10191208 -0.92607063 6710886
1.3902085 0.093066506 -0.92623335 6710886
1.3904527 0.084217824 -0.92639607 6710886
1.3906969 0.07536602 -0.92655873 6710886
1.3909414 0.066511124 -0.92672163 6710886
1.3911859 0.057653107 -0.92688453 6710886
1.3914305 0.048791975 -0.92704755 6710886
1.3916751 0.039927725 -0.92721051 6710886
1.3919199 0.031060359 -0.92737359 6710886
1.3921647 0.022189874 -0.92753673 6710886
1.3924096 0.013316265 -0.92769986 6710886
1.3926545 0.004439536 -0.92786306 6710886
1.3928996 -0.0044403174 -0.92802638 6710886
1.3931447 -0.013323297 -0.92818964 6710886
1.3933901 -0.022209404 -0.92835307 6710886
1.3936354 -0.031098641 -0.92851657 6710886
1.3938808 -0.03999101 -0.92868006 6710886
1.3941263 -0.048886508 -0.92884362 6710886
1.394372 -0.057785142 -0.92900729 6710886
1.3946177 -0.066686913 -0.92917103 6710886
1.3948634 -0.075591817 -0.9293347 6710886
1.3951093 -0.084499866 -0.92949855 6710886
1.3953552 -0.093411058 -0.92966241 6710886
1.3956013 -0.10232539 -0.92982632 6710886
1.3958473 -0.11124285 -0.92999029 6710886
1.3960936 -0.12016348 -0.93015432 6710886
1.3963399 -0.12908725 -0.93031842 6710886
1.3965863 -0.13801417 -0.93048263 6710886
1.3968327 -0.14694422 -0.93064678 6710886
1.3970793 -0.15587746 -0.93081111 6710886
1.3973259 -0.16481382 -0.93097538 6710886
1.3975726 -0.17375335 -0.93113977 6710886
1.3978194 -0.18269603 -0.93130416 6710886
1.3980664 -0.1916419 -0.93146873 6710886
1.3983134 -0.20059091 -0.93163329 6710886
1.3985604 -0.20954306 -0.93179786 6710886
1.3988075 -0.21849839 -0.93196249 6710886
1.3990549 -0.22745691 -0.9321273 6710886
1.3993022 -0.23641858 -0.9322921 6710886
1.3995496 -0.2453834 -0.93245691 6710886
1.3997972 -0.25435144 -0.9326219 6710886
1.4000447 -0.26332259 -0.93278676 6710886
1.4002924 -0.27229694 -0.93295181 6710886
1.4005401 -0.28127447 -0.93311685 6710886
1.4007882 -0.29025522 -0.93328214 6710886
1.4010361 -0.2992391 -0.93344736 6710886
1.4012841 -0.30822614 -0.93361253 6710886
1.4015323 -0.31721643 -0.93377793 6710886
1.4017806 -0.32620987 -0.93394333 6710886
1.4020289 -0.33520651 -0.93410879 6710886
1.4022774 -0.34420633 -0.93427432 6710886
1.4025259 -0.35320935 -0.9344399 6710886
1.4027745 -0.36221552 -0.93460548 6710886
1.4030231 -0.37122491 -0.93477118 6710886
1.4032719 -0.38023752 -0.93493694 6710886
1.4035208 -0.38925332 -0.93510276 6710886
1.4037697 -0.39827228 -0.93526858 6710886
1.4040186 -0.40729442 -0.93543446 6710886
1.4042678 -0.41631982 -0.93560046 6710886
1.4045171 -0.42534843 -0.93576652 6710886
1.4047663 -0.4343802 -0.93593258 6710886
1.4050158 -0.44341522 -0.93609881 6710886
1.405265 -0.45245335 -0.93626481 6710886
1.4055145 -0.46149474 -0.93643105 6710886
1.4057639 -0.47053927 -0.93659723 6710886
1.4060137 -0.47958714 -0.9367637 6710886
1.4062634 -0.48863813 -0.93693 6710886
1.4065133 -0.49769244 -0.93709654 6710886
1.4067633 -0.50674993 -0.93726307 6710886
1.4070135 -0.51581067 -0.93742979 7566195
1.3652192 0.99662572 -0.91828829 6710886
1.3654548 0.98809201 -0.91844672 6710886
1.3656905 0.97955537 -0.91860527 6710886
1.365926 0.97101569 -0.9187637 6710886
1.3661618 0.96247315 -0.91892231 6710886
1.3663977 0.9539277 -0.91908097 6710886
1.3666335 0.94537914 -0.91923958 6710886
1.3668696 0.93682772 -0.91939837 6710886
1.3671057 0.92827338 -0.91955721 6710886
1.367342 0.91971612 -0.91971612 6710886
1.3675781 0.91115576 -0.91987497 6710886
1.3678145 0.9025926 -0.92003399 6710886
1.3680509 0.89402634 -0.92019302 6710886
1.3682873 0.88545716 -0.92035198 6710886
1.368524 0.87688506 -0.92051119 6710886
1.3687607 0.86830997 -0.92067039 6710886
1.3689975 0.85973197 -0.92082965 6710886
1.3692342 0.85115087 -0.92098892 6710886
1.3694712 0.84256691 -0.9211483 6710886
1.3697082 0.83397996 -0.92130768 6710886
1.3699452 0.82538998 -0.92146713 6710886
1.3701824 0.81679708 -0.92162669 6710886
1.3704196 0.80820119 -0.92178625 6710886
1.370657 0.79960233 -0.92194587 6710886
1.3708943 0.79100049 -0.92210555 6710886
1.3711319 0.78239572 -0.92226535 6710886
1.3713695 0.77378792 -0.92242515 6710886
1.3716071 0.76517707 -0.92258495 6710886
1.3718448 0.75656331 -0.92274481 6710886
1.3720827 0.74794662 -0.92290491 6710886
1.3723207 0.73932689 -0.92306495 6710886
1.3725585 0.73070407 -0.92322493 6710886
1.3727965 0.72207832 -0.92338502 6710886
1.3730347 0.71344966 -0.92354524 6710886
1.3732729 0.70481789 -0.92370546 6710886
1.3735113 0.69618326 -0.9238658 6710886
1.3737497 0.68754554 -0.92402619 6710886
1.3739882 0.67890483 -0.92418653 6710886
1.3742267 0.67026109 -0.92434698 6710886
1.3744653 0.66161436 -0.9245075 6710886
1.3747041 0.65296471 -0.92466813 6710886
1.3749429 0.64431196 -0.92482871 6710886
1.3751818 0.63565624 -0.9249894 6710886
1.3754208 0.62699753 -0.92515022 6710886
1.3756597 0.61833572 -0.92531091 6710886
1.375899 0.609671 -0.92547178 6710886
1.3761382 0.60100323 -0.92563272 6710886
1.3763775 0.59233242 -0.92579365 6710886
1.3766168 0.58365864 -0.9259547 6710886
1.3768563 0.57498181 -0.92611575 6710886
1.3770959 0.566302 -0.92627692 6710886
1.3773354 0.55761909 -0.92643803 6710886
1.3775753 0.54893327 -0.92659938 6710886
1.377815 0.54024434 -0.92676061 6710886
1.378055 0.53155243 -0.92692202 6710886
1.3782948 0.52285743 -0.92708337 6710886
1.378535 0.5141595 -0.9272449 6710886
1.3787751 0.50545847 -0.92740643 6710886
1.3790153 0.49675441 -0.92756796 6710886
1.3792557 0.48804733 -0.92772961 6710886
1.3794961 0.47933725 -0.92789137 6710886
1.3797365 0.47062409 -0.92805308 6710886
1.3799771 0.46190789 -0.92821491 6710886
1.3802178 0.45318866 -0.92837679 6710886
1.3804585 0.44446638 -0.92853868 6710886
1.3806993 0.43574107 -0.92870063 6710886
1.3809402 0.42701271 -0.92886269 6710886
1.3811812 0.41828132 -0.92902482 6710886
1.3814223 0.40954685 -0.92918694 6710886
1.3816633 0.40080932 -0.92934912 6710886
1.3819046 0.39206877 -0.92951137 6710886
1.382146 0.38332519 -0.92967379 6710886
1.3823873 0.37457851 -0.92983603 6710886
1.3826288 0.36582878 -0.92999852 6710886
1.3828704 0.35707605 -0.93016106 6710886
1.3831121 0.34832019 -0.9303236 6710886
1.3833538 0.33956131 -0.9304862 6710886
1.3835956 0.33079934 -0.9306488 6710886
1.3838376 0.32203433 -0.93081158 6710886
1.3840795 0.31326622 -0.93097425 6710886
1.3843216 0.30449507 -0.93113714 6710886
1.3845638 0.29572088 -0.93130004 6710886
1.384806 0.28694358 -0.931463 6710886
1.3850483 0.27816319 -0.9316259 6710886
1.3852907 0.26937976 -0.93178904 6710886
1.3855333 0.26059327 -0.93195218 6710886
1.3857758 0.25180367 -0.93211526 6710886
1.3860185 0.243011 -0.93227851 6710886
1.3862613 0.23421526 -0.93244189 6710886
1.3865041 0.22541641 -0.93260515 6710886
1.386747 0.2166145 -0.93276852 6710886
1.3869901 0.20780951 -0.93293202 6710886
1.3872333 0.19900143 -0.93309563 6710886
1.3874763 0.19019024 -0.93325913 6710886
1.3877196 0.18137598 -0.93342274 6710886
1.3879629 0.17255862 -0.93358642 6710886
1.3882064 0.16373818 -0.93375015 6710886
1.3884499 0.15491463 -0.93391395 6710886
1.3886936 0.146088 -0.93407786 6710886
1.3889372 0.13725826 -0.93424177 6710886
1.389181 0.12842543 -0.93440574 6710886
1.3894249 0.1195895 -0.93456978 6710886
1.3896688 0.11075045 -0.93473387 6710886
1.3899128 0.10190831 -0.93489796 6710886
1.390157 0.093063064 -0.93506217 6710886
1.3904012 0.08421471 -0.9352265 6710886
1.3906455 0.075363241 -0.93539077 6710886
1.3908898 0.066508658 -0.9355551 6710886
1.3911343 0.057650968 -0.93571955 6710886
1.3913789 0.048790164 -0.93588406 6710886
1.3916235 0.039926246 -0.93604863 6710886
1.3918682 0.031059207 -0.93621325 6710886
1.3921131 0.022189051 -0.93637794 6710886
1.3923579 0.013315772 -0.93654263 6710886
1.3926029 0.0044393716 -0.93670744 6710886
1.392848 -0.004440153 -0.93687224 6710886
1.3930931 -0.013322802 -0.93703711 6710886
1.3933383 -0.022208579 -0.93720204 6710886
1.3935837 -0.031097487 -0.93736708 6710886
1.3938291 -0.039989524 -0.93753219 6710886
1.3940747 -0.048884697 -0.93769735 6710886
1.3943201 -0.057782996 -0.93786246 6710886
1.3945658 -0.066684432 -0.93802774 6710886
1.3948116 -0.075589016 -0.93819308 6710886
1.3950574 -0.084496729 -0.93835837 6710886
1.3953034 -0.093407586 -0.93852383 6710886
1.3955494 -0.10232158 -0.93868929 6710886
1.3957956 -0.11123873 -0.93885487 6710886
1.3960418 -0.12015902 -0.93902045 6710886
1.396288 -0.12908246 -0.93918616 6710886
1.3965344 -0.13800904 -0.93935186 6710886
1.3967807 -0.14693876 -0.93951756 6710886
1.3970274 -0.15587166 -0.93968344 6710886
1.397274 -0.16480771 -0.93984932 6710886
1.3975207 -0.17374688 -0.94001526 6710886
1.3977674 -0.18268923 -0.9401812 6710886
1.3980143 -0.19163476 -0.94034725 6710886
1.3982613 -0.20058343 -0.94051343 6710886
1.3985084 -0.20953527 -0.94067961 6710886
1.3987554 -0.21849026 -0.94084579 6710886
1.3990028 -0.22744843 -0.94101214 6710886
1.3992501 -0.23640977 -0.94117856 6710886
1.3994975 -0.24537426 -0.94134492 6710886
1.399745 -0.25434193 -0.94151139 6710886
1.3999926 -0.26331279 -0.94167793 6710886
1.4002402 -0.2722868 -0.94184446 6710886
1.400488 -0.28126401 -0.94201118 6710886
1.4007357 -0.29024434 -0.94217777 6710886
1.4009838 -0.29922792 -0.94234467 6710886
1.4012319 -0.30821466 -0.9425115 6710886
1.40148 -0.31720456 -0.94267839 6710886
1.4017282 -0.32619768 -0.94284534 6710886
1.4019765 -0.33519396 -0.94301236 6710886
1.4022249 -0.34419346 -0.94317943 6710886
1.4024734 -0.35319614 -0.94334662 6710886
1.402722 -0.36220199 -0.94351381 6710886
1.4029707 -0.37121105 -0.94368106 6710886
1.4032195 -0.3802233 -0.94384843 6710886
1.4034684 -0.38923874 -0.94401586 6710886
1.4037173 -0.3982574 -0.94418329 6710886
1.4039662 -0.40727919 -0.94435072 6710886
1.4042153 -0.41630426 -0.94451827 6710886
1.4044645 -0.42533249 -0.94468588 6710886
1.4047137 -0.43436393 -0.94485354 6710886
1.4049631 -0.44339859 -0.94502127 6710886
1.4052125 -0.45243645 -0.945189 6710886
1.4054619 -0.46147746 -0.94535679 6710886
1.4057114 -0.47052172 -0.94552457 6710886
1.405961 -0.47956917 -0.94569248 6710886
1.4062107 -0.48861983 -0.94586039 6710886
1.4064606 -0.49767378 -0.94602853 6710886
1.4067106 -0.50673091 -0.94619668 6710886
1.4069608 -0.51579136 -0.946365 7566195
1.3651695 0.99658942 -0.92695868 6710886
1.3654051 0.988056 -0.92711866 6710886
1.3656408 0.97951972 -0.9272787 6710886
1.3658764 0.97098041 -0.92743868 6710886
1.3661121 0.96243811 -0.92759871 6710886
1.3663479 0.95389289 -0.92775881 6710886
1.3665839 0.94534481 -0.92791909 6710886
1.3668199 0.93679363 -0.92807931 6710886
1.3670559 0.92823958 -0.92823958 6710886
1.3672922 0.91968262 -0.92839998 6710886
1.3675284 0.91112268 -0.92856044 6710886
1.3677646 0.90255964 -0.92872077 6710886
1.3680011 0.89399379 -0.92888135 6710886
1.3682376 0.88542497 -0.92904198 6710886
1.3684741 0.87685311 -0.92920256 6710886
1.3687108 0.86827832 -0.92936325 6710886
1.3689475 0.85970056 -0.929524 6710886
1.3691843 0.85111982 -0.92968476 6710886
1.3694212 0.84253621 -0.92984563 6710886
1.3696582 0.83394957 -0.93000656 6710886
1.3698953 0.82535994 -0.93016756 6710886
1.3701323 0.81676728 -0.93032849 6710886
1.3703697 0.80817175 -0.93048966 6710886
1.370607 0.79957324 -0.93065077 6710886
1.3708442 0.79097158 -0.93081188 6710886
1.3710818 0.78236717 -0.93097317 6710886
1.3713194 0.77375966 -0.93113452 6710886
1.371557 0.76514918 -0.93129581 6710886
1.3717947 0.75653571 -0.93145722 6710886
1.3720325 0.74791926 -0.93161875 6710886
1.3722705 0.73929983 -0.93178028 6710886
1.3725083 0.73067737 -0.93194175 6710886
1.3727463 0.72205192 -0.9321034 6710886
1.3729845 0.71342355 -0.93226516 6710886
1.3732228 0.7047922 -0.93242693 6710886
1.373461 0.69615775 -0.9325887 6710886
1.3736994 0.68752038 -0.93275058 6710886
1.373938 0.67888004 -0.93291253 6710886
1.3741764 0.67023653 -0.93307441 6710886
1.374415 0.66159016 -0.93323648 6710886
1.3746538 0.65294081 -0.9333986 6710886
1.3748926 0.64428836 -0.93356073 6710886
1.3751314 0.63563293 -0.93372285 6710886
1.3753704 0.62697452 -0.93388516 6710886
1.3756094 0.61831307 -0.93404746 6710886
1.3758485 0.60964864 -0.93420982 6710886
1.3760877 0.60098118 -0.93437219 6710886
1.376327 0.59231073 -0.93453473 6710886
1.3765664 0.58363724 -0.93469727 6710886
1.3768058 0.57496071 -0.93485981 6710886
1.3770454 0.5662812 -0.93502247 6710886
1.377285 0.55759871 -0.93518519 6710886
1.3775246 0.54891306 -0.93534791 6710886
1.3777645 0.54022449 -0.93551075 6710886
1.3780044 0.53153294 -0.93567371 6710886
1.3782444 0.52283829 -0.93583661 6710886
1.3784844 0.51414061 -0.93599957 6710886
1.3787245 0.50543988 -0.93616259 6710886
1.3789648 0.4967362 -0.93632579 6710886
1.379205 0.48802942 -0.93648887 6710886
1.3794453 0.4793196 -0.93665206 6710886
1.3796859 0.4706068 -0.93681538 6710886
1.3799263 0.46189088 -0.93697864 6710886
1.380167 0.453172 -0.93714207 6710886
1.3804077 0.44445002 -0.93730551 6710886
1.3806486 0.43572506 -0.93746912 6710886
1.3808894 0.42699701 -0.93763262 6710886
1.3811303 0.41826591 -0.93779618 6710886
1.3813715 0.4095318 -0.93795997 6710886
1.3816125 0.4007946 -0.93812358 6710886
1.3818537 0.39205435 -0.93828738 6710886
1.3820951 0.38331109 -0.93845129 6710886
1.3823365 0.37456474 -0.9386152 6710886
1.3825779 0.36581534 -0.93877912 6710886
1.3828195 0.35706291 -0.93894315 6710886
1.3830612 0.34830737 -0.93910724 6710886
1.3833028 0.3395488 -0.93927133 6710886
1.3835447 0.33078715 -0.93943554 6710886
1.3837866 0.32202247 -0.93959981 6710886
1.3840286 0.31325471 -0.93976408 6710886
1.3842705 0.30448386 -0.93992841 6710886
1.3845127 0.29570994 -0.9400928 6710886
1.384755 0.286933 -0.94025737 6710886
1.3849972 0.27815294 -0.94042188 6710886
1.3852396 0.26936981 -0.94058639 6710886
1.3854822 0.26058364 -0.94075114 6710886
1.3857248 0.2517944 -0.94091582 6710886
1.3859674 0.24300203 -0.94108057 6710886
1.3862101 0.2342066 -0.94124538 6710886
1.3864529 0.22540809 -0.94141024 6710886
1.3866957 0.21660648 -0.94157517 6710886
1.3869388 0.20780182 -0.94174016 6710886
1.3871819 0.19899406 -0.9419052 6710886
1.3874252 0.19018324 -0.94207042 6710886
1.3876683 0.18136927 -0.94223547 6710886
1.3879117 0.17255226 -0.94240075 6710886
1.3881551 0.16373213 -0.94256604 6710886
1.3883985 0.15490891 -0.94273132 6710886
1.3886422 0.14608259 -0.94289678 6710886
1.3888859 0.1372532 -0.94306225 6710886
1.3891296 0.12842068 -0.94322777 6710886
1.3893734 0.11958507 -0.94339329 6710886
1.3896174 0.11074636 -0.94355899 6710886
1.3898615 0.10190454 -0.94372469 6710886
1.3901055 0.093059614 -0.94389039 6710886
1.3903497 0.084211588 -0.94405621 6710886
1.390594 0.075360447 -0.94422209 6710886
1.3908383 0.066506192 -0.94438791 6710886
1.3910828 0.057648834 -0.94455397 6710886
1.3913274 0.048788361 -0.94472003 6710886
1.391572 0.039924767 -0.94488615 6710886
1.3918166 0.031058054 -0.94505227 6710886
1.3920615 0.022188228 -0.9452185 6710886
1.3923063 0.013315278 -0.94538474 6710886
1.3925512 0.0044392068 -0.94555104 6710886
1.3927963 -0.0044399882 -0.94571745 6710886
1.3930415 -0.013322309 -0.94588393 6710886
1.3932867 -0.022207757 -0.94605047 6710886
1.3935319 -0.031096332 -0.94621694 6710886
1.3937774 -0.039988041 -0.9463836 6710886
1.3940228 -0.048882879 -0.94655025 6710886
1.3942684 -0.057780851 -0.94671702 6710886
1.3945141 -0.066681959 -0.94688386 6710886
1.3947598 -0.075586207 -0.94705069 6710886
1.3950057 -0.084493592 -0.94721764 6710886
1.3952515 -0.093404114 -0.94738454 6710886
1.3954976 -0.10231778 -0.94755161 6710886
1.3957437 -0.1112346 -0.9477188 6710886
1.3959898 -0.12015454 -0.94788587 6710886
1.3962361 -0.12907764 -0.94805306 6710886
1.3964825 -0.1380039 -0.94822037 6710886
1.3967289 -0.1469333 -0.94838768 6710886
1.3969754 -0.15586586 -0.94855511 6710886
1.397222 -0.16480157 -0.94872254 6710886
1.3974687 -0.17374043 -0.94889003 6710886
1.3977154 -0.18268244 -0.94905758 6710886
1.3979623 -0.19162762 -0.94922525 6710886
1.3982092 -0.20057596 -0.94939286 6710886
1.3984563 -0.20952746 -0.94956064 6710886
1.3987035 -0.21848214 -0.94972843 6710886
1.3989507 -0.22743997 -0.94989634 6710886
1.3991979 -0.23640095 -0.95006418 6710886
1.3994454 -0.24536513 -0.95023227 6710886
1.3996928 -0.25433245 -0.95040023 6710886
1.3999404 -0.26330295 -0.95056832 6710886
1.4001881 -0.27227667 -0.95073652 6710886
1.4004358 -0.28125352 -0.95090473 6710886
1.4006836 -0.29023355 -0.95107299 6710886
1.4009315 -0.29921675 -0.95124131 6710886
1.4011797 -0.30820319 -0.95140982 6710886
1.4014277 -0.31719276 -0.95157826 6710886
1.4016758 -0.32618549 -0.9517467 6710886
1.4019241 -0.33518144 -0.95191532 6710886
1.4021726 -0.34418061 -0.952084 6710886
1.402421 -0.35318291 -0.95225269 6710886
1.4026695 -0.36218843 -0.95242143 6710886
1.4029182 -0.37119716 -0.95259029 6710886
1.403167 -0.38020909 -0.95275921 6710886
1.4034158 -0.38922417 -0.95292819 6710886
1.4036648 -0.3982425 -0.95309728 6710886
1.4039137 -0.40726399 -0.95326626 6710886
1.4041628 -0.41628867 -0.95343536 6710886
1.4044119 -0.42531657 -0.95360452 6710886
1.4046612 -0.43434769 -0.9537738 6710886
1.4049106 -0.44338202 -0.95394313 6710886
1.40516 -0.45241952 -0.95411247 6710886
1.4054092 -0.46146017 -0.95428169 6710886
1.4056587 -0.47050408 -0.95445114 6710886
1.4059085 -0.47955126 -0.95462072 6710886
1.4061581 -0.48860157 -0.95479017 6710886
1.4064081 -0.49765518 -0.95495993 6710886
1.4066581 -0.50671196 -0.95512968 6710886
1.406908 -0.51577199 -0.95529944 6710886
1.3651201 0.9965533 -0.93562865 6710886
1.3653555 0.98802012 -0.93579 6710886
1.365591 0.97948408 -0.93595147 6710886
1.3658267 0.97094506 -0.936113 6710886
1.3660624 0.96240312 -0.93627453 6710886
1.3662982 0.9538582 -0.93643612 6710886
1.3665341 0.94531035 -0.93659782 6710886
1.3667701 0.93675959 -0.93675959 6710886
1.3670062 0.92820579 -0.93692136 6710886
1.3672423 0.91964912 -0.93708318 6710886
1.3674786 0.91108948 -0.93724513 6710886
1.3677148 0.90252674 -0.93740702 6710886
1.3679513 0.89396125 -0.93756908 6710886
1.3681877 0.88539267 -0.93773115 6710886
1.3684243 0.87682116 -0.93789333 6710886
1.3686608 0.86824661 -0.9380554 6710886
1.3688976 0.85966921 -0.93821764 6710886
1.3691344 0.85108882 -0.93838 6710886
1.3693713 0.84250546 -0.93854237 6710886
1.3696083 0.83391911 -0.93870479 6710886
1.3698453 0.82532978 -0.93886721 6710886
1.3700825 0.81673753 -0.93902981 6710886
1.3703196 0.80814224 -0.9391923 6710886
1.370557 0.79954404 -0.93935496 6710886
1.3707943 0.79094279 -0.93951768 6710886
1.3710318 0.78233856 -0.9396804 6710886
1.3712692 0.77373135 -0.93984318 6710886
1.3715069 0.76512122 -0.94000608 6710886
1.3717445 0.75650799 -0.94016892 6710886
1.3719823 0.7478919 -0.94033194 6710886
1.3722203 0.73927283 -0.94049501 6710886
1.3724582 0.73065072 -0.94065809 6710886
1.3726962 0.72202551 -0.94082117 6710886
1.3729343 0.7133975 -0.94098443 6710886
1.3731725 0.70476639 -0.94114763 6710886
1.3734107 0.69613224 -0.94131088 6710886
1.3736491 0.68749517 -0.94147432 6710886
1.3738877 0.67885518 -0.94163781 6710886
1.3741262 0.67021209 -0.94180131 6710886
1.3743647 0.66156596 -0.94196475 6710886
1.3746034 0.65291685 -0.94212836 6710886
1.3748423 0.64426482 -0.94229209 6710886
1.3750811 0.63560969 -0.94245571 6710886
1.37532 0.62695158 -0.94261944 6710886
1.375559 0.61829042 -0.9427833 6710886
1.3757982 0.60962635 -0.94294727 6710886
1.3760372 0.60095912 -0.94311106 6710886
1.3762766 0.59228903 -0.94327515 6710886
1.376516 0.5836159 -0.94343919 6710886
1.3767554 0.57493967 -0.94360328 6710886
1.3769948 0.56626046 -0.94376743 6710886
1.3772345 0.55757821 -0.94393164 6710886
1.3774742 0.54889297 -0.94409591 6710886
1.3777139 0.5402047 -0.94426024 6710886
1.3779538 0.53151339 -0.94442463 6710886
1.3781937 0.5228191 -0.94458908 6710886
1.3784337 0.51412171 -0.94475359 6710886
1.3786739 0.50542134 -0.94491822 6710886
1.3789141 0.49671796 -0.94508284 6710886
1.3791544 0.48801154 -0.94524753 6710886
1.3793947 0.47930199 -0.94541216 6710886
1.3796351 0.47058949 -0.94557697 6710886
1.3798757 0.46187392 -0.94574183 6710886
1.3801162 0.45315531 -0.94590676 6710886
1.3803569 0.44443369 -0.94607168 6710886
1.3805978 0.43570906 -0.94623685 6710886
1.3808386 0.4269813 -0.94640183 6710886
1.3810796 0.41825053 -0.946567 6710886
1.3813206 0.40951672 -0.94673216 6710886
1.3815618 0.40077987 -0.94689751 6710886
1.3818029 0.39203992 -0.94706279 6710886
1.3820442 0.38329697 -0.94722813 6710886
1.3822856 0.37455094 -0.9473936 6710886
1.3825271 0.3658019 -0.94755912 6710886
1.3827685 0.35704973 -0.94772458 6710886
1.3830101 0.34829453 -0.94789016 6710886
1.3832519 0.33953628 -0.94805586 6710886
1.3834937 0.33077496 -0.94822156 6710886
1.3837355 0.32201058 -0.94838732 6710886
1.3839775 0.31324315 -0.9485532 6710886
1.3842195 0.30447263 -0.94871908 6710886
1.3844616 0.29569906 -0.94888502 6710886
1.3847039 0.2869224 -0.94905102 6710886
1.3849462 0.27814269 -0.94921714 6710886
1.3851885 0.26935989 -0.94938314 6710886
1.3854311 0.26057404 -0.94954944 6710886
1.3856736 0.2517851 -0.94971567 6710886
1.3859161 0.24299304 -0.94988185 6710886
1.3861589 0.23419796 -0.95004833 6710886
1.3864018 0.22539978 -0.95021474 6710886
1.3866447 0.21659851 -0.95038128 6710886
1.3868876 0.20779414 -0.9505477 6710886
1.3871306 0.19898671 -0.95071429 6710886
1.3873738 0.19017619 -0.95088094 6710886
1.387617 0.18136257 -0.9510476 6710886
1.3878603 0.17254587 -0.95121437 6710886
1.3881037 0.16372608 -0.95138121 6710886
1.3883473 0.15490319 -0.95154816 6710886
1.3885908 0.1460772 -0.95171505 6710886
1.3888345 0.13724811 -0.95188206 6710886
1.3890783 0.12841593 -0.95204914 6710886
1.389322 0.11958064 -0.95221627 6710886
1.3895659 0.11074226 -0.9523834 6710886
1.38981 0.10190077 -0.95255065 6710886
1.3900541 0.093056172 -0.95271796 6710886
1.3902982 0.084208466 -0.95288533 6710886
1.3905425 0.075357661 -0.9530527 6710886
1.3907869 0.066503733 -0.95322019 6710886
1.3910311 0.057646696 -0.95338762 6710886
1.3912758 0.048786551 -0.95355529 6710886
1.3915204 0.039923284 -0.95372295 6710886
1.3917651 0.031056905 -0.95389068 6710886
1.3920099 0.022187404 -0.95405841 6710886
1.3922547 0.013314785 -0.95422626 6710886
1.3924997 0.0044390424 -0.95439416 6710886
1.3927447 -0.0044398233 -0.95456207 6710886
1.3929898 -0.013321814 -0.95473003 6710886
1.393235 -0.022206932 -0.95489806 6710886
1.3934803 -0.031095181 -0.95506626 6710886
1.3937256 -0.039986555 -0.95523441 6710886
1.3939711 -0.048881065 -0.95540261 6710886
1.3942167 -0.057778709 -0.95557094 6710886
1.3944622 -0.066679478 -0.9557392 6710886
1.394708 -0.075583398 -0.9559077 6710886
1.3949538 -0.084490456 -0.9560762 6710886
1.3951997 -0.093400642 -0.95624465 6710886
1.3954457 -0.10231398 -0.95641327 6710886
1.3956918 -0.11123046 -0.95658195 6710886
1.3959379 -0.12015008 -0.95675063 6710886
1.3961841 -0.12907284 -0.95691937 6710886
1.3964305 -0.13799877 -0.95708823 6710886
1.3966769 -0.14692783 -0.95725715 6710886
1.3969234 -0.15586007 -0.95742607 6710886
1.3971699 -0.16479543 -0.95759505 6710886
1.3974167 -0.17373396 -0.95776421 6710886
1.3976635 -0.18267566 -0.95793331 6710886
1.3979102 -0.19162048 -0.95810241 6710886
1.3981572 -0.2005685 -0.95827174 6710886
1.3984041 -0.20951964 -0.95844096 6710886
1.3986514 -0.218474 -0.95861042 6710886
1.3988986 -0.22743149 -0.95877981 6710886
1.3991458 -0.23639216 -0.95894927 6710886
1.3993932 -0.24535598 -0.95911884 6710886
1.3996407 -0.25432298 -0.95928842 6710886
1.3998882 -0.26329315 -0.95945805 6710886
1.4001359 -0.27226651 -0.95962787 6710886
1.4003836 -0.28124303 -0.95979762 6710886
1.4006313 -0.2902227 -0.95996743 6710886
1.4008793 -0.2992056 -0.96013737 6710886
1.4011272 -0.30819166 -0.9603073 6710886
1.4013753 -0.31718087 -0.96047729 6710886
1.4016235 -0.32617331 -0.9606474 6710886
1.4018718 -0.33516893 -0.96081764 6710886
1.4021201 -0.34416774 -0.96098781 6710886
1.4023687 -0.35316974 -0.96115816 6710886
1.4026172 -0.36217493 -0.96132851 6710886
1.4028658 -0.37118328 -0.96149886 6710886
1.4031146 -0.38019487 -0.96166939 6710886
1.4033633 -0.38920963 -0.96183991 6710886
1.4036123 -0.3982276 -0.9620105 6710886
1.4038613 -0.40724877 -0.96218115 6710886
1.4041103 -0.41627312 -0.96235186 6710886
1.4043595 -0.42530069 -0.96252263 6710886
1.4046086 -0.43433142 -0.96269339 6710886
1.404858 -0.44336542 -0.96286428 6710886
1.4051074 -0.45240259 -0.96303523 6710886
1.4053568 -0.46144295 -0.96320617 6710886
1.4056062 -0.47048649 -0.96337706 6710886
1.4058558 -0.47953328 -0.96354818 6710886
1.4061055 -0.4885833 -0.96371931 6710886
1.4063554 -0.49763653 -0.96389055 6710886
1.4066052 -0.50669295 -0.96406186 6710886
1.4068553 -0.51575267 -0.96423322 6710886
1.3650703 0.996517 -0.94429779 6710886
1.3653058 0.98798418 -0.94446063 6710886
1.3655413 0.97944844 -0.94462359 6710886
1.365777 0.97090977 -0.94478661 6710886
1.3660128 0.96236813 -0.94494975 6710886
1.3662485 0.95382345 -0.94511276 6710886
1.3664844 0.94527596 -0.94527596 6710886
1.3667204 0.9367255 -0.94543922 6710886
1.3669564 0.92817199 -0.94560242 6710886
1.3671925 0.91961557 -0.94576579 6710886
1.3674288 0.91105628 -0.94592923 6710886
1.3676651 0.90249395 -0.94609267 6710886
1.3679013 0.89392859 -0.9462561 6710886
1.3681378 0.88536042 -0.94641972 6710886
1.3683743 0.87678915 -0.94658333 6710886
1.368611 0.86821502 -0.946747 6710886
1.3688476 0.85963786 -0.94691074 6710886
1.3690845 0.85105783 -0.94707459 6710886
1.3693215 0.84247482 -0.9472385 6710886
1.3695583 0.83388871 -0.94740236 6710886
1.3697953 0.82529968 -0.94756633 6710886
1.3700324 0.81670773 -0.9477303 6710886
1.3702695 0.80811268 -0.94789433 6710886
1.3705069 0.79951483 -0.94805855 6710886
1.3707442 0.79091388 -0.9482227 6710886
1.3709817 0.78231001 -0.94838697 6710886
1.3712192 0.7737031 -0.94855124 6710886
1.3714567 0.76509321 -0.94871563 6710886
1.3716946 0.75648046 -0.94888014 6710886
1.3719321 0.74786454 -0.94904447 6710886
1.3721701 0.73924577 -0.94920909 6710886
1.372408 0.73062396 -0.94937366 6710886
1.3726461 0.72199923 -0.94953835 6710886
1.3728842 0.7133714 -0.94970304 6710886
1.3731223 0.70474064 -0.94986778 6710886
1.3733606 0.69610685 -0.95003265 6710886
1.3735988 0.68747002 -0.9501974 6710886
1.3738374 0.67883027 -0.95036238 6710886
1.3740759 0.67018753 -0.95052743 6710886
1.3743145 0.66154182 -0.95069253 6710886
1.3745531 0.65289295 -0.95085752 6710886
1.3747919 0.64424121 -0.95102268 6710886
1.3750308 0.63558644 -0.95118797 6710886
1.3752695 0.62692857 -0.95135313 6710886
1.3755087 0.61826783 -0.95151854 6710886
1.3757477 0.60960394 -0.95168388 6710886
1.3759868 0.60093713 -0.95184934 6710886
1.3762261 0.59226727 -0.9520148 6710886
1.3764654 0.58359444 -0.95218039 6710886
1.3767049 0.57491863 -0.95234609 6710886
1.3769443 0.56623966 -0.95251167 6710886
1.3771839 0.55755776 -0.95267743 6710886
1.3774236 0.54887283 -0.95284325 6710886
1.3776634 0.54018486 -0.95300907 6710886
1.3779032 0.5314939 -0.95317501 6710886
1.3781432 0.52279991 -0.95334101 6710886
1.3783832 0.51410288 -0.95350701 6710886
1.3786232 0.5054028 -0.95367306 6710886
1.3788635 0.49669969 -0.95383924 6710886
1.3791037 0.48799357 -0.95400542 6710886
1.379344 0.47928438 -0.95417166 6710886
1.3795844 0.4705722 -0.95433801 6710886
1.379825 0.46185696 -0.95450443 6710886
1.3800656 0.45313868 -0.95467085 6710886
1.3803062 0.44441736 -0.95483732 6710886
1.380547 0.43569303 -0.95500392 6710886
1.3807878 0.42696559 -0.95517045 6710886
1.3810288 0.41823515 -0.95533711 6710886
1.3812698 0.40950167 -0.95550388 6710886
1.3815109 0.40076509 -0.9556706 6710886
1.3817521 0.39202553 -0.95583755 6710886
1.3819933 0.38328284 -0.95600432 6710886
1.3822347 0.37453717 -0.95617133 6710886
1.3824762 0.36578843 -0.95633841 6710886
1.3827176 0.35703659 -0.95650542 6710886
1.3829592 0.34828171 -0.95667255 6710886
1.383201 0.33952379 -0.9568398 6710886
1.3834428 0.3307628 -0.95700705 6710886
1.3836845 0.32199872 -0.95717424 6710886
1.3839265 0.31323162 -0.95734167 6710886
1.3841685 0.30446142 -0.95750904 6710886
1.3844105 0.29568812 -0.95767647 6710886
1.3846527 0.28691182 -0.95784402 6710886
1.3848951 0.27813244 -0.95801169 6710886
1.3851374 0.26934996 -0.95817935 6710886
1.3853799 0.26056442 -0.95834708 6710886
1.3856224 0.25177577 -0.95851481 6710886
1.3858651 0.24298409 -0.95868272 6710886
1.3861077 0.2341893 -0.9588505 6710886
1.3863505 0.22539145 -0.95901847 6710886
1.3865935 0.21659051 -0.95918655 6710886
1.3868363 0.20778647 -0.95935452 6710886
1.3870794 0.19897936 -0.95952266 6710886
1.3873225 0.19016917 -0.95969087 6710886
1.3875659 0.18135589 -0.95985919 6710886
1.387809 0.17253949 -0.96002746 6710886
1.3880525 0.16372003 -0.96019584 6710886
1.388296 0.15489747 -0.96036428 6710886
1.3885394 0.14607179 -0.96053267 6710886
1.3887831 0.13724303 -0.96070123 6710886
1.3890269 0.12841119 -0.96086991 6710886
1.3892707 0.11957622 -0.96103853 6710886
1.3895146 0.11073816 -0.96120727 6710886
1.3897586 0.101897 -0.96137607 6710886
1.3900026 0.09305273 -0.96154487 6710886
1.3902467 0.084205352 -0.96171373 6710886
1.390491 0.075354867 -0.96188271 6710886
1.3907353 0.066501267 -0.96205169 6710886
1.3909798 0.057644565 -0.96222079 6710886
1.3912241 0.04878474 -0.96238989 6710886
1.3914688 0.039921805 -0.9625591 6710886
1.3917135 0.031055754 -0.96272838 6710886
1.3919581 0.022186581 -0.9628976 6710886
1.3922031 0.013314291 -0.96306705 6710886
1.3924479 0.0044388776 -0.96323645 6710886
1.392693 -0.004439659 -0.96340597 6710886
1.392938 -0.01332132 -0.96357542 6710886
1.3931832 -0.022206107 -0.96374506 6710886
1.3934286 -0.031094026 -0.96391481 6710886
1.3936739 -0.039985072 -0.96408451 6710886
1.3939193 -0.048879251 -0.96425426 6710886
1.3941649 -0.057776563 -0.96442413 6710886
1.3944105 -0.066677004 -0.96459407 6710886
1.3946562 -0.075580589 -0.964764 6710886
1.394902 -0.084487312 -0.96493405 6710886
1.3951479 -0.093397178 -0.96510416 6710886
1.3953937 -0.10231017 -0.96527421 6710886
1.3956399 -0.11122632 -0.96544451 6710886
1.3958861 -0.12014562 -0.9656148 6710886
1.3961323 -0.12906806 -0.96578515 6710886
1.3963785 -0.13799363 -0.96595544 6710886
1.3966249 -0.14692236 -0.96612591 6710886
1.3968714 -0.15585425 -0.96629643 6710886
1.397118 -0.1647893 -0.96646696 6710886
1.3973646 -0.1737275 -0.96663755 6710886
1.3976115 -0.18266886 -0.96680838 6710886
1.3978583 -0.19161336 -0.96697909 6710886
1.3981051 -0.20056103 -0.96714985 6710886
1.3983521 -0.20951186 -0.96732068 6710886
1.3985991 -0.21846583 -0.96749157 6710886
1.3988464 -0.22742301 -0.96766263 6710886
1.3990937 -0.23638335 -0.9678337 6710886
1.3993411 -0.24534684 -0.96800482 6710886
1.3995886 -0.25431353 -0.96817601 6710886
1.3998361 -0.26328334 -0.96834719 6710886
1.4000837 -0.27225634 -0.9685185 6710886
1.4003314 -0.28123254 -0.96868986 6710886
1.4005792 -0.29021192 -0.96886128 6710886
1.4008271 -0.29919446 -0.96903276 6710886
1.401075 -0.30818015 -0.96920425 6710886
1.401323 -0.31716904 -0.96937579 6710886
1.4015712 -0.32616115 -0.96954751 6710886
1.4018195 -0.33515641 -0.96971923 6710886
1.4020678 -0.34415489 -0.96989101 6710886
1.4023162 -0.35315654 -0.97006285 6710886
1.4025648 -0.3621614 -0.97023481 6710886
1.4028134 -0.37116945 -0.97040683 6710886
1.4030621 -0.38018066 -0.97057885 6710886
1.4033109 -0.38919508 -0.97075099 6710886
1.4035598 -0.39821273 -0.97092313 6710886
1.4038087 -0.40723354 -0.97109532 6710886
1.4040579 -0.41625759 -0.9712677 6710886
1.404307 -0.4252848 -0.97144002 6710886
1.4045562 -0.4343152 -0.97161239 6710886
1.4048054 -0.44334882 -0.97178483 6710886
1.4050548 -0.45238566 -0.97195733 6710886
1.4053041 -0.46142563 -0.97212976 6710886
1.4055535 -0.47046885 -0.97230226 6710886
1.4058031 -0.47951528 -0.97247493 6710886
1.4060528 -0.48856497 -0.97264773 6710886
1.4063027 -0.4976179 -0.97282058 6710886
1.4065526 -0.50667399 -0.97299337 6710886
1.4068027 -0.51573336 -0.97316641 6710886
1.3650208 0.99648082 -0.95296633 6710886
1.3652562 0.9879483 -0.95313072 6710886
1.3654916 0.97941273 -0.95329511 6710886
1.3657273 0.97087443 -0.95345962 6710886
1.3659631 0.96233314 -0.95362425 6710886
1.3661989 0.95378888 -0.95378888 6710886
1.3664347 0.94524157 -0.95395344 6710886
1.3666706 0.93669134 -0.95411819 6710886
1.3669066 0.9281382 -0.95428294 6710886
1.3671427 0.91958207 -0.95444775 6710886
1.367379 0.91102308 -0.95461267 6710886
1.3676152 0.90246105 -0.95477766 6710886
1.3678516 0.8938961 -0.95494264 6710886
1.368088 0.88532817 -0.95510769 6710886
1.3683245 0.87675726 -0.95527279 6710886
1.3685611 0.86818343 -0.95543802 6710886
1.3687978 0.85960656 -0.95560324 6710886
1.3690346 0.85102683 -0.95576859 6710886
1.3692715 0.84244406 -0.95593393 6710886
1.3695083 0.83385825 -0.95609921 6710886
1.3697454 0.82526958 -0.95626479 6710886
1.3699825 0.81667793 -0.95643032 6710886
1.3702197 0.8080833 -0.9565959 6710886
1.3704568 0.79948556 -0.95676142 6710886
1.3706942 0.79088497 -0.95692712 6710886
1.3709316 0.78228146 -0.95709294 6710886
1.3711691 0.77367485 -0.9572587 6710886
1.3714067 0.76506531 -0.95742458 6710886
1.3716444 0.7564528 -0.95759052 6710886
1.3718822 0.74783731 -0.95775658 6710886
1.3721199 0.73921871 -0.95792252 6710886
1.3723578 0.73059726 -0.95808864 6710886
1.3725959 0.72197282 -0.95825481 6710886
1.3728338 0.71334529 -0.95842093 6710886
1.373072 0.70471478 -0.95858723 6710886
1.3733103 0.69608134 -0.95875359 6710886
1.3735487 0.68744493 -0.95892 6710886
1.373787 0.67880541 -0.95908642 6710886
1.3740256 0.67016298 -0.95925295 6710886
1.3742641 0.6615175 -0.95941943 6710886
1.3745028 0.65286905 -0.95958608 6710886
1.3747416 0.64421761 -0.95975274 6710886
1.3749803 0.63556314 -0.95991945 6710886
1.3752193 0.62690568 -0.96008635 6710886
1.3754582 0.61824512 -0.96025312 6710886
1.3756973 0.60958165 -0.96041995 6710886
1.3759365 0.60091513 -0.96058702 6710886
1.3761756 0.59224558 -0.96075398 6710886
1.376415 0.58357304 -0.96092105 6710886
1.3766544 0.57489747 -0.96108818 6710886
1.376894 0.56621897 -0.96125543 6710886
1.3771335 0.55753732 -0.96142268 6710886
1.3773731 0.54885268 -0.96158993 6710886
1.3776129 0.54016513 -0.96175736 6710886
1.3778527 0.53147441 -0.96192473 6710886
1.3780925 0.52278072 -0.96209222 6710886
1.3783326 0.51408398 -0.96225983 6710886
1.3785727 0.50538427 -0.96242744 6710886
1.3788128 0.49668145 -0.96259505 6710886
1.379053 0.48797563 -0.96276271 6710886
1.3792934 0.47926682 -0.96293062 6710886
1.3795338 0.47055492 -0.96309835 6710886
1.3797742 0.46183997 -0.96326625 6710886
1.3800149 0.45312205 -0.96343428 6710886
1.3802555 0.44440103 -0.96360219 6710886
1.3804963 0.43567699 -0.96377033 6710886
1.3807371 0.42694989 -0.96393842 6710886
1.380978 0.41821977 -0.96410662 6710886
1.3812189 0.40948656 -0.96427482 6710886
1.3814601 0.40075037 -0.96444321 6710886
1.3817012 0.39201108 -0.96461153 6710886
1.3819424 0.38326874 -0.96477991 6710886
1.3821838 0.37452337 -0.96494842 6710886
1.3824252 0.36577493 -0.96511698 6710886
1.3826668 0.35702348 -0.96528566 6710886
1.3829082 0.34826887 -0.96545422 6710886
1.38315 0.33951128 -0.96562296 6710886
1.3833917 0.33075058 -0.96579176 6710886
1.3836335 0.32198685 -0.9659605 6710886
1.3838755 0.31322005 -0.96612948 6710886
1.3841175 0.30445018 -0.9662984 6710886
1.3843596 0.29567724 -0.96646744 6710886
1.3846017 0.28690124 -0.96663648 6710886
1.3848439 0.27812216 -0.96680558 6710886
1.3850864 0.26934004 -0.96697485 6710886
1.3853288 0.26055479 -0.96714407 6710886
1.3855712 0.25176647 -0.96731335 6710886
1.385814 0.24297513 -0.96748281 6710886
1.3860567 0.23418067 -0.9676522 6710886
1.3862994 0.22538313 -0.96782166 6710886
1.3865422 0.21658251 -0.96799117 6710886
1.3867851 0.2077788 -0.96816081 6710886
1.3870281 0.198972 -0.96833038 6710886
1.3872713 0.19016214 -0.9685002 6710886
1.3875145 0.18134917 -0.96866995 6710886
1.3877578 0.17253312 -0.96883982 6710886
1.3880011 0.16371396 -0.9690097 6710886
1.3882446 0.15489173 -0.96917969 6710886
1.3884882 0.1460664 -0.96934974 6710886
1.3887317 0.13723795 -0.96951979 6710886
1.3889755 0.12840644 -0.96968997 6710886
1.3892193 0.1195718 -0.96986014 6710886
1.3894632 0.11073407 -0.97003043 6710886
1.3897071 0.10189322 -0.97020072 6710886
1.3899511 0.09304928 -0.97037107 6710886
1.3901954 0.084202237 -0.9705416 6710886
1.3904395 0.075352073 -0.97071201 6710886
1.3906838 0.066498809 -0.97088253 6710886
1.3909283 0.05764243 -0.97105324 6710886
1.3911726 0.048782934 -0.97122383 6710886
1.3914173 0.039920326 -0.97139466 6710886
1.3916619 0.031054603 -0.97156543 6710886
1.3919066 0.02218576 -0.97173625 6710886
1.3921514 0.013313796 -0.97190714 6710886
1.3923963 0.0044387132 -0.97207814 6710886
1.3926414 -0.0044394946 -0.97224927 6710886
1.3928864 -0.013320826 -0.97242028 6710886
1.3931316 -0.022205286 -0.97259146 6710886
1.3933768 -0.031092871 -0.97276264 6710886
1.3936223 -0.039983589 -0.97293401 6710886
1.3938676 -0.048877437 -0.97310531 6710886
1.3941131 -0.057774413 -0.97327667 6710886
1.3943588 -0.066674531 -0.97344816 6710886
1.3946043 -0.075577781 -0.97361964 6710886
1.3948501 -0.084484175 -0.97379124 6710886
1.3950961 -0.093393706 -0.9739629 6710886
1.395342 -0.10230637 -0.97413462 6710886
1.3955879 -0.11122218 -0.97430629 6710886
1.3958341 -0.12014114 -0.97447819 6710886
1.3960804 -0.12906326 -0.97465008 6710886
1.3963265 -0.13798849 -0.97482198 6710886
1.3965729 -0.1469169 -0.974994 6710886
1.3968195 -0.15584846 -0.97516608 6710886
1.3970661 -0.16478318 -0.97533828 6710886
1.3973126 -0.17372103 -0.97551042 6710886
1.3975594 -0.18266205 -0.97568268 6710886
1.3978063 -0.19160624 -0.97585505 6710886
1.3980532 -0.20055357 -0.97602737 6710886
1.3983001 -0.20950405 -0.97619975 6710886
1.3985472 -0.21845771 -0.97637224 6710886
1.3987943 -0.22741453 -0.9765448 6710886
1.3990417 -0.23637454 -0.97671747 6710886
1.399289 -0.24533771 -0.97689015 6710886
1.3995364 -0.25430402 -0.97706288 6710886
1.3997838 -0.26327354 -0.97723562 6710886
1.4000316 -0.27224621 -0.97740859 6710886
1.4002792 -0.28122205 -0.97758144 6710886
1.4005269 -0.29020107 -0.97775435 6710886
1.4007748 -0.29918328 -0.97792745 6710886
1.4010227 -0.30816865 -0.97810048 6710886
1.4012707 -0.31715721 -0.97827369 6710886
1.4015188 -0.32614896 -0.97844684 6710886
1.4017671 -0.33514392 -0.97862023 6710886
1.4020154 -0.34414202 -0.97879356 6710886
1.4022639 -0.35314336 -0.97896701 6710886
1.4025123 -0.36214784 -0.97914046 6710886
1.402761 -0.37115556 -0.97931409 6710886
1.4030097 -0.38016644 -0.97948766 6710886
1.4032584 -0.38918054 -0.97966135 6710886
1.4035074 -0.39819783 -0.97983515 6710886
1.4037563 -0.40721831 -0.9800089 6710886
1.4040053 -0.416242 -0.98018277 6710886
1.4042544 -0.42526889 -0.98035669 6710886
1.4045037 -0.43429899 -0.98053074 6710886
1.4047529 -0.44333223 -0.98070467 6710886
1.4050022 -0.45236874 -0.98087877 6710886
1.4052515 -0.46140838 -0.98105276 6710886
1.4055008 -0.47045121 -0.9812268 6710886
1.4057505 -0.47949737 -0.98140115 6710886
1.4060001 -0.48854667 -0.98157543 6710886
1.40625 -0.49759924 -0.98174983 6710886
1.4064999 -0.50665498 -0.9819243 6710886
1.40675 -0.51571405 -0.98209888 6710886
1.364971 0.99644452 -0.96163422 6710886
1.3652066 0.98791242 -0.96180016 6710886
1.3654422 0.97937727 -0.9619661 6710886
1.3656776 0.97083908 -0.96213198 6710886
1.3659134 0.9622981 -0.9622981 6710886
1.3661492 0.95375413 -0.96246421 6710886
1.3663849 0.94520712 -0.96263027 6710886
1.3666209 0.93665731 -0.96279657 6710886
1.3668569 0.92810446 -0.96296287 6710886
1.3670931 0.91954869 -0.96312922 6710886
1.3673291 0.91098988 -0.96329552 6710886
1.3675654 0.90242815 -0.96346194 6710886
1.3678018 0.89386356 -0.96362853 6710886
1.3680381 0.88529581 -0.96379495 6710886
1.3682747 0.87672532 -0.96396166 6710886
1.3685112 0.86815172 -0.96412832 6710886
1.3687479 0.85957527 -0.96429509 6710886
1.3689847 0.85099578 -0.96446186 6710886
1.3692216 0.84241337 -0.96462876 6710886
1.3694584 0.83382791 -0.96479565 6710886
1.3696953 0.82523942 -0.96496248 6710886
1.3699324 0.81664807 -0.96512955 6710886
1.3701696 0.80805379 -0.96529669 6710886
1.3704069 0.79945648 -0.96546382 6710886
1.3706441 0.79085612 -0.96563095 6710886
1.3708816 0.78225285 -0.96579826 6710886
1.3711191 0.77364665 -0.96596563 6710886
1.3713566 0.76503736 -0.96613288 6710886
1.3715943 0.7564252 -0.96630037 6710886
1.371832 0.74780995 -0.96646786 6710886
1.3720698 0.73919177 -0.96663541 6710886
1.3723077 0.73057055 -0.96680295 6710886
1.3725457 0.72194642 -0.96697062 6710886
1.3727838 0.71331924 -0.96713835 6710886
1.3730218 0.70468903 -0.96730608 6710886
1.3732601 0.69605595 -0.96747398 6710886
1.3734984 0.68741977 -0.96764183 6710886
1.3737367 0.67878056 -0.96780974 6710886
1.3739753 0.67013848 -0.96797776 6710886
1.3742138 0.6614933 -0.96814585 6710886
1.3744525 0.65284514 -0.96831399 6710886
1.3746911 0.64419401 -0.96848214 6710886
1.37493 0.63553989 -0.9686504 6710886
1.3751689 0.62688267 -0.96881872 6710886
1.3754078 0.61822248 -0.96898705 6710886
1.3756469 0.60955936 -0.96915549 6710886
1.3758861 0.60089314 -0.96932399 6710886
1.3761253 0.59222394 -0.9694925 6710886
1.3763645 0.58355165 -0.969661 6710886
1.376604 0.57487643 -0.96982974 6710886
1.3768435 0.56619817 -0.96999842 6710886
1.3770829 0.55751687 -0.97016716 6710886
1.3773226 0.54883254 -0.97033596 6710886
1.3775623 0.54014522 -0.97050488 6710886
1.3778021 0.53145492 -0.97067386 6710886
1.378042 0.52276152 -0.97084284 6710886
1.378282 0.51406509 -0.97101188 6710886
1.378522 0.50536567 -0.97118104 6710886
1.3787621 0.49666321 -0.97135013 6710886
1.3790023 0.48795772 -0.97151941 6710886
1.3792427 0.47924918 -0.97168869 6710886
1.3794831 0.47053763 -0.97185808 6710886
1.3797235 0.46182302 -0.97202748 6710886
1.3799641 0.45310539 -0.972197 6710886
1.3802048 0.44438469 -0.97236651 6710886
1.3804455 0.43566096 -0.97253609 6710886
1.3806863 0.42693418 -0.97270572 6710886
1.3809272 0.4182044 -0.97287548 6710886
1.3811682 0.40947154 -0.97304529 6710886
1.3814092 0.40073559 -0.97321504 6710886
1.3816504 0.39199668 -0.97338504 6710886
1.3818916 0.38325465 -0.97355491 6710886
1.3821329 0.37450957 -0.9737249 6710886
1.3823743 0.36576146 -0.97389495 6710886
1.3826158 0.35701028 -0.97406512 6710886
1.3828574 0.34825608 -0.97423536 6710886
1.383099 0.33949876 -0.97440553 6710886
1.3833408 0.33073843 -0.97457588 6710886
1.3835826 0.32197499 -0.97474623 6710886
1.3838245 0.31320852 -0.97491664 6710886
1.3840665 0.30443895 -0.97508711 6710886
1.3843086 0.29566637 -0.97525769 6710886
1.3845506 0.28689063 -0.97542816 6710886
1.3847929 0.2781119 -0.97559893 6710886
1.3850353 0.26933008 -0.97576964 6710886
1.3852777 0.26054519 -0.97594047 6710886
1.3855201 0.2517572 -0.97611123 6710886
1.3857627 0.24296615 -0.97628212 6710886
1.3860054 0.23417202 -0.97645313 6710886
1.3862481 0.22537479 -0.97662413 6710886
1.3864909 0.21657449 -0.9767952 6710886
1.386734 0.20777114 -0.97696644 6710886
1.386977 0.19896467 -0.97713757 6710886
1.38722 0.1901551 -0.97730881 6710886
1.3874632 0.18134247 -0.97748017 6710886
1.3877065 0.17252675 -0.97765154 6710886
1.3879498 0.16370791 -0.97782296 6710886
1.3881932 0.15488601 -0.97799444 6710886
1.3884368 0.14606099 -0.97816604 6710886
1.3886805 0.13723288 -0.97833771 6710886
1.388924 0.12840167 -0.97850931 6710886
1.3891679 0.11956738 -0.97868115 6710886
1.3894118 0.11072997 -0.97885293 6710886
1.3896556 0.10188945 -0.97902471 6710886
1.3898997 0.093045838 -0.97919673 6710886
1.3901439 0.084199116 -0.97936869 6710886
1.390388 0.075349286 -0.97954071 6710886
1.3906323 0.066496342 -0.97971278 6710886
1.3908767 0.057640292 -0.97988492 6710886
1.3911211 0.048781127 -0.98005718 6710886
1.3913656 0.039918847 -0.98022944 6710886
1.3916103 0.03105345 -0.98040181 6710886
1.391855 0.022184936 -0.98057419 6710886
1.3920999 0.013313304 -0.98074669 6710886
1.3923447 0.0044385483 -0.98091924 6710886
1.3925897 -0.0044393293 -0.9810918 6710886
1.3928348 -0.013320332 -0.98126447 6710886
1.3930799 -0.022204461 -0.98143715 6710886
1.3933251 -0.031091716 -0.98160988 6710886
1.3935704 -0.039982103 -0.98178273 6710886
1.3938159 -0.048875622 -0.98195565 6710886
1.3940613 -0.057772271 -0.98212856 6710886
1.3943069 -0.066672057 -0.98230159 6710886
1.3945527 -0.075574979 -0.98247474 6710886
1.3947983 -0.084481031 -0.98264778 6710886
1.3950442 -0.093390234 -0.98282105 6710886
1.3952901 -0.10230257 -0.98299432 6710886
1.3955361 -0.11121805 -0.98316753 6710886
1.3957822 -0.12013668 -0.98334098 6710886
1.3960284 -0.12905845 -0.98351443 6710886
1.3962748 -0.13798338 -0.983688 6710886
1.3965211 -0.14691144 -0.98386151 6710886
1.3967675 -0.15584266 -0.98403513 6710886
1.3970141 -0.16477706 -0.98420888 6710886
1.3972607 -0.17371456 -0.98438257 6710886
1.3975074 -0.18265526 -0.98455638 6710886
1.3977542 -0.1915991 -0.98473024 6710886
1.3980011 -0.2005461 -0.98490417 6710886
1.3982481 -0.20949626 -0.98507822 6710886
1.3984951 -0.21844958 -0.9852522 6710886
1.3987423 -0.22740608 -0.98542637 6710886
1.3989894 -0.23636572 -0.98560047 6710886
1.3992368 -0.24532856 -0.98577476 6710886
1.3994843 -0.25429457 -0.9859491 6710886
1.3997316 -0.2632637 -0.98612338 6710886
1.3999794 -0.27223608 -0.98629791 6710886
1.400227 -0.28121156 -0.98647231 6710886
1.4004747 -0.29019025 -0.98664683 6710886
1.4007226 -0.29917213 -0.98682153 6710886
1.4009706 -0.30815718 -0.98699623 6710886
1.4012184 -0.31714538 -0.98717082 6710886
1.4014666 -0.3261368 -0.9873457 6710886
1.4017147 -0.33513138 -0.98752046 6710886
1.401963 -0.34412915 -0.9876954 6710886
1.4022114 -0.35313013 -0.9878704 6710886
1.40246 -0.36213434 -0.98804551 6710886
1.4027085 -0.37114167 -0.98822063 6710886
1.4029572 -0.38015223 -0.98839581 6710886
1.403206 -0.389166 -0.98857111 6710886
1.4034548 -0.39818293 -0.98874635 6710886
1.4037038 -0.40720311 -0.98892182 6710886
1.4039528 -0.41622645 -0.98909724 6710886
1.4042019 -0.42525297 -0.98927265 6710886
1.4044511 -0.43428275 -0.98944831 6710886
1.4047004 -0.44331568 -0.9896239 6710886
1.4049497 -0.45235181 -0.9897995 6710886
1.4051989 -0.46139112 -0.98997515 6710886
1.4054483 -0.47043365 -0.99015081 6710886
1.4056979 -0.47947943 -0.9903267 6710886
1.4059476 -0.4885284 -0.99050254 6710886
1.4061973 -0.49758059 -0.99067849 6710886
1.4064472 -0.50663602 -0.9908545 6710886
1.4066973 -0.51569474 -0.99103069 6710886
1.3649215 0.99640828 -0.97030151 6710886
1.3651569 0.98787642 -0.97046888 6710886
1.3653924 0.97934163 -0.97063637 6710886
1.3656279 0.97080374 -0.97080374 6710886
1.3658637 0.96226311 -0.97097135 6710886
1.3660995 0.95371944 -0.97113895 6710886
1.3663353 0.94517279 -0.97130662 6710886
1.3665711 0.93662316 -0.97147423 6710886
1.3668071 0.9280706 -0.97164202 6710886
1.3670433 0.91951519 -0.97180992 6710886
1.3672793 0.91095668 -0.97197771 6710886
1.3675156 0.90239531 -0.97214568 6710886
1.367752 0.89383096 -0.9723137 6710886
1.3679883 0.88526368 -0.97248173 6710886
1.3682247 0.87669331 -0.97264981 6710886
1.3684614 0.86812013 -0.97281802 6710886
1.368698 0.85954386 -0.97298622 6710886
1.3689346 0.85096467 -0.97315443 6710886
1.3691716 0.84238261 -0.97332293 6710886
1.3694085 0.83379745 -0.97349131 6710886
1.3696455 0.82520938 -0.97365975 6710886
1.3698825 0.81661832 -0.97382826 6710886
1.3701196 0.80802423 -0.97399682 6710886
1.3703569 0.79942733 -0.9741655 6710886
1.3705941 0.79082727 -0.97433418 6710886
1.3708315 0.7822243 -0.97450292 6710886
1.371069 0.77361834 -0.97467172 6710886
1.3713065 0.76500946 -0.97484058 6710886
1.3715441 0.75639749 -0.9750095 6710886
1.3717818 0.74778259 -0.97517848 6710886
1.3720198 0.73916477 -0.97534764 6710886
1.3722575 0.73054385 -0.97551662 6710886
1.3724955 0.72192001 -0.97568583 6710886
1.3727336 0.71329319 -0.97585505 6710886
1.3729718 0.70466334 -0.97602439 6710886
1.3732098 0.69603044 -0.97619361 6710886
1.3734481 0.68739462 -0.976363 6710886
1.3736866 0.67875576 -0.97653252 6710886
1.373925 0.67011392 -0.97670197 6710886
1.3741635 0.6614691 -0.97687155 6710886
1.3744022 0.65282124 -0.97704124 6710886
1.3746409 0.64417046 -0.977211 6710886
1.3748796 0.63551658 -0.97738063 6710886
1.3751185 0.62685972 -0.97755045 6710886
1.3753575 0.61819988 -0.97772038 6710886
1.3755965 0.60953701 -0.97789025 6710886
1.3758357 0.60087109 -0.97806031 6710886
1.3760749 0.59220225 -0.97823036 6710886
1.3763142 0.58353031 -0.97840047 6710886
1.3765534 0.57485533 -0.97857052 6710886
1.3767929 0.56617743 -0.97874075 6710886
1.3770325 0.55749649 -0.9789111 6710886
1.377272 0.54881245 -0.97908133 6710886
1.3775117 0.54012543 -0.9792518 6710886
1.3777516 0.53143543 -0.97942227 6710886
1.3779913 0.52274227 -0.97959268 6710886
1.3782314 0.51404625 -0.97976339 6710886
1.3784714 0.50534713 -0.97993398 6710886
1.3787116 0.496645 -0.98010474 6710886
1.3789517 0.48793977 -0.98027539 6710886
1.379192 0.47923157 -0.98044622 6710886
1.3794324 0.47052035 -0.98061717 6710886
1.3796728 0.46180603 -0.98078799 6710886
1.3799133 0.4530887 -0.98095906 6710886
1.380154 0.44436836 -0.98113012 6710886
1.3803948 0.43564498 -0.98130131 6710886
1.3806355 0.42691851 -0.98147243 6710886
1.3808764 0.41818902 -0.98164368 6710886
1.3811173 0.40945646 -0.98181492 6710886
1.3813584 0.40072086 -0.98198628 6710886
1.3815995 0.39198223 -0.98215777 6710886
1.3818408 0.38324055 -0.98232925 6710886
1.3820821 0.3744958 -0.98250079 6710886
1.3823234 0.36574799 -0.98267227 6710886
1.3825649 0.35699713 -0.982844 6710886
1.3828065 0.34824327 -0.98301578 6710886
1.3830481 0.33948624 -0.98318744 6710886
1.3832898 0.33072624 -0.98335934 6710886
1.3835317 0.32196316 -0.9835313 6710886
1.3837736 0.31319699 -0.9837032 6710886
1.3840154 0.30442774 -0.98387516 6710886
1.3842576 0.29565546 -0.98404729 6710886
1.3844997 0.28688011 -0.98421937 6710886
1.3847418 0.27810162 -0.98439151 6710886
1.3849841 0.26932013 -0.98456377 6710886
1.3852266 0.26053557 -0.98473614 6710886
1.3854691 0.25174791 -0.98490852 6710886
1.3857116 0.24295717 -0.9850809 6710886
1.3859543 0.23416337 -0.98525345 6710886
1.3861971 0.2253665 -0.98542607 6710886
1.3864398 0.2165665 -0.98559862 6710886
1.3866827 0.20776346 -0.9857713 6710886
1.3869257 0.19895731 -0.98594403 6710886
1.3871689 0.1901481 -0.98611689 6710886
1.387412 0.18133578 -0.98628968 6710886
1.3876553 0.17252037 -0.98646265 6710886
1.3878986 0.16370188 -0.98663563 6710886
1.3881419 0.15488027 -0.9868086 6710886
1.3883854 0.14605559 -0.98698169 6710886
1.3886291 0.13722782 -0.9871549 6710886
1.3888726 0.12839693 -0.98732805 6710886
1.3891164 0.11956295 -0.98750138 6710886
1.3893603 0.11072586 -0.98767477 6710886
1.3896043 0.10188569 -0.98784822 6710886
1.3898482 0.093042396 -0.98802161 6710886
1.3900924 0.084196001 -0.98819518 6710886
1.3903365 0.075346492 -0.98836869 6710886
1.3905808 0.066493884 -0.98854238 6710886
1.3908252 0.057638157 -0.98871607 6710886
1.3910697 0.048779324 -0.98888987 6710886
1.3913141 0.039917368 -0.98906368 6710886
1.3915588 0.031052301 -0.98923761 6710886
1.3918034 0.022184115 -0.98941147 6710886
1.3920482 0.01331281 -0.98958558 6710886
1.3922931 0.004438384 -0.98975962 6710886
1.3925381 -0.0044391649 -0.98993379 6710886
1.392783 -0.013319838 -0.99010789 6710886
1.3930283 -0.022203637 -0.99028224 6710886
1.3932734 -0.031090561 -0.99045646 6710886
1.3935187 -0.039980616 -0.99063087 6710886
1.3937641 -0.048873808 -0.99080539 6710886
1.3940096 -0.057770126 -0.99097985 6710886
1.3942552 -0.066669583 -0.99115443 6710886
1.3945009 -0.07557217 -0.99132907 6710886
1.3947467 -0.084477901 -0.99150383 6710886
1.3949924 -0.093386762 -0.99167848 6710886
1.3952383 -0.10229877 -0.9918533 6710886
1.3954843 -0.11121392 -0.99202824 6710886
1.3957304 -0.12013222 -0.99220312 6710886
1.3959765 -0.12905365 -0.99237812 6710886
1.3962228 -0.13797824 -0.99255323 6710886
1.3964692 -0.14690599 -0.99272835 6710886
1.3967155 -0.15583687 -0.99290347 6710886
1.396962 -0.1647709 -0.99307871 6710886
1.3972087 -0.17370811 -0.99325407 6710886
1.3974553 -0.18264845 -0.99342936 6710886
1.3977021 -0.19159195 -0.99360478 6710886
1.3979491 -0.20053864 -0.99378037 6710886
1.398196 -0.20948847 -0.99395591 6710886
1.398443 -0.21844144 -0.99413151 6710886
1.3986901 -0.22739761 -0.99430716 6710886
1.3989375 -0.23635694 -0.99448299 6710886
1.3991847 -0.24531943 -0.99465877 6710886
1.3994321 -0.25428507 -0.9948346 6710886
1.3996797 -0.26325393 -0.99501061 6710886
1.3999271 -0.27222592 -0.99518657 6710886
1.4001747 -0.28120109 -0.99536258 6710886
1.4004226 -0.29017946 -0.99553871 6710886
1.4006703 -0.29916096 -0.99571484 6710886
1.4009182 -0.30814567 -0.99589109 6710886
1.4011663 -0.31713358 -0.99606746 6710886
1.4014143 -0.32612464 -0.99624372 6710886
1.4016625 -0.33511889 -0.99642015 6710886
1.4019107 -0.3441163 -0.99659657 6710886
1.4021591 -0.35311696 -0.99677318 6710886
1.4024075 -0.36212078 -0.99694979 6710886
1.4026561 -0.37112781 -0.99712652 6710886
1.4029047 -0.38013801 -0.99730331 6710886
1.4031535 -0.38915145 -0.99748015 6710886
1.4034023 -0.39816803 -0.997657 6710886
1.4036512 -0.40718785 -0.99783397 6710886
1.4039003 -0.41621086 -0.99801099 6710886
1.4041494 -0.42523709 -0.99818808 6710886
1.4043986 -0.43426648 -0.99836522 6710886
1.4046478 -0.44329908 -0.99854243 6710886
1.4048972 -0.45233494 -0.99871969 6710886
1.4051464 -0.46137387 -0.99889678 6710886
1.4053957 -0.47041604 -0.9990741 6710886
1.4056453 -0.47946146 -0.99925148 6710886
1.4058949 -0.4885101 -0.99942893 6710886
1.4061447 -0.49756199 -0.99960655 6710886
1.4063946 -0.50661707 -0.99978417 6710886
1.364872 0.99637216 -0.97896832 6710886
1.3651073 0.98784053 -0.97913712 6710886
1.3653427 0.97930598 -0.97930598 6710886
1.3655784 0.97076857 -0.97947502 6710886
1.365814 0.96222806 -0.97964394 6710886
1.3660496 0.95368469 -0.97981298 6710886
1.3662856 0.94513839 -0.9799822 6710886
1.3665215 0.93658912 -0.98015141 6710886
1.3667574 0.92803687 -0.98032063 6710886
1.3669934 0.91948169 -0.98048997 6710886
1.3672296 0.91092354 -0.98065931 6710886
1.3674657 0.90236241 -0.9808287 6710886
1.3677021 0.89379841 -0.98099828 6710886
1.3679385 0.88523144 -0.98116779 6710886
1.368175 0.87666148 -0.98133743 6710886
1.3684114 0.86808842 -0.981507 6710886
1.3686482 0.85951257 -0.98167682 6710886
1.3688848 0.85093367 -0.98184657 6710886
1.3691217 0.84235191 -0.98201644 6710886
1.3693585 0.83376706 -0.98218632 6710886
1.3695955 0.82517934 -0.98235631 6710886
1.3698325 0.81658852 -0.9825263 6710886
1.3700696 0.80799478 -0.98269635 6710886
1.3703068 0.79939812 -0.98286653 6710886
1.3705442 0.79079849 -0.98303676 6710886
1.3707814 0.78219575 -0.98320693 6710886
1.3710189 0.77359009 -0.98337722 6710886
1.3712565 0.76498151 -0.98354763 6710886
1.3714941 0.75636989 -0.98371804 6710886
1.3717318 0.74775529 -0.98388857 6710886
1.3719696 0.73913777 -0.98405915 6710886
1.3722074 0.73051715 -0.98422974 6710886
1.3724453 0.72189361 -0.98440039 6710886
1.3726834 0.71326709 -0.98457116 6710886
1.3729215 0.70463753 -0.98474187 6710886
1.3731596 0.69600499 -0.98491275 6710886
1.3733979 0.68736947 -0.98508364 6710886
1.3736364 0.67873096 -0.98525465 6710886
1.3738748 0.67008942 -0.98542565 6710886
1.3741132 0.6614449 -0.98559666 6710886
1.3743519 0.6527974 -0.98576784 6710886
1.3745906 0.64414686 -0.98593915 6710886
1.3748293 0.63549328 -0.98611027 6710886
1.3750682 0.62683678 -0.98628163 6710886
1.3753071 0.61817724 -0.986453 6710886
1.3755462 0.60951471 -0.98662454 6710886
1.3757852 0.60084909 -0.98679596 6710886
1.3760244 0.59218049 -0.98696744 6710886
1.3762637 0.58350891 -0.98713917 6710886
1.376503 0.57483429 -0.98731077 6710886
1.3767425 0.56615669 -0.98748255 6710886
1.376982 0.55747598 -0.98765433 6710886
1.3772216 0.5487923 -0.98782617 6710886
1.3774612 0.54010558 -0.98799807 6710886
1.377701 0.53141594 -0.98817009 6710886
1.3779409 0.52272314 -0.98834211 6710886
1.3781807 0.51402736 -0.98851418 6710886
1.3784208 0.5053286 -0.98868638 6710886
1.3786609 0.49662673 -0.98885858 6710886
1.3789011 0.48792189 -0.98903084 6710886
1.3791413 0.47921398 -0.98920316 6710886
1.3793818 0.47050306 -0.98937559 6710886
1.3796222 0.4617891 -0.98954809 6710886
1.3798627 0.45307207 -0.98972052 6710886
1.3801033 0.44435203 -0.98989314 6710886
1.380344 0.43562895 -0.99006581 6710886
1.3805847 0.4269028 -0.99023843 6710886
1.3808256 0.41817364 -0.99041122 6710886
1.3810666 0.40944141 -0.99058402 6710886
1.3813076 0.40070614 -0.99075693 6710886
1.3815486 0.3919678 -0.99092984 6710886
1.3817899 0.38322645 -0.99110287 6710886
1.3820312 0.37448204 -0.99127597 6710886
1.3822725 0.36573452 -0.991449 6710886
1.382514 0.35698399 -0.99162221 6710886
1.3827555 0.34823039 -0.99179548 6710886
1.3829972 0.33947375 -0.99196875 6710886
1.3832388 0.33071402 -0.99214208 6710886
1.3834807 0.32195127 -0.99231559 6710886
1.3837225 0.31318545 -0.99248904 6710886
1.3839644 0.30441651 -0.99266255 6710886
1.3842064 0.29564455 -0.99283612 6710886
1.3844486 0.28686953 -0.99300987 6710886
1.3846909 0.2780914 -0.99318361 6710886
1.3849331 0.26931021 -0.99335736 6710886
1.3851755 0.26052597 -0.99353117 6710886
1.3854179 0.25173864 -0.99370509 6710886
1.3856604 0.2429482 -0.99387902 6710886
1.3859031 0.23415473 -0.99405313 6710886
1.3861458 0.22535816 -0.99422717 6710886
1.3863887 0.21655852 -0.9944014 6710886
1.3866315 0.20775577 -0.99457556 6710886
1.3868744 0.19894996 -0.99474978 6710886
1.3871176 0.19014107 -0.99492425 6710886
1.3873607 0.18132907 -0.99509859 6710886
1.3876039 0.17251399 -0.99527299 6710886
1.3878473 0.16369583 -0.99544758 6710886
1.3880907 0.15487456 -0.99562222 6710886
1.388334 0.14605018 -0.99579668 6710886
1.3885777 0.13722274 -0.9959715 6710886
1.3888214 0.12839219 -0.99614626 6710886
1.389065 0.11955852 -0.99632102 6710886
1.3893089 0.11072177 -0.99649596 6710886
1.3895528 0.10188191 -0.9966709 6710886
1.3897969 0.093038954 -0.9968459 6710886
1.3900409 0.084192879 -0.99702096 6710886
1.390285 0.075343706 -0.99719608 6710886
1.3905294 0.066491425 -0.99737138 6710886
1.3907735 0.057636019 -0.99754649 6710886
1.391018 0.048777513 -0.99772185 6710886
1.3912625 0.03991589 -0.99789721 6710886
1.3915073 0.031051151 -0.99807274 6710886
1.3917519 0.022183293 -0.99824822 6710886
1.3919966 0.013312316 -0.99842376 6710886
1.3922415 0.0044382196 -0.99859935 6710886
1.3924863 -0.004439 -0.99877501 6710886
1.3927314 -0.013319343 -0.99895078 6710886
1.3929765 -0.022202812 -0.99912655 6710886
1.3932217 -0.03108941 -0.99930245 6710886
1.3934669 -0.039979134 -0.99947834 6710886
1.3937124 -0.048871994 -0.99965441 6710886
1.3939579 -0.05776798 -0.99983042 6710886
1.3648223 0.99633592 -0.9876343 6710886
1.3650576 0.98780459 -0.98780459 6710886
1.3652931 0.9792704 -0.987975 6710886
1.3655287 0.97073323 -0.98814547 6710886
1.3657644 0.96219313 -0.988316 6710886
1.3659999 0.95364994 -0.98848647 6710886
1.3662359 0.945104 -0.98865718 6710886
1.3664718 0.93655509 -0.98882794 6710886
1.3667076 0.92800301 -0.98899853 6710886
1.3669437 0.91944826 -0.98916942 6710886
1.3671799 0.91089046 -0.98934031 6710886
1.367416 0.90232962 -0.98951119 6710886
1.3676523 0.89376587 -0.9896822 6710886
1.3678887 0.88519919 -0.98985326 6710886
1.3681251 0.87662947 -0.99002433 6710886
1.3683616 0.86805683 -0.99019545 6710886
1.3685982 0.85948122 -0.9903667 6710886
1.368835 0.85090268 -0.990538 6710886
1.3690718 0.84232122 -0.99070942 6710886
1.3693086 0.83373666 -0.99088073 6710886
1.3695456 0.82514924 -0.99105221 6710886
1.3697826 0.81655878 -0.99122375 6710886
1.3700196 0.80796528 -0.99139524 6710886
1.3702568 0.79936892 -0.9915669 6710886
1.3704941 0.79076958 -0.99173862 6710886
1.3707315 0.7821672 -0.9919104 6710886
1.3709688 0.77356184 -0.99208212 6710886
1.3712064 0.76495355 -0.99225408 6710886
1.371444 0.75634229 -0.99242598 6710886
1.3716816 0.74772793 -0.99259794 6710886
1.3719194 0.73911071 -0.99277002 6710886
1.3721573 0.73049051 -0.99294221 6710886
1.3723953 0.72186726 -0.99311435 6710886
1.3726332 0.71324104 -0.99328655 6710886
1.3728713 0.70461178 -0.99345881 6710886
1.3731095 0.69597954 -0.99363118 6710886
1.3733476 0.68734431 -0.99380356 6710886
1.3735861 0.67870611 -0.99397606 6710886
1.3738245 0.67006493 -0.99414861 6710886
1.3740629 0.66142064 -0.99432111 6710886
1.3743016 0.6527735 -0.99449384 6710886
1.3745402 0.64412326 -0.99466652 6710886
1.374779 0.63547003 -0.99483931 6710886
1.3750178 0.62681377 -0.9950121 6710886
1.3752568 0.61815459 -0.99518508 6710886
1.3754958 0.60949236 -0.99535805 6710886
1.3757348 0.6008271 -0.99553096 6710886
1.3759739 0.59215879 -0.99570405 6710886
1.3762132 0.58348751 -0.99587715 6710886
1.3764526 0.57481319 -0.99605036 6710886
1.3766919 0.56613588 -0.99622357 6710886
1.3769314 0.55745554 -0.9963969 6710886
1.377171 0.54877222 -0.99657029 6710886
1.3774107 0.54008579 -0.99674368 6710886
1.3776505 0.53139639 -0.99691725 6710886
1.3778903 0.52270401 -0.99709082 6710886
1.3781303 0.51400858 -0.99726444 6710886
1.3783702 0.50531 -0.99743801 6710886
1.3786103 0.4966085 -0.99761176 6710886
1.3788505 0.48790395 -0.99778557 6710886
1.3790907 0.47919637 -0.99795938 6710886
1.379331 0.47048575 -0.9981333 6710886
1.3795716 0.46177214 -0.99830741 6710886
1.379812 0.45305544 -0.99848139 6710886
1.3800526 0.4443357 -0.99865544 6710886
1.3802933 0.43561292 -0.99882966 6710886
1.3805341 0.42688712 -0.99900389 6710886
1.3807749 0.41815826 -0.99917817 6710886
1.3810158 0.40942636 -0.99935246 6710886
1.3812568 0.40069139 -0.99952692 6710886
1.381498 0.39195341 -0.99970144 6710886
1.381739 0.38321233 -0.99987584 6710886
1.3647727 0.99629968 -0.99629968 6710886
1.3650081 0.98776877 -0.99647158 6710886
1.3652434 0.97923476 -0.99664336 6710886
1.365479 0.97069788 -0.99681532 6710886
1.3657147 0.96215808 -0.99698734 6710886
1.3659503 0.95361531 -0.99715942 6710886
1.366186 0.94506955 -0.99733144 6710886
1.3664219 0.93652093 -0.9975037 6710886
1.366658 0.9279694 -0.99767601 6710886
1.3668939 0.9194147 -0.99784821 6710886
1.36713 0.91085726 -0.99802059 6710886
1.3673662 0.90229672 -0.99819303 6710886
1.3676025 0.89373326 -0.99836546 6710886
1.3678387 0.88516682 -0.99853796 6710886
1.3680753 0.87659752 -0.99871063 6710886
1.3683118 0.86802518 -0.99888325 6710886
1.3685483 0.85944986 -0.99905592 6710886
1.368785 0.85087162 -0.99922878 6710886
1.3690219 0.84229052 -0.99940169 6710886
1.3692586 0.83370626 -0.99957448 6710886
1.3694955 0.82511908 -0.9997474 6710886
