# .PCD v0.7 - Point Cloud Data file format
VERSION 0.7
FIELDS x y z rgb
SIZE 4 4 4 4
TYPE F F F U
COUNT 1 1 1 1
WIDTH 15008
HEIGHT 1
VIEWPOINT 0 0 0 1 0 0 0
POINTS 15008
DATA ascii
-0.26190153 -0.13546735 0.94438106 4287952557
-0.25576124 -0.13540499 0.94407713 4287952557
-0.24976118 -0.13541269 0.94396091 4287952557
-0.24376169 -0.13542415 0.94398105 4287952557
-0.23778142 -0.13544779 0.94411802 4287952557
-0.23180673 -0.13546996 0.94438922 4287952557
-0.22586223 -0.13550436 0.94481146 4287952557
-0.22001098 -0.13562691 0.9454022 4287952557
-0.2141632 -0.13574705 0.94618309 4287952557
-0.20832855 -0.1358621 0.9471305 4287952557
-0.20251666 -0.13600877 0.94819212 4287952557
-0.19670591 -0.13619012 0.94931269 4287952557
-0.19089524 -0.13637023 0.95052826 4287952557
-0.18509486 -0.13654818 0.95185786 4287952557
-0.17931858 -0.13672429 0.95331937 4287952557
-0.17351849 -0.13699822 0.95496756 4287952557
-0.16774875 -0.13727529 0.95684135 4287952557
-0.16203348 -0.1375469 0.95893127 4287952557
-0.15629737 -0.13787784 0.961236 4287952557
-0.15053554 -0.13825338 0.96374321 4287952557
-0.14480023 -0.13864037 0.96645367 4287952557
-0.13905416 -0.13905688 0.96935594 4287952557
-0.13328816 -0.13950071 0.97243106 4287952557
-0.1275593 -0.13995528 0.97570485 4287952557
-0.12174109 -0.14048238 0.97928101 4287952557
-0.11598672 -0.14101514 0.98307872 4287952557
-0.11012935 -0.14162979 0.98725665 4287952557
-0.10437397 -0.14225222 0.99171203 4287952557
-0.098495916 -0.14296505 0.99661618 4287952557
-0.092603162 -0.14373069 1.0019162 4287952557
-0.086707748 -0.14453612 1.007543 4287952557
-0.080701649 -0.14541721 1.0136205 4287952557
-0.074794546 -0.1463163 1.0199753 4287952557
-0.068678863 -0.14732629 1.0269582 4287952557
-0.062631138 -0.14835139 1.0341499 4287952557
-0.056504585 -0.14943708 1.0417413 4287952557
-0.05039712 -0.15059237 1.0498159 4287952557
-0.044162605 -0.1518992 1.0588857 4287952557
-0.037977692 -0.15342367 1.0693504 4287952557
-0.40749994 -0.1379572 1.0063671 4287952557
-0.39728937 -0.13669103 0.99728411 4287952557
-0.38828617 -0.1357352 0.9901849 4287952557
-0.379538 -0.13488121 0.98400551 4287952557
-0.37118718 -0.13413167 0.97854447 4287952557
-0.36321351 -0.13348924 0.97383362 4287952557
-0.35538512 -0.13290165 0.9696523 4287952557
-0.34806305 -0.1324383 0.96609825 4287952557
-0.34068763 -0.13198397 0.96289104 4287952557
-0.33350956 -0.13158774 0.96010494 4287952557
-0.3267225 -0.13128977 0.95770442 4287952557
-0.31989604 -0.13099447 0.95553607 4287952557
-0.31304988 -0.13069934 0.95355886 4287952557
-0.3064526 -0.13046858 0.95178092 4287952557
-0.29990941 -0.13025434 0.95012808 4287952557
-0.2933571 -0.13003999 0.94860554 4287952557
-0.28679287 -0.12982425 0.94728601 4287952557
-0.28052661 -0.12970641 0.94624466 4287952557
-0.27427536 -0.12960079 0.94542372 4287952557
-0.2680639 -0.12951295 0.94479191 4287952557
-0.26190439 -0.12944676 0.94432962 4287952557
-0.25575724 -0.12938461 0.94403249 4287952557
-0.24975687 -0.12939218 0.94390887 4287952557
-0.2437489 -0.129399 0.94390512 4287952557
-0.2377518 -0.12941115 0.94401783 4287952557
-0.23177676 -0.12943248 0.94426537 4287952557
-0.22583522 -0.12946798 0.94468457 4287952557
-0.21998443 -0.12958513 0.9452768 4287952557
-0.21413651 -0.12969805 0.94606376 4287952557
-0.20830305 -0.12980765 0.94701511 4287952557
-0.2024916 -0.12994845 0.94807416 4287952557
-0.19668083 -0.13012165 0.94919145 4287952557
-0.19087003 -0.13029295 0.95040303 4287952557
-0.18506898 -0.13046293 0.95172715 4287952557
-0.17929223 -0.13063087 0.95318538 4287952557
-0.17349541 -0.13088855 0.95483083 4287952557
-0.16772036 -0.13115853 0.95669937 4287952557
-0.16200249 -0.13141762 0.95878303 4287952557
-0.15626349 -0.13173571 0.96108848 4287952557
-0.1505153 -0.13208562 0.96358919 4287952557
-0.1447794 -0.13245539 0.96629477 4287952557
-0.13903111 -0.13285455 0.96919501 4287952557
-0.13327223 -0.13327542 0.97226471 4287952557
-0.12753655 -0.13371249 0.97554129 4287952557
-0.12172272 -0.13421336 0.97910345 4287952557
-0.11596563 -0.13472162 0.98289382 4287952557
-0.11011042 -0.13530792 0.98706079 4287952557
-0.10435731 -0.13590097 0.99151438 4287952557
-0.09849485 -0.13658069 0.99642348 4287952557
-0.092617832 -0.13731228 1.0017353 4287952557
-0.086734816 -0.13808446 1.0073882 4287952557
-0.080752306 -0.13892724 1.0134826 4287952557
-0.07483463 -0.13979235 1.0198709 4287952557
-0.068696156 -0.14076672 1.0268792 4287952557
-0.062633768 -0.141752 1.0341089 4287952557
-0.056416105 -0.14280975 1.0417957 4287952557
-0.05016173 -0.14393334 1.0499941 4287952557
-0.0438032 -0.14520523 1.0592568 4287952557
-0.037564646 -0.14662834 1.0697002 4287952557
-0.65970582 -0.13991982 1.0720304 4291520081
-0.65687472 -0.14022632 1.0777068 4291520081
-0.65487528 -0.14120665 1.0854094 4291520081
-0.40730238 -0.13147923 1.005901 4287952557
-0.39716536 -0.13028722 0.99691713 4287952557
-0.38811073 -0.1293761 0.98989481 4287952557
-0.3795107 -0.12859225 0.98385543 4287952557
-0.37113747 -0.12787426 0.97839361 4287952557
-0.36314404 -0.12725875 0.97368383 4287952557
-0.35537177 -0.12670919 0.9695344 4287952557
-0.34802601 -0.12626407 0.96597737 4287952557
-0.34064963 -0.12583037 0.96277452 4287952557
-0.33349466 -0.12545779 0.9600082 4287952557
-0.32667914 -0.12516959 0.95762163 4287952557
-0.31984952 -0.12488793 0.95546961 4287952557
-0.31301841 -0.12460986 0.95350307 4287952557
-0.30642748 -0.12439126 0.95172471 4287952557
-0.29988304 -0.12418613 0.95006424 4287952557
-0.29333353 -0.12398179 0.94853294 4287952557
-0.28677136 -0.12377636 0.94720489 4287952557
-0.28050914 -0.12366524 0.94616914 4287952557
-0.27423334 -0.12355646 0.94535619 4287952557
-0.26806733 -0.12348919 0.9447487 4287952557
-0.26190469 -0.12342552 0.94430017 4287952557
-0.25575262 -0.12336455 0.94400799 4287952557
-0.24975234 -0.12337162 0.94387841 4287952557
-0.24374397 -0.12337825 0.94385463 4287952557
-0.23773594 -0.12338398 0.94394571 4287952557
-0.23174937 -0.12339622 0.94418192 4287952557
-0.22581133 -0.12343283 0.94459361 4287952557
-0.21996053 -0.12354334 0.94518113 4287952557
-0.21411267 -0.12364995 0.94596541 4287952557
-0.20827992 -0.12375459 0.94691426 4287952557
-0.20246911 -0.12388917 0.94797099 4287952557
-0.19665793 -0.12405352 0.949081 4287952557
-0.19084667 -0.12421694 0.95028591 4287952557
-0.18504523 -0.12437903 0.95160514 4287952557
-0.17926799 -0.12453919 0.95305884 4287952557
-0.173475 -0.12478059 0.95470297 4287952557
-0.16770081 -0.12503889 0.95657188 4287952557
-0.16197789 -0.12528974 0.95865166 4287952557
-0.15623428 -0.12559496 0.96095234 4287952557
-0.15048774 -0.12592493 0.96344018 4287952557
-0.14475352 -0.12627272 0.96612525 4287952557
-0.1389958 -0.12665588 0.96901608 4287952557
-0.13324358 -0.12705284 0.97207534 4287952557
-0.12749797 -0.12747274 0.97535115 4287952557
-0.12169106 -0.12794717 0.97890496 4287952557
-0.11593229 -0.12843132 0.98269075 4287952557
-0.11007668 -0.12898898 0.98684442 4287952557
-0.10431947 -0.12955338 0.99128962 4287952557
-0.098463893 -0.13019986 0.99619603 4287952557
-0.092582598 -0.13090099 1.0015246 4287952557
-0.086719722 -0.13163544 1.0071905 4287952557
-0.080756716 -0.13243888 1.0133001 4287952557
-0.074838422 -0.13326956 1.0197319 4287952557
-0.068709895 -0.13420258 1.0267668 4287952557
-0.06266401 -0.13514118 1.034007 4287952557
-0.056477223 -0.13614832 1.0417 4287952557
-0.050237156 -0.13721967 1.0499016 4287952557
-0.043855961 -0.13843876 1.0591792 4287952557
-0.037452832 -0.13984142 1.0698969 4287952557
0.16920327 -0.13109845 1.0016094 4282643381
0.17542981 -0.13110268 1.0006654 4282643381
0.18171154 -0.13078642 1.0000168 4282643381
0.18794104 -0.13065287 0.99923861 4282643381
0.19415918 -0.13052423 0.99845874 4282643381
0.20036519 -0.13042779 0.997657 4282643381
0.20657088 -0.13031644 0.99691206 4282643381
-0.67478591 -0.13169795 1.052949 4294901760
-0.66820067 -0.13155831 1.0533246 4294901760
-0.66233516 -0.13129911 1.0547574 4294901760
-0.65863001 -0.13118304 1.0589321 4291520081
-0.65583944 -0.1317382 1.0648295 4291520081
-0.65398151 -0.13319662 1.0733854 4291520081
-0.65251213 -0.13464777 1.083016 4291520081
-0.65182495 -0.13592312 1.0933799 4291520081
-0.65115815 -0.13722906 1.1039466 4291520081
-0.65102732 -0.13867204 1.115508 4291520081
-0.65031487 -0.14018294 1.1273277 4291520081
-0.40711901 -0.12500733 1.0054196 4287952557
-0.39704016 -0.12388851 0.99655229 4287952557
-0.38807219 -0.12304492 0.98968983 4287952557
-0.37948471 -0.12230501 0.98370314 4287952557
-0.37108269 -0.12161864 0.97825104 4287952557
-0.36312908 -0.12104102 0.9735719 4287952557
-0.35535306 -0.12051805 0.96942705 4287952557
-0.34798545 -0.12009092 0.96586388 4287952557
-0.34061229 -0.11967834 0.9626565 4287952557
-0.33348325 -0.11932921 0.95990163 4287952557
-0.32664087 -0.11905072 0.95752347 4287952557
-0.31980661 -0.11878263 0.95539087 4287952557
-0.31300879 -0.1185262 0.9534477 4287952557
-0.30642888 -0.11832093 0.95166999 4287952557
-0.29985651 -0.11811881 0.95000094 4287952557
-0.29330826 -0.11792446 0.94846785 4287952557
-0.2867485 -0.11772965 0.94713449 4287952557
-0.28048858 -0.11762469 0.94611394 4287952557
-0.2742238 -0.11752498 0.94531494 4287952557
-0.26806912 -0.11746519 0.94472325 4287952557
-0.26190063 -0.11740298 0.94428885 4287952557
-0.25574726 -0.11734472 0.94400191 4287952557
-0.24974757 -0.11735117 0.9438656 4287952557
-0.24373931 -0.11735746 0.94382161 4287952557
-0.23773038 -0.1173631 0.9438976 4287952557
-0.23173213 -0.1173675 0.944125 4287952557
-0.22578964 -0.11739905 0.94452685 4287952557
-0.21993878 -0.11750177 0.94511342 4287952557
-0.21409564 -0.11760803 0.94589305 4287952557
-0.2082648 -0.11771291 0.94683641 4287952557
-0.20245172 -0.11783664 0.94788879 4287952557
-0.19663998 -0.11799122 0.94899428 4287952557
-0.19082832 -0.11814507 0.95019376 4287952557
-0.18502679 -0.11829778 0.95150691 4287952557
-0.1792497 -0.11844894 0.95295429 4287952557
-0.17346045 -0.11867429 0.95459473 4287952557
-0.16768882 -0.1189197 0.95646358 4287952557
-0.16196246 -0.11916246 0.95854276 4287952557
-0.15621406 -0.11945508 0.9608379 4287952557
-0.15046251 -0.11976913 0.96331298 4287952557
-0.14473647 -0.12009188 0.96597427 4287952557
-0.13896899 -0.12045871 0.96885353 4287952557
-0.13322119 -0.12083231 0.97189748 4287952557
-0.12746507 -0.1212351 0.97517061 4287952557
-0.12165524 -0.12168639 0.97871816 4287952557
-0.11589995 -0.12214367 0.98248923 4287952557
-0.11004426 -0.12267234 0.98663002 4287952557
-0.1042862 -0.12320873 0.99107093 4287952557
-0.098435454 -0.12382197 0.99597156 4287952557
-0.09253744 -0.12449533 1.0013213 4287952557
-0.086691476 -0.12518948 1.0069795 4287952557
-0.080739059 -0.12595335 1.0130965 4287952557
-0.07481087 -0.12674929 1.0195644 4287952557
-0.068697728 -0.12763889 1.0266231 4287952557
-0.062664822 -0.12853163 1.0338805 4287952557
-0.056482244 -0.12949015 1.041579 4287952557
-0.050252851 -0.13050616 1.0497656 4287952557
-0.043998174 -0.13163498 1.058895 4287952557
-0.037696514 -0.13296232 1.0696697 4287952557
0.16161101 -0.12356497 0.99401581 4282643381
0.167528 -0.12359346 0.9918462 4282643381
0.17366092 -0.12354936 0.99066252 4282643381
0.17988452 -0.12315222 0.98996615 4282643381
0.18605283 -0.12303297 0.98920006 4282643381
0.19221143 -0.12289708 0.9884482 4282643381
0.19838333 -0.12285408 0.98778236 4282643381
0.20455824 -0.12283058 0.98715156 4282643381
0.21073915 -0.12287318 0.9864679 4282643381
0.21693672 -0.12257655 0.98630446 4282643381
-0.67971116 -0.1230768 1.0399239 4291520081
-0.67275763 -0.12339284 1.0395032 4294901760
-0.66673195 -0.12341502 1.0406212 4291520081
-0.66145605 -0.12273069 1.0425317 4294901760
-0.65793449 -0.12293173 1.0471225 4294901760
-0.65548456 -0.12394717 1.0538101 4291520081
-0.65375197 -0.12531945 1.0625541 4291520081
-0.65244484 -0.12658592 1.0721556 4291520081
-0.65215713 -0.1276073 1.0821812 4291520081
-0.65158004 -0.12898673 1.093302 4291520081
-0.65119344 -0.13036481 1.1049418 4291520081
-0.65127307 -0.13168435 1.1164285 4291520081
-0.65136701 -0.13295816 1.1279718 4291520081
-0.40690896 -0.11854037 1.004969 4287952557
-0.39691967 -0.1175003 0.99625593 4287952557
-0.38804218 -0.11671924 0.98951936 4287952557
-0.37944803 -0.11601887 0.98356712 4287952557
-0.37101746 -0.11536466 0.97812593 4287952557
-0.36310846 -0.11482487 0.97348028 4287952557
-0.3553274 -0.11432789 0.96933317 4287952557
-0.34793925 -0.11391891 0.96576267 4287952557
-0.34056914 -0.11352765 0.96255285 4287952557
-0.33346927 -0.11320168 0.95980221 4287952557
-0.3266013 -0.11293305 0.95742929 4287952557
-0.3197636 -0.11267862 0.95531297 4287952557
-0.31299934 -0.11244312 0.95339137 4287952557
-0.30642867 -0.1122508 0.95162153 4287952557
-0.29985341 -0.11205855 0.94995582 4287952557
-0.29328021 -0.11186803 0.94841623 4287952557
-0.28672543 -0.11168487 0.94709021 4287952557
-0.28047073 -0.11158648 0.94607842 4287952557
-0.27422929 -0.11149892 0.94529104 4287952557
-0.26807007 -0.11144114 0.94470745 4287952557
-0.26189637 -0.11138061 0.94428021 4287952557
-0.25574195 -0.11132505 0.94399589 4287952557
-0.24974278 -0.11133099 0.94385326 4287952557
-0.24373481 -0.11133687 0.94379926 4287952557
-0.2377256 -0.11134224 0.94386983 4287952557
-0.23172672 -0.11134679 0.94409245 4287952557
-0.22577956 -0.11137389 0.94448954 4287952557
-0.21993318 -0.11147548 0.94506955 4287952557
-0.21408837 -0.11157633 0.94584298 4287952557
-0.20825367 -0.11167283 0.94677895 4287952557
-0.2024381 -0.11178692 0.94782442 4287952557
-0.19662577 -0.11193345 0.94892514 4287952557
-0.19081342 -0.11207937 0.95012051 4287952557
-0.18501103 -0.11222439 0.95143032 4287952557
-0.17923206 -0.11236936 0.95287412 4287952557
-0.17344254 -0.11258175 0.95451164 4287952557
-0.16767196 -0.11281314 0.95637983 4287952557
-0.16194686 -0.11304209 0.95845628 4287952557
-0.15619768 -0.11331911 0.96074587 4287952557
-0.15044765 -0.11361416 0.96320903 4287952557
-0.14473197 -0.11391279 0.96584934 4287952557
-0.13895644 -0.11426287 0.96871883 4287952557
-0.13320763 -0.1146163 0.9717508 4287952557
-0.12744693 -0.11499892 0.97501487 4287952557
-0.12163237 -0.11542696 0.97855192 4287952557
-0.11587945 -0.115858 0.98230553 4287952557
-0.11002301 -0.11635748 0.98643011 4287952557
-0.1042612 -0.11686656 0.99086297 4287952557
-0.098418511 -0.1174465 0.99576068 4287952557
-0.092506513 -0.11809127 1.0011336 4287952557
-0.086679801 -0.11874571 1.0067854 4287952557
-0.080732413 -0.11947007 1.0129033 4287952557
-0.074789256 -0.12023114 1.0194025 4287952557
-0.068688907 -0.12107538 1.0264699 4287952557
-0.062653877 -0.12192398 1.0337445 4287952557
-0.056470171 -0.12283401 1.0414464 4287952557
-0.050439324 -0.12377592 1.0497595 4287952557
-0.044413567 -0.1247705 1.0588173 4287952557
-0.037917595 -0.1260314 1.0694665 4287952557
0.16021651 -0.11601072 0.9850319 4282643381
0.16597715 -0.11608343 0.9826287 4282643381
0.1720203 -0.11617691 0.98137623 4282643381
0.17817888 -0.11571105 0.98058683 4282643381
0.18430053 -0.11557386 0.97989815 4282643381
0.19042847 -0.11552997 0.97927278 4282643381
0.19655342 -0.11550446 0.9786585 4282643381
0.20267408 -0.11545119 0.97806782 4282643381
0.20879227 -0.11544126 0.97744024 4282643381
0.2148935 -0.11518453 0.97702473 4282643381
0.22126161 -0.1152337 0.97771198 4282643381
-0.69240052 -0.11495759 1.0293131 4291520081
-0.68562317 -0.11503568 1.0289223 4291520081
-0.67882288 -0.1152843 1.0284698 4291520081
-0.6719799 -0.11556873 1.0281725 4291520081
-0.66615033 -0.11557608 1.0295039 4291520081
-0.66125286 -0.11513753 1.0319905 4291520081
-0.65784347 -0.11520179 1.0364937 4294901760
-0.65542036 -0.1162459 1.0433066 4291520081
-0.65369707 -0.1174755 1.0519631 4291520081
-0.65257609 -0.11858272 1.0614702 4291520081
-0.65262759 -0.11950615 1.0715042 4291520081
-0.65238589 -0.12079567 1.0827161 4291520081
-0.65184361 -0.12212172 1.0940136 4291520081
-0.65231413 -0.12326164 1.1054456 4291520081
-0.65165752 -0.12459762 1.1168736 4291520081
-0.40666109 -0.11207878 1.0045613 4287952557
-0.39678168 -0.11111757 0.99600881 4287952557
-0.38799098 -0.11039458 0.98937804 4287952557
-0.37940067 -0.10973393 0.98344761 4287952557
-0.37095997 -0.10911455 0.9780162 4287952557
-0.36308354 -0.10860959 0.97339648 4287952557
-0.35529855 -0.1081387 0.96924555 4287952557
-0.3478919 -0.10774832 0.96566391 4287952557
-0.34052464 -0.10737836 0.96245253 4287952557
-0.33345124 -0.10707493 0.95971322 4287952557
-0.32655942 -0.10681665 0.95734233 4287952557
-0.31972966 -0.10657821 0.95524621 4287952557
-0.31299755 -0.10636251 0.95334315 4287952557
-0.30642509 -0.10618078 0.95158595 4287952557
-0.29984862 -0.10599879 0.94992465 4287952557
-0.29326811 -0.10581718 0.9483881 4287952557
-0.28669748 -0.10564074 0.94707078 4287952557
-0.28047544 -0.10555556 0.94606596 4287952557
-0.27423283 -0.10547264 0.94528204 4287952557
-0.26807028 -0.10541703 0.9447 4287952557
-0.2618922 -0.10535844 0.94427139 4287952557
-0.25573683 -0.10530555 0.9439851 4287952557
-0.24973796 -0.10531107 0.94383961 4287952557
-0.24373031 -0.1053165 0.94378579 4287952557
-0.23772137 -0.10532158 0.94385755 4287952557
-0.23172446 -0.10532734 0.94407868 4287952557
-0.22577736 -0.10535312 0.94447428 4287952557
-0.21992986 -0.10544911 0.94504547 4287952557
-0.21408349 -0.10554446 0.94581026 4287952557
-0.20824409 -0.10563096 0.94673741 4287952557
-0.20242707 -0.1057378 0.94777441 4287952557
-0.19661433 -0.10587625 0.94886994 4287952557
-0.19080205 -0.10601426 0.95006341 4287952557
-0.18499991 -0.10615151 0.95137262 4287952557
-0.17921953 -0.1062911 0.95281535 4287952557
-0.17342952 -0.10649136 0.95445019 4287952557
-0.16765852 -0.10671011 0.95631766 4287952557
-0.16193426 -0.10692562 0.95839179 4287952557
-0.15618196 -0.10718866 0.9606784 4287952557
-0.15043026 -0.10746735 0.96313715 4287952557
-0.14471821 -0.10774568 0.96576017 4287952557
-0.13894726 -0.10807315 0.96861643 4287952557
-0.13320594 -0.10840341 0.97163385 4287952557
-0.12744512 -0.10876437 0.97488719 4287952557
-0.12162731 -0.10916901 0.97841418 4287952557
-0.11587714 -0.10957425 0.98214912 4287952557
-0.11001875 -0.11004467 0.98625368 4287952557
-0.10425149 -0.11052656 0.99067461 4287952557
-0.098401956 -0.11107683 0.99557322 4287952557
-0.092485458 -0.11168899 1.0009563 4287952557
-0.086674877 -0.11230428 1.0065984 4287952557
-0.080709144 -0.11299552 1.01274 4287952557
-0.074766293 -0.11371519 1.0192395 4287952557
-0.068672739 -0.11451408 1.0263102 4287952557
-0.062727563 -0.1153116 1.0336818 4287952557
-0.056751013 -0.11614208 1.0415679 4287952557
-0.050670572 -0.11699461 1.0498132 4287952557
-0.044212069 -0.11800542 1.0585355 4287952557
-0.037565883 -0.11922537 1.0688639 4287952557
0.15893617 -0.10864487 0.97658014 4282643381
0.1645163 -0.10912308 0.97443146 4282643381
0.17064182 -0.10864478 0.97326553 4282643381
0.17664789 -0.10856251 0.97216386 4282643381
0.18272997 -0.1084323 0.97153676 4282643381
0.18879446 -0.10834979 0.97086906 4282643381
0.19485138 -0.10825194 0.9702161 4282643381
0.20089866 -0.10816035 0.96955878 4282643381
0.20696199 -0.10816012 0.9689526 4282643381
0.21313836 -0.10829554 0.96874654 4282643381
0.21931562 -0.10803157 0.96912575 4282643381
-0.70524347 -0.10720296 1.0195343 4291520081
-0.69848377 -0.10718864 1.0191332 4291520081
-0.69175458 -0.10719102 1.0187606 4291520081
-0.68502533 -0.10724311 1.0183501 4291520081
-0.67822909 -0.10749253 1.0177878 4291520081
-0.67168409 -0.10766102 1.017803 4291520081
-0.66615814 -0.10776755 1.0194211 4291520081
-0.66141206 -0.10753152 1.0220798 4291520081
-0.65807188 -0.10733537 1.0263573 4294901760
-0.65556246 -0.10856801 1.0331414 4291520081
-0.65380502 -0.1096886 1.0415033 4291520081
-0.65319496 -0.1106298 1.051092 4291520081
-0.6531353 -0.11158185 1.0611459 4291520081
-0.65284902 -0.11277847 1.0721503 4291520081
-0.6527096 -0.11390638 1.0830888 4291520081
-0.6520403 -0.11516887 1.0942197 4291520081
-0.65182966 -0.11635775 1.1056557 4291520081
-0.4066138 -0.10565991 1.0044116 4287952557
-0.39678249 -0.10476415 0.99594527 4287952557
-0.38791826 -0.10407145 0.98926616 4287952557
-0.37934291 -0.10345042 0.98334408 4287952557
-0.37094423 -0.10287335 0.97794509 4287952557
-0.36305314 -0.10239516 0.97332239 4287952557
-0.35526657 -0.10195053 0.96916407 4287952557
-0.34786147 -0.10158207 0.96557492 4287952557
-0.34050074 -0.10123437 0.96236545 4287952557
-0.33343068 -0.10094904 0.9596315 4287952557
-0.32651505 -0.10070154 0.95726329 4287952557
-0.31971887 -0.10048373 0.9551937 4287952557
-0.31299499 -0.1002825 0.95330501 4287952557
-0.30641881 -0.10011093 0.95156068 4287952557
-0.29984042 -0.099939249 0.94990802 4287952557
-0.29325897 -0.099768177 0.94837838 4287952557
-0.28671059 -0.099607579 0.94707435 4287952557
-0.28047732 -0.099524476 0.94607198 4287952557
-0.27423492 -0.099446222 0.9452861 4287952557
-0.26807016 -0.099392951 0.94469744 4287952557
-0.26188815 -0.099336453 0.94425976 4287952557
-0.25573188 -0.099286221 0.94396913 4287952557
-0.24973316 -0.099291384 0.94382739 4287952557
-0.24372579 -0.099296413 0.94377702 4287952557
-0.23771794 -0.099301465 0.94385332 4287952557
-0.23172466 -0.099308968 0.94407481 4287952557
-0.22577563 -0.099332497 0.94446784 4287952557
-0.21992755 -0.099422775 0.94503039 4287952557
-0.21407926 -0.09951219 0.94578457 4287952557
-0.20823541 -0.099589735 0.94670147 4287952557
-0.20241697 -0.099689372 0.94772971 4287952557
-0.19660375 -0.099819809 0.94881868 4287952557
-0.19079226 -0.099949889 0.95001358 4287952557
-0.18499048 -0.10008123 0.95132518 4287952557
-0.17921054 -0.10021313 0.95276958 4287952557
-0.1734208 -0.10040132 0.9544031 4287952557
-0.16765015 -0.10060704 0.95626885 4287952557
-0.16192684 -0.10080965 0.958341 4287952557
-0.15617292 -0.1010585 0.96062708 4287952557
-0.15041961 -0.10132123 0.96308166 4287952557
-0.14470349 -0.10158472 0.96570069 4287952557
-0.13892618 -0.10189493 0.96855521 4287952557
-0.13318309 -0.10220648 0.97157121 4287952557
-0.1274188 -0.10254742 0.97482359 4287952557
-0.12161645 -0.10292239 0.97833359 4287952557
-0.11588471 -0.10329791 0.98204511 4287952557
-0.11004269 -0.10373414 0.98611653 4287952557
-0.10426923 -0.10418877 0.99052173 4287952557
-0.098399587 -0.10471149 0.99542087 4287952557
-0.092477798 -0.10528845 1.0007933 4287952557
-0.08666414 -0.10586654 1.0064139 4287952557
-0.080680855 -0.10652366 1.0125749 4287952557
-0.074766204 -0.10719962 1.019098 4287952557
-0.068801194 -0.10794239 1.0262803 4287952557
-0.062833458 -0.10868093 1.0336388 4287952557
-0.056733433 -0.10946425 1.0414108 4287952557
-0.050601494 -0.1102192 1.0494924 4287952557
-0.043919284 -0.11128408 1.0581936 4287952557
-0.036778409 -0.11276273 1.0677162 4287952557
0.15280887 -0.1018627 0.97459376 4282643381
0.15772647 -0.10158279 0.96903819 4282643381
0.16323496 -0.10204908 0.96667081 4282643381
0.16927117 -0.10163911 0.9654606 4282643381
0.17524046 -0.10153841 0.96441865 4282643381
0.18127905 -0.10141362 0.96382535 4282643381
0.18730648 -0.10136183 0.96321255 4282643381
0.19332951 -0.10126991 0.96263778 4282643381
0.19936511 -0.10126887 0.96211171 4282643381
0.20540704 -0.10127605 0.96162301 4282643381
0.2114661 -0.10135059 0.96107411 4282643381
0.21746424 -0.10094224 0.96104014 4282643381
0.22387303 -0.10093299 0.96259385 4282643381
-0.7055037 -0.099919416 1.0105076 4291520081
-0.69876319 -0.099887699 1.0100688 4291520081
-0.69202781 -0.099862151 1.0096254 4291520081
-0.68529373 -0.099886075 1.0091419 4291520081
-0.67853451 -0.10006465 1.0085752 4291520081
-0.6719833 -0.10002013 1.0085039 4291520081
-0.66646737 -0.10035286 1.0100223 4291520081
-0.66171992 -0.10002112 1.0125453 4291520081
-0.65839344 -0.099865779 1.0167894 4291520081
-0.6559239 -0.10114478 1.023644 4291520081
-0.65414816 -0.10206825 1.0315932 4291520081
-0.65398419 -0.10272606 1.0406815 4291520081
-0.65376973 -0.10378204 1.0511761 4291520081
-0.65351623 -0.1048924 1.0618919 4291520081
-0.65289646 -0.10609591 1.072809 4291520081
-0.65278512 -0.10712928 1.0836607 4291520081
-0.6509409 -0.10874701 1.0945817 4291520081
-0.40667 -0.099262297 1.0044321 4287952557
-0.39686185 -0.098425984 0.99600947 4287952557
-0.38785604 -0.097754456 0.98920459 4287952557
-0.37928045 -0.097169556 0.98326391 4287952557
-0.37095341 -0.096637562 0.97790909 4287952557
-0.36301926 -0.096181661 0.9732545 4287952557
-0.3552362 -0.09576387 0.96908891 4287952557
-0.34783188 -0.095417328 0.9654901 4287952557
-0.34048465 -0.095092863 0.96228647 4287952557
-0.33340761 -0.094823956 0.95955658 4287952557
-0.3264817 -0.094590075 0.95719546 4287952557
-0.31970936 -0.094389804 0.95513701 4287952557
-0.31299141 -0.094202682 0.95326984 4287952557
-0.30641162 -0.094041348 0.95153904 4287952557
-0.29982999 -0.093880013 0.9499011 4287952557
-0.29324919 -0.093720011 0.94838464 4287952557
-0.28675056 -0.093580209 0.94709975 4287952557
-0.28047723 -0.09349335 0.94609094 4287952557
-0.27423608 -0.093419723 0.94529772 4287952557
-0.26806742 -0.093368039 0.94469261 4287952557
-0.26188472 -0.09331464 0.94423908 4287952557
-0.2557272 -0.093267307 0.94394487 4287952557
-0.24972843 -0.093271933 0.9438085 4287952557
-0.24372128 -0.09327659 0.9437663 4287952557
-0.2377184 -0.09328343 0.94384927 4287952557
-0.23172501 -0.093290545 0.94407296 4287952557
-0.22577392 -0.093311802 0.94446188 4287952557
-0.21992506 -0.093396544 0.94501364 4287952557
-0.21407115 -0.093476228 0.94575655 4287952557
-0.20822605 -0.093549125 0.94666153 4287952557
-0.20240623 -0.093641669 0.94768143 4287952557
-0.19659296 -0.093764223 0.94876683 4287952557
-0.19078226 -0.093886949 0.94996327 4287952557
-0.1849816 -0.09401162 0.95128042 4287952557
-0.1792026 -0.094135337 0.95272845 4287952557
-0.17341316 -0.094311826 0.95435947 4287952557
-0.16764383 -0.094503969 0.95622325 4287952557
-0.16192102 -0.094694331 0.95829463 4287952557
-0.15616667 -0.094928913 0.96058273 4287952557
-0.15041436 -0.095175624 0.96303827 4287952557
-0.1446971 -0.095424011 0.96565855 4287952557
-0.13891654 -0.095716707 0.96851629 4287952557
-0.13317509 -0.096009456 0.97153556 4287952557
-0.12741023 -0.096330285 0.97479099 4287952557
-0.12158933 -0.096687384 0.97831035 4287952557
-0.11585467 -0.097040631 0.98201972 4287952557
-0.11001301 -0.097449154 0.9860875 4287952557
-0.10424031 -0.097874016 0.99047446 4287952557
-0.098393805 -0.098355755 0.99532843 4287952557
-0.092491068 -0.098889597 1.0006533 4287952557
-0.086666062 -0.099432148 1.0062587 4287952557
-0.080693081 -0.10005176 1.012449 4287952557
-0.074889332 -0.10065132 1.0189353 4287952557
-0.068887822 -0.10132558 1.0259382 4287952557
-0.063014209 -0.10193702 1.0333033 4287952557
-0.05687264 -0.10259222 1.0408841 4287952557
-0.050126363 -0.10359683 1.0483062 4287952557
-0.043054845 -0.10507253 1.0564113 4287952557
-0.03625004 -0.10631683 1.0638068 4287952557
0.15140034 -0.095486879 0.96799105 4282643381
0.15652157 -0.094669156 0.96173853 4282643381
0.16216306 -0.094635412 0.95968354 4282643381
0.16800095 -0.094714299 0.95820326 4282643381
0.1739381 -0.094746456 0.95725578 4282643381
0.17991541 -0.094476223 0.95660245 4282643381
0.1859096 -0.094441801 0.95606226 4282643381
0.19191763 -0.094440848 0.95560575 4282643381
0.19792393 -0.094466105 0.95514184 4282643381
0.20392953 -0.094466493 0.95470214 4282643381
0.2099445 -0.094526805 0.95420402 4282643381
0.21592726 -0.094281167 0.95400906 4282643381
0.22220579 -0.09427996 0.95505768 4282643381
0.22855505 -0.093968891 0.95766741 4282643381
-0.7126925 -0.092635788 1.0025895 4291520081
-0.70593673 -0.092604369 1.0020564 4291520081
-0.69928479 -0.092592858 1.0016557 4291520081
-0.6926477 -0.092594527 1.0012597 4291520081
-0.68601161 -0.092662856 1.0008055 4291520081
-0.67931956 -0.092877939 1.0002216 4291520081
-0.67267716 -0.092706829 0.9999854 4291520081
-0.66696465 -0.092984065 1.0010791 4291520081
-0.66219658 -0.092598535 1.0034055 4291520081
-0.65886694 -0.092607342 1.0075909 4291520081
-0.65631479 -0.093668766 1.0140275 4291520081
-0.65452743 -0.094665714 1.0221282 4291520081
-0.65427142 -0.095279135 1.0311172 4291520081
-0.65444696 -0.096165292 1.0415034 4291520081
-0.65392303 -0.097250096 1.0519567 4291520081
-0.65397316 -0.098190993 1.0626775 4291520081
-0.65241259 -0.099631846 1.0733 4291520081
-0.65038258 -0.10130501 1.0837249 4291520081
-0.40669304 -0.09286353 1.0044899 4287952557
-0.39691621 -0.092086025 0.99610418 4287952557
-0.38790458 -0.09145461 0.98925155 4287952557
-0.37927639 -0.090899363 0.98324996 4287952557
-0.37095425 -0.090401791 0.97788709 4287952557
-0.36301935 -0.089974262 0.97321397 4287952557
0.12753537 0.020990407 0.93030906 4287952557
0.13332199 0.020726211 0.92939025 4287952557
0.13896634 0.02021547 0.92794538 4287952557
0.1443546 0.020323571 0.92473626 4287952557
0.1442906 0.019706883 0.88825208 4282643381
0.14920202 0.020374836 0.880584 4282643381
0.15403996 0.019995369 0.87798595 4282643381
0.15927051 0.019531325 0.87654769 4282643381
0.16477241 0.019383641 0.87602699 4282643381
0.17034861 0.019405907 0.87587494 4282643381
0.17592165 0.019528199 0.87592936 4282643381
0.18146525 0.019558635 0.87579095 4282643381
0.18701127 0.019551551 0.87561029 4282643381
0.19256108 0.019529102 0.87542588 4282643381
0.19810992 0.019496927 0.87522042 4282643381
0.20365897 0.019490803 0.87507236 4282643381
0.20923106 0.019451968 0.87491024 4282643381
0.21480516 0.019567495 0.8752315 4282643381
0.22034837 0.019852839 0.87614948 4282643381
0.2266427 0.019804908 0.87864912 4282643381
0.23426729 0.019765347 0.88544762 4282643381
-0.73758906 0.026388755 0.9149245 4291520081
-0.72967559 0.026261184 0.91216987 4291520081
-0.72310674 0.026117127 0.91093403 4291520081
-0.71686012 0.026070477 0.91030645 4291520081
-0.71060342 0.026116401 0.90987247 4291520081
-0.70454174 0.026117107 0.90955818 4291520081
-0.69857252 0.026079489 0.90926749 4291520081
-0.69260484 0.02602296 0.90893799 4291520081
-0.6866104 0.025866646 0.90840209 4291520081
-0.68057686 0.025807146 0.90805835 4291520081
-0.67476451 0.025957026 0.90830183 4291520081
-0.66936237 0.025957817 0.90889692 4291520081
-0.66493714 0.026353156 0.91085678 4291520081
-0.66153973 0.026488932 0.91382229 4291520081
-0.6587193 0.026208973 0.91880614 4291520081
-0.65744102 0.026435329 0.92594844 4291520081
-0.65847999 0.026823582 0.93449026 4291520081
-0.6589452 0.027125871 0.94321495 4291520081
-0.65880877 0.027354604 0.9522087 4291520081
-0.65603203 0.026613871 0.95824677 4294901760
-0.65224582 0.027334888 0.96061277 4286097756
-0.64688903 0.027957622 0.96193969 4287952557
-0.64072776 0.0279477 0.96208435 4287952557
-0.63458294 0.027800981 0.96199071 4287952557
-0.62854713 0.027625263 0.96186417 4287952557
-0.62247491 0.027630901 0.961963 4287952557
-0.61635512 0.02763778 0.9619953 4287952557
-0.61023504 0.027619733 0.96198261 4287952557
-0.60411525 0.027591506 0.96195102 4287952557
-0.5979957 0.027561642 0.96191549 4287952557
-0.59179693 0.027575696 0.96184075 4287952557
-0.58555663 0.027601851 0.96172333 4287952557
-0.57931876 0.027612424 0.96157748 4287952557
-0.57308346 0.027610788 0.9614085 4287952557
-0.56685048 0.027608631 0.96123874 4287952557
-0.56062013 0.027599342 0.96105576 4287952557
-0.55438095 0.02757735 0.96082878 4287952557
-0.54805386 0.027592784 0.96052873 4287952557
-0.54174757 0.02758125 0.96020103 4287952557
-0.535456 0.027554359 0.95985878 4287952557
-0.5291689 0.02752644 0.9595145 4287952557
-0.52288526 0.027502587 0.95917773 4287952557
-0.51660556 0.027480753 0.95884496 4287952557
-0.51031816 0.027464814 0.95850438 4287952557
-0.50402278 0.027456326 0.95815784 4287952557
-0.49773172 0.027450182 0.95781648 4287952557
-0.49144447 0.027451333 0.95748973 4287952557
-0.48519433 0.027440911 0.95719856 4287952557
-0.47896114 0.027432123 0.95693576 4287952557
-0.47273073 0.027430778 0.95668787 4287952557
-0.46650639 0.027428003 0.95644224 4287952557
-0.46028951 0.027416585 0.956186 4287952557
-0.45405334 0.02741131 0.9558987 4287952557
-0.44778678 0.027420716 0.95557523 4287952557
-0.44152582 0.027420584 0.95523316 4287952557
-0.43527019 0.027414324 0.95487922 4287952557
-0.42901936 0.027406827 0.95452309 4287952557
-0.42277318 0.027401742 0.95417231 4287952557
-0.41654769 0.02738723 0.95383489 4287952557
-0.41032785 0.027373742 0.95350307 4287952557
-0.40411198 0.027362943 0.95317686 4287952557
-0.3979004 0.027351523 0.95284957 4287952557
-0.39169353 0.027335932 0.95251393 4287952557
-0.38549781 0.027322955 0.95220041 4287952557
-0.37931472 0.027321352 0.95193326 4287952557
-0.37316272 0.027173938 0.95144945 4287952557
-0.36702418 0.027025035 0.9510991 4287952557
-0.3607626 0.026916929 0.95086837 4287952557
-0.3552421 0.027561694 0.95211375 4287952557
-0.35156977 0.029034737 0.95470285 4287952557
-0.34729144 0.027834866 0.96364528 4294901760
-0.34310281 0.026866006 0.97255427 4287952557
-0.3388761 0.027768541 0.97557676 4294901760
-0.33304441 0.028302079 0.97659582 4294901760
-0.32657698 0.028254729 0.97623307 4292731163
-0.32021374 0.028183937 0.97579521 4292731163
-0.31388536 0.02808667 0.97525394 4292731163
-0.30757552 0.028078385 0.97495598 4292731163
-0.30127019 0.028066365 0.97464794 4292731163
-0.29496491 0.028052839 0.97432292 4292731163
-0.28866306 0.028042531 0.97400653 4292731163
-0.28236517 0.028030585 0.97368538 4292731163
-0.27607134 0.028020935 0.97337234 4292731163
-0.26978171 0.028010255 0.97305757 4292731163
-0.26349622 0.027999265 0.97274262 4292731163
-0.25721309 0.027992686 0.97243923 4292731163
-0.25092942 0.027995327 0.97214526 4292731163
-0.24467522 0.027980564 0.97188735 4292731163
-0.23843367 0.027964838 0.97166163 4292731163
-0.23220091 0.02793856 0.97144002 4292731163
-0.22596951 0.027932338 0.97126424 4292731163
-0.21973954 0.027931985 0.97110426 4292731163
-0.2135112 0.027935337 0.97095382 4292731163
-0.20728466 0.027939036 0.97080272 4292731163
-0.2010611 0.027936559 0.97063297 4292731163
-0.1948421 0.027924292 0.97043908 4292731163
-0.18862015 0.027916253 0.97025359 4292731163
-0.18239054 0.027921932 0.97007543 4292731163
-0.1762211 0.027795941 0.96966386 4292731163
-0.17103812 0.027171558 0.96843654 4287952557
-0.15867928 0.027476447 0.94361413 4287952557
-0.15316884 0.027047899 0.94218659 4287952557
-0.14708483 0.02700204 0.94157523 4287952557
-0.14100051 0.026985075 0.94103175 4287952557
-0.13493022 0.026979769 0.94057357 4287952557
-0.12886743 0.026988536 0.94016689 4287952557
-0.12283194 0.026967769 0.93980992 4287952557
-0.11681291 0.026928397 0.93948865 4287952557
-0.11078692 0.026913062 0.93916762 4287952557
-0.10476021 0.026910804 0.93884844 4287952557
-0.098740593 0.026907094 0.93854821 4287952557
-0.092731565 0.026890792 0.93827003 4287952557
-0.086725466 0.026878202 0.93799984 4287952557
-0.080722563 0.026867086 0.93773288 4287952557
-0.074723236 0.026854636 0.93746316 4287952557
-0.068724029 0.026851092 0.9371835 4287952557
-0.06272687 0.026851496 0.9368946 4287952557
-0.056733832 0.02684987 0.93660176 4287952557
-0.050744731 0.026848007 0.93630844 4287952557
-0.044759832 0.026845597 0.93601865 4287952557
-0.038782109 0.026829461 0.93574226 4287952557
-0.032807462 0.02681563 0.93547082 4287952557
-0.026836004 0.026802767 0.93520135 4287952557
-0.020867929 0.026789425 0.9349314 4287952557
-0.014902237 0.026781809 0.93465686 4287952557
-0.008939717 0.026776562 0.93437886 4287952557
-0.002980835 0.026771074 0.93410045 4287952557
0.002974465 0.026765862 0.93382287 4287952557
0.0089263069 0.026762344 0.93354905 4287952557
0.014874655 0.026759146 0.93328351 4287952557
0.020819481 0.026752252 0.93302661 4287952557
0.026761146 0.026746821 0.93277293 4287952557
0.0326996 0.026743071 0.93252069 4287952557
0.038634721 0.026739534 0.9322679 4287952557
0.04456649 0.02673577 0.93201464 4287952557
0.050494727 0.026729606 0.93175662 4287952557
0.056419171 0.026718555 0.93148875 4287952557
0.062338714 0.026711838 0.93120039 4287952557
0.068253756 0.02669818 0.93089694 4287952557
0.074164182 0.026682124 0.93058127 4287952557
0.08007054 0.02666368 0.93026072 4287952557
0.085973255 0.026647711 0.92994547 4287952557
0.091872774 0.026637889 0.92964292 4287952557
0.097768113 0.02662589 0.92933601 4287952557
0.10365797 0.026601989 0.92900497 4287952557
0.10954098 0.026558463 0.92863345 4287952557
0.11540926 0.026614645 0.9282741 4287952557
0.1212723 0.026708337 0.92789334 4287952557
0.12712725 0.026706969 0.92742783 4287952557
0.13293506 0.026539698 0.92668551 4287952557
0.13865995 0.026181795 0.92554003 4287952557
0.14419538 0.026400194 0.92320937 4287952557
0.14412346 0.025430882 0.88651389 4282643381
0.14888363 0.025983078 0.87844658 4282643381
0.1536615 0.025578164 0.87552685 4282643381
0.15881814 0.025131864 0.87398189 4282643381
0.16427229 0.024951836 0.87340224 4282643381
0.16983491 0.024951413 0.87327141 4282643381
0.17540148 0.025049899 0.87335742 4282643381
0.18094194 0.025062736 0.87325382 4282643381
0.18647836 0.025050085 0.87309229 4282643381
0.19201274 0.025030293 0.87291467 4282643381
0.19754608 0.025005598 0.87272584 4282643381
0.20307921 0.024997998 0.87257683 4282643381
0.20863035 0.024938434 0.872329 4282643381
0.21414737 0.025071425 0.87255883 4282643381
0.21973547 0.025290316 0.87345129 4282643381
0.22565646 0.025421757 0.87547964 4282643381
0.23340769 0.025241455 0.88172913 4282643381
-0.73424196 0.032080118 0.91080451 4291520081
-0.72712344 0.031923838 0.90889174 4291520081
-0.7208783 0.031773981 0.90799439 4291520081
-0.71464092 0.031763352 0.90745139 4291520081
-0.70850134 0.031800915 0.90713066 4291520081
-0.70250738 0.031773798 0.90681845 4291520081
-0.69653857 0.031745236 0.90653056 4291520081
-0.69058543 0.03168682 0.90619463 4291520081
-0.68458229 0.031519011 0.90561742 4291520081
-0.67854261 0.031483885 0.90532374 4291520081
-0.67289472 0.031595021 0.90571189 4291520081
-0.66777456 0.03184643 0.90685254 4291520081
-0.66378325 0.03218976 0.90920055 4291520081
-0.66051674 0.03210555 0.91255885 4291520081
-0.65815902 0.032016423 0.91842097 4291520081
-0.65790272 0.032421045 0.9263407 4291520081
-0.65874004 0.032796316 0.93479246 4291520081
-0.65956444 0.033224959 0.94379449 4291520081
-0.65805447 0.033123683 0.95197797 4294901760
-0.65491945 0.032706954 0.95580339 4286097756
-0.65028524 0.033503674 0.95766258 4294901760
-0.6447283 0.034042671 0.95887655 4287952557
-0.63856387 0.033879872 0.9588123 4287952557
-0.63252711 0.033716552 0.95872551 4287952557
-0.62655836 0.033566874 0.95867133 4287952557
-0.62047803 0.033591419 0.95876211 4287952557
-0.61437351 0.033605747 0.95880026 4287952557
-0.60826927 0.033601653 0.9588052 4287952557
-0.60216939 0.033587184 0.95879656 4287952557
-0.59606946 0.033567671 0.9587779 4287952557
-0.58993405 0.033558488 0.95872575 4287952557
-0.58371431 0.033583365 0.95861107 4287952557
-0.57749701 0.03358962 0.95846069 4287952557
-0.57128233 0.033584144 0.95828754 4287952557
-0.56506324 0.03357783 0.95810241 4287952557
-0.55883896 0.03356716 0.95789617 4287952557
-0.55261821 0.033544838 0.95766687 4287952557
-0.54634988 0.033540964 0.95739472 4287952557
-0.54004878 0.033544339 0.95707923 4287952557
-0.53375292 0.033539314 0.95674723 4287952557
-0.52746177 0.033531908 0.956411 4287952557
-0.52117497 0.033525303 0.95607662 4287952557
-0.5148927 0.033519648 0.9557445 4287952557
-0.50863415 0.033500154 0.95541507 4287952557
-0.50238365 0.033477794 0.95508641 4287952557
-0.49612272 0.03346847 0.95476145 4287952557
-0.4898558 0.033473987 0.9544515 4287952557
-0.48363733 0.033459775 0.95417732 4287952557
-0.47742444 0.033451371 0.95392025 4287952557
-0.47121462 0.033446074 0.95366967 4287952557
-0.46502587 0.033426296 0.9534204 4287952557
-0.45882323 0.033410784 0.95314848 4287952557
-0.45259708 0.033405248 0.95284688 4287952557
-0.44637042 0.033396889 0.95253015 4287952557
-0.44014844 0.033382755 0.95220149 4287952557
-0.43393105 0.033366129 0.951868 4287952557
-0.42771775 0.033350531 0.95153672 4287952557
-0.42150837 0.033337638 0.95121121 4287952557
-0.41530284 0.033327438 0.95089149 4287952557
-0.40910122 0.033320244 0.95057833 4287952557
-0.40290365 0.033314895 0.95026952 4287952557
-0.39672878 0.033294644 0.94996655 4287952557
-0.39055806 0.033271968 0.94965929 4287952557
-0.38438985 0.033257131 0.94936854 4287952557
-0.37822342 0.033266004 0.94912946 4287952557
-0.37209201 0.033120021 0.94866818 4287952557
-0.36597243 0.033006627 0.94839293 4287952557
-0.35974792 0.032946516 0.94825572 4287952557
-0.35446143 0.033714529 0.94980055 4287952557
-0.35074744 0.035302047 0.95264369 4287952557
-0.34624484 0.033506349 0.96166074 4294901760
-0.34205362 0.032577191 0.97068447 4287952557
-0.33810085 0.033980008 0.97322136 4294901760
-0.33219165 0.034542635 0.97408593 4294901760
-0.32574421 0.03442787 0.97370839 4294901760
-0.31943685 0.034372222 0.97339356 4292731163
-0.31312463 0.034205846 0.97277933 4292731163
-0.30683148 0.034184255 0.972458 4292731163
-0.30053881 0.034157861 0.97211564 4292731163
-0.29424962 0.034127101 0.9717645 4292731163
-0.28795838 0.034114562 0.97143531 4292731163
-0.28167024 0.034106798 0.97111487 4292731163
-0.27538604 0.034102738 0.97080278 4292731163
-0.26910591 0.034101006 0.9704963 4292731163
-0.26282975 0.034102686 0.9701975 4292731163
-0.25655791 0.034106057 0.96990299 4292731163
-0.25031772 0.034081064 0.96963584 4292731163
-0.24408367 0.034061041 0.96939248 4292731163
-0.23785156 0.034051139 0.96917087 4292731163
-0.2316215 0.034049831 0.96896744 4292731163
-0.22539382 0.03405454 0.9687767 4292731163
-0.21916856 0.034061696 0.96859038 4292731163
-0.21294971 0.034062769 0.96840441 4292731163
-0.2067409 0.034046385 0.96820915 4292731163
-0.2005356 0.034014925 0.96798289 4292731163
-0.19433366 0.033970706 0.96773249 4292731163
-0.18809934 0.0339767 0.96744651 4292731163
-0.18185547 0.034001317 0.96714568 4292731163
-0.17575721 0.033787087 0.96659893 4292731163
-0.17050828 0.033099998 0.96518689 4294901760
-0.15851212 0.033286557 0.94116509 4287952557
-0.15281671 0.032877054 0.93956238 4287952557
-0.14669484 0.032926165 0.93910754 4287952557
-0.14062804 0.032895781 0.93853569 4287952557
-0.13456924 0.032883469 0.93803829 4287952557
-0.12852539 0.032872021 0.93759608 4287952557
-0.12248549 0.032873746 0.93718427 4287952557
-0.11645062 0.032884326 0.93679231 4287952557
-0.11044861 0.032845963 0.9364388 4287952557
-0.10444403 0.032824408 0.9360953 4287952557
-0.098440304 0.03281619 0.93576974 4287952557
-0.092439979 0.032815997 0.93546188 4287952557
-0.08645007 0.032804936 0.93517655 4287952557
-0.080466561 0.032788225 0.93490171 4287952557
-0.074482478 0.03278257 0.93462175 4287952557
-0.068500206 0.032782905 0.93433946 4287952557
-0.06252566 0.032769978 0.93406057 4287952557
-0.056556135 0.032750864 0.9337815 4287952557
-0.05058983 0.032732356 0.93350393 4287952557
-0.044626568 0.032716148 0.93323135 4287952557
-0.038666338 0.032702286 0.93296403 4287952557
-0.032709215 0.032689996 0.93270016 4287952557
-0.026755299 0.03267841 0.93243784 4287952557
-0.020804288 0.032668889 0.93217438 4287952557
-0.014855632 0.03266551 0.93190622 4287952557
-0.0089106513 0.032661412 0.93163669 4287952557
-0.0029697269 0.032653417 0.93136787 4287952557
0.0029672368 0.032640412 0.93110228 4287952557
0.0089010531 0.032628726 0.93083954 4287952557
0.014831815 0.032619316 0.93058199 4287952557
0.020759383 0.032610748 0.93032658 4287952557
0.026683606 0.032601453 0.93006968 4287952557
0.032604408 0.032591399 0.92980886 4287952557
0.038521718 0.032579847 0.92954397 4287952557
0.044435423 0.032572336 0.92927343 4287952557
0.050345168 0.032567892 0.92899525 4287952557
0.056251112 0.032562491 0.92871499 4287952557
0.062152971 0.032553211 0.9284265 4287952557
0.068050712 0.032539997 0.92812961 4287952557
0.073944546 0.032525107 0.92782927 4287952557
0.079834595 0.032509424 0.92752719 4287952557
0.085721247 0.032496162 0.92723054 4287952557
0.091604739 0.032488916 0.9269461 4287952557
0.097483896 0.032482482 0.9266569 4287952557
0.10335778 0.032465093 0.92634386 4287952557
0.10922467 0.032427266 0.92598605 4287952557
0.11507894 0.032448273 0.92562145 4287952557
0.12092388 0.032489095 0.92522448 4287952557
0.12676243 0.032473184 0.92477733 4287952557
0.13257049 0.032371514 0.92413318 4287952557
0.13833024 0.032114811 0.92320853 4287952557
0.14392841 0.032302603 0.92141891 4287952557
0.14385839 0.030998459 0.88550204 4282643381
0.14861216 0.031443391 0.87627709 4282643381
0.15329789 0.031029293 0.87324339 4282643381
0.15841609 0.030648157 0.87175226 4282643381
0.16381617 0.030396556 0.87100279 4282643381
0.16937315 0.03040095 0.8708632 4282643381
0.17493071 0.030512687 0.87096924 4282643381
0.18045288 0.030537544 0.87087464 4282643381
0.18596976 0.030538933 0.87072349 4282643381
0.19148366 0.030529544 0.87054628 4282643381
0.19699518 0.030510338 0.87034523 4282643381
0.20250544 0.030516585 0.87020612 4282643381
0.20802534 0.030458584 0.86992753 4282643381
0.21358375 0.030515879 0.87014133 4282643381
0.21912979 0.030683512 0.87081313 4282643381
0.22475898 0.03096455 0.87256271 4282643381
0.2326864 0.030676225 0.87838954 4282643381
-0.73167759 0.03769223 0.90746987 4291520081
-0.72483146 0.0375886 0.90600556 4291520081
-0.71864337 0.03747265 0.90523368 4291520081
-0.71247196 0.03746742 0.90477109 4291520081
-0.70648813 0.037456356 0.90449876 4291520081
-0.70050901 0.037443519 0.90422285 4291520081
-0.69453448 0.03741486 0.90391046 4291520081
-0.68857235 0.037336923 0.90350246 4291520081
-0.68258119 0.037216716 0.90302193 4291520081
-0.67657328 0.037208799 0.90279216 4291520081
-0.67108244 0.037291549 0.90333563 4291520081
-0.66643935 0.037729543 0.90513605 4291520081
-0.66270918 0.037957884 0.90752578 4291520081
-0.65976387 0.037780449 0.91174388 4294901760
-0.6580286 0.037933227 0.91837871 4291520081
-0.65860283 0.038387287 0.92676502 4291520081
-0.65940076 0.038805589 0.93529099 4291520081
-0.65968817 0.039254874 0.94424659 4291520081
-0.65712285 0.038782764 0.95096922 4294901760
-0.65358216 0.039160736 0.95371848 4286097756
-0.64847976 0.03974402 0.95515442 4287952557
-0.64257735 0.039904028 0.95568579 4287952557
-0.63650471 0.039777122 0.95564592 4287952557
-0.63052112 0.039602153 0.95551741 4287952557
-0.62457949 0.039539311 0.95561099 4287952557
-0.61849594 0.039578125 0.95569766 4287952557
-0.61241102 0.039597433 0.95574677 4287952557
-0.60632533 0.039602142 0.95576727 4287952557
-0.60023952 0.039600026 0.95577425 4287952557
-0.59415483 0.039590076 0.95576739 4287952557
-0.58807445 0.039563142 0.95573181 4287952557
-0.58188206 0.039581906 0.95562178 4287952557
-0.57568175 0.039589096 0.95547378 4287952557
-0.56947178 0.039585993 0.95528626 4287952557
-0.56326479 0.039576232 0.95508546 4287952557
-0.5570606 0.039561968 0.95487529 4287952557
-0.55085987 0.039539054 0.9546473 4287952557
-0.54465103 0.039512895 0.95439452 4287952557
-0.5383696 0.039520405 0.95409542 4287952557
-0.53209347 0.039518353 0.95377696 4287952557
-0.52582192 0.03951304 0.95345199 4287952557
-0.51955503 0.039506972 0.95312595 4287952557
-0.51329249 0.039502397 0.95280337 4287952557
-0.50703442 0.039497636 0.95248085 4287952557
-0.50078094 0.039494004 0.95216113 4287952557
-0.49454457 0.039487187 0.9518562 4287952557
-0.48832977 0.039475519 0.95157063 4287952557
-0.48215291 0.039447956 0.95130914 4287952557
-0.47599041 0.039416872 0.95106071 4287952557
-0.46982613 0.039389081 0.95081198 4287952557
-0.46362144 0.039386146 0.95054126 4287952557
-0.45742106 0.039377391 0.95025808 4287952557
-0.45122507 0.039362848 0.94996274 4287952557
-0.4450334 0.039343391 0.94965702 4287952557
-0.43883127 0.039330985 0.94934016 4287952557
-0.43263215 0.039319325 0.94902295 4287952557
-0.42643702 0.039309423 0.94870991 4287952557
-0.42024592 0.03930109 0.9484005 4287952557
-0.41406906 0.039288148 0.94810104 4287952557
-0.4079051 0.039271116 0.94781065 4287952557
-0.40174454 0.039255626 0.94752359 4287952557
-0.39558783 0.039237607 0.94723099 4287952557
-0.38943467 0.039217684 0.94693422 4287952557
-0.38328388 0.039208774 0.94666207 4287952557
-0.37713528 0.039226986 0.94645143 4287952557
-0.37103376 0.039085675 0.94601959 4287952557
-0.36494809 0.039021086 0.94584447 4287952557
-0.35887352 0.039013281 0.94594914 4287952557
-0.35361135 0.039765589 0.9475708 4287952557
-0.34971586 0.041353881 0.95035511 4287952557
-0.34517089 0.039019078 0.95958173 4294901760
-0.34118468 0.038374543 0.96818477 4287952557
-0.3370924 0.039937519 0.97038656 4287952557
-0.33117688 0.040508445 0.97105938 4294901760
-0.32482907 0.040426817 0.97073936 4292731163
-0.3185451 0.040335894 0.97036833 4292731163
-0.31226844 0.040123992 0.96973562 4292731163
-0.30594921 0.040126592 0.96934521 4292731163
-0.29963911 0.040122699 0.96895325 4292731163
-0.29338139 0.040066101 0.96860576 4292731163
-0.28712621 0.040016327 0.96826994 4292731163
-0.28087318 0.039978344 0.96795297 4292731163
-0.27462262 0.039951596 0.96765387 4292731163
-0.26837447 0.039939832 0.96737826 4292731163
-0.26213613 0.039923694 0.96711606 4292731163
-0.25590459 0.039908625 0.96686769 4292731163
-0.249676 0.039897323 0.96662521 4292731163
-0.24345163 0.039889541 0.96639323 4292731163
-0.23722941 0.039880574 0.96615601 4292731163
-0.23101091 0.039882097 0.9659397 4292731163
-0.22479576 0.03988466 0.96572578 4292731163
-0.21858414 0.039884001 0.96550721 4292731163
-0.21237633 0.039872926 0.96527267 4292731163
-0.20617269 0.03984556 0.96501321 4292731163
-0.19996902 0.039802879 0.9647128 4292731163
-0.19374101 0.039793957 0.96434146 4292731163
-0.18752153 0.039765473 0.96393979 4292731163
-0.181317 0.039791912 0.96362144 4292731163
-0.17546977 0.039312311 0.9626528 4294901760
-0.16344321 0.039876301 0.94121033 4287952557
-0.15834948 0.039038211 0.93859041 4287952557
-0.1524701 0.038726915 0.93711376 4287952557
-0.14633299 0.038809184 0.93675762 4287952557
-0.14026423 0.038790092 0.93614608 4287952557
-0.13420515 0.038787618 0.93560374 4287952557
-0.12817882 0.038761724 0.93512625 4287952557
-0.12215742 0.038748007 0.93468773 4287952557
-0.11614019 0.038745005 0.93427491 4287952557
-0.11012799 0.038748115 0.93387675 4287952557
-0.10412154 0.038756367 0.93349308 4287952557
-0.098142557 0.038727134 0.93315405 4287952557
-0.09216594 0.0387072 0.93283737 4287952557
-0.086192273 0.03869351 0.93253565 4287952557
-0.080222577 0.038682811 0.93224746 4287952557
-0.074258126 0.038669638 0.93196774 4287952557
-0.068297029 0.038657282 0.93169022 4287952557
-0.062339358 0.038645506 0.93141419 4287952557
-0.056385122 0.038634438 0.93114012 4287952557
-0.050434332 0.038624771 0.93086916 4287952557
-0.04448745 0.03861405 0.93060291 4287952557
-0.038544789 0.038600799 0.93034172 4287952557
-0.032605257 0.038588703 0.93008327 4287952557
-0.026668899 0.038577322 0.92982668 4287952557
-0.020735208 0.038569037 0.92956859 4287952557
-0.014805416 0.038557321 0.92931044 4287952557
-0.0088789314 0.038545206 0.92905164 4287952557
-0.0029556982 0.038533203 0.92879307 4287952557
0.0029644205 0.038522504 0.92853779 4287952557
0.0088814432 0.038512778 0.92828935 4287952557
0.014795273 0.038501915 0.92804384 4287952557
0.020705862 0.038489509 0.92779469 4287952557
0.02661295 0.038473532 0.92753726 4287952557
0.03251658 0.038465336 0.92726254 4287952557
0.038416177 0.03845641 0.92697757 4287952557
0.04431174 0.038444705 0.92668623 4287952557
0.050203592 0.038432635 0.92639416 4287952557
0.056091774 0.038421378 0.92610437 4287952557
0.061976269 0.038410176 0.92581487 4287952557
0.06785696 0.038398683 0.92552483 4287952557
0.073734 0.0383876 0.92523658 4287952557
0.079607353 0.038376447 0.92494798 4287952557
0.085477255 0.038367219 0.92466408 4287952557
0.091344185 0.038361851 0.92438936 4287952557
0.097207844 0.038356863 0.92411548 4287952557
0.10306635 0.038340054 0.9238143 4287952557
0.10891841 0.038305439 0.92347181 4287952557
0.11476246 0.038282078 0.92310899 4287952557
0.12059498 0.038287323 0.92271787 4287952557
0.12641016 0.038240816 0.92220551 4287952557
0.13221425 0.03817527 0.92164928 4287952557
0.13798317 0.038004883 0.9208563 4287952557
0.14363177 0.038065296 0.91949862 4287952557
0.1436312 0.03658079 0.88518018 4282643381
0.14838293 0.036881909 0.87421036 4282643381
0.15295531 0.036439724 0.87114561 4282643381
0.15801318 0.036066573 0.86956561 4282643381
0.16341555 0.035854589 0.86885846 4282643381
0.16897982 0.035902429 0.86881924 4282643381
0.17450295 0.035935454 0.86875182 4282643381
0.18001531 0.035966475 0.86868274 4282643381
0.18551965 0.035969093 0.86853969 4282643381
0.19102083 0.035959803 0.86836559 4282643381
0.19652122 0.03594229 0.86817485 4282643381
0.20202446 0.035910945 0.86795855 4282643381
0.20753574 0.035879344 0.86774355 4282643381
0.21306568 0.035939395 0.86790574 4282643381
0.21863583 0.036034539 0.86842138 4282643381
0.22409737 0.036387708 0.87001896 4282643381
0.23187809 0.036140252 0.8752178 4282643381
-0.73685861 0.043476116 0.90687209 4291520081
-0.72908252 0.043380547 0.90442789 4291520081
-0.72259289 0.043256208 0.90328431 4291520081
-0.71642995 0.043173481 0.90260977 4291520081
-0.71044034 0.043157794 0.9023059 4291520081
-0.70447838 0.043132458 0.90200472 4291520081
-0.69851834 0.043112881 0.90171754 4291520081
-0.69256264 0.043069918 0.90137327 4291520081
-0.68658847 0.042949196 0.90083969 4291520081
-0.68058205 0.04288356 0.90044367 4291520081
-0.67478591 0.043039452 0.90069586 4291520081
-0.66956139 0.043152075 0.90148968 4291520081
-0.66520166 0.043397583 0.90334719 4291520081
-0.66180724 0.043543842 0.90621638 4291520081
-0.65908331 0.043475334 0.91121316 4291520081
-0.65793413 0.043815367 0.91850638 4291520081
-0.65905499 0.04433107 0.92710984 4291520081
-0.66015542 0.044838954 0.93593335 4291520081
-0.65911609 0.045073155 0.94452584 4291520081
-0.6561361 0.044559099 0.94906157 4294901760
-0.65204197 0.045366272 0.95132589 4286097756
-0.64659399 0.045846727 0.95252222 4287952557
-0.64048904 0.045762002 0.9525528 4287952557
-0.63449931 0.045724619 0.95265746 4287952557
-0.62854189 0.04553796 0.95249361 4287952557
-0.62259245 0.045527481 0.95264381 4287952557
-0.61652774 0.045562889 0.9527269 4287952557
-0.61046177 0.045581173 0.95277554 4287952557
-0.60439497 0.045588836 0.95280254 4287952557
-0.59832805 0.045593217 0.95282286 4287952557
-0.59226102 0.045591224 0.9528302 4287952557
-0.58621365 0.045562711 0.95281023 4287952557
-0.58007425 0.045565296 0.95272052 4287952557
-0.57386702 0.045585506 0.95256639 4287952557
-0.56766272 0.045590006 0.95237976 4287952557
-0.56147468 0.045580078 0.95218188 4287952557
-0.55528998 0.045565888 0.951976 4287952557
-0.54910851 0.045544323 0.95175421 4287952557
-0.54293078 0.045513202 0.9515118 4287952557
-0.53669626 0.045506157 0.95123076 4287952557
-0.53044438 0.045502886 0.95092499 4287952557
-0.52422523 0.045479819 0.95061874 4287952557
-0.51801008 0.045455985 0.95031101 4287952557
-0.51179844 0.045435015 0.95000947 4287952557
-0.50559026 0.045415409 0.94971097 4287952557
-0.49938568 0.045397967 0.94941729 4287952557
-0.49318486 0.045383759 0.94913161 4287952557
-0.48698744 0.04537322 0.94885439 4287952557
-0.48079345 0.045365725 0.94858402 4287952557
-0.47460642 0.045357626 0.94831818 4287952557
-0.468418 0.045351602 0.94804841 4287952557
-0.46222675 0.045346957 0.94777024 4287952557
-0.45603967 0.045339126 0.94748521 4287952557
-0.44985703 0.04532684 0.94719076 4287952557
-0.44367835 0.045313414 0.94689393 4287952557
-0.43750399 0.0452994 0.94659668 4287952557
-0.43133736 0.045283109 0.94630146 4287952557
-0.42518073 0.045263302 0.94600993 4287952557
-0.41902757 0.045244731 0.94572109 4287952557
-0.41287786 0.045227982 0.94543648 4287952557
-0.40673167 0.045212183 0.94515419 4287952557
-0.4005889 0.045197375 0.94487417 4287952557
-0.39444998 0.045180567 0.94458973 4287952557
-0.3883149 0.045162212 0.94430178 4287952557
-0.3821823 0.045157343 0.94404495 4287952557
-0.3760528 0.045178995 0.94384974 4287952557
-0.37001938 0.045007043 0.94345516 4287952557
-0.36400276 0.044924125 0.94337231 4287952557
-0.35797778 0.044963989 0.9435848 4287952557
-0.35272154 0.045749918 0.94528061 4287952557
-0.34850484 0.047221553 0.94819063 4287952557
-0.34387946 0.044178948 0.95720571 4294901760
-0.3400906 0.043957252 0.96511489 4287952557
-0.33582926 0.045495611 0.96696514 4287952557
-0.33001024 0.045987759 0.96736693 4294901760
-0.32378533 0.045788236 0.96670711 4287952557
-0.3174966 0.045807622 0.96632946 4287952557
-0.31118748 0.04569605 0.96567333 4287952557
-0.30485034 0.045709155 0.96518695 4287952557
-0.29852173 0.045706674 0.9646818 4287952557
-0.29219538 0.045749251 0.96423262 4287952557
-0.28587392 0.04580047 0.96378905 4287952557
-0.27958792 0.045821872 0.96339041 4287952557
-0.27338493 0.045762796 0.96311557 4287952557
-0.26718304 0.045721609 0.96286327 4287952557
-0.26098123 0.045699079 0.96263242 4287952557
-0.2547836 0.045681044 0.9624089 4287952557
-0.24858318 0.045676708 0.96218455 4287952557
-0.24238577 0.045673691 0.96196175 4287952557
-0.23619163 0.045669232 0.96173751 4287952557
-0.23000105 0.045663577 0.96151227 4287952557
-0.22381431 0.045655057 0.96128374 4287952557
-0.21763158 0.04564099 0.96104854 4287952557
-0.21145341 0.045613129 0.96079654 4287952557
-0.20523669 0.045639921 0.9604454 4287952557
-0.19899185 0.045695759 0.95999372 4287952557
-0.19275557 0.045719981 0.9594928 4287952557
-0.18652698 0.045709681 0.95894074 4287952557
-0.18033889 0.045689762 0.95839095 4287952557
-0.17483948 0.04478981 0.95687705 4294901760
-0.16318434 0.045691635 0.93853641 4287952557
-0.15801696 0.044868022 0.93621111 4287952557
-0.15213284 0.044561569 0.93476057 4287952557
-0.14596845 0.044680823 0.93446392 4287952557
-0.13991702 0.044649746 0.93383497 4287952557
-0.13386832 0.044642664 0.93326759 4287952557
-0.12786345 0.044600848 0.93277979 4287952557
-0.12186196 0.044573072 0.93233526 4287952557
-0.11586429 0.044553902 0.9319126 4287952557
-0.10987108 0.044541512 0.93150699 4287952557
-0.10388555 0.044529386 0.93111765 4287952557
-0.097912967 0.044508945 0.93075883 4287952557
-0.091947086 0.044489413 0.93042248 4287952557
-0.085988514 0.044468142 0.93010873 4287952557
-0.080033012 0.044452325 0.92980844 4287952557
-0.074083008 0.044434927 0.92952025 4287952557
-0.068136767 0.044418938 0.92923957 4287952557
-0.062193684 0.044405598 0.92896551 4287952557
-0.05625388 0.044394169 0.92869604 4287952557
-0.050317332 0.044384938 0.92843205 4287952557
-0.044384111 0.044377305 0.92817193 4287952557
-0.038454272 0.044370815 0.9279148 4287952557
-0.032528792 0.044361081 0.92766088 4287952557
-0.026606724 0.044351067 0.92740768 4287952557
-0.020688824 0.044336814 0.92715746 4287952557
-0.014774097 0.044322055 0.92690665 4287952557
-0.008862379 0.044308133 0.92665792 4287952557
-0.0029536344 0.044295404 0.92641217 4287952557
0.0029522823 0.044285335 0.92617297 4287952557
0.0088554267 0.044278413 0.92594177 4287952557
0.014755334 0.044269931 0.92570668 4287952557
0.020651255 0.044249456 0.92546296 4287952557
0.026543628 0.044223748 0.92520267 4287952557
0.032432865 0.04421974 0.9249146 4287952557
0.03831755 0.04420808 0.92461556 4287952557
0.044198196 0.044189528 0.92431355 4287952557
0.050075337 0.044172611 0.92401576 4287952557
0.055949006 0.044157539 0.92372274 4287952557
0.061819114 0.044143587 0.92343247 4287952557
0.06768553 0.044129606 0.92314231 4287952557
0.073548295 0.044115793 0.92285281 4287952557
0.079407603 0.044103555 0.92256725 4287952557
0.085263267 0.04409181 0.92228305 4287952557
0.091115601 0.044082891 0.92200607 4287952557
0.096964046 0.04407255 0.92172521 4287952557
0.10280742 0.044052675 0.92142093 4287952557
0.10864422 0.044016581 0.92107731 4287952557
0.11446742 0.044010114 0.92069471 4287952557
0.12027819 0.044037271 0.92028517 4287952557
0.12607744 0.043997202 0.91977507 4287952557
0.13186662 0.043940321 0.91922641 4287952557
0.13763018 0.043813627 0.91850632 4287952557
0.14331995 0.043745384 0.9174329 4287952557
0.14347641 0.042223211 0.88492686 4282643381
0.14820394 0.042305339 0.8722418 4282643381
0.15263434 0.04191298 0.86927414 4282643381
0.15763028 0.041465849 0.86753774 4282643381
0.16301368 0.041303765 0.86676353 4282643381
0.16859184 0.041416109 0.86690855 4282643381
0.1740865 0.041399546 0.86671728 4282643381
0.17958549 0.041427199 0.86665255 4282643381
0.18507972 0.041424103 0.86651379 4282643381
0.19057116 0.041410267 0.86634493 4282643381
0.19606087 0.041390222 0.8661589 4282643381
0.20155241 0.041338068 0.86588424 4282643381
0.20704637 0.041329753 0.86573005 4282643381
0.21253392 0.041401289 0.86584628 4282643381
0.21810551 0.041457333 0.86627412 4282643381
0.22338948 0.041846432 0.86770213 4282643381
0.23091373 0.041674607 0.87236339 4282643381
-0.73407578 0.049098574 0.90355307 4291520081
-0.72681308 0.048992533 0.90164608 4291520081
-0.72074908 0.048823833 0.90079832 4291520081
-0.71461689 0.04878056 0.90025991 4291520081
-0.70864153 0.048756991 0.89994133 4291520081
-0.70266873 0.048741959 0.89964449 4291520081
-0.69670016 0.048722871 0.89933753 4291520081
-0.69073564 0.048687983 0.89899009 4291520081
-0.68474609 0.048572134 0.89843428 4291520081
-0.67873096 0.048538633 0.89808744 4291520081
-0.67320257 0.048662703 0.89858001 4291520081
-0.6682511 0.048786122 0.89970577 4294901760
-0.66420299 0.049138486 0.90192002 4291520081
-0.66094834 0.049137369 0.90521687 4291520081
-0.65851891 0.04920793 0.91088486 4291520081
-0.65857667 0.049764138 0.91887873 4291520081
-0.65929866 0.050259121 0.92731607 4291520081
-0.66045654 0.05084921 0.93683785 4291520081
-0.65843064 0.050804354 0.94402605 4291520081
-0.65506727 0.050903067 0.94712496 4286097756
-0.6501987 0.051381741 0.94864076 4287952557
-0.64453614 0.051717855 0.9495545 4287952557
-0.63849783 0.051651787 0.94961631 4287952557
-0.63254762 0.051568113 0.94963688 4287952557
-0.62664896 0.051471144 0.94965643 4287952557
-0.62069613 0.05147003 0.94979262 4287952557
-0.61466616 0.051490128 0.94986939 4287952557
-0.60863972 0.051492941 0.94991612 4287952557
-0.60261256 0.051491268 0.94995338 4287952557
-0.59658498 0.051486481 0.94998401 4287952557
-0.59055692 0.051478941 0.95000863 4287952557
-0.58452892 0.051455185 0.94999862 4287952557
-0.57842177 0.051454615 0.94992435 4287952557
-0.57228619 0.051449586 0.94979733 4287952557
-0.56609994 0.051456854 0.94962108 4287952557
-0.55991668 0.051455021 0.9494254 4287952557
-0.55373627 0.051451333 0.94922596 4287952557
-0.54755914 0.051440887 0.94901198 4287952557
-0.54138565 0.051420379 0.94877601 4287952557
-0.53519177 0.0514029 0.94851077 4287952557
-0.52898574 0.051386695 0.94822448 4287952557
-0.52278394 0.051365476 0.94792706 4287952557
-0.51658577 0.05134514 0.94763172 4287952557
-0.51039112 0.051327623 0.94734275 4287952557
-0.5041998 0.051312584 0.94705957 4287952557
-0.49801263 0.051298719 0.94678009 4287952557
-0.49182898 0.05128609 0.94650358 4287952557
-0.48565811 0.051269308 0.94623238 4287952557
-0.47949252 0.05125203 0.9459632 4287952557
-0.47331506 0.051243167 0.94568831 4287952557
-0.46715069 0.0512277 0.94541371 4287952557
-0.46098998 0.051211584 0.94513774 4287952557
-0.454833 0.051194139 0.94485897 4287952557
-0.4486796 0.051176272 0.9445793 4287952557
-0.44252977 0.051158093 0.94429892 4287952557
-0.43637964 0.051142074 0.94401681 4287952557
-0.43022478 0.051130481 0.94373 4287952557
-0.42407367 0.051119462 0.94344467 4287952557
-0.41792643 0.051108792 0.94316047 4287952557
-0.41178828 0.051094942 0.94287884 4287952557
-0.4056583 0.051078759 0.94260025 4287952557
-0.39953175 0.051063735 0.94232446 4287952557
-0.39340898 0.05104601 0.94204253 4287952557
-0.38728946 0.051031385 0.94176799 4287952557
-0.38117275 0.051028654 0.94152153 4287952557
-0.37507504 0.051036082 0.94133204 4287952557
-0.36905476 0.05092242 0.94104385 4287952557
-0.36303172 0.050750885 0.94080752 4287952557
-0.35712489 0.050946306 0.94137353 4287952557
-0.35190973 0.051845167 0.94330883 4287952557
-0.34749478 0.053026784 0.94636893 4287952557
-0.34257054 0.049726017 0.95365047 4287952557
-0.33883044 0.050737347 0.95891386 4287952557
-0.33386374 0.052360844 0.96075535 4287952557
-0.32768634 0.052860342 0.96111006 4287952557
-0.32123372 0.05250043 0.96029621 4287952557
-0.31487671 0.0523507 0.95952076 4287952557
-0.30860999 0.052209094 0.9588955 4287952557
-0.3023673 0.052163016 0.95843977 4287952557
-0.29613224 0.052101471 0.95796829 4287952557
-0.28990039 0.052066278 0.95752829 4287952557
-0.2836796 0.05205958 0.95714527 4287952557
-0.27746728 0.052013122 0.95672202 4287952557
-0.27125481 0.052039027 0.95638049 4287952557
-0.26509008 0.052011266 0.95610958 4287952557
-0.25894332 0.051978562 0.95588368 4287952557
-0.25279835 0.05195576 0.95566905 4287952557
-0.24665554 0.05193584 0.95545775 4287952557
-0.24051726 0.051884014 0.95520878 4287952557
-0.23437902 0.051871125 0.95500553 4287952557
-0.22823881 0.051915716 0.95485663 4287952557
-0.22210321 0.051905431 0.95464849 4287952557
-0.21597046 0.051866259 0.95440906 4287952557
-0.20984118 0.051828112 0.95417041 4287952557
-0.20368491 0.051810086 0.95383048 4287952557
-0.19748914 0.051832583 0.95335335 4287952557
-0.19130075 0.051824693 0.95284426 4287952557
-0.1849885 0.052092128 0.95261759 4287952557
-0.17911048 0.051330999 0.95130897 4294901760
-0.17415458 0.049937375 0.94905716 4294901760
-0.16294017 0.051549625 0.93631858 4287952557
-0.15765263 0.050706789 0.93393147 4287952557
-0.15178509 0.050389357 0.93249708 4287952557
-0.14565419 0.050403565 0.93188584 4287952557
-0.13956995 0.050486587 0.93155146 4287952557
-0.13354243 0.05046922 0.93099695 4287952557
-0.12755986 0.050414681 0.93051434 4287952557
-0.1215755 0.05037966 0.9300707 4287952557
-0.11559185 0.050358575 0.92965192 4287952557
-0.10961291 0.050342787 0.92924714 4287952557
-0.10364447 0.050321806 0.92885834 4287952557
-0.097686216 0.05029723 0.92849576 4287952557
-0.091731228 0.050280347 0.9281531 4287952557
-0.085779808 0.050270341 0.92782831 4287952557
-0.079838224 0.050251938 0.92752051 4287952557
-0.073901884 0.050232656 0.92722297 4287952557
-0.067970574 0.050212529 0.92693698 4287952557
-0.062042307 0.050195884 0.92666006 4287952557
-0.056117155 0.050182115 0.92639053 4287952557
-0.050195593 0.050168924 0.92612487 4287952557
-0.044278346 0.050153494 0.92586333 4287952557
-0.038364287 0.050138973 0.92560422 4287952557
-0.032453392 0.050125532 0.92534786 4287952557
-0.02654569 0.050113171 0.92509449 4287952557
-0.020642033 0.050097886 0.92484677 4287952557
-0.01474121 0.050084759 0.92460448 4287952557
-0.0088431984 0.05007419 0.9243688 4287952557
-0.0029481894 0.050064776 0.9241361 4287952557
0.0029439458 0.050057702 0.9239096 4287952557
0.0088325534 0.05004587 0.92368716 4287952557
0.014717826 0.050028726 0.92346042 4287952557
0.020599697 0.050005872 0.92321908 4287952557
0.026478397 0.049987435 0.92295444 4287952557
0.032353513 0.049980555 0.92266667 4287952557
0.038224209 0.04996952 0.92236847 4287952557
0.04409086 0.049957462 0.92206889 4287952557
0.049953956 0.049939908 0.92177492 4287952557
0.055813469 0.049922846 0.92148262 4287952557
0.061669409 0.049906824 0.92119294 4287952557
0.067521542 0.049889557 0.92090017 4287952557
0.073369876 0.049871445 0.92060554 4287952557
0.079214543 0.049853623 0.92031109 4287952557
0.085055806 0.049838379 0.92002326 4287952557
0.090893701 0.049825687 0.91974247 4287952557
0.09672749 0.049810302 0.91945481 4287952557
0.10255618 0.04978637 0.91914529 4287952557
0.10837803 0.049746044 0.91879392 4287952557
0.11418257 0.049744736 0.91839057 4287952557
0.11997586 0.049752682 0.91794962 4287952557
0.12575571 0.049726781 0.91742229 4287952557
0.13152848 0.049673535 0.91686791 4287952557
0.13728191 0.049561702 0.91618395 4287952557
0.14296643 0.049556457 0.91521746 4287952557
0.14221248 0.047742423 0.8844645 4294901760
0.14794195 0.047671743 0.87066406 4282643381
0.15236922 0.047338035 0.86742616 4282643381
0.15728763 0.046897795 0.86565799 4282643381
0.16267523 0.046815172 0.86492717 4282643381
0.16820319 0.046892978 0.86502182 4282643381
0.17368437 0.046868794 0.86482406 4282643381
0.1791704 0.046892658 0.86477 4282643381
0.18465127 0.046890218 0.86463743 4282643381
0.19012934 0.046876639 0.86447173 4282643381
0.19560505 0.046856299 0.86428589 4282643381
0.20107956 0.0468092 0.86401999 4282643381
0.2065575 0.046783801 0.86381942 4282643381
0.21201847 0.046827603 0.86382478 4282643381
0.21755587 0.046901133 0.8643114 4282643381
0.22292258 0.04721453 0.86570203 4282643381
0.23010211 0.047148567 0.86978298 4282643381
-0.73203605 0.054633114 0.90082514 4291520081
-0.72516072 0.054493714 0.89923644 4291520081
-0.71904516 0.054395709 0.89854181 4291520081
-0.71291512 0.054365274 0.89803886 4291520081
-0.70695257 0.054343592 0.89773077 4291520081
-0.70099443 0.054322965 0.89742523 4291520081
-0.69504029 0.05429079 0.89708883 4291520081
-0.68908542 0.054240495 0.89670461 4291520081
-0.68312114 0.054132253 0.89620858 4291520081
-0.67716008 0.054140743 0.89602137 4291520081
-0.6718418 0.054218903 0.89668018 4291520081
-0.66711706 0.054522537 0.8982597 4291520081
-0.66334009 0.054785132 0.90052783 4291520081
-0.66038555 0.054828927 0.90449452 4294901760
-0.65847379 0.055083346 0.91108054 4291520081
-0.65914416 0.055662073 0.91916674 4291520081
-0.66006863 0.056225728 0.92788124 4291520081
-0.65998286 0.056699369 0.93741661 4291520081
-0.65765029 0.056534212 0.94287133 4294901760
-0.65382308 0.057017453 0.94513059 4286097756
-0.64860827 0.057502992 0.94652158 4287952557
-0.64265841 0.057560112 0.94681597 4287952557
-0.6367203 0.057550486 0.94699204 4287952557
-0.63078713 0.057363838 0.94680655 4287952557
-0.62491751 0.057329409 0.9469533 4287952557
-0.61893964 0.057349026 0.94707495 4287952557
-0.61292195 0.057367016 0.94714153 4287952557
-0.6069032 0.057372291 0.94717997 4287952557
-0.60088509 0.057373676 0.94721138 4287952557
-0.5948748 0.057367608 0.94723773 4287952557
-0.58886409 0.057359677 0.9472599 4287952557
-0.58285344 0.057335556 0.94724619 4287952557
-0.57675004 0.057341926 0.94716954 4287952557
-0.57064271 0.057333086 0.94705117 4287952557
-0.56453753 0.057310034 0.94690084 4287952557
-0.55837917 0.057308685 0.9467212 4287952557
-0.55221617 0.057307594 0.94653195 4287952557
-0.54605615 0.057301391 0.94633144 4287952557
-0.53989965 0.057285424 0.946109 4287952557
-0.53372169 0.057272609 0.94585735 4287952557
-0.52753276 0.057259843 0.94558418 4287952557
-0.52134788 0.057243284 0.94530255 4287952557
-0.5151667 0.057226177 0.94501966 4287952557
-0.50898904 0.057211895 0.94474393 4287952557
-0.50281525 0.057199296 0.94447285 4287952557
-0.49665308 0.057182521 0.94420427 4287952557
-0.49050382 0.057159897 0.94393659 4287952557
-0.48435715 0.057137091 0.94366753 4287952557
-0.47818929 0.057126861 0.94338918 4287952557
-0.47202906 0.057113066 0.94310844 4287952557
-0.46588206 0.05709397 0.94283074 4287952557
-0.45973855 0.057075299 0.94255412 4287952557
-0.4535985 0.057057403 0.9422794 4287952557
-0.4474619 0.057040133 0.94200623 4287952557
-0.44132885 0.057023007 0.94173348 4287952557
-0.43519938 0.057005309 0.94145954 4287952557
-0.42907348 0.05698698 0.94118422 4287952557
-0.42295107 0.056969114 0.94091004 4287952557
-0.41683224 0.056950524 0.94063425 4287952557
-0.41071695 0.05693106 0.94035637 4287952557
-0.40460342 0.056914698 0.94008321 4287952557
-0.3984834 0.056906562 0.93981165 4287952557
-0.39237568 0.056890197 0.93953621 4287952557
-0.38627216 0.056876045 0.93926817 4287952557
-0.38019085 0.056860127 0.939035 4287952557
-0.37411174 0.056861024 0.93884236 4287952557
-0.36806393 0.056745045 0.93847799 4287952557
-0.36206281 0.05661983 0.93834645 4287952557
-0.356271 0.056924477 0.93917871 4287952557
-0.35105053 0.057923637 0.94120431 4287952557
-0.34635672 0.058717329 0.94406849 4287952557
-0.34147578 0.055263203 0.95019495 4287952557
-0.33709639 0.056739137 0.95347238 4287952557
-0.33183968 0.058287933 0.95490509 4287952557
-0.32558092 0.058738522 0.95492268 4287952557
-0.31912538 0.058391381 0.9540652 4287952557
-0.31273264 0.058056008 0.95295948 4287952557
-0.30639517 0.058087494 0.95224601 4287952557
-0.30017605 0.058008309 0.95168889 4287952557
-0.29398745 0.057929073 0.95120233 4287952557
-0.287801 0.05788907 0.95075923 4287952557
-0.28161734 0.057878342 0.9503485 4287952557
-0.27543712 0.057891719 0.94996446 4287952557
-0.26926023 0.057910606 0.9495852 4287952557
-0.26311579 0.057915706 0.94927645 4287952557
-0.25698584 0.05800131 0.94910276 4287952557
-0.25087234 0.057979293 0.94884253 4287952557
-0.24478568 0.057903882 0.94860041 4287952557
-0.23869921 0.057868693 0.94840091 4287952557
-0.23261479 0.057836644 0.9482047 4287952557
-0.22653222 0.057805687 0.94801039 4287952557
-0.22045346 0.057725526 0.94776523 4287952557
-0.21437342 0.057700306 0.94757736 4287952557
-0.20829664 0.057651833 0.94736552 4287952557
-0.20222527 0.05756443 0.94711334 4287952557
-0.19611295 0.057520479 0.94672763 4287952557
-0.18989341 0.057808407 0.94649285 4287952557
-0.18365395 0.057753496 0.94592863 4287952557
-0.1778381 0.05699243 0.94456112 4294901760
-0.17275164 0.055588827 0.94208914 4294901760
-0.16272162 0.05733715 0.93385327 4287952557
-0.15726411 0.056549206 0.93172675 4287952557
-0.15142213 0.056196406 0.93026364 4287952557
-0.14531669 0.056193441 0.92960626 4287952557
-0.13922277 0.056302015 0.92929894 4287952557
-0.13322292 0.056266759 0.92875916 4287952557
-0.12725376 0.056214739 0.92828947 4287952557
-0.12128603 0.056176893 0.9278574 4287952557
-0.11531756 0.056153663 0.92744708 4287952557
-0.10935235 0.056138683 0.92705375 4287952557
-0.1034003 0.056114528 0.926678 4287952557
-0.097455993 0.056089278 0.92632025 4287952557
-0.09151496 0.056071278 0.92598212 4287952557
-0.085577592 0.056058936 0.9256593 4287952557
-0.079644285 0.056050006 0.92534584 4287952557
-0.073716924 0.056039687 0.92504048 4287952557
-0.067800045 0.056016952 0.92474848 4287952557
-0.061887581 0.055993788 0.92446512 4287952557
-0.05597892 0.055970773 0.92418832 4287952557
-0.050073329 0.055949118 0.92391527 4287952557
-0.044170864 0.055928506 0.92364526 4287952557
-0.038271453 0.055909492 0.92337948 4287952557
-0.032375045 0.055892639 0.9231196 4287952557
-0.026481671 0.05587801 0.92286652 4287952557
-0.020592092 0.055862494 0.92262292 4287952557
-0.014705267 0.055849899 0.92238718 4287952557
-0.0088212742 0.055839684 0.92215788 4287952557
-0.0029407167 0.055827402 0.92193466 4287952557
0.0029366061 0.055813011 0.92171896 4287952557
-0.69701856 0.1539551 0.87795496 4291520081
-0.69110459 0.15388358 0.87743038 4291520081
-0.68515867 0.15380958 0.87681919 4291520081
-0.67920959 0.15374582 0.87646234 4291520081
-0.67389655 0.15379468 0.87715459 4291520081
-0.6690613 0.15397508 0.87814212 4291520081
-0.66516823 0.15425846 0.88040906 4291520081
-0.6621235 0.15491045 0.88371098 4291520081
-0.65964812 0.15592366 0.888825 4294901760
-0.65955538 0.15712722 0.89609694 4291520081
-0.66032362 0.15850522 0.90410584 4291520081
-0.66082776 0.15992829 0.91242445 4291520081
-0.65942347 0.1613591 0.91980863 4291520081
-0.65610397 0.16210023 0.92316002 4286097756
-0.65160942 0.16216363 0.92492002 4286097756
-0.64587522 0.16216417 0.92558891 4286097756
-0.63979661 0.16214748 0.92529297 4287952557
-0.63379139 0.16213179 0.92495829 4287952557
-0.62784642 0.16211972 0.92462558 4287952557
-0.62192053 0.16211149 0.92455506 4287952557
-0.6159963 0.16210307 0.92444748 4287952557
-0.60998738 0.16207266 0.92428678 4287952557
-0.60392159 0.16202697 0.92407221 4287952557
-0.5978601 0.16198111 0.9238205 4287952557
-0.59180278 0.16193512 0.9235478 4287952557
-0.58574879 0.16188917 0.92327642 4287952557
-0.57969791 0.1618433 0.92300868 4287952557
-0.5736503 0.16179746 0.92274809 4287952557
-0.56760585 0.16175172 0.92249191 4287952557
-0.56156486 0.16170599 0.92223668 4287952557
-0.55553079 0.16166124 0.92198259 4287952557
-0.5495038 0.16161734 0.92172587 4287952557
-0.54347986 0.16157354 0.92147237 4287952557
-0.53745931 0.16152981 0.92121905 4287952557
-0.53144193 0.16148591 0.92096454 4287952557
-0.52542776 0.16144225 0.92071366 4287952557
-0.51941752 0.16139889 0.92046553 4287952557
-0.51341051 0.16135557 0.92021966 4287952557
-0.50740671 0.16131231 0.9199748 4287952557
-0.50140595 0.16126908 0.91973203 4287952557
-0.49540848 0.16122589 0.91948956 4287952557
-0.48941422 0.16118269 0.91924703 4287952557
-0.4834235 0.16113956 0.91900265 4287952557
-0.47743642 0.16109642 0.9187519 4287952557
-0.47144857 0.16105191 0.9184947 4287952557
-0.4654505 0.16100329 0.91822726 4287952557
-0.45945632 0.16095448 0.91795355 4287952557
-0.45346597 0.1609056 0.91767544 4287952557
-0.44747919 0.16085672 0.91739696 4287952557
-0.44149601 0.16080791 0.9171204 4287952557
-0.43551636 0.16075926 0.91684705 4287952557
-0.42954028 0.16071056 0.91657251 4287952557
-0.42357075 0.16066279 0.91629863 4287952557
-0.4176155 0.16061878 0.91603714 4287952557
-0.41166261 0.16057526 0.91579574 4287952557
-0.40573382 0.16053918 0.91557992 4287952557
-0.39983213 0.16051155 0.91538745 4287952557
-0.39392173 0.16048105 0.91520822 4287952557
-0.38799894 0.16044602 0.91502869 4287952557
-0.38207936 0.16041085 0.91483772 4287952557
-0.37616262 0.16037524 0.91463768 4287952557
-0.37024483 0.16033816 0.91442955 4287952557
-0.36432645 0.16029982 0.91421664 4287952557
-0.35841092 0.16026139 0.91400117 4287952557
-0.35249826 0.16022287 0.91378611 4287952557
-0.34658855 0.16018455 0.9135682 4287952557
-0.34068835 0.16014859 0.91335523 4287952557
-0.33479208 0.1601133 0.91314566 4287952557
-0.32889825 0.16007818 0.91293973 4287952557
-0.3230069 0.16004315 0.9127357 4287952557
-0.31711802 0.16000818 0.91253346 4287952557
-0.31123179 0.15997326 0.91233134 4287952557
-0.30534822 0.15993817 0.91212523 4287952557
-0.29946744 0.15990293 0.91191465 4287952557
-0.29358226 0.15986462 0.91169649 4287952557
-0.28769502 0.15982391 0.91146946 4287952557
-0.28181094 0.15978307 0.91123825 4287952557
-0.2759299 0.1597421 0.91100395 4287952557
-0.27005184 0.15970112 0.91076922 4287952557
-0.26417685 0.15966021 0.9105351 4287952557
-0.25830472 0.15961933 0.91030163 4287952557
-0.25243556 0.15957837 0.91006726 4287952557
-0.24656919 0.15953729 0.9098323 4287952557
-0.24070586 0.15949625 0.90959775 4287952557
-0.23484543 0.15945527 0.90936524 4287952557
-0.22898789 0.15941446 0.90913588 4287952557
-0.22313604 0.15937519 0.90891099 4287952557
-0.21728736 0.15933631 0.90869045 4287952557
-0.2114414 0.1592976 0.90847337 4287952557
-0.20559828 0.15925896 0.90825784 4287952557
-0.19975799 0.15922035 0.90804261 4287952557
-0.19391976 0.15918137 0.90782779 4287952557
-0.18808404 0.15914227 0.90761423 4287952557
-0.18225127 0.15910313 0.90739912 4287952557
-0.17642161 0.15906379 0.90717906 4287952557
-0.17059518 0.1590241 0.90695065 4287952557
-0.16476694 0.15898108 0.90671319 4287952557
-0.1589413 0.15893716 0.90646732 4287952557
-0.15311909 0.15889299 0.90621632 4287952557
-0.1473002 0.15884878 0.90596354 4287952557
-0.14148451 0.15880464 0.90571159 4287952557
-0.13567202 0.15876055 0.90546048 4287952557
-0.12986253 0.15871635 0.90520966 4287952557
-0.12405625 0.15867203 0.90495741 4287952557
-0.11825325 0.15862769 0.90470451 4287952557
-0.11245341 0.15858349 0.90445334 4287952557
-0.1066566 0.15853952 0.90420711 4287952557
-0.1008627 0.15849596 0.90396905 4287952557
-0.095077172 0.15845773 0.90374076 4287952557
-0.089294404 0.15842031 0.9035219 4287952557
-0.083514057 0.15838324 0.90330976 4287952557
-0.077736303 0.15834634 0.90310085 4287952557
-0.071961239 0.15830947 0.90289259 4287952557
-0.066189028 0.15827279 0.90268427 4287952557
-0.06041972 0.15823665 0.90247905 4287952557
-0.054653049 0.15820056 0.90227461 4287952557
-0.04888919 0.15816428 0.90206575 4287952557
-0.04312836 0.15812753 0.90184742 4287952557
-0.037370555 0.15808985 0.90161598 4287952557
-0.03161145 0.15804403 0.90137112 4287952557
-0.025856173 0.15799771 0.90111548 4287952557
-0.020104542 0.15795115 0.90085411 4287952557
-0.014356339 0.15790457 0.90059209 4287952557
-0.0086114295 0.15785815 0.90033251 4287952557
-0.0028705809 0.15781409 0.90007669 4287952557
0.0028670044 0.15777057 0.89982229 4287952557
0.0086015249 0.15772714 0.89956886 4287952557
0.014333136 0.15768395 0.89932019 4287952557
0.02006202 0.15764126 0.89908081 4287952557
0.025788255 0.15759927 0.89885414 4287952557
0.03151181 0.1575616 0.89864242 4287952557
0.037233293 0.15752825 0.89844567 4287952557
0.042952921 0.15749571 0.89826393 4287952557
0.048670594 0.15746401 0.89809555 4287952557
0.054386489 0.15743476 0.89792991 4287952557
0.060099896 0.15740503 0.89775455 4287952557
0.065810315 0.15737429 0.89755762 4287952557
0.071515411 0.15733579 0.89733595 4287952557
0.077213831 0.15728761 0.89709032 4287952557
0.082908146 0.15723877 0.89683008 4287952557
0.08859878 0.15718977 0.89656705 4287952557
0.094286151 0.15714104 0.89630938 4287952557
0.099970005 0.15709226 0.89605057 4287952557
0.10564923 0.1570425 0.89577019 4287952557
0.11131984 0.15698534 0.89545375 4287952557
0.11700045 0.15692967 0.89528853 4287952557
0.12267818 0.15686737 0.89503348 4287952557
0.12832065 0.15679823 0.8945325 4287952557
0.13387169 0.15672432 0.89351004 4287952557
0.13925311 0.15666254 0.89179677 4287952557
0.14447339 0.15556368 0.88816094 4287952557
0.1442991 0.14980058 0.8541891 4282643381
0.14920744 0.14897884 0.85081464 4282643381
0.15427889 0.14879367 0.84914643 4282643381
0.15954585 0.14872324 0.84830308 4282643381
0.16489963 0.14869526 0.84787345 4282643381
0.17029539 0.148681 0.84775764 4282643381
0.17570521 0.14867373 0.84788609 4282643381
0.18109962 0.14866331 0.84783548 4282643381
0.18649255 0.1486524 0.8477549 4282643381
0.1918855 0.14864115 0.84765315 4282643381
0.19727999 0.14863002 0.84755731 4282643381
0.2026809 0.14862782 0.84759575 4282643381
0.20810696 0.14863294 0.84758198 4282643381
0.21353085 0.14867477 0.84808135 4282643381
0.21908802 0.14881612 0.84915084 4282643381
0.22487487 0.14912613 0.85116559 4282643381
0.23196539 0.15007403 0.85586303 4282643381
-0.73486972 0.16051333 0.88366747 4291520081
-0.72739816 0.16009922 0.88136882 4291520081
-0.72120631 0.15995154 0.88015991 4291520081
-0.71490711 0.15980433 0.87952387 4291520081
-0.70870596 0.1596725 0.87889916 4291520081
-0.70279604 0.15960069 0.87844115 4291520081
-0.69691521 0.1595345 0.87795657 4291520081
-0.69103277 0.15946874 0.87743348 4291520081
-0.68511879 0.15940303 0.87682086 4291520081
-0.67918551 0.15934031 0.87644124 4291520081
-0.67382967 0.15936512 0.87712944 4291520081
-0.66901022 0.1595528 0.87809741 4291520081
-0.66512585 0.15984261 0.88035268 4291520081
-0.66209853 0.16052914 0.88366956 4291520081
-0.65961915 0.16159302 0.88877481 4294901760
-0.6595332 0.16284853 0.89611679 4291520081
-0.66024911 0.16427462 0.90412915 4291520081
-0.6608181 0.16574353 0.91244698 4291520081
-0.65939218 0.16722631 0.91974789 4291520081
-0.65608072 0.16801997 0.92312753 4286097756
-0.65160656 0.16805838 0.92491895 4286097756
-0.6458869 0.16804397 0.92563254 4286097756
-0.63983107 0.16803578 0.92545831 4287952557
-0.63379711 0.16802357 0.92501217 4287952557
-0.62785554 0.16801766 0.92467207 4287952557
-0.62192941 0.16800949 0.9246034 4287952557
-0.61600488 0.1680018 0.9244926 4287952557
-0.60999537 0.16797005 0.92433262 4287952557
-0.60392922 0.16792184 0.92412204 4287952557
-0.59786725 0.16787407 0.92387539 4287952557
-0.59180933 0.16782656 0.92361063 4287952557
-0.58575487 0.16777906 0.92334694 4287952557
-0.57970381 0.16773157 0.92308432 4287952557
-0.57365596 0.16768406 0.92282432 4287952557
-0.56761169 0.16763665 0.922562 4287952557
-0.56157094 0.16758923 0.92229813 4287952557
-0.55553347 0.16754183 0.92203784 4287952557
-0.54949933 0.16749445 0.92177802 4287952557
-0.54346859 0.16744708 0.9215188 4287952557
-0.53744131 0.16739973 0.92126024 4287952557
-0.53141731 0.16735241 0.92100239 4287952557
-0.52540427 0.16730747 0.920748 4287952557
-0.51939887 0.16726398 0.92049795 4287952557
-0.51339668 0.16722055 0.92025143 4287952557
-0.50739741 0.16717711 0.92000908 4287952557
-0.50140131 0.16713369 0.91976875 4287952557
-0.49540824 0.16709027 0.91952896 4287952557
-0.4894183 0.16704689 0.91928881 4287952557
-0.48343155 0.16700353 0.91904557 4287952557
-0.47744915 0.16696057 0.91879803 4287952557
-0.47144431 0.16690874 0.91853857 4287952557
-0.46543971 0.16685571 0.91826576 4287952557
-0.45943922 0.16680278 0.91798335 4287952557
-0.45344284 0.16674997 0.9176932 4287952557
-0.44745043 0.16669723 0.91740215 4287952557
-0.44146168 0.16664451 0.91711277 4287952557
-0.43547669 0.16659182 0.91682404 4287952557
-0.42950091 0.16654105 0.91653502 4287952557
-0.42352962 0.16649061 0.91624701 4287952557
-0.41756147 0.16644022 0.91596925 4287952557
-0.41159618 0.16638996 0.91571075 4287952557
-0.40565905 0.16634914 0.91547418 4287952557
-0.39973551 0.16631283 0.91526484 4287952557
-0.3938123 0.16627596 0.91506851 4287952557
-0.38789156 0.16623917 0.91487783 4287952557
-0.38197359 0.1662024 0.91468304 4287952557
-0.37605852 0.16616555 0.91448015 4287952557
-0.37014478 0.16612807 0.91427189 4287952557
-0.36423528 0.1660911 0.91405988 4287952557
-0.35832977 0.16605465 0.91384661 4287952557
-0.35242686 0.16601826 0.91363478 4287952557
-0.34652641 0.16598195 0.91342598 4287952557
-0.34062842 0.16594569 0.91322052 4287952557
-0.33473298 0.16590944 0.91301578 4287952557
-0.32884005 0.16587323 0.91281211 4287952557
-0.32294965 0.16583708 0.91261047 4287952557
-0.31706172 0.16580094 0.91241086 4287952557
-0.31117642 0.16576487 0.91221148 4287952557
-0.30529377 0.16572873 0.91200876 4287952557
-0.29941401 0.16569255 0.91179967 4287952557
-0.29353076 0.16565329 0.91158211 4287952557
-0.28764439 0.16561094 0.91135609 4287952557
-0.28176129 0.16556853 0.91112357 4287952557
-0.27588135 0.16552611 0.91088802 4287952557
-0.27000439 0.1654837 0.9106524 4287952557
-0.26413038 0.1654413 0.91041726 4287952557
-0.25825942 0.16539893 0.91018075 4287952557
-0.25239149 0.16535656 0.90994453 4287952557
-0.24652657 0.1653142 0.90970778 4287952557
-0.24066468 0.16527186 0.90947098 4287952557
-0.23480564 0.16522951 0.90923572 4287952557
-0.2289494 0.16518725 0.90900129 4287952557
-0.22309807 0.16514617 0.90877199 4287952557
-0.21725021 0.16510555 0.90854615 4287952557
-0.21140423 0.16506444 0.90832299 4287952557
-0.20556115 0.16502337 0.90810102 4287952557
-0.19972096 0.16498232 0.90787905 4287952557
-0.19388375 0.16494128 0.90765685 4287952557
-0.18804947 0.16490024 0.90743405 4287952557
-0.18221816 0.16485921 0.90720993 4287952557
-0.17638992 0.16481811 0.90698177 4287952557
-0.17056319 0.16477573 0.90674728 4287952557
-0.16473533 0.16473009 0.90650541 4287952557
-0.15891097 0.16468434 0.90625709 4287952557
-0.15309004 0.16463853 0.90600449 4287952557
-0.14727238 0.16459271 0.90575081 4287952557
-0.1414579 0.16454692 0.90549761 4287952557
-0.13564663 0.16450118 0.90524536 4287952557
-0.12983859 0.16445547 0.904993 4287952557
-0.12403383 0.16440973 0.90473908 4287952557
-0.11823232 0.16436398 0.9044838 4287952557
-0.11243395 0.16431826 0.90423012 4287952557
-0.1066383 0.1642725 0.90398198 4287952557
-0.10084555 0.16422705 0.90374291 4287952557
-0.095061511 0.16418815 0.90351433 4287952557
-0.089279771 0.16414954 0.90329552 4287952557
-0.083501004 0.16411178 0.90308416 4287952557
-0.077724732 0.16407418 0.90287721 4287952557
-0.071951099 0.16403665 0.90267152 4287952557
-0.066180103 0.16399916 0.90246695 4287952557
-0.060411718 0.16396172 0.90226388 4287952557
-0.054646093 0.16392426 0.90205896 4287952557
-0.048883375 0.16388662 0.90184784 4287952557
-0.043123778 0.16384867 0.90162551 4287952557
-0.0373655 0.16380669 0.901389 4287952557
-0.031607807 0.16375861 0.90113872 4287952557
-0.025853928 0.16371025 0.90087825 4287952557
-0.020103632 0.16366175 0.90061301 4287952557
-0.014356696 0.16361327 0.90034795 4287952557
-0.0086129997 0.16356494 0.90008605 4287952557
-0.0028725334 0.16351674 0.8998276 4287952557
0.0028645925 0.16346861 0.89957041 4287952557
0.0085984329 0.16342059 0.89931566 4287952557
0.014328691 0.16337536 0.8990671 4287952557
0.020056145 0.16333106 0.8988291 4287952557
0.025780959 0.16328859 0.89860624 4287952557
0.03150326 0.16325395 0.89839995 4287952557
0.037223905 0.16322194 0.89820993 4287952557
0.042942889 0.16319121 0.8980332 4287952557
0.048660044 0.16316092 0.89786822 4287952557
0.054375015 0.16313067 0.89770502 4287952557
0.060087427 0.16310012 0.89753199 4287952557
0.065796927 0.16306902 0.89733976 4287952557
0.071502194 0.1630334 0.89712358 4287952557
0.077199854 0.16298296 0.89688361 4287952557
0.082893327 0.16293198 0.89662558 4287952557
0.088583022 0.16288085 0.89636201 4287952557
0.094269291 0.16282982 0.896101 4287952557
0.099951982 0.16277879 0.89583886 4287952557
0.10563219 0.16273198 0.8955577 4287952557
0.11130593 0.16268086 0.89524877 4287952557
0.11698028 0.16262048 0.89507788 4287952557
0.12265478 0.16255638 0.89485669 4287952557
0.12830247 0.16248883 0.89441693 4287952557
0.13387704 0.16243429 0.8935039 4287952557
0.13931398 0.16239953 0.89197731 4287952557
0.14451218 0.16147187 0.88881171 4287952557
0.14429055 0.15530248 0.85425502 4282643381
0.14920773 0.15436293 0.85079896 4282643381
0.15427126 0.15417938 0.84910375 4282643381
0.15953505 0.15412016 0.84824353 4282643381
0.16488677 0.15409712 0.84779847 4282643381
0.17027585 0.15407532 0.84766358 4282643381
0.17567354 0.15405272 0.84778655 4282643381
0.18105881 0.15403494 0.84773195 4282643381
0.18645003 0.15402393 0.84765625 4282643381
0.19184074 0.15401298 0.84756804 4282643381
0.19723251 0.1540027 0.84748793 4282643381
0.20264436 0.15400894 0.84754235 4282643381
0.20806316 0.15401517 0.84753424 4282643381
0.21346973 0.15404809 0.84803683 4282643381
0.21907935 0.15421903 0.84912384 4282643381
0.22486238 0.15453371 0.85114932 4282643381
0.23186059 0.1555015 0.85587031 4282643381
-0.73460197 0.16609178 0.88352239 4291520081
-0.72751099 0.16573544 0.88139653 4291520081
-0.72132725 0.16559273 0.88024545 4291520081
-0.71504897 0.16544251 0.87960339 4291520081
-0.70888352 0.16531287 0.87899888 4291520081
-0.70301288 0.16525017 0.87855947 4291520081
-0.69713271 0.16518508 0.87810338 4291520081
-0.69124418 0.16512054 0.87756026 4291520081
-0.68531281 0.16505711 0.87689406 4291520081
-0.67937368 0.16499247 0.87659115 4291520081
-0.67388666 0.16497341 0.87717527 4291520081
-0.66899824 0.16512394 0.87812686 4291520081
-0.66512012 0.16542907 0.88035321 4291520081
-0.66208434 0.16614453 0.8836326 4291520081
-0.6596238 0.16724893 0.88876122 4294901760
-0.65952408 0.16857064 0.89613926 4291520081
-0.66035056 0.17004828 0.90419799 4291520081
-0.66079098 0.17156371 0.91247231 4291520081
-0.65938836 0.17310147 0.91973907 4291520081
-0.65605116 0.17392904 0.92300195 4286097756
-0.6515581 0.17395319 0.92481649 4286097756
-0.64592505 0.17392303 0.92575127 4286097756
-0.6398629 0.17391974 0.92558986 4287952557
-0.63381493 0.17391518 0.92515785 4287952557
-0.62789863 0.17392354 0.92480242 4287952557
-0.62201828 0.17392981 0.92473191 4287952557
-0.61609477 0.17392345 0.92462665 4287952557
-0.61007077 0.17388599 0.92446989 4287952557
-0.60405022 0.17384973 0.92427206 4287952557
-0.59799063 0.17380083 0.92403859 4287952557
-0.59193307 0.17375183 0.92379111 4287952557
-0.58587891 0.17370294 0.92354214 4287952557
-0.57982832 0.17365429 0.92328584 4287952557
-0.57378149 0.17360596 0.92301977 4287952557
-0.56773823 0.17355773 0.92275244 4287952557
-0.56169832 0.17350951 0.92248547 4287952557
-0.55566168 0.17346126 0.92221957 4287952557
-0.54962105 0.17341051 0.92195302 4287952557
-0.54358232 0.17335925 0.92168617 4287952557
-0.53754711 0.173308 0.92141855 4287952557
-0.53151548 0.1732568 0.92115247 4287952557
-0.52548712 0.17320545 0.92089188 4287952557
-0.51947647 0.17315912 0.92063892 4287952557
-0.51347333 0.17311426 0.92039275 4287952557
-0.50747317 0.17306933 0.92015123 4287952557
-0.50147611 0.17302434 0.91991246 4287952557
-0.49548206 0.17297934 0.91967529 4287952557
-0.48949209 0.17293473 0.91943854 4287952557
-0.48350531 0.17289025 0.91919976 4287952557
-0.47752187 0.17284596 0.91895396 4287952557
-0.47153446 0.17279905 0.91869521 4287952557
-0.46552879 0.1727438 0.91841984 4287952557
-0.45952758 0.17268907 0.91812891 4287952557
-0.45353058 0.1726346 0.91782939 4287952557
-0.44753751 0.17258024 0.91752708 4287952557
-0.4415482 0.17252587 0.91722566 4287952557
-0.43556258 0.17247146 0.91692501 4287952557
-0.42958087 0.17241713 0.91662151 4287952557
-0.42359206 0.17235836 0.91631794 4287952557
-0.41760606 0.1722991 0.91602361 4287952557
-0.41162351 0.17223963 0.91574717 4287952557
-0.40565714 0.17218542 0.91549426 4287952557
-0.39972878 0.17214595 0.91526622 4287952557
-0.39380243 0.17210624 0.91505706 4287952557
-0.3878845 0.17206903 0.91485631 4287952557
-0.38196963 0.17203204 0.91465646 4287952557
-0.37605733 0.17199512 0.91445446 4287952557
-0.37014762 0.17195818 0.91425067 4287952557
-0.36423832 0.1719203 0.91404563 4287952557
-0.35833138 0.1718823 0.91384065 4287952557
-0.3524271 0.17184438 0.91363513 4287952557
-0.3465254 0.17180644 0.91342932 4287952557
-0.34062627 0.1717685 0.91322452 4287952557
-0.33472961 0.17173055 0.91302472 4287952557
-0.32883555 0.17169258 0.91282523 4287952557
-0.32294405 0.17165466 0.91262579 4287952557
-0.31705466 0.17161646 0.91242558 4287952557
-0.31116697 0.17157783 0.91222662 4287952557
-0.30528206 0.17153926 0.91202486 4287952557
-0.29940006 0.17150077 0.91181445 4287952557
-0.29351553 0.17145935 0.91159576 4287952557
-0.2876291 0.17141512 0.91136771 4287952557
-0.281746 0.17137106 0.9111315 4287952557
-0.27586603 0.17132701 0.91089332 4287952557
-0.26998904 0.17128299 0.91065508 4287952557
-0.26411507 0.17123897 0.91041738 4287952557
-0.25824419 0.17119502 0.91017967 4287952557
-0.25237626 0.17115106 0.90994126 4287952557
-0.24651025 0.17110643 0.90970361 4287952557
-0.24064508 0.17106032 0.90946418 4287952557
-0.23478305 0.17101425 0.90922534 4287952557
-0.2289241 0.17096817 0.90898818 4287952557
-0.2230712 0.1709242 0.90875363 4287952557
-0.21722308 0.17088152 0.90852183 4287952557
-0.21137781 0.17083885 0.90829176 4287952557
-0.20553547 0.1707962 0.90806228 4287952557
-0.19969603 0.17075354 0.90783304 4287952557
-0.19385949 0.17071091 0.90760446 4287952557
-0.18802594 0.17066833 0.9073754 4287952557
-0.1821959 0.17062618 0.90714443 4287952557
-0.17636889 0.17058398 0.90690899 4287952557
-0.17054187 0.17053923 0.90666783 4287952557
-0.16471465 0.17049153 0.90642041 4287952557
-0.15889092 0.17044397 0.90616727 4287952557
-0.15307055 0.17039634 0.90591145 4287952557
-0.14725347 0.17034873 0.90565497 4287952557
-0.14143957 0.17030115 0.9053992 4287952557
-0.13562891 0.17025359 0.90514386 4287952557
-0.12982152 0.17020607 0.90488815 4287952557
-0.12401742 0.17015857 0.90463108 4287952557
-0.11821661 0.17011109 0.90437287 4287952557
-0.11241844 0.17006309 0.90411645 4287952557
-0.1066229 0.17001472 0.90386581 4287952557
-0.10083049 0.16996662 0.90362364 4287952557
-0.095045477 0.16992426 0.90339154 4287952557
-0.089263462 0.16988266 0.90316939 4287952557
-0.083485842 0.16984367 0.90295494 4287952557
-0.077710703 0.16980474 0.90274495 4287952557
-0.071938187 0.16976582 0.90253615 4287952557
-0.066168249 0.16972692 0.90232944 4287952557
-0.060400892 0.16968806 0.902125 4287952557
-0.054636259 0.16964923 0.90191942 4287952557
-0.048874538 0.16961035 0.90170765 4287952557
-0.043115959 0.16957138 0.90148401 4287952557
-0.037356965 0.1695243 0.90124518 4287952557
-0.031600483 0.1694742 0.9009921 4287952557
-0.025847806 0.16942401 0.90072912 4287952557
-0.020098707 0.1693738 0.90046185 4287952557
-0.014352925 0.16932365 0.90019596 4287952557
-0.0086103017 0.16927356 0.89993495 4287952557
-0.002870966 0.16922353 0.89967638 4287952557
0.0028650104 0.16917351 0.89941859 4287952557
0.0085977018 0.16912359 0.89916348 4287952557
0.01432718 0.16907416 0.8989144 4287952557
0.02005339 0.16902818 0.89867681 4287952557
0.025776761 0.16898805 0.89845508 4287952557
0.031498078 0.16895491 0.89825171 4287952557
0.037217896 0.16892317 0.89806497 4287952557
0.042936016 0.16889156 0.89789003 4287952557
0.048652239 0.16886009 0.89772475 4287952557
0.054366276 0.1688287 0.89756137 4287952557
0.060077801 0.16879719 0.89738917 4287952557
0.065786548 0.16876552 0.89720124 4287952557
0.071492091 0.16873358 0.89698935 4287952557
0.077189125 0.16868079 0.89675248 4287952557
0.082881816 0.16862752 0.89649504 4287952557
0.088570714 0.16857418 0.89623129 4287952557
0.094256662 0.16852279 0.89596701 4287952557
0.099940568 0.16847578 0.89569938 4287952557
0.10562066 0.1684287 0.89541936 4287952557
0.11129677 0.16838165 0.89512366 4287952557
0.11696868 0.16831675 0.89495534 4287952557
0.12264285 0.16824912 0.89477247 4287952557
0.12829795 0.16818422 0.89439952 4287952557
0.1338951 0.16815026 0.89359242 4287952557
0.13937949 0.1681294 0.8922354 4287952557
0.14460777 0.16727203 0.88944227 4287952557
0.14431031 0.16083801 0.85447288 4282643381
0.14922506 0.1597513 0.85093212 4282643381
0.15428327 0.15956035 0.84918791 4282643381
0.15953939 0.15951362 0.8483088 4282643381
0.16488571 0.15949708 0.84784758 4282643381
0.17027019 0.15947458 0.84769624 4282643381
0.17566438 0.15944669 0.84782392 4282643381
0.18104319 0.15942229 0.84776491 4282643381
0.1864198 0.15939812 0.84768695 4282643381
0.1917956 0.15937601 0.84760565 4282643381
0.19719835 0.15937941 0.84753394 4282643381
0.20263754 0.15940867 0.84759772 4282643381
0.20809282 0.15943967 0.84757924 4282643381
0.21350433 0.15947141 0.84810579 4282643381
0.21912862 0.15965386 0.84921867 4282643381
0.22495824 0.15999845 0.85130578 4282643381
0.23199488 0.16103694 0.85623324 4282643381
-0.73461968 0.17171875 0.88361484 4291520081
-0.72772175 0.17139837 0.88159084 4291520081
-0.72151768 0.17125262 0.88040996 4291520081
-0.71526569 0.17110333 0.87979257 4291520081
-0.70906985 0.17096111 0.87920314 4291520081
-0.70319641 0.17089753 0.87877184 4291520081
-0.69732535 0.17083444 0.87833118 4291520081
-0.69145328 0.17077284 0.87784791 4291520081
-0.68551517 0.17071572 0.8770861 4291520081
-0.67955625 0.17065001 0.87673169 4291520081
-0.67397135 0.17059967 0.8772077 4291520081
-0.66904795 0.17072187 0.87821275 4291520081
-0.6651597 0.17101693 0.88042432 4291520081
-0.66211975 0.17175576 0.88361949 4291520081
-0.65963531 0.17291617 0.88873595 4294901760
-0.65949237 0.17429681 0.89615142 4291520081
-0.66036826 0.17581683 0.90424514 4291520081
-0.66068232 0.17739473 0.91246063 4291520081
-0.6594069 0.17897013 0.9197464 4291520081
-0.65604764 0.17984653 0.92293435 4286097756
-0.65159661 0.17986362 0.92486876 4286097756
-0.64602941 0.17983052 0.92588925 4286097756
-0.6399979 0.1798493 0.92572391 4287952557
-0.6340003 0.17986296 0.92533463 4287952557
-0.62809896 0.17987877 0.92500776 4287952557
-0.62218302 0.17987518 0.92493194 4287952557
-0.61615521 0.17983419 0.92482173 4287952557
-0.61013019 0.17979491 0.92466521 4287952557
-0.60410815 0.17975685 0.92447901 4287952557
-0.59808916 0.17971966 0.92427266 4287952557
-0.59207338 0.17968301 0.92405564 4287952557
-0.58602506 0.17963424 0.92382574 4287952557
-0.57997245 0.17958325 0.92358047 4287952557
-0.57391459 0.17952964 0.92332059 4287952557
-0.56786042 0.17947643 0.92305142 4287952557
-0.56181002 0.17942354 0.92277873 4287952557
-0.55576301 0.17937057 0.92250919 4287952557
-0.54971969 0.17931768 0.9222374 4287952557
-0.54368007 0.17926493 0.92196357 4287952557
-0.53764415 0.17921232 0.92168784 4287952557
-0.53161162 0.17915961 0.92141438 4287952557
-0.52558249 0.17910661 0.92114782 4287952557
-0.5195564 0.17905316 0.92089069 4287952557
-0.51354557 0.17900407 0.92064589 4287952557
-0.50754464 0.17895763 0.92040563 4287952557
-0.50154757 0.17891137 0.92016917 4287952557
-0.49555352 0.17886505 0.91993493 4287952557
-0.48956248 0.17881872 0.91970092 4287952557
-0.48357469 0.17877258 0.91946435 4287952557
-0.47759005 0.17872682 0.91922116 4287952557
-0.47160921 0.17868184 0.91896349 4287952557
-0.4656128 0.17862923 0.91868818 4287952557
-0.45961046 0.17857289 0.91839314 4287952557
-0.45360485 0.17851388 0.91808105 4287952557
-0.44759876 0.17845289 0.91776872 4287952557
-0.44159672 0.1783919 0.91745806 4287952557
-0.43559894 0.17833105 0.91714519 4287952557
-0.42960548 0.17827035 0.91683024 4287952557
-0.42361602 0.17820965 0.91651624 4287952557
-0.41763031 0.17814867 0.91621107 4287952557
-0.41164801 0.17808707 0.91592377 4287952557
-0.40568197 0.17803104 0.91565716 4287952557
-0.39975396 0.17799129 0.91541481 4287952557
-0.39382792 0.17795084 0.91518992 4287952557
-0.3879039 0.17790972 0.91498053 4287952557
-0.38198262 0.17786865 0.9147737 4287952557
-0.37606385 0.17782743 0.91457236 4287952557
-0.37015325 0.17778891 0.91437668 4287952557
-0.36424413 0.17774978 0.91418344 4287952557
-0.35833669 0.17771025 0.9139874 4287952557
-0.35243207 0.17767091 0.91378623 4287952557
-0.34652892 0.17763107 0.91357934 4287952557
-0.34062815 0.1775911 0.91337234 4287952557
-0.33473003 0.17755108 0.91316921 4287952557
-0.32883441 0.17751099 0.91296947 4287952557
-0.32294145 0.17747089 0.91277039 4287952557
-0.31705105 0.17743079 0.91257191 4287952557
-0.31116328 0.17739074 0.91237265 4287952557
-0.30527839 0.17735085 0.91216773 4287952557
-0.29939637 0.17731124 0.91195571 4287952557
-0.29351124 0.17726815 0.91173404 4287952557
-0.28762478 0.17722245 0.91150296 4287952557
-0.28174129 0.17717677 0.91126502 4287952557
-0.27585751 0.17712897 0.9110229 4287952557
-0.26997694 0.17708118 0.9107815 4287952557
-0.26409957 0.17703339 0.91054076 4287952557
-0.25822532 0.17698564 0.91030008 4287952557
-0.25235429 0.17693792 0.91005903 4287952557
-0.24648644 0.17689025 0.90981609 4287952557
-0.24062181 0.17684266 0.90957385 4287952557
-0.23476031 0.17679511 0.90933174 4287952557
-0.22890192 0.17674756 0.9090904 4287952557
-0.22304982 0.1767025 0.90885061 4287952557
-0.21720231 0.17665863 0.90861309 4287952557
-0.21135814 0.17661522 0.90837693 4287952557
-0.20551696 0.1765717 0.90814584 4287952557
-0.19967863 0.17652838 0.90791202 4287952557
-0.19384319 0.17648509 0.90767884 4287952557
-0.18801063 0.17644185 0.90744501 4287952557
-0.18218108 0.17639866 0.90720832 4287952557
-0.1763546 0.17635556 0.90696669 4287952557
-0.17052798 0.17630948 0.90671903 4287952557
-0.16470127 0.17626026 0.90646583 4287952557
-0.15887797 0.17621112 0.90620863 4287952557
-0.15305804 0.17616206 0.90594918 4287952557
-0.14724132 0.17611293 0.90568906 4287952557
-0.14142689 0.17606282 0.90542978 4287952557
-0.13561574 0.17601272 0.90517086 4287952557
-0.12980792 0.17596264 0.90491188 4287952557
-0.12400347 0.17591263 0.9046514 4287952557
-0.11820239 0.17586266 0.90438998 4287952557
-0.11240453 0.17581269 0.90413016 4287952557
-0.10660976 0.17576267 0.90387541 4287952557
-0.10081796 0.17571256 0.90362859 4287952557
-0.095033728 0.17566898 0.90339148 4287952557
-0.089252003 0.17562531 0.90316373 4287952557
-0.083472922 0.1755816 0.90294188 4287952557
-0.077696577 0.17553787 0.90272355 4287952557
-0.071923047 0.17549413 0.90250713 4287952557
-0.066152498 0.17545086 0.90229392 4287952557
-0.060386341 0.17541084 0.90208369 4287952557
-0.054622822 0.1753708 0.90187335 4287952557
-0.048862111 0.17533083 0.90165842 4287952557
-0.043104026 0.17528997 0.90143389 4287952557
-0.037344493 0.17523775 0.90119642 4287952557
-0.03158886 0.1751857 0.90094632 4287952557
-0.025837021 0.17513372 0.90068692 4287952557
-0.020088799 0.1750818 0.90042293 4287952557
-0.014344588 0.175032 0.90016001 4287952557
-0.0086040692 0.17498434 0.89990115 4287952557
-0.0028666207 0.17493673 0.89964384 4287952557
0.0028677005 0.17488913 0.89938664 4287952557
0.0085989842 0.17484154 0.89913136 4287952557
0.014327377 0.17479393 0.89888132 4287952557
0.020053076 0.17474625 0.89864182 4287952557
0.025776096 0.17470101 0.89841759 4287952557
0.031496722 0.17466508 0.89821154 4287952557
0.037215639 0.17462906 0.89802217 4287952557
0.0429326 0.17459297 0.89784491 4287952557
0.048647467 0.17455684 0.89767677 4287952557
0.054360572 0.17452416 0.8975116 4287952557
0.060071371 0.17449167 0.89734018 4287952557
0.06577953 0.17445929 0.89715481 4287952557
0.071484528 0.17442706 0.89694601 4287952557
0.077182144 0.17437698 0.89671147 4287952557
0.082874201 0.17432141 0.89645308 4287952557
0.088563651 0.17427126 0.89618433 4287952557
0.094250254 0.17422298 0.89591432 4287952557
0.099933639 0.1741747 0.89564389 4287952557
0.10561366 0.17412652 0.89536881 4287952557
0.11129022 0.17407854 0.89508718 4287952557
0.11696417 0.17401445 0.89492702 4287952557
0.12263837 0.17394191 0.89476395 4287952557
0.12830354 0.17389463 0.89444852 4287952557
0.13391791 0.17386408 0.89373422 4287952557
0.13944101 0.17385127 0.89251667 4287952557
0.14470454 0.17303012 0.89003038 4287952557
0.14435387 0.16638674 0.85479045 4282643381
0.14926721 0.16516332 0.85115409 4282643381
0.15432049 0.16500406 0.84938222 4282643381
0.1595812 0.16498362 0.84848267 4282643381
0.16493021 0.1649705 0.84800762 4282643381
0.17031872 0.16494621 0.84784615 4282643381
0.17572002 0.16490978 0.84798485 4282643381
0.18110012 0.16488129 0.84792745 4282643381
0.18647908 0.16485564 0.84784842 4282643381
0.19186339 0.16483794 0.84776998 4282643381
0.19727258 0.16484447 0.84769577 4282643381
0.2027161 0.16487607 0.8477639 4282643381
0.20818405 0.16491078 0.84774411 4282643381
0.213596 0.16493532 0.84827942 4282643381
0.2191616 0.16508926 0.84939456 4282643381
0.22503349 0.1654667 0.85154569 4282643381
0.23222862 0.16663378 0.8567906 4282643381
-0.73505569 0.17743905 0.88392538 4291520081
-0.72793466 0.17706726 0.88188517 4291520081
-0.72170109 0.17691578 0.88073182 4291520081
-0.71547335 0.17676501 0.88010395 4291520081
-0.70926124 0.17661177 0.87951392 4291520081
-0.70337194 0.17654258 0.87908822 4291520081
-0.69750023 0.17647837 0.87865305 4291520081
-0.69162971 0.17641643 0.87817752 4291520081
-0.68571472 0.17636849 0.87739754 4291520081
-0.679766 0.17630561 0.87700552 4291520081
-0.67409599 0.17622334 0.87738621 4291520081
-0.66914046 0.17635496 0.87830943 4291520081
-0.66522789 0.17664374 0.88053852 4291520081
-0.66218734 0.17738767 0.88367254 4291520081
-0.65964353 0.17860146 0.88874841 4294901760
-0.65951294 0.18002129 0.89617997 4291520081
-0.66037023 0.18159062 0.90428573 4291520081
-0.6606788 0.18320455 0.9124456 4291520081
-0.6594128 0.184817 0.91974968 4291520081
-0.6561116 0.18575902 0.923069 4286097756
-0.65168929 0.18583117 0.92486846 4286097756
-0.64617538 0.18579601 0.92597198 4286097756
-0.64020711 0.18579926 0.92599154 4287952557
-0.63420796 0.18581684 0.92563605 4287952557
-0.62829435 0.1858336 0.92531329 4287952557
-0.62229002 0.18579881 0.92523086 4287952557
-0.61628699 0.18576545 0.92511666 4287952557
-0.61028683 0.18573403 0.9249649 4287952557
-0.60428935 0.18570402 0.924788 4287952557
-0.59829426 0.18567444 0.92460436 4287952557
-0.59230155 0.1856453 0.92441517 4287952557
-0.5863117 0.18561739 0.92420936 4287952557
-0.58026302 0.18556674 0.92397606 4287952557
-0.5742088 0.18551347 0.92372441 4287952557
-0.56814814 0.18545687 0.92345881 4287952557
-0.56209141 0.18540081 0.92318612 4287952557
-0.55603832 0.18534482 0.92291296 4287952557
-0.54998887 0.18528888 0.92263931 4287952557
-0.54394317 0.18523318 0.92236298 4287952557
-0.53790134 0.1851777 0.92208445 4287952557
-0.53186297 0.18512215 0.92180812 4287952557
-0.52582788 0.18506603 0.92154044 4287952557
-0.51979595 0.18500918 0.92128396 4287952557
-0.51378411 0.1849591 0.92104095 4287952557
-0.50778478 0.18491288 0.9208051 4287952557
-0.50178659 0.18486567 0.92057276 4287952557
-0.49579135 0.1848184 0.92034101 4287952557
-0.48979929 0.18477134 0.92010713 4287952557
-0.48381025 0.18472427 0.91987419 4287952557
-0.47782451 0.18467782 0.91963261 4287952557
-0.4718425 0.18463248 0.919375 4287952557
-0.46583894 0.18457618 0.91909486 4287952557
-0.45981577 0.18450961 0.91879171 4287952557
-0.45379758 0.18444404 0.91847491 4287952557
-0.4477838 0.18437874 0.91815442 4287952557
-0.44177434 0.18431357 0.91783357 4287952557
-0.43576893 0.18424819 0.91751641 4287952557
-0.429768 0.1841832 0.91719633 4287952557
-0.42377135 0.18411815 0.91687649 4287952557
-0.41777852 0.1840526 0.91656607 4287952557
-0.41179046 0.18398689 0.91627002 4287952557
-0.40582475 0.18393023 0.91599411 4287952557
-0.399876 0.18388018 0.91573703 4287952557
-0.39395142 0.18384103 0.9154954 4287952557
-0.38802889 0.18380101 0.91526848 4287952557
-0.38210842 0.18376026 0.91505432 4287952557
-0.37619019 0.18371889 0.91485226 4287952557
-0.37027416 0.18367693 0.91466063 4287952557
-0.36438113 0.18364672 0.91447401 4287952557
-0.35845885 0.18359801 0.91428429 4287952557
-0.35255143 0.18355672 0.91408849 4287952557
-0.34664693 0.18351592 0.91388428 4287952557
-0.34074527 0.18347549 0.9136734 4287952557
-0.33484629 0.18343513 0.91346234 4287952557
-0.32894978 0.18339449 0.91325748 4287952557
-0.32305574 0.18335368 0.9130559 4287952557
-0.31716403 0.18331233 0.91286331 4287952557
-0.31127509 0.18327147 0.91266328 4287952557
-0.30538899 0.18323091 0.91245854 4287952557
-0.2995058 0.18319079 0.91224527 4287952557
-0.29361567 0.18314429 0.91202056 4287952557
-0.2877233 0.18309434 0.9117859 4287952557
-0.28183463 0.18304496 0.9115442 4287952557
-0.2759493 0.18299578 0.91129917 4287952557
-0.2700671 0.18294661 0.91105425 4287952557
-0.26418805 0.18289743 0.91081047 4287952557
-0.2583122 0.18284826 0.9105674 4287952557
-0.2524395 0.18279912 0.91032445 4287952557
-0.24656993 0.18275005 0.91008067 4287952557
-0.24070358 0.18270107 0.90983576 4287952557
-0.2348403 0.18265207 0.90959156 4287952557
-0.22898023 0.18260314 0.90934575 4287952557
-0.22312054 0.18255185 0.90910053 4287952557
-0.21726513 0.18250147 0.90885675 4287952557
-0.21141288 0.18245105 0.90861362 4287952557
-0.20556378 0.18240066 0.90837264 4287952557
-0.19971785 0.18235023 0.90813321 4287952557
-0.19387506 0.18229985 0.90789425 4287952557
-0.1880355 0.18224956 0.90765417 4287952557
-0.18219927 0.18219946 0.90741068 4287952557
-0.17636628 0.1821494 0.90716392 4287952557
-0.17053363 0.18209638 0.90690941 4287952557
-0.1647034 0.18204229 0.90664899 4287952557
-0.15887669 0.18198831 0.90638614 4287952557
-0.15305352 0.1819344 0.90612179 4287952557
-0.14723381 0.1818805 0.9058575 4287952557
-0.14141753 0.18182662 0.90559417 4287952557
-0.13560474 0.18177281 0.90533113 4287952557
-0.12979534 0.18171899 0.9050681 4287952557
-0.12398928 0.18166475 0.90480894 4287952557
-0.11818693 0.18161108 0.90454423 4287952557
-0.11238798 0.18155739 0.90428144 4287952557
-0.1065923 0.18150356 0.90402275 4287952557
-0.10079984 0.18144964 0.90377033 4287952557
-0.095016964 0.18140586 0.90352625 4287952557
-0.089236893 0.18136238 0.90328938 4287952557
-0.083459377 0.18131873 0.90305811 4287952557
-0.077684514 0.181275 0.90282983 4287952557
-0.071912348 0.18123126 0.90260375 4287952557
-0.066142805 0.18118739 0.90238094 4287952557
-0.060375936 0.18114348 0.90216142 4287952557
-0.054611795 0.18109952 0.90194279 4287952557
-0.048850525 0.18105565 0.90172172 4287952557
-0.043091495 0.1810099 0.90149438 4287952557
-0.037333094 0.18095712 0.90125757 4287952557
-0.031578403 0.18090457 0.90101093 4287952557
-0.025827335 0.18085216 0.90075755 4287952557
-0.020080704 0.18080299 0.90050071 4287952557
-0.014337152 0.18075354 0.90024585 4287952557
-0.0085968571 0.18070443 0.89999074 4287952557
-0.0028596944 0.18065533 0.89973611 4287952557
0.0028742531 0.18060635 0.89948052 4287952557
0.0086050155 0.18055739 0.89922476 4287952557
0.014332753 0.18050843 0.89897251 4287952557
0.020057673 0.18045926 0.89872885 4287952557
0.025779977 0.18040976 0.89849943 4287952557
0.031499613 0.18037164 0.89828682 4287952557
0.037217479 0.18033481 0.8980903 4287952557
0.042933483 0.18029761 0.89790684 4287952557
0.048647556 0.18026023 0.89773422 4287952557
0.054359689 0.18022265 0.89756864 4287952557
0.060069602 0.18018517 0.89739949 4287952557
0.065776862 0.18014804 0.89721578 4287952557
0.071481131 0.1801126 0.8970086 4287952557
0.077179827 0.18006796 0.89677352 4287952557
0.082873225 0.18001831 0.89651287 4287952557
0.08856263 0.17996904 0.89623713 4287952557
0.094248496 0.17991982 0.89595735 4287952557
0.099931173 0.17987053 0.89567959 4287952557
0.1056108 0.17982119 0.89540517 4287952557
0.11128738 0.17977184 0.8951326 4287952557
0.11696478 0.17970949 0.89498276 4287952557
0.1226434 0.17964835 0.89482325 4287952557
0.12831302 0.17960516 0.8945356 4287952557
0.13394104 0.17957853 0.8938939 4287952557
0.13949637 0.17958336 0.89278263 4287952557
0.14478789 0.17879432 0.89056355 4287952557
0.14441042 0.17194034 0.85515332 4282643381
0.14931954 0.17064045 0.85146183 4282643381
0.15437217 0.17045432 0.84966707 4282643381
0.15963525 0.17045963 0.8487525 4282643381
0.1649866 0.17045201 0.84827274 4282643381
0.1703784 0.17042786 0.84810692 4282643381
0.17578495 0.1703849 0.84825033 4282643381
0.18117602 0.17036442 0.84819591 4282643381
0.18656518 0.17034605 0.84811491 4282643381
0.1919533 0.17032744 0.84803784 4282643381
0.1973646 0.17033266 0.84795475 4282643381
0.20279133 0.17034741 0.848019 4282643381
0.20826659 0.1703863 0.84799314 4282643381
0.21367563 0.17040268 0.84853417 4282643381
0.2191789 0.17052345 0.84966421 4282643381
0.22509414 0.17093535 0.85183936 4282643381
0.23245023 0.17224103 0.85738552 4282643381
-0.73547101 0.18316703 0.88429725 4291520081
-0.72824991 0.18276595 0.88224781 4291520081
-0.72201937 0.18261419 0.88112307 4291520081
-0.71578962 0.18245722 0.8805126 4291520081
-0.70957804 0.18229814 0.87991846 4291520081
-0.70365214 0.18221691 0.87949216 4291520081
-0.69777477 0.18215017 0.87906426 4291520081
-0.69190061 0.1820866 0.87859017 4291520081
-0.68599385 0.18203932 0.87784958 4291520081
-0.68004149 0.18197922 0.87737423 4291520081
-0.67430645 0.18186282 0.87771982 4291520081
-0.66930962 0.1819952 0.87854028 4291520081
-0.66531092 0.18229766 0.88063926 4291520081
-0.6622479 0.18302709 0.88376093 4291520081
-0.65967786 0.18428865 0.8887763 4294901760
-0.65935111 0.18574978 0.89615655 4291520081
-0.66030061 0.18736646 0.90430832 4291520081
-0.66078782 0.1890182 0.91246468 4291520081
-0.65948743 0.19066957 0.91977584 4291520081
-0.65618914 0.19173706 0.92319936 4286097756
-0.65190393 0.19179893 0.92519337 4286097756
-0.64637733 0.19176775 0.92621541 4286097756
-0.64043105 0.1917583 0.92630678 4287952557
-0.63445741 0.19178563 0.92601109 4287952557
-0.62862712 0.19184093 0.92570102 4287952557
-0.62262648 0.1918065 0.92562348 4287952557
-0.61662716 0.19177417 0.92550933 4287952557
-0.61062682 0.19174331 0.92535156 4287952557
-0.6046263 0.19171235 0.92518055 4287952557
-0.59862763 0.19168107 0.92501509 4287952557
-0.59263104 0.19165002 0.92484754 4287952557
-0.58663714 0.19162039 0.92466265 4287952557
-0.58060515 0.19157529 0.92444992 4287952557
-0.57455367 0.19152211 0.92421138 4287952557
-0.56850612 0.1914704 0.92395443 4287952557
-0.56246227 0.19141959 0.92368788 4287952557
-0.55640769 0.19136268 0.92341751 4287952557
-0.55035412 0.19130465 0.92314667 4287952557
-0.54430431 0.19124693 0.92287278 4287952557
-0.53825819 0.19118942 0.92259663 4287952557
-0.53221554 0.19113174 0.92232275 4287952557
-0.52617627 0.19107346 0.9220565 4287952557
-0.52014285 0.19101553 0.92180115 4287952557
-0.51414412 0.19097205 0.92156011 4287952557
-0.50814617 0.19092695 0.92132777 4287952557
-0.50214356 0.1908779 0.92109758 4287952557
-0.49614388 0.19082873 0.92086911 4287952557
-0.49014738 0.19077985 0.92063731 4287952557
-0.48415413 0.19073112 0.92040467 4287952557
-0.47816429 0.19068311 0.92016411 4287952557
-0.47216925 0.19063194 0.91990542 4287952557
-0.46616295 0.19057421 0.91962755 4287952557
-0.46013585 0.19050507 0.91932237 4287952557
-0.45411351 0.19043715 0.9190048 4287952557
-0.44809574 0.1903699 0.91867995 4287952557
-0.4420822 0.19030268 0.91835612 4287952557
-0.43607274 0.19023521 0.91803581 4287952557
-0.43006727 0.19016749 0.91771966 4287952557
-0.4240672 0.19010027 0.91740769 4287952557
-0.41807774 0.19003639 0.9171021 4287952557
-0.41210496 0.18997955 0.91680354 4287952557
-0.40613943 0.18992397 0.91652203 4287952557
-0.40017623 0.18986706 0.91625255 4287952557
-0.39421511 0.18980871 0.91599411 4287952557
-0.38826379 0.18975356 0.91574746 4287952557
-0.38234001 0.18971235 0.91552317 4287952557
-0.37641814 0.18966967 0.91531813 4287952557
-0.37050214 0.18962847 0.91512454 4287952557
-0.36461693 0.18960509 0.91494203 4287952557
-0.35872385 0.18957542 0.91476208 4287952557
-0.35279253 0.1895193 0.9145658 4287952557
-0.3468712 0.1894684 0.91436207 4287952557
-0.34096584 0.18942684 0.9141497 4287952557
-0.33506328 0.1893857 0.91393179 4287952557
-0.32916328 0.18934438 0.91371679 4287952557
-0.32326564 0.18930253 0.91350907 4287952557
-0.31737044 0.18926035 0.91330659 4287952557
-0.3114779 0.18921815 0.91310489 4287952557
-0.3055881 0.1891762 0.91289949 4287952557
-0.29970121 0.18913485 0.91268587 4287952557
-0.29380742 0.18908668 0.91246021 4287952557
-0.28791031 0.18903412 0.9122231 4287952557
-0.28201735 0.18898261 0.9119783 4287952557
-0.27612841 0.18893193 0.91173029 4287952557
-0.27024266 0.18888126 0.91148257 4287952557
-0.26435992 0.18883049 0.91123658 4287952557
-0.25848037 0.18877971 0.91099185 4287952557
-0.25260401 0.188729 0.91074723 4287952557
-0.2467308 0.18867831 0.91050172 4287952557
-0.24086083 0.18862779 0.91025448 4287952557
-0.23499407 0.1885774 0.91000563 4287952557
-0.22912848 0.18852521 0.90975559 4287952557
-0.22326511 0.18847218 0.90950686 4287952557
-0.21740529 0.18841936 0.90925735 4287952557
-0.21154962 0.18836743 0.90900898 4287952557
-0.20569712 0.18831542 0.90876234 4287952557
-0.19984777 0.18826334 0.90851736 4287952557
-0.19400157 0.18821117 0.90827495 4287952557
-0.18815872 0.18815929 0.90802777 4287952557
-0.1823193 0.18810771 0.90777683 4287952557
-0.17648192 0.18805492 0.90752059 4287952557
-0.17064409 0.18799795 0.90725875 4287952557
-0.16480981 0.18794112 0.90699607 4287952557
-0.15897939 0.18788479 0.90672612 4287952557
-0.15315299 0.18782915 0.90645719 4287952557
-0.14733003 0.18777356 0.90618885 4287952557
-0.14151047 0.18771793 0.90592152 4287952557
-0.13569435 0.1876623 0.90565455 4287952557
-0.12988165 0.18760672 0.90538776 4287952557
-0.12407243 0.18755123 0.90512031 4287952557
-0.11826669 0.1874958 0.90485263 4287952557
-0.11246427 0.18744029 0.90458685 4287952557
-0.10666512 0.18738461 0.90432501 4287952557
-0.10086972 0.18732959 0.90406829 4287952557
-0.095079385 0.1872777 0.90381789 4287952557
-0.089291446 0.18722448 0.9035728 4287952557
-0.083504133 0.18716627 0.9033308 4287952557
-0.077723853 0.18711539 0.90309137 4287952557
-0.071949542 0.18707064 0.90285403 4287952557
-0.066177949 0.18702582 0.90261894 4287952557
-0.060409032 0.18698081 0.90238756 4287952557
-0.054642823 0.18693568 0.90215862 4287952557
-0.048879486 0.18689065 0.90192854 4287952557
-0.043119103 0.18684572 0.90169507 4287952557
-0.037361316 0.18679972 0.90145648 4287952557
-0.031604867 0.18674822 0.90121245 4287952557
-0.025851756 0.18669693 0.9009642 4287952557
-0.020101627 0.18664475 0.90071362 4287952557
-0.014354246 0.18659052 0.90046251 4287952557
-0.0086101806 0.18653631 0.90021116 4287952557
-0.0028694638 0.18648216 0.89995921 4287952557
0.002867864 0.18642811 0.89970553 4287952557
-0.48029831 0.26551211 0.93579727 4287952557
-0.47416118 0.26541421 0.93546885 4287952557
-0.46802866 0.26531839 0.93513435 4287952557
-0.46191058 0.26523283 0.93480456 4287952557
-0.45580313 0.26515132 0.93448758 4287952557
-0.44969898 0.26506564 0.93418348 4287952557
-0.443607 0.26498514 0.93389601 4287952557
-0.43753284 0.26491672 0.93362677 4287952557
-0.43146193 0.2648471 0.93336147 4287952557
-0.42539442 0.26477838 0.93309379 4287952557
-0.41932401 0.26470444 0.93281722 4287952557
-0.41324589 0.26461875 0.93253106 4287952557
-0.40717152 0.26453283 0.93224609 4287952557
-0.40110192 0.2644473 0.93196446 4287952557
-0.39504066 0.26436639 0.93168849 4287952557
-0.38898301 0.26428512 0.93141317 4287952557
-0.38292891 0.26420313 0.93114066 4287952557
-0.37687841 0.26412055 0.93087012 4287952557
-0.37083316 0.2640391 0.93060392 4287952557
-0.36480317 0.26397282 0.93034494 4287952557
-0.35877627 0.2639057 0.93008852 4287952557
-0.35275236 0.26383668 0.92983788 4287952557
-0.34673139 0.26376539 0.92959398 4287952557
-0.34072068 0.26370105 0.92936403 4287952557
-0.33473337 0.26366264 0.92915803 4287952557
-0.32874808 0.26362228 0.92895794 4287952557
-0.32275757 0.263569 0.92875975 4287952557
-0.31676108 0.26350367 0.92855448 4287952557
-0.31076762 0.26343918 0.92834693 4287952557
-0.30477712 0.26337582 0.92813623 4287952557
-0.29878959 0.26331437 0.92792028 4287952557
-0.29280511 0.26325548 0.92769712 4287952557
-0.28682378 0.26320031 0.92746365 4287952557
-0.28083673 0.2631349 0.92720944 4287952557
-0.27483433 0.26304156 0.92692924 4287952557
-0.26883608 0.2629514 0.92664057 4287952557
-0.26284188 0.26286304 0.92634696 4287952557
-0.25685152 0.26277435 0.92605472 4287952557
-0.25086835 0.26269156 0.92576665 4287952557
-0.24488938 0.26260918 0.92548072 4287952557
-0.23891394 0.26252544 0.92519897 4287952557
-0.2329441 0.26244509 0.9249202 4287952557
-0.22698046 0.26237047 0.92464173 4287952557
-0.22102033 0.26229629 0.92436194 4287952557
-0.21506321 0.26222137 0.92408144 4287952557
-0.20910773 0.26214191 0.92380148 4287952557
-0.20315565 0.26206091 0.92352653 4287952557
-0.19720678 0.26197639 0.92326152 4287952557
-0.19126114 0.26188797 0.92300797 4287952557
-0.18533549 0.26183763 0.92277658 4287952557
-0.17941369 0.2617909 0.92254364 4287952557
-0.17349496 0.26174816 0.92229992 4287952557
-0.16755605 0.26165012 0.9220131 4287952557
-0.1616179 0.26154473 0.92171693 4287952557
-0.15568407 0.26144001 0.92141938 4287952557
-0.14976792 0.26137298 0.92114234 4287952557
-0.1438548 0.26130325 0.92087406 4287952557
-0.1379444 0.26123038 0.92061114 4287952557
-0.13203605 0.26115432 0.92034239 4287952557
-0.12612699 0.26106614 0.92006063 4287952557
-0.1202217 0.26097924 0.91977304 4287952557
-0.11432029 0.26089296 0.9194842 4287952557
-0.10842556 0.26081735 0.91920072 4287952557
-0.10253465 0.2607429 0.91891849 4287952557
-0.096647143 0.26066771 0.91863877 4287952557
-0.090762883 0.26059061 0.91836435 4287952557
-0.084881663 0.26050997 0.9181006 4287952557
-0.079005107 0.26043361 0.91784602 4287952557
-0.073135577 0.26037475 0.91760945 4287952557
-0.067268491 0.26031193 0.91738451 4287952557
-0.061404034 0.26024655 0.91716683 4287952557
-0.055542346 0.26017991 0.91695309 4287952557
-0.049683604 0.26011395 0.9167375 4287952557
-0.043830071 0.26006639 0.91651994 4287952557
-0.037977166 0.26000395 0.91628486 4287952557
-0.032124739 0.25992048 0.91602826 4287952557
-0.026276175 0.25984094 0.91576117 4287952557
-0.020431295 0.25976339 0.91548848 4287952557
-0.014589921 0.25968623 0.91521496 4287952557
-0.0087519176 0.25960833 0.91494405 4287952557
-0.0029172781 0.25952926 0.91467464 4287952557
0.0029139391 0.25944924 0.91440552 4287952557
0.00874162 0.2593706 0.91413808 4287952557
0.014566005 0.25929099 0.9138763 4287952557
0.020386871 0.25921223 0.91361213 4287952557
0.02620432 0.25913534 0.91334993 4287952557
0.032018442 0.25906363 0.91309071 4287952557
0.037829336 0.25899178 0.91283244 4287952557
0.043636989 0.25891969 0.91257483 4287952557
0.049441528 0.25884643 0.91232085 4287952557
0.055242874 0.25877261 0.91206872 4287952557
0.061040692 0.25870126 0.91180998 4287952557
0.066834852 0.2586329 0.91154277 4287952557
0.072624743 0.25857139 0.9112559 4287952557
0.078404762 0.25845277 0.91092294 4287952557
0.084179275 0.25833973 0.91057223 4287952557
0.089948639 0.25823048 0.91021162 4287952557
0.095713057 0.25812304 0.90984625 4287952557
0.10147212 0.25801447 0.90947413 4287952557
0.10722172 0.2578958 0.90906125 4287952557
0.11295909 0.25776917 0.9085865 4287952557
0.11870849 0.25755933 0.90829194 4287952557
0.12447599 0.2573542 0.90799254 4287952557
0.1301492 0.25719443 0.9071486 4287952557
0.13566285 0.25741276 0.90594739 4287952557
0.14070693 0.25787878 0.90359801 4287952557
0.14648518 0.25425246 0.89730477 4287952557
0.14596292 0.24528125 0.86391759 4282643381
0.15104082 0.24392341 0.86167848 4282643381
0.1563645 0.244039 0.86062527 4282643381
0.16176057 0.2440442 0.8600145 4282643381
0.16718256 0.24398457 0.85964012 4282643381
0.17261022 0.24390025 0.85936272 4282643381
0.17803925 0.24378921 0.85919505 4282643381
0.18345706 0.24370262 0.8589285 4282643381
0.18887159 0.24361111 0.85868245 4282643381
0.19430152 0.24355893 0.85847473 4282643381
0.19977057 0.24357499 0.85837114 4282643381
0.20526585 0.24363543 0.85813725 4282643381
0.21072781 0.2435775 0.85838288 4282643381
0.21622871 0.24359511 0.85915357 4282643381
0.22151613 0.24351713 0.86087215 4282643381
0.23018137 0.24662569 0.86822242 4282643381
-0.7328369 0.25938645 0.89505935 4291520081
-0.726206 0.25908673 0.89371634 4291520081
-0.72010875 0.25899062 0.89296407 4291520081
-0.71412402 0.25890657 0.89248985 4291520081
-0.70813322 0.25879261 0.89212984 4291520081
-0.70214826 0.25868094 0.89176166 4291520081
-0.69616854 0.2585701 0.89139086 4291520081
-0.69019729 0.25848848 0.89091319 4291520081
-0.68421012 0.25849092 0.89019138 4291520081
-0.67823213 0.25847009 0.88973427 4291520081
-0.67250896 0.25824165 0.89010519 4291520081
-0.66763586 0.25812858 0.89148325 4291520081
-0.66402382 0.25878778 0.89377624 4291520081
-0.66116238 0.26043198 0.89782107 4291520081
-0.65937179 0.26266414 0.90433311 4291520081
-0.65978116 0.26478201 0.91239578 4291520081
-0.66010052 0.26689366 0.92012036 4291520081
-0.65963882 0.26914614 0.92784369 4291520081
-0.65823817 0.27178347 0.93505698 4294901760
-0.65496796 0.27327064 0.93849641 4286097756
-0.65033805 0.2725949 0.94018877 4287952557
-0.64445823 0.27250171 0.94064963 4287952557
-0.6384303 0.27258939 0.94057751 4287952557
-0.63248575 0.2727201 0.94046801 4287952557
-0.62658471 0.27284986 0.94036746 4287952557
-0.62069368 0.27289453 0.94053131 4287952557
-0.61480069 0.27294108 0.94068944 4287952557
-0.60890424 0.27298674 0.94084615 4287952557
-0.60299724 0.27302366 0.94100434 4287952557
-0.59708858 0.2730622 0.94115734 4287952557
-0.59117788 0.2731033 0.94130236 4287952557
-0.58525884 0.27314484 0.94142652 4287952557
-0.57929534 0.2731559 0.94151139 4287952557
-0.57333088 0.27318251 0.94154918 4287952557
-0.56732225 0.27319029 0.94150805 4287952557
-0.56118721 0.27310178 0.94136202 4287952557
-0.55505306 0.27302906 0.94116163 4287952557
-0.54891926 0.27296364 0.94093072 4287952557
-0.54278874 0.27290159 0.94069028 4287952557
-0.53666097 0.27283713 0.94045675 4287952557
-0.53053594 0.27276999 0.94023114 4287952557
-0.52441382 0.27270272 0.94000626 4287952557
-0.51829469 0.27263555 0.93978131 4287952557
-0.51217866 0.27256942 0.93955368 4287952557
-0.50606579 0.27250561 0.93931943 4287952557
-0.49995646 0.27244601 0.9390735 4287952557
-0.49384487 0.27238604 0.93880957 4287952557
-0.48769483 0.27228883 0.93851167 4287952557
-0.48153663 0.27218443 0.93819153 4287952557
-0.47538331 0.27208385 0.93786091 4287952557
-0.46923465 0.27198589 0.93752325 4287952557
-0.46309033 0.27188697 0.93718874 4287952557
-0.45695007 0.27178589 0.93686098 4287952557
-0.45081368 0.27167985 0.9365477 4287952557
-0.44470239 0.27159193 0.93625975 4287952557
-0.43861282 0.27152029 0.93599337 4287952557
-0.43252629 0.27144611 0.93573421 4287952557
-0.42644322 0.27137291 0.93547249 4287952557
-0.42036363 0.27130145 0.93520635 4287952557
-0.41428748 0.27123061 0.93493879 4287952557
-0.4082146 0.27115932 0.93467277 4287952557
-0.40213451 0.27107418 0.93440443 4287952557
-0.39605555 0.27098379 0.93414146 4287952557
-0.38998854 0.2709046 0.93388075 4287952557
-0.38393238 0.27083632 0.93362051 4287952557
-0.37787938 0.27076721 0.93336266 4287952557
-0.37182969 0.27069893 0.93310279 4287952557
-0.36578318 0.2706303 0.93284428 4287952557
-0.35973975 0.27056065 0.9325887 4287952557
-0.35369939 0.27048957 0.93233716 4287952557
-0.347662 0.2704159 0.93209296 4287952557
-0.34162751 0.27033842 0.93185914 4287952557
-0.33561048 0.27027869 0.93164539 4287952557
-0.32960916 0.27023551 0.93144989 4287952557
-0.3236098 0.27018988 0.93126112 4287952557
-0.31761262 0.27014288 0.93107671 4287952557
-0.31161776 0.27009618 0.9308911 4287952557
-0.30561975 0.27004224 0.93069667 4287952557
-0.2996152 0.26997575 0.93048817 4287952557
-0.29361376 0.26991317 0.93026948 4287952557
-0.28761324 0.26985207 0.93003392 4287952557
-0.28159016 0.26975212 0.92976141 4287952557
-0.27557161 0.26965892 0.92947161 4287952557
-0.26955718 0.26956838 0.92917526 4287952557
-0.26354676 0.26947927 0.92887527 4287952557
-0.25754035 0.26939023 0.92857569 4287952557
-0.25153765 0.26930016 0.92827916 4287952557
-0.24553867 0.26920846 0.92798716 4287952557
-0.23954959 0.26912788 0.92770344 4287952557
-0.23356624 0.26905102 0.92742366 4287952557
-0.22758639 0.26897416 0.92714417 4287952557
-0.22161013 0.26889777 0.92686397 4287952557
-0.21563727 0.26882055 0.92658597 4287952557
-0.20966776 0.26874205 0.92631167 4287952557
-0.20369947 0.26865697 0.92604041 4287952557
-0.19774415 0.2685914 0.92578858 4287952557
-0.19180001 0.26854196 0.92555916 4287952557
-0.18585831 0.26848963 0.92533767 4287952557
-0.17991918 0.26843733 0.92511576 4287952557
-0.17398314 0.26838905 0.9248839 4287952557
-0.16803867 0.26831454 0.92462361 4287952557
-0.1620831 0.26820302 0.92433226 4287952557
-0.15613757 0.26811054 0.92403966 4287952557
-0.15020435 0.26804313 0.9237588 4287952557
-0.14427352 0.26797155 0.92348242 4287952557
-0.13834463 0.26789424 0.92320925 4287952557
-0.1324189 0.2678166 0.9229328 4287952557
-0.12649272 0.26772681 0.92264396 4287952557
-0.12057058 0.26763931 0.92234927 4287952557
-0.11465232 0.26755247 0.92205346 4287952557
-0.1087378 0.26746535 0.92175847 4287952557
-0.102827 0.26737773 0.92146516 4287952557
-0.096921034 0.26729456 0.92117482 4287952557
-0.091020487 0.26721814 0.92089111 4287952557
-0.085123107 0.26713979 0.92061317 4287952557
-0.07922893 0.26705953 0.92034 4287952557
-0.07334096 0.2669906 0.9200902 4287952557
-0.067457609 0.26692811 0.91985822 4287952557
-0.061576754 0.26686081 0.91963959 4287952557
-0.055698637 0.26679054 0.91943026 4287952557
-0.049825951 0.26673844 0.91922837 4287952557
-0.043956131 0.26668966 0.91901809 4287952557
-0.038087603 0.26663148 0.91878825 4287952557
-0.032218762 0.26654544 0.91852999 4287952557
-0.026353886 0.2664645 0.91825867 4287952557
-0.020492777 0.26638645 0.9179799 4287952557
-0.014635161 0.26630881 0.91769904 4287952557
-0.008780729 0.26622865 0.91742158 4287952557
-0.0029297222 0.26614779 0.91714644 4287952557
0.0029178001 0.26606652 0.9168725 4287952557
0.0087617459 0.26598701 0.91660029 4287952557
0.014602216 0.26590794 0.91632903 4287952557
0.020439267 0.26582852 0.91605914 4287952557
0.026272915 0.26574856 0.91579068 4287952557
0.032103106 0.26566803 0.9155243 4287952557
0.037929952 0.26558724 0.91525865 4287952557
0.043753393 0.26550633 0.91499382 4287952557
0.049573757 0.26542962 0.91473603 4287952557
0.055391021 0.2653532 0.91448396 4287952557
0.061204895 0.26527712 0.91423112 4287952557
0.067014948 0.26520488 0.91396797 4287952557
0.072820462 0.26514164 0.91368115 4287952557
0.078615911 0.26502356 0.91334063 4287952557
0.084405005 0.26491374 0.91296923 4287952557
0.090187959 0.26480612 0.91258025 4287952557
0.095963828 0.26467645 0.91218382 4287952557
0.10173435 0.26454774 0.91178501 4287952557
0.10749743 0.26443091 0.91135442 4287952557
0.11325105 0.26433271 0.9108727 4287952557
0.11900113 0.26415369 0.91047442 4287952557
0.12478145 0.26382762 0.91019225 4287952557
0.13047971 0.26362506 0.90938061 4287952557
0.13590467 0.26381356 0.90783292 4287952557
0.14079927 0.26418823 0.9052825 4287952557
0.14715287 0.26007724 0.89801198 4287952557
0.14619002 0.25120834 0.8652342 4282643381
0.15129082 0.24990883 0.86311185 4282643381
0.15663393 0.24995705 0.86212516 4282643381
0.16204698 0.24996811 0.86153769 4282643381
0.16748352 0.24992037 0.86117893 4282643381
0.1729257 0.24984795 0.86091256 4282643381
0.17836629 0.2497399 0.86073858 4282643381
0.18379439 0.24964982 0.86047494 4282643381
0.18921891 0.24955744 0.86022025 4282643381
0.19466117 0.24951315 0.8599956 4282643381
0.20013416 0.24952291 0.85985088 4282643381
0.20564258 0.2495773 0.85962707 4282643381
0.2111174 0.24951789 0.85986722 4282643381
0.21664688 0.24953263 0.86089486 4282643381
0.22199154 0.24949454 0.86277199 4282643381
0.23124619 0.25333923 0.87227952 4282643381
-0.73478448 0.26582122 0.89726514 4291520081
-0.7278868 0.26541513 0.8956638 4291520081
-0.72176409 0.26533321 0.89481634 4291520081
-0.7156145 0.26517624 0.89423174 4291520081
-0.70945406 0.26495302 0.8938784 4291520081
-0.70344192 0.26482436 0.89351982 4291520081
-0.69755346 0.26477307 0.8931846 4291520081
-0.69166881 0.26473647 0.89279997 4291520081
-0.68573731 0.26480967 0.89203382 4291520081
-0.67977768 0.26475805 0.89171481 4291520081
-0.67388982 0.26459342 0.89172781 4291520081
-0.66868389 0.26445091 0.89271551 4291520081
-0.66479218 0.26475507 0.89495456 4291520081
-0.66177142 0.266083 0.89840025 4294901760
-0.65961218 0.26847875 0.90446943 4291520081
-0.65994966 0.27053237 0.91232932 4291520081
-0.6598525 0.2727221 0.91992623 4291520081
-0.66015238 0.2749418 0.92794937 4291520081
-0.65888 0.27762464 0.93566906 4291520081
-0.65591109 0.27984315 0.94016153 4286097756
-0.65169781 0.27937806 0.94205666 4286097756
-0.64605409 0.27900061 0.94305468 4287952557
-0.63990712 0.27919263 0.9427852 4287952557
-0.63395619 0.27927929 0.94281298 4287952557
-0.62802035 0.27946323 0.94258714 4287952557
-0.62211609 0.27951029 0.94274819 4287952557
-0.61621004 0.27955475 0.94291699 4287952557
-0.61030197 0.27960059 0.94308168 4287952557
-0.60439175 0.27964807 0.94324178 4287952557
-0.59847945 0.27969831 0.94339412 4287952557
-0.59255886 0.27974722 0.94353211 4287952557
-0.58659917 0.27976549 0.94364589 4287952557
-0.58062452 0.27977496 0.94374347 4287952557
-0.57466012 0.27980709 0.94381124 4287952557
-0.56869507 0.27985531 0.94383341 4287952557
-0.56265408 0.27985099 0.94377339 4287952557
-0.55650282 0.27975872 0.94361973 4287952557
-0.55035478 0.27968362 0.94341809 4287952557
-0.54421037 0.27961937 0.94318634 4287952557
-0.53806913 0.27955857 0.94294536 4287952557
-0.53193069 0.27949572 0.94271046 4287952557
-0.52579516 0.27943152 0.94247955 4287952557
-0.51966238 0.27936631 0.94225132 4287952557
-0.51353222 0.27929744 0.94203317 4287952557
-0.5074051 0.27923068 0.94180948 4287952557
-0.5012781 0.27916452 0.94157398 4287952557
-0.49515337 0.27910328 0.94132054 4287952557
-0.48900735 0.27902454 0.94103229 4287952557
-0.48285353 0.27893698 0.94072789 4287952557
-0.47668362 0.27883321 0.94039923 4287952557
-0.47051844 0.27873221 0.94006366 4287952557
-0.46435761 0.27863127 0.93972832 4287952557
-0.45820087 0.278528 0.93939954 4287952557
-0.45204809 0.27842039 0.9390828 4287952557
-0.44592103 0.27833194 0.93879282 4287952557
-0.43981868 0.27826303 0.93852818 4287952557
-0.43371618 0.27818689 0.938272 4287952557
-0.42761454 0.27810797 0.93801415 4287952557
-0.4215163 0.2780295 0.93775541 4287952557
-0.41542149 0.27795041 0.93749875 4287952557
-0.40932983 0.27786934 0.93724746 4287952557
-0.40324134 0.27778539 0.93700385 4287952557
-0.39719746 0.27775294 0.93678969 4287952557
-0.39113081 0.27768713 0.93656343 4287952557
-0.38505954 0.27761269 0.93632817 4287952557
-0.37899157 0.27754071 0.93608654 4287952557
-0.37292355 0.2774666 0.93583637 4287952557
-0.36685714 0.27739102 0.93558317 4287952557
-0.36079404 0.27731547 0.93532997 4287952557
-0.35473424 0.2772404 0.93507594 4287952557
-0.34867755 0.27716318 0.93482721 4287952557
-0.34262383 0.27708313 0.93458575 4287952557
-0.33657318 0.27699932 0.93435407 4287952557
-0.33054003 0.27693412 0.93414295 4287952557
-0.32451588 0.27687472 0.93394876 4287952557
-0.31849423 0.27681407 0.93375796 4287952557
-0.31247494 0.27675161 0.93357182 4287952557
-0.30645826 0.27669036 0.93338269 4287952557
-0.30044425 0.27663168 0.93318725 4287952557
-0.29443547 0.2765834 0.93297744 4287952557
-0.28840578 0.27650017 0.93272966 4287952557
-0.28237224 0.27641037 0.93245721 4287952557
-0.27634487 0.27632964 0.93217283 4287952557
-0.27032158 0.27625337 0.93187773 4287952557
-0.26430199 0.27617744 0.93158209 4287952557
-0.25828585 0.27610022 0.93128967 4287952557
-0.25227323 0.2760222 0.93099982 4287952557
-0.24626417 0.2759437 0.93071133 4287952557
-0.24025859 0.27586436 0.93042523 4287952557
-0.23425652 0.27578443 0.93014097 4287952557
-0.22825396 0.27569497 0.92985535 4287952557
-0.22225471 0.27560398 0.92957163 4287952557
-0.21625926 0.27551284 0.92928869 4287952557
-0.21026751 0.27542111 0.92900741 4287952557
-0.2042843 0.27533904 0.92873698 4287952557
-0.19830593 0.27525714 0.92847872 4287952557
-0.19233868 0.27519089 0.92824203 4287952557
-0.18637991 0.27513611 0.92802191 4287952557
-0.18042372 0.27508086 0.92780304 4287952557
-0.17447051 0.27502888 0.92757648 4287952557
-0.16852045 0.27498233 0.92733663 4287952557
-0.16254739 0.27486449 0.92705083 4287952557
-0.15658982 0.27478293 0.9267714 4287952557
-0.15063773 0.27470779 0.92649329 4287952557
-0.14468825 0.27462965 0.92621535 4287952557
-0.13874218 0.27455109 0.92593879 4287952557
-0.13279855 0.27446949 0.92565835 4287952557
-0.12685521 0.27437806 0.92536539 4287952557
-0.1209159 0.27428856 0.9250679 4287952557
-0.11498052 0.27420011 0.92476821 4287952557
-0.10904898 0.27411184 0.92446852 4287952557
-0.10312119 0.27402297 0.92417049 4287952557
-0.097197227 0.2739341 0.92387307 4287952557
-0.091276951 0.27384421 0.92357826 4287952557
-0.085360318 0.27375278 0.92328769 4287952557
-0.079449281 0.27366883 0.92301095 4287952557
-0.073541775 0.27358216 0.92274737 4287952557
-0.067642085 0.27351832 0.92251074 4287952557
-0.061745442 0.2734524 0.92229283 4287952557
-0.055853456 0.27339706 0.92209446 4287952557
-0.049963873 0.27334049 0.92189938 4287952557
-0.044077072 0.27328736 0.92169607 4287952557
-0.038192499 0.27323303 0.92147386 4287952557
-0.032306775 0.27314308 0.92121726 4287952557
-0.026425082 0.27305916 0.92094517 4287952557
-0.02054725 0.27297866 0.92066115 4287952557
-0.014673102 0.27289966 0.92037386 4287952557
-0.0088023487 0.2728194 0.92008978 4287952557
-0.0029349201 0.27273718 0.91981077 4287952557
0.0029290575 0.27265406 0.9195345 4287952557
0.0087894443 0.27257282 0.91926026 4287952557
0.014646325 0.27249199 0.91898644 4287952557
0.020499729 0.27241117 0.91871291 4287952557
0.026349578 0.27233148 0.91843653 4287952557
0.032196082 0.27225024 0.91816467 4287952557
0.038039181 0.27216837 0.91789442 4287952557
0.043878812 0.27208665 0.91762406 4287952557
0.049715132 0.27200356 0.91735762 4287952557
0.055548336 0.27191606 0.91710216 4287952557
0.061378386 0.27182606 0.91685343 4287952557
0.067204565 0.27174363 0.91659141 4287952557
0.073026486 0.27167815 0.91630578 4287952557
0.078837633 0.27155599 0.91595548 4287952557
0.084639922 0.2714211 0.9155587 4287952557
0.090435699 0.27129528 0.91514003 4287952557
0.096226037 0.27117035 0.9147197 4287952557
0.10201094 0.27104628 0.914298 4287952557
0.10778914 0.27092922 0.91385895 4287952557
0.1135579 0.27084118 0.91336781 4287952557
0.11930597 0.2706956 0.91277176 4287952557
0.1251069 0.27026907 0.91251147 4287952557
0.13081129 0.27008298 0.91163713 4287952557
0.13625695 0.270138 0.9101522 4287952557
0.14095879 0.27047402 0.90733677 4287952557
0.14744456 0.26596487 0.89853287 4287952557
0.14711314 0.25646028 0.86896032 4282643381
0.15156081 0.25594655 0.86464071 4282643381
0.15691289 0.25587916 0.86369878 4282643381
0.16234034 0.2558811 0.86315328 4282643381
0.16778706 0.25582591 0.86281687 4282643381
0.17323709 0.25574955 0.86255729 4282643381
0.17868742 0.25564992 0.86238098 4282643381
0.18413033 0.25557175 0.86212814 4282643381
0.1895697 0.25549427 0.86187333 4282643381
0.19502366 0.25545305 0.86165905 4282643381
0.20050545 0.25545794 0.86153489 4282643381
0.20600471 0.25549132 0.86131191 4282643381
0.21146719 0.25539851 0.86163396 4282643381
0.2170087 0.25544214 0.86273682 4282643381
0.22280736 0.25586596 0.86527646 4282643381
-0.73714596 0.27245095 0.8999331 4291520081
-0.72955132 0.27171892 0.89781111 4291520081
-0.72342318 0.27165681 0.89690161 4291520081
-0.71726263 0.27150846 0.89627498 4291520081
-0.71120298 0.27135658 0.89592999 4291520081
-0.70518553 0.27123189 0.89557147 4291520081
-0.69917482 0.2711128 0.8951959 4291520081
-0.69321889 0.2710343 0.89481002 4291520081
-0.68729341 0.2710968 0.89411646 4291520081
-0.68129897 0.2711108 0.89359361 4291520081
-0.67538446 0.27093536 0.89359725 4291520081
-0.66982627 0.27085286 0.8940838 4291520081
-0.66556191 0.27078411 0.89609349 4291520081
-0.66259086 0.27178401 0.89919758 4294901760
-0.66001952 0.27416602 0.90459329 4291520081
-0.65997624 0.27630731 0.91224241 4291520081
-0.65950668 0.27856666 0.91971302 4291520081
-0.6599167 0.28086883 0.92778301 4291520081
-0.65956849 0.28342044 0.93607104 4291520081
-0.65690792 0.28645661 0.94191521 4294901760
-0.65339696 0.28633434 0.94455308 4286097756
-0.64796197 0.28583738 0.94568139 4287952557
-0.64167577 0.28582308 0.94557267 4287952557
-0.63558507 0.28589574 0.94542986 4287952557
-0.62958163 0.28615731 0.94499785 4287952557
-0.62366164 0.28622392 0.94510841 4287952557
-0.61774021 0.28627568 0.94525909 4287952557
-0.611817 0.28632301 0.94542187 4287952557
-0.60589176 0.28637072 0.94558364 4287952557
-0.59996426 0.28642347 0.9457317 4287952557
-0.59403455 0.28648204 0.94586343 4287952557
-0.58804786 0.28649306 0.94596219 4287952557
-0.5820483 0.28649583 0.94604808 4287952557
-0.57605755 0.28651226 0.9461261 4287952557
-0.57007772 0.28654805 0.94618648 4287952557
-0.5640974 0.28659794 0.94620889 4287952557
-0.55804348 0.28659514 0.94615096 4287952557
-0.55187792 0.28650248 0.94599032 4287952557
-0.54571557 0.28642619 0.94578499 4287952557
-0.53955674 0.28635973 0.94555354 4287952557
-0.53340101 0.28629565 0.94531655 4287952557
-0.52724808 0.28622967 0.94508439 4287952557
-0.52109331 0.28615767 0.94485354 4287952557
-0.51494122 0.28608313 0.94462889 4287952557
-0.5087921 0.28600815 0.9444055 4287952557
-0.50264627 0.28593639 0.94417381 4287952557
-0.49650407 0.28587082 0.94392651 4287952557
-0.49033412 0.28577888 0.94364476 4287952557
-0.48416293 0.28568783 0.94334221 4287952557
-0.47799626 0.28560147 0.94302827 4287952557
-0.47183374 0.28551683 0.94271016 4287952557
-0.46566296 0.28541937 0.94238412 4287952557
-0.45948815 0.28531054 0.94206011 4287952557
-0.45331749 0.28519765 0.94174677 4287952557
-0.44719151 0.28512776 0.9414677 4287952557
-0.44107142 0.2850565 0.94120336 4287952557
-0.43495426 0.28498161 0.94094867 4287952557
-0.42884031 0.284906 0.94069576 4287952557
-0.42272836 0.28482985 0.94043952 4287952557
-0.41661549 0.28474727 0.94018435 4287952557
-0.41050562 0.28465936 0.93994284 4287952557
-0.40442029 0.28459287 0.93973184 4287952557
-0.39835799 0.28454816 0.93954813 4287952557
-0.3922976 0.28450057 0.93937171 4287952557
-0.38622633 0.28443667 0.93918204 4287952557
-0.38013875 0.28435078 0.93896741 4287952557
-0.37405479 0.28427038 0.93873972 4287952557
-0.36797425 0.28419477 0.93850058 4287952557
-0.36189708 0.28412125 0.9382568 4287952557
-0.35582313 0.2840485 0.93801153 4287952557
-0.34975231 0.2839753 0.93776733 4287952557
-0.34368461 0.28390199 0.93752408 4287952557
-0.33761722 0.28382257 0.93728304 4287952557
-0.3315509 0.28373682 0.93704826 4287952557
-0.32550338 0.28367323 0.93683481 4287952557
-0.31946421 0.28361502 0.93663651 4287952557
-0.31343445 0.28356546 0.93645298 4287952557
-0.30740675 0.28351396 0.93627405 4287952557
-0.30138159 0.28346598 0.93608713 4287952557
-0.29535925 0.28342518 0.93588322 4287952557
-0.28931212 0.28334296 0.93563408 4287952557
-0.28325683 0.28324658 0.93535495 4287952557
-0.2772058 0.28315637 0.93506157 4287952557
-0.2711587 0.28306678 0.93476695 4287952557
-0.26511538 0.2829766 0.93447411 4287952557
-0.25907591 0.28288677 0.93418074 4287952557
-0.25304028 0.28279728 0.93388677 4287952557
-0.24700841 0.28270748 0.93359393 4287952557
-0.24098045 0.2826184 0.93329972 4287952557
-0.23495841 0.28253311 0.93301082 4287952557
-0.22894157 0.28244972 0.93272823 4287952557
-0.22292824 0.28236535 0.93244827 4287952557
-0.21691489 0.28227273 0.93216407 4287952557
-0.21090865 0.28218767 0.93188566 4287952557
-0.20490891 0.28210926 0.9316116 4287952557
-0.19891237 0.28202841 0.93134367 4287952557
-0.19291888 0.28194275 0.93108737 4287952557
-0.18692838 0.28185233 0.93084252 4287952557
-0.18094131 0.28176159 0.93059868 4287952557
-0.17495838 0.28167439 0.93035173 4287952557
-0.16899139 0.28162807 0.93010741 4287952557
-0.16301477 0.28154525 0.92984533 4287952557
-0.15704083 0.28146151 0.92957741 4287952557
-0.15107 0.28137693 0.92930752 4287952557
-0.14510269 0.28129286 0.92903686 4287952557
-0.139139 0.28120968 0.92876428 4287952557
-0.13317712 0.28112203 0.92848408 4287952557
-0.12721619 0.28102621 0.92819345 4287952557
-0.12125936 0.28093258 0.92789805 4287952557
-0.11530655 0.28084052 0.92759919 4287952557
-0.10935767 0.28074887 0.92730004 4287952557
-0.10341258 0.28065658 0.92700225 4287952557
-0.097471364 0.28056404 0.92670578 4287952557
-0.091534004 0.28047115 0.92641014 4287952557
-0.085600398 0.28037676 0.92611855 4287952557
-0.079670385 0.28027877 0.92583531 4287952557
-0.073743887 0.28017572 0.92556435 4287952557
-0.067825302 0.28009436 0.92532247 4287952557
-0.061915327 0.28004652 0.92511654 4287952557
-0.056007177 0.27999321 0.92492336 4287952557
-0.050101157 0.27993837 0.9247337 4287952557
-0.04419766 0.27988699 0.92453629 4287952557
-0.038296793 0.27984029 0.92432165 4287952557
-0.032392498 0.27973631 0.92406052 4287952557
-0.02649237 0.27963728 0.92378056 4287952557
-0.020596614 0.27954391 0.92348957 4287952557
-0.01470572 0.27946326 0.92319953 4287952557
-0.0088183833 0.27938148 0.92291242 4287952557
-0.0029344098 0.27929705 0.92263168 4287952557
0.0029461794 0.27921063 0.92235595 4287952557
0.0088232374 0.2791259 0.9220835 4287952557
0.014696765 0.27904326 0.9218117 4287952557
0.020566745 0.278965 0.92153984 4287952557
0.026433261 0.27888781 0.92126608 4287952557
0.032296311 0.27881122 0.92099112 4287952557
0.03815591 0.27873486 0.92071587 4287952557
0.044012126 0.27865815 0.92044175 4287952557
0.049865253 0.27857855 0.92017454 4287952557
0.055715583 0.27849394 0.91991901 4287952557
0.061564546 0.2784299 0.91968274 4287952557
0.067412846 0.27841005 0.91945463 4287952557
0.073257223 0.27840218 0.91919863 4287952557
0.079084806 0.27825519 0.91883343 4287952557
0.084900633 0.27807206 0.91839951 4287952557
0.090709023 0.27789924 0.91794312 4287952557
0.096515909 0.27778557 0.9175024 4287952557
0.10231753 0.277679 0.91706049 4287952557
0.10811246 0.27757901 0.91660362 4287952557
0.11389878 0.27749318 0.91611379 4287952557
0.11965688 0.27730742 0.91547209 4287952557
0.12553227 0.27670133 0.91532332 4287952557
0.13123499 0.27649465 0.91423869 4287952557
0.13667125 0.27652776 0.91261739 4287952557
0.1412378 0.27680939 0.90968198 4294901760
0.14710847 0.27189231 0.89870197 4294901760
0.14778358 0.26246858 0.86988634 4282643381
0.1518451 0.26198286 0.86626899 4282643381
0.15722047 0.26191497 0.86538202 4282643381
0.16266896 0.26193294 0.86487353 4282643381
0.16813236 0.26189274 0.86454666 4282643381
0.17359808 0.26181671 0.86431015 4282643381
0.17906374 0.26171884 0.86414772 4282643381
0.1845216 0.26164427 0.8639065 4282643381
0.18997635 0.2615706 0.86366236 4282643381
0.1954322 0.26151064 0.86340761 4282643381
0.20091233 0.26148278 0.86327165 4282643381
0.20640849 0.26148435 0.86304241 4282643381
0.21186119 0.26136342 0.86350948 4282643381
0.21737765 0.2613956 0.86475658 4282643381
0.22436532 0.26314172 0.86885351 4282643381
-0.73120165 0.27799568 0.90013158 4291520081
-0.72507131 0.27795711 0.89915401 4291520081
-0.71904695 0.277906 0.89854306 4291520081
-0.71300972 0.2777921 0.89814043 4291520081
-0.70697379 0.27765664 0.89780134 4291520081
-0.70094699 0.27753538 0.89742059 4291520081
-0.69492537 0.27741393 0.8970409 4291520081
-0.68890512 0.27737221 0.89642459 4291520081
-0.68286538 0.27740493 0.89572257 4291520081
-0.67687535 0.27730739 0.89549291 4291520081
-0.67119032 0.27719426 0.8958236 4291520081
-0.66651386 0.27698034 0.89743716 4291520081
-0.66330367 0.27779788 0.90028375 4291520081
-0.6604749 0.27992237 0.904908 4291520081
-0.65930885 0.28218332 0.91191852 4291520081
-0.6595273 0.28441337 0.91968697 4291520081
-0.65955198 0.28679124 0.9275853 4291520081
-0.65989506 0.28930849 0.93615144 4291520081
-0.6577071 0.29261526 0.94332093 4294901760
-0.65468585 0.29358652 0.94683182 4286097756
-0.64980358 0.29297552 0.94820935 4294901760
-0.64381683 0.29270065 0.94869566 4287952557
-0.63748157 0.29280013 0.94818652 4287952557
-0.63133818 0.29296982 0.94769615 4287952557
-0.62533581 0.29303637 0.9476403 4287952557
-0.61933517 0.2930468 0.94772595 4287952557
-0.61338592 0.29309574 0.94785863 4287952557
-0.60744548 0.29315144 0.94800377 4287952557
-0.6015029 0.29320797 0.94814664 4287952557
-0.59555817 0.29327118 0.94827193 4287952557
-0.58955771 0.2932874 0.94836164 4287952557
-0.58354264 0.29329365 0.94843763 4287952557
-0.57752693 0.29329902 0.94851607 4287952557
-0.57151037 0.29330495 0.94859302 4287952557
-0.56549287 0.29331714 0.9486531 4287952557
-0.55947584 0.29334569 0.94867343 4287952557
-0.55340856 0.29334521 0.94861549 4287952557
-0.54722697 0.29324761 0.94845444 4287952557
-0.54104465 0.2931608 0.9482531 4287952557
-0.53486562 0.29308149 0.9480328 4287952557
-0.52868986 0.29300269 0.94781113 4287952557
-0.5225172 0.29292354 0.94759041 4287952557
-0.51635349 0.29285079 0.94737244 4287952557
-0.51020497 0.29279336 0.94715506 4287952557
-0.5040592 0.29273823 0.94693255 4287952557
-0.49791673 0.29268992 0.94669396 4287952557
-0.49171743 0.29258275 0.94640535 4287952557
-0.48552224 0.29248098 0.94610244 4287952557
-0.47933146 0.29238233 0.94579214 4287952557
-0.4731451 0.29228482 0.94547969 4287952557
-0.46696264 0.29218546 0.94517171 4287952557
-0.46078423 0.2920849 0.94486696 4287952557
-0.45462301 0.29199705 0.94457793 4287952557
-0.4484809 0.29192477 0.94430614 4287952557
-0.4423416 0.29184878 0.9440431 4287952557
-0.43620548 0.29177037 0.9437865 4287952557
-0.43007272 0.29169387 0.94352561 4287952557
-0.42394349 0.29161817 0.94326323 4287952557
-0.41781741 0.29154035 0.9430061 4287952557
-0.41169339 0.29145387 0.94276655 4287952557
-0.405628 0.29143333 0.94258696 4287952557
-0.39956397 0.2914027 0.94243342 4287952557
-0.39350107 0.29136509 0.94229615 4287952557
-0.38744149 0.29133001 0.94215953 4287952557
-0.38139212 0.2913115 0.94201964 4287952557
-0.37530172 0.29123694 0.94183129 4287952557
-0.36920682 0.29115915 0.94161844 4287952557
-0.36311531 0.2910876 0.9413923 4287952557
-0.35702688 0.29101864 0.94116014 4287952557
-0.35094145 0.29095 0.94092786 4287952557
-0.34485897 0.29088148 0.94069535 4287952557
-0.33877954 0.29081395 0.94046104 4287952557
-0.33270299 0.290746 0.94022757 4287952557
-0.32662642 0.29067108 0.93999702 4287952557
-0.32055286 0.29059333 0.9397735 4287952557
-0.31449944 0.29054099 0.93957698 4287952557
-0.30844826 0.29048598 0.93938637 4287952557
-0.30239964 0.29043314 0.93919098 4287952557
-0.29635403 0.29038769 0.93897939 4287952557
-0.29027605 0.29028565 0.93871379 4287952557
-0.28421128 0.29020864 0.93843818 4287952557
-0.27814135 0.29011837 0.93814564 4287952557
-0.27207384 0.29002547 0.9378525 4287952557
-0.2660099 0.28993022 0.93756497 4287952557
-0.2599498 0.28983513 0.93727744 4287952557
-0.2538937 0.28974161 0.93698657 4287952557
-0.24784152 0.28964981 0.93669206 4287952557
-0.24179325 0.2895588 0.93639642 4287952557
-0.23574857 0.28946546 0.93610615 4287952557
-0.22970746 0.2893694 0.93582213 4287952557
-0.22367002 0.28927162 0.93554229 4287952557
-0.21764879 0.28920382 0.93527687 4287952557
-0.21161722 0.28910449 0.93499041 4287952557
-0.20559703 0.28902641 0.93470657 4287952557
-0.19958019 0.28894717 0.93442559 4287952557
-0.19356661 0.28886509 0.93415111 4287952557
-0.1875561 0.28877792 0.93388844 4287952557
-0.18154895 0.28868929 0.93362921 4287952557
-0.17554528 0.28860092 0.93336946 4287952557
-0.16954575 0.28851542 0.93310875 4287952557
-0.16355179 0.28843686 0.93284988 4287952557
-0.15756115 0.28835893 0.93258989 4287952557
-0.15157349 0.28828028 0.9323284 4287952557
-0.1455891 0.28820157 0.93206662 4287952557
-0.13960809 0.28812349 0.93180388 4287952557
-0.13363059 0.288048 0.93153542 4287952557
-0.1276539 0.28796443 0.93125761 4287952557
-0.12167995 0.2878789 0.9309743 4287952557
-0.11570971 0.28779468 0.93068838 4287952557
-0.1097431 0.28771108 0.93040127 4287952557
-0.10378008 0.28762749 0.93011457 4287952557
-0.097820558 0.28754294 0.92983037 4287952557
-0.091864534 0.28745764 0.92954797 4287952557
-0.085911989 0.28737113 0.92926866 4287952557
-0.079965092 0.28729525 0.92900062 4287952557
-0.074022211 0.28722125 0.9287464 4287952557
-0.068082064 0.28714114 0.92850608 4287952557
-0.062149271 0.28708717 0.92829531 4287952557
-0.056219339 0.28703332 0.92809892 4287952557
-0.050291765 0.28697819 0.9279055 4287952557
-0.044366308 0.28692117 0.92770356 4287952557
-0.038441502 0.28684735 0.92747825 4287952557
-0.032520253 0.28678146 0.92723614 4287952557
-0.026599264 0.28668499 0.92696089 4287952557
-0.02068175 0.28658628 0.92667174 4287952557
-0.014768144 0.28648892 0.92638022 4287952557
-0.0088582132 0.28639004 0.92609215 4287952557
-0.0029519263 0.28628895 0.92580932 4287952557
0.0029494967 0.28621891 0.92554897 4287952557
0.0088477135 0.28615364 0.9252941 4287952557
0.014743397 0.28605738 0.92502362 4287952557
0.020635279 0.28596291 0.92474931 4287952557
0.026523339 0.28587061 0.9244706 4287952557
0.032407586 0.2857804 0.92418766 4287952557
0.038288061 0.2856918 0.92390174 4287952557
0.044164922 0.28560302 0.92361659 4287952557
0.050038237 0.28550753 0.92333573 4287952557
0.055908211 0.2854048 0.92306548 4287952557
0.061775014 0.28529733 0.92280591 4287952557
0.06764207 0.2852588 0.9225682 4287952557
0.073506102 0.28525195 0.92231047 4287952557
0.079357699 0.2851674 0.92196566 4287952557
0.085192889 0.28498191 0.92152023 4287952557
0.091019839 0.28481308 0.92103893 4287952557
0.096839704 0.28465033 0.9205454 4287952557
0.10265376 0.28448468 0.92005944 4287952557
0.10846136 0.28432041 0.91957122 4287952557
0.11425886 0.28417876 0.91903496 4287952557
0.12004145 0.2840125 0.91843766 4287952557
0.12587766 0.28361201 0.91816407 4287952557
0.13166329 0.28344613 0.91740417 4287952557
0.13692831 0.28380454 0.91557401 4294901760
0.14144009 0.2838724 0.91299415 4294901760
0.14703213 0.2778385 0.89916378 4294901760
0.14817341 0.26835492 0.87175333 4282643381
0.15213537 0.2680321 0.86793137 4282643381
0.15754387 0.26802614 0.86711472 4282643381
0.16300929 0.26803616 0.86664051 4282643381
0.16848718 0.26800063 0.86631978 4282643381
0.17397124 0.26792908 0.8661167 4282643381
0.17945533 0.26783642 0.86598259 4282643381
0.18493113 0.26776975 0.86576402 4282643381
0.19040088 0.26769367 0.86554015 4282643381
0.195866 0.2676174 0.86529744 4282643381
0.20135331 0.26758581 0.86510664 4282643381
0.20690672 0.26764324 0.86505371 4282643381
0.21235475 0.26749298 0.86560184 4282643381
0.21780923 0.26746058 0.86701912 4282643381
0.22616898 0.2705971 0.87293911 4282643381
-0.73339421 0.28457436 0.90282124 4291520081
-0.72692174 0.28436539 0.90162104 4291520081
-0.72088063 0.28430632 0.90102631 4291520081
-0.71482891 0.28421664 0.90052581 4291520081
-0.70877188 0.28408158 0.90015459 4291520081
-0.70272118 0.28394622 0.89978564 4291520081
-0.69668341 0.28381735 0.89941561 4291520081
-0.69065386 0.28371021 0.89898556 4291520081
-0.68458593 0.28375214 0.8981337 4291520081
-0.67846125 0.28368697 0.89757615 4291520081
-0.67266864 0.28350323 0.89779067 4291520081
-0.66773486 0.2834706 0.89911878 4294901760
-0.66397345 0.28385773 0.90140516 4291520081
-0.66108149 0.28568223 0.90546626 4294901760
-0.65916193 0.28803563 0.91175348 4291520081
-0.65940398 0.29028544 0.91963589 4291520081
-0.65933591 0.29270133 0.92747009 4291520081
-0.65935057 0.29534706 0.93586606 4291520081
-0.65855968 0.29825133 0.94395924 4291520081
-0.65594035 0.30074266 0.94892424 4286097756
-0.65175116 0.30008766 0.95093507 4286097756
-0.64598382 0.29963014 0.95179683 4287952557
-0.63955814 0.29975146 0.95129842 4287952557
-0.6333155 0.2998268 0.95087689 4287952557
-0.62714452 0.29991558 0.95044637 4287952557
-0.62112576 0.29994589 0.95048368 4287952557
-0.61510712 0.29996154 0.95055753 4287952557
-0.60908806 0.29996631 0.95065784 4287952557
-0.60306835 0.29996881 0.95076436 4287952557
-0.59709215 0.30002126 0.95087767 4287952557
-0.59107745 0.3000448 0.95095491 4287952557
-0.58504653 0.30005807 0.95101386 4287952557
-0.57904607 0.30009937 0.95109433 4287952557
-0.57305408 0.30014667 0.95118904 4287952557
-0.56706083 0.30019358 0.95128524 4287952557
-0.56106633 0.30025017 0.95135778 4287952557
-0.55505991 0.30031273 0.95138365 4287952557
-0.54893285 0.30026984 0.9513014 4287952557
-0.54280776 0.30024618 0.95117348 4287952557
-0.53667277 0.30021983 0.95101702 4287952557
-0.53049415 0.30014908 0.95082712 4287952557
-0.52431822 0.30008027 0.95063275 4287952557
-0.51814485 0.30000985 0.95044202 4287952557
-0.51197433 0.2999416 0.95024633 4287952557
-0.5058068 0.29987815 0.95003968 4287952557
-0.49964151 0.29982254 0.94981217 4287952557
-0.49341995 0.29970831 0.94952804 4287952557
-0.48720306 0.29960194 0.94922668 4287952557
-0.48099056 0.29949936 0.94891691 4287952557
-0.47478396 0.2993978 0.94861197 4287952557
-0.46860585 0.29932266 0.94832927 4287952557
-0.46243086 0.29924545 0.94805127 4287952557
-0.45626074 0.29916921 0.94777715 4287952557
-0.45009539 0.29909003 0.94751549 4287952557
-0.44393331 0.29900837 0.94725955 4287952557
-0.43777436 0.29892543 0.9470064 4287952557
-0.43161887 0.2988438 0.946751 4287952557
-0.42546064 0.29875669 0.9464848 4287952557
-0.41930532 0.29866859 0.94621903 4287952557
-0.41315296 0.29857272 0.9459703 4287952557
-0.40702197 0.29848993 0.94576246 4287952557
-0.40093639 0.29845518 0.94561636 4287952557
-0.3948583 0.29841977 0.94549567 4287952557
-0.38879487 0.29839736 0.94540042 4287952557
-0.38273269 0.29837796 0.94529885 4287952557
-0.37666425 0.29835713 0.94516879 4287952557
-0.370556 0.29827887 0.94498873 4287952557
-0.36445084 0.2982102 0.94478887 4287952557
-0.35834864 0.29814762 0.9445765 4287952557
-0.35224283 0.29807729 0.9443531 4287952557
-0.34613729 0.2980029 0.9441272 4287952557
-0.34003481 0.29793018 0.94389814 4287952557
-0.33393535 0.29785898 0.94366592 4287952557
-0.32783586 0.29778308 0.94342995 4287952557
-0.32173631 0.29770052 0.94319391 4287952557
-0.31563979 0.29761595 0.94296187 4287952557
-0.30955058 0.2975361 0.9427411 4287952557
-0.30348063 0.29748869 0.94253045 4287952557
-0.29741374 0.29744855 0.94230461 4287952557
-0.29130831 0.29733789 0.94201887 4287952557
-0.28519556 0.2972118 0.94170606 4287952557
-0.27911174 0.29713655 0.94141191 4287952557
-0.27303305 0.29706284 0.94112378 4287952557
-0.26695734 0.29698491 0.94084489 4287952557
-0.26088139 0.29689819 0.94056499 4287952557
-0.25480312 0.29679963 0.94027698 4287952557
-0.24872883 0.29670298 0.93998516 4287952557
-0.24265848 0.29660743 0.93969154 4287952557
-0.2365917 0.29650894 0.93940449 4287952557
-0.23052838 0.29640517 0.9391287 4287952557
-0.22447671 0.29631805 0.93886852 4287952557
-0.21845096 0.2962878 0.93863344 4287952557
-0.21240148 0.29619431 0.93835747 4287952557
-0.20633945 0.29606235 0.93805027 4287952557
-0.20030025 0.29598224 0.93775958 4287952557
-0.1942652 0.29590306 0.93747234 4287952557
-0.18823327 0.29581916 0.93719536 4287952557
-0.1822045 0.29573119 0.93692702 4287952557
-0.17618169 0.29564959 0.93666536 4287952557
-0.17016251 0.2955685 0.93640524 4287952557
-0.16414662 0.2954869 0.93614644 4287952557
-0.15813404 0.29540533 0.93588793 4287952557
-0.15212484 0.29532424 0.93562847 4287952557
-0.14611894 0.29524335 0.93536901 4287952557
-0.14011642 0.29516307 0.9351083 4287952557
-0.13411704 0.29508343 0.93484288 4287952557
-0.12812099 0.29500446 0.93457639 4287952557
-0.12212608 0.2949174 0.93430269 4287952557
-0.11613356 0.29482663 0.9340238 4287952557
-0.11014462 0.29473528 0.93374598 4287952557
-0.10415927 0.29464406 0.93346846 4287952557
-0.098177493 0.29455164 0.93319368 4287952557
-0.092202961 0.29447788 0.93292993 4287952557
-0.086231731 0.29440483 0.93266851 4287952557
-0.080263585 0.29433039 0.93240988 4287952557
-0.074298315 0.29425165 0.93215972 4287952557
-0.068335988 0.29416859 0.93191862 4287952557
-0.062378626 0.29409605 0.93169439 4287952557
-0.056426976 0.29404378 0.93149072 4287952557
-0.050476871 0.29398245 0.93128723 4287952557
-0.044527244 0.29390156 0.93106997 4287952557
-0.038580917 0.29382563 0.93084294 4287952557
-0.032637969 0.2937558 0.93060356 4287952557
-0.026698431 0.29369205 0.93035239 4287952557
-0.020759637 0.29359785 0.93007529 4287952557
-0.014823814 0.29349381 0.92978889 4287952557
-0.0088917371 0.29338861 0.92950511 4287952557
-0.0029649658 0.29331669 0.92924321 4287952557
0.0029587208 0.293248 0.92899156 4287952557
0.0088795274 0.29317713 0.92874449 4287952557
0.014797202 0.29310703 0.92849594 4287952557
0.020711748 0.29300746 0.92822444 4287952557
0.026622243 0.29291236 0.92794359 4287952557
0.032528725 0.29282147 0.92765456 4287952557
0.038431287 0.29273254 0.92735928 4287952557
0.044329841 0.29264069 0.92705679 4287952557
0.050224714 0.29254818 0.92675591 4287952557
0.05611629 0.29244938 0.92646831 4287952557
0.062004425 0.29234564 0.92619103 4287952557
0.067888461 0.29224595 0.92590588 4287952557
0.073767416 0.29215857 0.92559582 4287952557
0.079639137 0.29207799 0.92523843 4287952557
0.085494168 0.29190162 0.92477322 4287952557
0.091340959 0.2917437 0.92427278 4287952557
0.097181045 0.29158887 0.92376685 4287952557
0.10301574 0.29142836 0.92327422 4287952557
0.1088437 0.29127112 0.92277545 4287952557
0.11466482 0.29115325 0.92224187 4287952557
0.12048712 0.29105842 0.92175704 4287952557
0.12629719 0.290714 0.92137641 4287952557
0.1321916 0.29031703 0.92100686 4287952557
0.137537 0.29092911 0.91981113 4294901760
0.14196861 0.2915023 0.91763306 4294901760
0.14616705 0.2837778 0.89916825 4294901760
0.14810611 0.27474523 0.87247902 4282643381
0.15260261 0.27388006 0.87024826 4282643381
0.15787451 0.27414846 0.86891061 4282643381
0.16335544 0.27414998 0.86847085 4282643381
0.16884771 0.27410409 0.86818254 4282643381
0.17434347 0.27402699 0.8679899 4282643381
0.1798386 0.27392539 0.86787152 4282643381
0.18532625 0.27384868 0.86767656 4282643381
0.19081365 0.27378076 0.86748123 4282643381
0.19631162 0.27372715 0.86735702 4282643381
0.20186755 0.2738395 0.86715007 4282643381
0.20743605 0.27386701 0.86715162 4282643381
0.21286935 0.273671 0.86776775 4282643381
0.21824948 0.27355763 0.86933422 4282643381
0.22721694 0.27736259 0.87641317 4282643381
-0.73647976 0.29170266 0.90600026 4291520081
-0.72953004 0.29123944 0.90452731 4291520081
-0.72330219 0.29111773 0.90373832 4291520081
-0.71706253 0.29092315 0.90314931 4291520081
-0.71082133 0.29067361 0.9027105 4291520081
-0.70475197 0.29053566 0.902336 4291520081
-0.69877684 0.29045889 0.90200245 4291520081
-0.69280589 0.29039145 0.90164346 4291520081
-0.68680233 0.2904745 0.90087754 4291520081
-0.68071818 0.29049927 0.90028411 4291520081
-0.67470729 0.29030985 0.90021658 4291520081
-0.66900772 0.29001248 0.9006961 4294901760
-0.66486245 0.29007557 0.90273273 4291520081
-0.66179121 0.29139465 0.90621525 4294901760
-0.659495 0.29383224 0.9118613 4291520081
-0.65931255 0.29617253 0.91960871 4291520081
-0.65902317 0.29865459 0.92738682 4291520081
-0.65960789 0.30129242 0.93596315 4291520081
-0.65911651 0.30401716 0.94417214 4291520081
-0.65662664 0.30725512 0.95061678 4294901760
-0.65345031 0.30739379 0.95348972 4286097756
-0.64807516 0.30670106 0.95471233 4294901760
-0.35520357 -0.08957845 0.96902162 4287952557
-0.34779954 -0.08925359 0.96541214 4287952557
-0.34046656 -0.088952087 0.96221232 4287952557
-0.33338282 -0.088699773 0.95948678 4287952557
-0.32645452 -0.088480935 0.95713502 4287952557
-0.31969586 -0.088296302 0.95509374 4287952557
-0.3129873 -0.088123128 0.95323688 4287952557
-0.30640334 -0.087972023 0.95152128 4287952557
-0.29981792 -0.087821119 0.94990128 4287952557
-0.29325038 -0.087674685 0.94840759 4287952557
-0.28678805 -0.087551437 0.94713873 4287952557
-0.28049147 -0.087465547 0.94612557 4287952557
-0.2742362 -0.087393209 0.9453181 4287952557
-0.26806217 -0.087342739 0.94469357 4287952557
-0.26188126 -0.087292977 0.94421959 4287952557
-0.2557224 -0.087248802 0.9439224 4287952557
-0.24972372 -0.087252684 0.94379044 4287952557
-0.24372049 -0.087258264 0.94375455 4287952557
-0.23771876 -0.087265223 0.94384074 4287952557
-0.23172481 -0.087272115 0.94406259 4287952557
-0.22577126 -0.08729133 0.94444436 4287952557
-0.21992142 -0.087370388 0.94498509 4287952557
-0.21406175 -0.08744093 0.94571859 4287952557
-0.20821542 -0.0875092 0.94661343 4287952557
-0.20239432 -0.087594755 0.94762701 4287952557
-0.19658153 -0.087709434 0.94871169 4287952557
-0.19077142 -0.087826051 0.94991016 4287952557
-0.184972 -0.0879426 0.95123267 4287952557
-0.17919305 -0.088058159 0.95268065 4287952557
-0.17340475 -0.088222362 0.95431101 4287952557
-0.16763583 -0.08840175 0.9561727 4287952557
-0.16191359 -0.088579744 0.95824385 4287952557
-0.15615955 -0.088799983 0.96053624 4287952557
-0.15041055 -0.089030668 0.96299821 4287952557
-0.1446936 -0.089264005 0.96562427 4287952557
-0.13891241 -0.089538768 0.9684881 4287952557
-0.13317461 -0.089812659 0.97151351 4287952557
-0.12741786 -0.090111665 0.97477305 4287952557
-0.12157868 -0.090451598 0.97831315 4287952557
-0.11584434 -0.090782419 0.98202455 4287952557
-0.1100113 -0.091163546 0.98609841 4287952557
-0.10423183 -0.091561206 0.99047697 4287952557
-0.098392189 -0.092009172 0.99531811 4287952557
-0.092509255 -0.092505082 1.0006362 4287952557
-0.086748041 -0.092993177 1.0062168 4287952557
-0.08087334 -0.093527317 1.0122668 4287952557
-0.074989341 -0.094059534 1.0185586 4287952557
-0.068990268 -0.094637148 1.0255029 4287952557
-0.062624842 -0.095369644 1.0322691 4287952557
-0.056101635 -0.096260555 1.0392628 4287952557
-0.049270999 -0.097585335 1.0459974 4287952557
-0.04315893 -0.097737506 1.0507396 4287952557
-0.037185617 -0.096693568 1.0524194 4287952557
-0.030418577 -0.096308373 1.0525807 4294901760
0.15543917 -0.087528341 0.95516676 4282643381
0.16101517 -0.087743059 0.95280486 4282643381
0.16682447 -0.08809752 0.95152658 4282643381
0.17272647 -0.088108987 0.95058769 4282643381
0.17866711 -0.08783292 0.94993943 4282643381
0.18462445 -0.087813824 0.94941306 4282643381
0.19058864 -0.08778467 0.94895858 4282643381
0.1965476 -0.087756291 0.94850397 4282643381
0.20250247 -0.087734915 0.94804257 4282643381
0.20846447 -0.087760769 0.94755816 4282643381
0.21440136 -0.08745423 0.94744015 4282643381
0.22063477 -0.08764153 0.94812542 4282643381
0.22685589 -0.08731968 0.9501664 4282643381
-0.71367401 -0.085636795 0.99500448 4291520081
-0.70697683 -0.085646525 0.99445248 4291520081
-0.70034617 -0.085610799 0.99404204 4291520081
-0.69372094 -0.085580632 0.99362653 4291520081
-0.68709975 -0.085630164 0.99313724 4291520081
-0.68042684 -0.085884951 0.9924677 4291520081
-0.6737721 -0.085847937 0.99213433 4291520081
-0.66784751 -0.085902825 0.99288154 4291520081
-0.66288805 -0.085367776 0.99483567 4291520081
-0.65943229 -0.085491523 0.99886805 4291520081
-0.65670955 -0.086435623 1.0048072 4291520081
-0.65503448 -0.087244682 1.012553 4291520081
-0.65469986 -0.087915435 1.0216523 4291520081
-0.65478939 -0.088745363 1.03181 4291520081
-0.65488517 -0.089648165 1.0423805 4291520081
-0.65386355 -0.090749539 1.0526901 4291520081
-0.65306705 -0.092109807 1.0630621 4291520081
-0.65039247 -0.094119303 1.0725076 4291520081
-0.64850134 -0.092788108 1.0764976 4291520081
-0.64275831 -0.091308564 1.0775959 4291520081
-0.63557804 -0.091759212 1.0776715 4294901760
-0.40670809 -0.086466707 1.0046016 4287952557
-0.39695501 -0.085744642 0.99621803 4287952557
-0.38794121 -0.085153706 0.98931509 4287952557
-0.37926531 -0.084629312 0.98324651 4287952557
-0.37094873 -0.08416611 0.97787559 4287952557
-0.36302799 -0.083768904 0.97319347 4287952557
-0.35516733 -0.083393984 0.9689613 4287952557
-0.34776342 -0.083090894 0.9653424 4287952557
-0.34044576 -0.082812056 0.96214497 4287952557
-0.33335578 -0.082576431 0.95942271 4287952557
-0.32643947 -0.082374662 0.95708263 4287952557
-0.31968081 -0.082203284 0.95505583 4287952557
-0.31298172 -0.082043812 0.95320916 4287952557
-0.30639422 -0.081903018 0.95150721 4287952557
-0.2998156 -0.081764393 0.9499104 4287952557
-0.29324958 -0.081629299 0.94844043 4287952557
-0.28682306 -0.08152134 0.9471913 4287952557
-0.28052461 -0.081441104 0.94617862 4287952557
-0.27423418 -0.081366807 0.94535589 4287952557
-0.26805535 -0.08131779 0.94471204 4287952557
-0.2618764 -0.081271537 0.94422072 4287952557
-0.25571704 -0.081230991 0.94391978 4287952557
-0.24972069 -0.081234269 0.94378817 4287952557
-0.24372126 -0.081240289 0.94375819 4287952557
-0.23771939 -0.081246838 0.94383872 4287952557
-0.23172475 -0.081253648 0.94405401 4287952557
-0.22576821 -0.081270978 0.94442451 4287952557
-0.21991432 -0.081342071 0.94495535 4287952557
-0.21405177 -0.081406146 0.94567609 4287952557
-0.20820452 -0.081469923 0.94656372 4287952557
-0.20238246 -0.081548676 0.94757301 4287952557
-0.19657014 -0.081656463 0.9486562 4287952557
-0.19076008 -0.081765532 0.94985408 4287952557
-0.18496136 -0.081874117 0.95118052 4287952557
-0.17918338 -0.081981249 0.95263124 4287952557
-0.1733959 -0.082133204 0.95425946 4287952557
-0.16762677 -0.082300276 0.95611894 4287952557
-0.16190512 -0.082465857 0.95819032 4287952557
-0.15615153 -0.082671687 0.96048748 4287952557
-0.15040429 -0.082887053 0.96295726 4287952557
-0.14468746 -0.08310511 0.96558917 4287952557
-0.13890922 -0.083360866 0.96845871 4287952557
-0.13317461 -0.083616234 0.97149223 4287952557
-0.12742823 -0.083893605 0.97475988 4287952557
-0.1215746 -0.084215537 0.97832638 4287952557
-0.11584935 -0.0845237 0.98205239 4287952557
-0.11002372 -0.084877796 0.98613006 4287952557
-0.10425788 -0.08524736 0.99052507 4287952557
-0.098447457 -0.085659645 0.99537963 4287952557
-0.092584901 -0.086116642 1.0007168 4287952557
-0.086867347 -0.086523354 1.0062009 4287952557
-0.080978207 -0.086968824 1.0120032 4287952557
-0.074912094 -0.087471232 1.0180525 4287952557
-0.068525136 -0.088210613 1.024402 4287952557
-0.061927807 -0.089170039 1.0304704 4287952557
-0.055600625 -0.089905202 1.0356537 4287952557
-0.049514454 -0.089737706 1.0390289 4294901760
-0.043278359 -0.089067571 1.0405351 4287952557
-0.036600623 -0.088717595 1.0401328 4287952557
-0.029834412 -0.08895421 1.0392481 4287952557
0.088799328 -0.088778198 1.0316997 4287952557
0.095330961 -0.088735871 1.0312006 4287952557
0.10185511 -0.08871568 1.030687 4287952557
0.10837124 -0.088715546 1.0301559 4287952557
0.11486883 -0.088667594 1.029523 4287952557
0.12135933 -0.088605128 1.0289009 4287952557
0.15444215 -0.080789402 0.94874865 4282643381
0.15991032 -0.081226245 0.94627184 4282643381
0.16568448 -0.081525221 0.94505215 4282643381
0.17155299 -0.08153493 0.94413716 4282643381
0.1774665 -0.081215709 0.9435603 4282643381
0.18338808 -0.081193089 0.94306445 4282643381
0.18931268 -0.081166267 0.94261658 4282643381
0.19523244 -0.081135377 0.9421733 4282643381
0.20115496 -0.081105769 0.94176823 4282643381
0.2070879 -0.081126407 0.94137394 4282643381
0.2130204 -0.081078038 0.94105166 4282643381
0.21906325 -0.080961712 0.9414984 4282643381
0.22534172 -0.080878399 0.94327211 4282643381
-0.72156274 -0.078660525 0.98855776 4291520081
-0.71474224 -0.078689858 0.98773909 4291520081
-0.70801705 -0.078657843 0.98712504 4291520081
-0.70147896 -0.078645132 0.98676491 4291520081
-0.69494444 -0.07862068 0.98641652 4291520081
-0.68841511 -0.078685999 0.98598111 4291520081
-0.68183708 -0.078966357 0.98533762 4291520081
-0.67521822 -0.07901223 0.98493737 4291520081
-0.66916478 -0.078993492 0.98542958 4291520081
-0.66392201 -0.07848189 0.98699749 4291520081
-0.66023278 -0.078444563 0.99054664 4291520081
-0.65740681 -0.079139449 0.99582094 4291520081
-0.65540272 -0.080133736 1.0034592 4291520081
-0.65496308 -0.080717526 1.0123291 4291520081
-0.65519083 -0.081369177 1.0220269 4291520081
-0.6551953 -0.082250364 1.0325638 4291520081
-0.6552574 -0.083118461 1.0432876 4291520081
-0.6531474 -0.084884584 1.0529902 4291520081
-0.6510939 -0.085660987 1.0600711 4291520081
-0.64681107 -0.083749525 1.0617462 4294901760
-0.64015883 -0.083695285 1.0625397 4294901760
-0.63371497 -0.08357697 1.0632164 4294901760
-0.41708377 -0.08085195 1.0151862 4287952557
-0.4067165 -0.080068618 1.0047245 4287952557
-0.39699948 -0.079401813 0.99632531 4287952557
-0.3879388 -0.07884749 0.98934627 4287952557
-0.3792716 -0.078362145 0.98327029 4287952557
-0.37093875 -0.07793057 0.97787154 4287952557
-0.36303085 -0.077563524 0.97318321 4287952557
-0.35512611 -0.077210478 0.96891063 4287952557
-0.34774554 -0.076932043 0.96529323 4287952557
-0.34042159 -0.07667277 0.96208602 4287952557
-0.3333267 -0.076453999 0.95936477 4287952557
-0.32644466 -0.076272182 0.95704514 4287952557
-0.31966367 -0.07611078 0.95502502 4287952557
-0.31297407 -0.075964734 0.95318896 4287952557
-0.3063862 -0.075834706 0.95149964 4287952557
-0.29981798 -0.075708613 0.94992673 4287952557
-0.29324704 -0.075583912 0.94848233 4287952557
-0.28685552 -0.07549002 0.94725806 4287952557
-0.28055477 -0.075415462 0.94625115 4287952557
-0.27424085 -0.075342819 0.94541985 4287952557
-0.2680456 -0.075293556 0.94476086 4287952557
-0.26186913 -0.075250782 0.94425792 4287952557
-0.25571007 -0.07521385 0.94395226 4287952557
-0.24972092 -0.075217336 0.94381911 4287952557
-0.24372226 -0.07522238 0.94378686 4287952557
-0.23772086 -0.075228438 0.94386142 4287952557
-0.23172581 -0.07523521 0.9440648 4287952557
-0.22576651 -0.07525102 0.94442034 4287952557
-0.21990629 -0.075312719 0.94493818 4287952557
-0.21404314 -0.075371914 0.94564402 4287952557
-0.2081949 -0.075431265 0.94652247 4287952557
-0.20237191 -0.075503424 0.94752669 4287952557
-0.19656003 -0.075604551 0.94860655 4287952557
-0.19074944 -0.075705014 0.94980091 4287952557
-0.18495029 -0.07580509 0.95112407 4287952557
-0.17917281 -0.075903893 0.95257485 4287952557
-0.17338604 -0.07604479 0.9542045 4287952557
-0.1676168 -0.076199561 0.95606256 4287952557
-0.16189647 -0.076352701 0.95813614 4287952557
-0.1561431 -0.076544017 0.96043789 4287952557
-0.15039805 -0.076743968 0.96291625 4287952557
-0.14468054 -0.076946601 0.96555251 4287952557
-0.13890305 -0.07718344 0.96842343 4287952557
-0.13317053 -0.07742019 0.97146368 4287952557
-0.12743683 -0.077675916 0.97474343 4287952557
-0.1215934 -0.077974901 0.97833061 4287952557
-0.11585978 -0.07826449 0.98208851 4287952557
-0.11006624 -0.078591138 0.98620474 4287952557
-0.10434467 -0.078927152 0.9906593 4287952557
-0.098563515 -0.079293147 0.99553144 4287952557
-0.0927279 -0.079680718 1.0008081 4287952557
-0.086810999 -0.08006233 1.0060041 4287952557
-0.080603912 -0.080591582 1.0113003 4287952557
-0.074277319 -0.081267484 1.0168123 4287952557
-0.068006314 -0.081866339 1.0217171 4287952557
-0.061857156 -0.082149297 1.0257049 4287952557
-0.055762496 -0.081796043 1.0280313 4287952557
-0.049233977 -0.081724778 1.0286895 4287952557
-0.04267161 -0.081402093 1.0284325 4287952557
-0.036033399 -0.081658669 1.0277251 4287952557
-0.029464969 -0.081751235 1.0271895 4287952557
-0.022908686 -0.081790492 1.0266967 4287952557
-0.016356742 -0.081773311 1.0262438 4287952557
-0.0098098749 -0.081743799 1.0258 4287952557
-0.0032677264 -0.08169017 1.0253733 4287952557
0.003268247 -0.081673026 1.0250562 4287952557
0.0098008625 -0.081651986 1.0247837 4287952557
0.016330402 -0.081617579 1.0245209 4287952557
0.022856573 -0.081580624 1.02426 4287952557
0.029379206 -0.081548825 1.0239956 4287952557
0.035899527 -0.081561901 1.023766 4287952557
0.042412814 -0.081517838 1.0234323 4287952557
0.048920725 -0.081475943 1.0230771 4287952557
0.055423837 -0.081445299 1.0227174 4287952557
0.061923653 -0.081433341 1.0223773 4287952557
0.068419389 -0.081417136 1.0220405 4287952557
0.074911043 -0.081397392 1.0217065 4287952557
0.081398398 -0.081380926 1.0213702 4287952557
0.087881118 -0.081374429 1.0210273 4287952557
0.094354868 -0.081361279 1.0206347 4287952557
0.10080715 -0.081279404 1.0200865 4287952557
0.10724732 -0.081204563 1.0194886 4287952557
0.1136785 -0.081153937 1.0188742 4287952557
0.12010115 -0.081116766 1.0182507 4287952557
0.12651633 -0.081072927 1.0176331 4287952557
0.13292708 -0.081009768 1.0170492 4287952557
0.15354994 -0.074151702 0.9428823 4282643381
0.15889533 -0.074608609 0.94011891 4282643381
0.1646018 -0.074924104 0.93885505 4282643381
0.17042057 -0.074940823 0.93792236 4282643381
0.17631693 -0.074592836 0.93750966 4282643381
0.18221159 -0.074591003 0.93707973 4282643381
0.18810672 -0.074586473 0.93667513 4282643381
0.19400465 -0.074605659 0.93628681 4282643381
0.19990017 -0.074620128 0.93590331 4282643381
0.20579427 -0.074594349 0.93556541 4282643381
0.21169774 -0.074652798 0.93513125 4282643381
0.21764271 -0.074455276 0.93541145 4282643381
0.22375499 -0.074246049 0.93679214 4282643381
0.23085503 -0.074765071 0.9411757 4282643381
-0.72278857 -0.071775161 0.9817614 4291520081
-0.71602428 -0.07188201 0.98087859 4291520081
-0.70947599 -0.071934856 0.98037624 4291520081
-0.7029624 -0.071932904 0.97998333 4291520081
-0.69645065 -0.07189016 0.97963166 4291520081
-0.6899631 -0.071939483 0.97921425 4291520081
-0.68345678 -0.072084993 0.97870016 4291520081
-0.67686015 -0.072269671 0.97815579 4291520081
-0.67057914 -0.072440617 0.97824132 4291520081
-0.6651873 -0.072020546 0.97968793 4294901760
-0.66117465 -0.071561478 0.98269534 4291520081
-0.65811664 -0.072073475 0.98730028 4291520081
-0.65587181 -0.073091485 0.99443829 4291520081
-0.65525115 -0.073619515 1.0030633 4291520081
-0.65534163 -0.07415425 1.0122859 4291520081
-0.65558779 -0.074937366 1.0227834 4291520081
-0.6559822 -0.075592697 1.0334491 4291520081
-0.65395105 -0.077331886 1.0432248 4291520081
-0.65167475 -0.078252077 1.0496364 4294901760
-0.64698559 -0.076482467 1.0513251 4294901760
-0.6402818 -0.076309226 1.0517648 4287952557
-0.63347316 -0.076326117 1.0516989 4287952557
-0.6265924 -0.076963648 1.0511854 4287952557
-0.61987925 -0.077051185 1.0511043 4287952557
-0.61316842 -0.077054732 1.0510844 4287952557
-0.60645437 -0.077057548 1.051059 4287952557
-0.59973997 -0.077046886 1.0510426 4287952557
-0.59302592 -0.077034749 1.0510273 4287952557
-0.58631212 -0.077030316 1.0510061 4287952557
-0.57959878 -0.077043496 1.0509721 4287952557
-0.57281154 -0.077016339 1.0508248 4287952557
-0.42846957 -0.075210921 1.0262057 4287952557
-0.41701919 -0.074329272 1.015388 4287952557
-0.40661967 -0.073658094 1.0049777 4287952557
-0.3970564 -0.073057301 0.99641013 4287952557
-0.38791013 -0.072538264 0.98935539 4287952557
-0.37928522 -0.072095305 0.98329568 4287952557
-0.37092689 -0.071695209 0.97787064 4287952557
-0.36303011 -0.071358167 0.97317964 4287952557
-0.3551417 -0.071034871 0.96890515 4287952557
-0.34774223 -0.070775963 0.96526361 4287952557
-0.34039363 -0.070534252 0.96203643 4287952557
-0.3332949 -0.07033246 0.95931417 4287952557
-0.32644761 -0.070169747 0.9570145 4287952557
-0.31965911 -0.070020638 0.95500243 4287952557
-0.31296438 -0.069885947 0.95317638 4287952557
-0.30639136 -0.069768667 0.95150417 4287952557
-0.29981896 -0.069652744 0.94994891 4287952557
-0.29327413 -0.069542721 0.94853854 4287952557
-0.2868855 -0.069457546 0.94733888 4287952557
-0.28058159 -0.069388829 0.94634581 4287952557
-0.27427524 -0.069323599 0.9455176 4287952557
-0.26808637 -0.069279075 0.94485331 4287952557
-0.26190716 -0.069239572 0.94434243 4287952557
-0.25574312 -0.069205835 0.94402492 4287952557
-0.24974404 -0.069206201 0.94389415 4287952557
-0.24373674 -0.069208354 0.94385654 4287952557
-0.23772809 -0.069211848 0.94392055 4287952557
-0.23172863 -0.069217123 0.94410861 4287952557
-0.22576606 -0.06923113 0.94443649 4287952557
-0.21990059 -0.069284104 0.94494396 4287952557
-0.21403867 -0.06933938 0.94563437 4287952557
-0.20819034 -0.069395609 0.9465003 4287952557
-0.20236482 -0.069460273 0.94749701 4287952557
-0.1965522 -0.069551855 0.94856977 4287952557
-0.19074048 -0.069644265 0.94975466 4287952557
-0.18493956 -0.069736466 0.95106804 4287952557
-0.17916068 -0.069827363 0.95251286 4287952557
-0.17337559 -0.069956221 0.95414329 4287952557
-0.16760643 -0.070099592 0.95600504 4287952557
-0.16188781 -0.070240252 0.95808202 4287952557
-0.15613578 -0.07041695 0.96039087 4287952557
-0.15039268 -0.070601404 0.96287715 4287952557
-0.14467458 -0.070788495 0.96551776 4287952557
-0.13889873 -0.071006432 0.9683916 4287952557
-0.1331698 -0.071224444 0.97144121 4287952557
-0.1274457 -0.071458384 0.97472781 4287952557
-0.12161291 -0.071734056 0.9783293 4287952557
-0.11588778 -0.072003663 0.98215151 4287952557
-0.11014684 -0.072297379 0.98634052 4287952557
-0.10445875 -0.072582103 0.99085981 4287952557
-0.098613381 -0.072903402 0.99558604 4287952557
-0.09254393 -0.073316269 1.0004091 4287952557
-0.086331144 -0.073831238 1.005154 4287952557
-0.080152817 -0.074343324 1.0096902 4287952557
-0.073862098 -0.074975677 1.013962 4287952557
-0.067862682 -0.075032011 1.016987 4287952557
-0.061723962 -0.074610449 1.018683 4287952557
-0.055261444 -0.07452032 1.0191336 4287952557
-0.048739661 -0.074333437 1.0188012 4287952557
-0.042189278 -0.074581519 1.0180907 4287952557
-0.03568355 -0.074636526 1.0175627 4287952557
-0.029183324 -0.074617088 1.0170918 4287952557
-0.022688041 -0.074577428 1.0166364 4287952557
-0.016197741 -0.074517526 1.0161966 4287952557
-0.009715355 -0.074492149 1.0158355 4287952557
-0.003237199 -0.074455447 1.0154957 4287952557
0.0032358391 -0.074463241 1.0152649 4287952557
0.009706649 -0.074486874 1.0150951 4287952557
0.016176026 -0.074494578 1.0149304 4287952557
0.022642834 -0.074469514 1.0147282 4287952557
0.029106718 -0.074450001 1.0145218 4287952557
0.035567529 -0.074442647 1.0143062 4287952557
0.042025015 -0.074454211 1.0140764 4287952557
0.048473511 -0.074404299 1.0137188 4287952557
0.054913867 -0.074338391 1.0132983 4287952557
0.061348207 -0.074285768 1.012868 4287952557
0.067777909 -0.074244961 1.0124505 4287952557
0.074206255 -0.074232802 1.0120832 4287952557
0.08063028 -0.074214868 1.0117205 4287952557
0.08704862 -0.074191853 1.0113462 4287952557
0.093461514 -0.074181847 1.0109612 4287952557
0.099868499 -0.074193053 1.0105599 4287952557
0.10625864 -0.074159719 1.0100548 4287952557
0.11262727 -0.074062303 1.0094284 4287952557
0.11898725 -0.073973447 1.0087962 4287952557
0.12534654 -0.073904939 1.0082221 4287952557
0.13188671 -0.073178068 1.0080968 4287952557
0.13788682 -0.074265286 1.0070046 4287952557
0.14770742 -0.069464505 0.94598496 4282643381
0.15275258 -0.067688711 0.93747979 4282643381
0.15798265 -0.067987308 0.93440878 4282643381
0.16356875 -0.068601578 0.93306524 4282643381
0.16940002 -0.06868057 0.93235064 4282643381
0.17531842 -0.068404593 0.93210834 4282643381
0.18118683 -0.068379246 0.93171424 4282643381
0.18705097 -0.068340994 0.93133539 4282643381
0.19290917 -0.068312101 0.93094617 4282643381
0.19876301 -0.068276964 0.93056476 4282643381
0.20461233 -0.068251774 0.93017256 4282643381
0.21047623 -0.068265282 0.92979968 4282643381
0.21639153 -0.068145722 0.92993623 4282643381
0.22229223 -0.067762129 0.9307096 4282643381
0.22855049 -0.067669645 0.93322927 4282643381
-0.72440058 -0.065110855 0.97549886 4291520081
-0.71737385 -0.065100856 0.97431952 4291520081
-0.71091479 -0.065229319 0.97379756 4291520081
-0.70444471 -0.06523066 0.97340792 4291520081
-0.69797468 -0.065167569 0.97308606 4291520081
-0.6915136 -0.065189295 0.97267544 4291520081
-0.68504739 -0.065280527 0.9721911 4291520081
-0.67852396 -0.065452412 0.97162908 4291520081
-0.67218709 -0.065634407 0.97151089 4291520081
-0.66665488 -0.065420792 0.97269589 4291520081
-0.6623174 -0.06481611 0.97522426 4291520081
-0.65904671 -0.065098144 0.97921622 4291520081
-0.65650564 -0.066121779 0.98567867 4291520081
-0.65513194 -0.066771619 0.99387854 4291520081
-0.65590411 -0.066977367 1.0028046 4291520081
-0.65566367 -0.067792378 1.0130491 4291520081
-0.6556021 -0.068570696 1.0234472 4291520081
-0.65483797 -0.069790915 1.0334388 4291520081
-0.65245378 -0.070857637 1.0402856 4294901760
-0.64791703 -0.069004849 1.0419353 4294901760
-0.64111835 -0.068809994 1.0421755 4287952557
-0.63435614 -0.068876736 1.0421518 4287952557
-0.6274879 -0.069454543 1.0416564 4287952557
-0.62079102 -0.069645859 1.0414349 4287952557
-0.614142 -0.069658697 1.0414079 4287952557
-0.60749322 -0.069671273 1.0413811 4287952557
-0.6008448 -0.06968271 1.0413556 4287952557
-0.59419674 -0.069700077 1.0413252 4287952557
-0.58754671 -0.069730103 1.0412809 4287952557
-0.58085626 -0.069737159 1.0411781 4287952557
-0.57410687 -0.069704346 1.0409921 4287952557
-0.56736028 -0.069686763 1.0407944 4287952557
-0.56061679 -0.06968645 1.0405841 4287952557
-0.55387646 -0.069704227 1.0403601 4287952557
-0.54709685 -0.069695577 1.0400735 4287952557
-0.54026806 -0.069653414 1.0397072 4287952557
-0.53343582 -0.06960962 1.0393252 4287952557
-0.52660924 -0.069577366 1.0389353 4287952557
-0.51978785 -0.069546565 1.0385444 4287952557
-0.51297146 -0.069514021 1.0381552 4287952557
-0.50616038 -0.069484107 1.0377642 4287952557
-0.49935523 -0.06946943 1.0373622 4287952557
-0.49251834 -0.069439396 1.0368915 4287952557
-0.48559052 -0.06934391 1.0362591 4287952557
-0.47867307 -0.069281779 1.0356029 4287952557
-0.47176433 -0.069222607 1.034946 4287952557
-0.46485645 -0.069112793 1.0343317 4287952557
-0.45795307 -0.069008738 1.0337248 4287952557
-0.45091042 -0.068826571 1.0329864 4287952557
-0.44384792 -0.068932019 1.0316031 4287952557
-0.43726897 -0.069524139 1.0296146 4287952557
-0.42775705 -0.068692714 1.0235482 4287952557
-0.4169825 -0.067822792 1.0149297 4287952557
-0.40649337 -0.067210026 1.005142 4287952557
-0.39702347 -0.066706397 0.9965688 4287952557
-0.38788658 -0.066228993 0.98935777 4287952557
-0.37930363 -0.065828145 0.98331386 4287952557
-0.37091485 -0.065459952 0.97786999 4287952557
-0.36303329 -0.065153569 0.97318619 4287952557
-0.35515976 -0.064859726 0.96891332 4287952557
-0.34773368 -0.06462013 0.96524566 4287952557
-0.34040216 -0.064400792 0.96201128 4287952557
-0.33326101 -0.06421186 0.9592694 4287952557
-0.32644835 -0.064067371 0.95699054 4287952557
-0.31966031 -0.063931592 0.95498842 4287952557
-0.31296486 -0.063808881 0.95317316 4287952557
-0.3063949 -0.063702516 0.9515155 4287952557
-0.29981893 -0.063596785 0.94997638 4287952557
-0.29330468 -0.063501172 0.94860417 4287952557
-0.28691366 -0.063423984 0.94743001 4287952557
-0.28060561 -0.063361347 0.94645971 4287952557
-0.27432412 -0.063305579 0.94564605 4287952557
-0.26813161 -0.063264333 0.94498205 4287952557
-0.26195094 -0.063228376 0.94446898 4287952557
-0.25578338 -0.063198179 0.94414717 4287952557
-0.2497831 -0.063197456 0.94401067 4287952557
-0.24377424 -0.063198946 0.94396669 4287952557
-0.23776349 -0.063202143 0.94401956 4287952557
-0.23175894 -0.063206948 0.94419199 4287952557
-0.22578065 -0.063216314 0.94449788 4287952557
-0.21990985 -0.063262045 0.94498223 4287952557
-0.21404587 -0.063312478 0.94565475 4287952557
-0.20819385 -0.063364081 0.94650275 4287952557
-0.20236468 -0.063423514 0.94748694 4287952557
-0.19654748 -0.063499928 0.94854933 4287952557
-0.190734 -0.063584208 0.94972008 4287952557
-0.18492977 -0.063668527 0.95101601 4287952557
-0.17914829 -0.063751601 0.95245022 4287952557
-0.1733637 -0.063868441 0.95407665 4287952557
-0.16759536 -0.064000368 0.95594525 4287952557
-0.16187882 -0.064128503 0.95802701 4287952557
-0.1561285 -0.064290866 0.960347 4287952557
-0.15038955 -0.064459376 0.96284312 4287952557
-0.1446747 -0.064630628 0.96549582 4287952557
-0.13890271 -0.064829856 0.96837592 4287952557
-0.13317315 -0.065028831 0.97142577 4287952557
-0.12745245 -0.065240726 0.97470915 4287952557
-0.12165389 -0.065492146 0.97836322 4287952557
-0.11595003 -0.06573499 0.98227572 4287952557
-0.11019488 -0.065990396 0.98644531 4287952557
-0.10435797 -0.066261843 0.99074429 4287952557
-0.09846846 -0.066520721 0.99509072 4287952557
-0.092146002 -0.06712316 0.99938542 4287952557
-0.085983783 -0.067594826 1.0031824 4287952557
-0.079952054 -0.067807488 1.0063623 4287952557
-0.073897995 -0.067621976 1.0084313 4287952557
-0.067653298 -0.067253038 1.0094948 4287952557
-0.061194077 -0.067355953 1.0098883 4287952557
-0.054728523 -0.067174591 1.0096129 4287952557
-0.048237812 -0.067348346 1.0089635 4287952557
-0.041788757 -0.067401707 1.0085388 4287952557
-0.035347905 -0.067420572 1.0081619 4287952557
-0.028911205 -0.067412734 1.0078069 4287952557
-0.022478405 -0.067389116 1.0074648 4287952557
-0.016049895 -0.06736242 1.0071254 4287952557
-0.0096263634 -0.067346647 1.0068113 4287952557
-0.0032067045 -0.067326613 1.0065151 4287952557
0.0032095651 -0.067294799 1.0062317 4287952557
0.0096221259 -0.067290597 1.0060085 4287952557
0.01603226 -0.06728331 1.0057973 4287952557
0.022439985 -0.067270093 1.005591 4287952557
0.028845176 -0.067256145 1.0053853 4287952557
0.035247579 -0.067249604 1.0051738 4287952557
0.041646887 -0.067257002 1.0049512 4287952557
0.048042793 -0.067283303 1.0047134 4287952557
0.054429453 -0.067249149 1.004362 4287952557
0.060807608 -0.067190476 1.0039481 4287952557
0.067180485 -0.067147277 1.0035346 4287952557
0.073548399 -0.067111038 1.0031255 4287952557
0.079911135 -0.067072108 1.0027192 4287952557
0.086268835 -0.067029707 1.0023161 4287952557
0.092621215 -0.066991426 1.0019106 4287952557
0.098968267 -0.066956252 1.0015028 4287952557
0.10530964 -0.066930078 1.0010877 4287952557
0.11164501 -0.066916868 1.0006622 4287952557
0.11797477 -0.066917941 1.000229 4287952557
0.12440763 -0.066392139 1.0002247 4287952557
0.13070993 -0.066607781 0.99963254 4287952557
0.1368192 -0.067109399 0.99880689 4287952557
0.14194947 -0.068614572 0.99715453 4287952557
0.14708985 -0.06313926 0.94201279 4282643381
0.15210208 -0.061117306 0.93234497 4282643381
0.15716681 -0.061696041 0.92945284 4282643381
0.16264392 -0.06230351 0.92782521 4282643381
0.1684297 -0.062432986 0.92705834 4282643381
0.17434469 -0.06215908 0.92690325 4282643381
0.18018481 -0.062110521 0.92654461 4282643381
0.18601839 -0.062058333 0.92619097 4282643381
0.191846 -0.062018231 0.92582589 4282643381
0.19768322 -0.062026583 0.92548525 4282643381
0.20351852 -0.062006179 0.92518049 4282643381
0.20936449 -0.062099434 0.92473447 4282643381
0.21526104 -0.061981611 0.9249118 4282643381
0.22116141 -0.061786942 0.92542636 4282643381
0.22709031 -0.061323516 0.92731756 4282643381
-0.72613209 -0.058528233 0.9695223 4291520081
-0.71905977 -0.058517829 0.96823704 4291520081
-0.71262836 -0.058652084 0.96768969 4291520081
-0.70618063 -0.058611017 0.96733207 4291520081
-0.69973969 -0.058577765 0.96696681 4291520081
-0.69330508 -0.058577266 0.96656579 4291520081
-0.68687165 -0.058627997 0.96610796 4291520081
-0.68042821 -0.058797944 0.96556258 4291520081
-0.67409849 -0.058843132 0.96538055 4291520081
-0.66841084 -0.0589788 0.96618527 4291520081
-0.6636768 -0.058334097 0.96824908 4291520081
-0.66003764 -0.058236226 0.97154981 4291520081
-0.6573506 -0.05915552 0.97721916 4291520081
-0.65567839 -0.059885986 0.9851048 4291520081
-0.65615517 -0.060088132 0.99376601 4291520081
-0.65607125 -0.06069801 1.003466 4291520081
-0.65587097 -0.061452977 1.0137719 4291520081
-0.65553433 -0.062353645 1.0238876 4291520081
-0.65320534 -0.06414225 1.0314859 4294901760
-0.64903075 -0.062326763 1.0333688 4294901760
-0.64264834 -0.061902188 1.0339297 4287952557
-0.63600367 -0.061879516 1.0340104 4287952557
-0.62923831 -0.062396921 1.0335892 4287952557
-0.6225782 -0.062673487 1.0332507 4287952557
-0.61593139 -0.062667929 1.0331503 4287952557
-0.60928559 -0.062668689 1.0330462 4287952557
-0.60264158 -0.062690102 1.0329236 4287952557
-0.59595215 -0.062668294 1.0327549 4287952557
-0.58922303 -0.06261757 1.0325345 4287952557
-0.5824973 -0.062577434 1.0323046 4287952557
-0.57579947 -0.062567808 1.032094 4287952557
-0.56911284 -0.062571138 1.0318881 4287952557
-0.56242889 -0.062578194 1.0316792 4287952557
-0.55571741 -0.062563382 1.0314311 4287952557
-0.54897696 -0.062536158 1.0311306 4287952557
-0.54222459 -0.062501922 1.0308056 4287952557
-0.53546637 -0.062483288 1.030445 4287952557
-0.52871311 -0.062469892 1.0300806 4287952557
-0.52196443 -0.062457532 1.0297153 4287952557
-0.51521468 -0.062436748 1.0293456 4287952557
-0.50844991 -0.062402092 1.0289457 4287952557
-0.50169045 -0.06236564 1.0285484 4287952557
-0.49493685 -0.062341515 1.0281417 4287952557
-0.4881655 -0.062331345 1.0276697 4287952557
-0.48129073 -0.062241159 1.0270274 4287952557
-0.47442552 -0.062166855 1.0263737 4287952557
-0.46759972 -0.062128801 1.0257558 4287952557
-0.46081755 -0.062098246 1.0252143 4287952557
-0.45401561 -0.061875265 1.0248537 4287952557
-0.44723892 -0.061843373 1.0243279 4287952557
-0.44047591 -0.061889563 1.0237275 4287952557
-0.43383491 -0.062299456 1.022391 4287952557
-0.42693558 -0.062527984 1.0198575 4287952557
-0.41686678 -0.061446115 1.0133235 4287952557
-0.40645623 -0.060757685 1.0049713 4287952557
-0.39656401 -0.060277529 0.99647433 4287952557
-0.38780951 -0.059915356 0.98943824 4287952557
-0.3793292 -0.059560809 0.98332083 4287952557
-0.3709175 -0.059226219 0.9778828 4287952557
-0.36304855 -0.058950029 0.97320157 4287952557
-0.35517469 -0.058684211 0.96892792 4287952557
-0.34772193 -0.058464538 0.96523428 4287952557
-0.34041211 -0.058267616 0.96199226 4287952557
-0.33322591 -0.05809202 0.95922923 4287952557
-0.3264479 -0.057965096 0.95697051 4287952557
-0.31966075 -0.057842594 0.95497692 4287952557
-0.31297079 -0.057732522 0.95317608 4287952557
-0.30639711 -0.057636231 0.9515323 4287952557
-0.29981792 -0.057540767 0.95000845 4287952557
-0.29333541 -0.057458509 0.9486692 4287952557
-0.2869409 -0.057389308 0.94752669 4287952557
-0.28062809 -0.057333007 0.946585 4287952557
-0.27437174 -0.057285879 0.94579303 4287952557
-0.26817539 -0.057248153 0.94513464 4287952557
-0.26199278 -0.057215735 0.94462436 4287952557
-0.25582254 -0.057189044 0.94429785 4287952557
-0.24982159 -0.057187334 0.944157 4287952557
-0.24381211 -0.057188097 0.94411284 4287952557
-0.23780006 -0.05719097 0.94415355 4287952557
-0.2317934 -0.057195734 0.94430625 4287952557
-0.22580963 -0.057204332 0.94458973 4287952557
-0.21992289 -0.05724002 0.94505501 4287952557
-0.21405697 -0.057285048 0.94570518 4287952557
-0.20820163 -0.057331927 0.94653296 4287952557
-0.20236881 -0.057385992 0.94750071 4287952557
-0.19654797 -0.057454374 0.94854861 4287952557
-0.19073059 -0.057524934 0.9497003 4287952557
-0.18492368 -0.057601221 0.95097935 4287952557
-0.17913735 -0.057676535 0.95239323 4287952557
-0.17335166 -0.057781555 0.95400965 4287952557
-0.1675837 -0.057901092 0.9558779 4287952557
-0.16186872 -0.058017448 0.95796913 4287952557
-0.15611948 -0.058165513 0.96030003 4287952557
-0.15038726 -0.058317885 0.96281099 4287952557
-0.14467615 -0.058472946 0.96547663 4287952557
-0.13890404 -0.05865366 0.96835494 4287952557
-0.13317572 -0.058833044 0.9714064 4287952557
-0.12748109 -0.059020046 0.97473252 4287952557
-0.12170418 -0.059244033 0.97842115 4287952557
-0.11597711 -0.059450831 0.98231101 4287952557
-0.11010816 -0.05969619 0.98623043 4287952557
-0.10410745 -0.06002577 0.9902125 4287952557
-0.097889051 -0.060517341 0.99388701 4287952557
-0.091806136 -0.060970932 0.99714476 4287952557
-0.08588206 -0.060841907 0.99939305 4287952557
-0.079819247 -0.060299791 1.0004853 4287952557
-0.073481575 -0.0600744 1.0010155 4287952557
-0.067038856 -0.060312312 1.0011334 4287952557
-0.060633831 -0.060502809 1.0010964 4287952557
-0.054240435 -0.060666103 1.0008295 4287952557
-0.047845446 -0.060644269 1.0005299 4287952557
-0.041454669 -0.060646687 1.000209 4287952557
-0.035067216 -0.06063474 0.99990058 4287952557
-0.028682787 -0.060606275 0.99960685 4287952557
-0.022304449 -0.060606971 0.99934822 4287952557
-0.015929587 -0.060616188 0.99908519 4287952557
-0.0095573952 -0.060620245 0.99880373 4287952557
-0.0031869658 -0.060584322 0.99847156 4287952557
0.0031789648 -0.060546685 0.99814129 4287952557
0.0095405858 -0.060525537 0.9978435 4287952557
0.015898613 -0.060508575 0.99756491 4287952557
0.02225324 -0.060486488 0.99729109 4287952557
0.028604446 -0.060458284 0.99702275 4287952557
0.034952119 -0.060427893 0.99675632 4287952557
0.041296136 -0.06040084 0.99648708 4287952557
0.047636326 -0.060381401 0.99621105 4287952557
0.053972621 -0.060371455 0.99592692 4287952557
0.060305007 -0.06036998 0.99563539 4287952557
0.066633619 -0.060373656 0.99533921 4287952557
0.072955944 -0.060355928 0.99501097 4287952557
0.079273045 -0.060330346 0.99467134 4287952557
0.085585751 -0.060305335 0.9943316 4287952557
0.091894053 -0.060280528 0.99399179 4287952557
0.09819793 -0.060256269 0.99365181 4287952557
0.10449718 -0.060236819 0.99330771 4287952557
0.11079136 -0.060231302 0.99295133 4287952557
0.11707595 -0.060216717 0.99255282 4287952557
0.12338476 -0.059892394 0.99236703 4287952557
0.12966368 -0.059882741 0.991907 4287952557
0.13585839 -0.060102753 0.99123275 4287952557
0.14141357 -0.061357837 0.98943245 4287952557
0.14658728 -0.056861125 0.938528 4282643381
0.15146869 -0.054876581 0.92785144 4282643381
0.15638219 -0.055468261 0.92457861 4282643381
0.16176622 -0.056012992 0.92278028 4282643381
0.16749538 -0.056158744 0.92194718 4282643381
0.17339467 -0.05586892 0.92189395 4282643381
0.17920373 -0.055844545 0.92153823 4282643381
0.18502094 -0.055804051 0.92126465 4282643381
0.19083175 -0.055791467 0.92095524 4282643381
0.19663836 -0.055791225 0.92063016 4282643381
0.20244268 -0.055762496 0.92034209 4282643381
0.20824681 -0.055804204 0.91996199 4282643381
0.21411712 -0.055778924 0.92000896 4282643381
0.22003601 -0.055676024 0.92051125 4282643381
0.22588882 -0.055203851 0.92213273 4282643381
0.23420629 -0.056478191 0.92920691 4282643381
-0.72826791 -0.052119147 0.96410131 4291520081
-0.72093999 -0.052023709 0.96253234 4291520081
-0.71454817 -0.052153345 0.96198952 4291520081
-0.70814562 -0.052137673 0.9616195 4291520081
-0.70179874 -0.05214164 0.96129936 4291520081
-0.69545424 -0.052142449 0.96098268 4291520081
-0.68911231 -0.052185144 0.96061724 4291520081
-0.68274051 -0.052342381 0.96011293 4291520081
-0.67634493 -0.052342344 0.95979649 4291520081
-0.6704883 -0.052693468 0.96020883 4291520081
-0.66533041 -0.052165873 0.96180177 4291520081
-0.66135669 -0.052032296 0.96478248 4291520081
-0.65835732 -0.052210256 0.9691245 4294901760
-0.65617186 -0.053172521 0.97641391 4291520081
-0.65582925 -0.053438783 0.98479819 4291520081
-0.65651071 -0.053717945 0.99404466 4291520081
-0.65632176 -0.054390516 1.0041345 4291520081
-0.65613252 -0.055117544 1.0144023 4294901760
-0.65384978 -0.056602746 1.0223663 4294901760
-0.65016544 -0.055790655 1.0250071 4294901760
-0.64432514 -0.054871861 1.0261048 4287952557
-0.63766742 -0.054803979 1.0261357 4287952557
-0.6309402 -0.055163637 1.0258182 4287952557
-0.62435639 -0.055514485 1.0254829 4287952557
-0.61772758 -0.055490218 1.0253485 4287952557
-0.61104184 -0.055455983 1.0251206 4287952557
-0.60436004 -0.055437502 1.0248773 4287952557
-0.59768164 -0.055420451 1.0246327 4287952557
-0.59100664 -0.05540438 1.0243872 4287952557
-0.58433503 -0.055390924 1.0241396 4287952557
-0.57766646 -0.055376973 1.0238926 4287952557
-0.5709964 -0.055356968 1.0236429 4287952557
-0.56430215 -0.055313237 1.0233647 4287952557
-0.557612 -0.055278327 1.0230783 4287952557
-0.55092657 -0.055261802 1.0227751 4287952557
-0.5442459 -0.055263385 1.0224553 4287952557
-0.53754568 -0.055251542 1.0221018 4287952557
-0.53082049 -0.055215202 1.0217135 4287952557
-0.52410042 -0.055174649 1.0213294 4287952557
-0.51742661 -0.055170394 1.0209942 4287952557
-0.51076311 -0.05517225 1.0206662 4287952557
-0.50410366 -0.055175982 1.0203367 4287952557
-0.49744904 -0.055191841 1.0199965 4287952557
-0.4907991 -0.055229124 1.0196345 4287952557
-0.48408818 -0.055223636 1.0191723 4287952557
-0.47734457 -0.055195339 1.0186478 4287952557
-0.47056258 -0.055127788 1.0180631 4287952557
-0.46378848 -0.055059072 1.0174806 4287952557
-0.45706072 -0.055025034 1.016951 4287952557
-0.4503338 -0.05492904 1.0164858 4287952557
-0.44357291 -0.054676473 1.016199 4287952557
-0.43685433 -0.054669727 1.0156792 4287952557
-0.43020746 -0.054820072 1.0151011 4287952557
-0.42385584 -0.055404942 1.0137392 4287952557
-0.41640717 -0.055292845 1.0105637 4287952557
-0.4063288 -0.054370925 1.0038552 4287952557
-0.3965466 -0.053888544 0.99633718 4287952557
-0.38768923 -0.053581245 0.98960489 4287952557
-0.3792915 -0.053291172 0.98342544 4287952557
-0.37081864 -0.052983839 0.977826 4287952557
-0.36306441 -0.052746136 0.97321677 4287952557
-0.35518742 -0.052508328 0.9689467 4287952557
-0.34771055 -0.052309234 0.96522224 4287952557
-0.34042275 -0.05213435 0.96197158 4287952557
-0.3331908 -0.051973328 0.9591881 4287952557
-0.32644698 -0.051862914 0.95695186 4287952557
-0.31966123 -0.051753622 0.95496511 4287952557
-0.31298792 -0.051657137 0.95318496 4287952557
-0.30639863 -0.051569801 0.95155209 4287952557
-0.29981655 -0.051484697 0.95004302 4287952557
-0.29336551 -0.051414736 0.94873667 4287952557
-0.28696796 -0.051353503 0.9476248 4287952557
-0.28066644 -0.051305078 0.94671702 4287952557
-0.2744222 -0.051264536 0.94594657 4287952557
-0.26822343 -0.051230747 0.94529772 4287952557
-0.26203397 -0.051201455 0.94478977 4287952557
-0.25586134 -0.051178109 0.94445723 4287952557
-0.24985991 -0.051175646 0.94431341 4287952557
-0.24384984 -0.0511759 0.94426924 4287952557
-0.23783712 -0.051178358 0.94430703 4287952557
-0.23183052 -0.05118316 0.94444591 4287952557
-0.22584076 -0.051190745 0.94470912 4287952557
-0.21994354 -0.051219523 0.94515252 4287952557
-0.21407101 -0.051257443 0.94578087 4287952557
-0.20821279 -0.051299367 0.94658631 4287952557
-0.20237656 -0.051347863 0.94753546 4287952557
-0.19655257 -0.051408775 0.94856775 4287952557
-0.1907309 -0.051470473 0.94970167 4287952557
-0.18492134 -0.051534723 0.95095956 4287952557
-0.17912896 -0.051602129 0.95234638 4287952557
-0.1733401 -0.051695518 0.95394427 4287952557
-0.16756922 -0.051802743 0.95580155 4287952557
-0.16185336 -0.05190729 0.95789742 4287952557
-0.15610532 -0.052040935 0.96024084 4287952557
-0.15037701 -0.052177157 0.96276087 4287952557
-0.14466584 -0.052315939 0.96543324 4287952557
-0.13890097 -0.052478004 0.96832526 4287952557
-0.13319768 -0.052635115 0.97142589 4287952557
-0.12751529 -0.052790076 0.9747805 4287952557
-0.12172688 -0.052979812 0.97838545 4287952557
-0.11592708 -0.053146392 0.98194677 4287952557
-0.10994945 -0.053401675 0.98542702 4287952557
-0.10371197 -0.053946465 0.98878235 4287952557
-0.097695857 -0.054233212 0.99137831 4287952557
-0.091756143 -0.05392253 0.99293572 4287952557
-0.085555136 -0.053713296 0.99373049 4287952557
-0.079229951 -0.053465106 0.99381644 4287952557
-0.07284303 -0.05346914 0.99350691 4287952557
-0.066493146 -0.053669043 0.9933778 4287952557
-0.060159788 -0.053851198 0.99321938 4287952557
-0.05380993 -0.053782504 0.99297249 4287952557
-0.047466595 -0.053761493 0.99272221 4287952557
-0.041128177 -0.053766876 0.99246615 4287952557
-0.034792673 -0.053763993 0.9922182 4287952557
-0.028460059 -0.053756438 0.99197495 4287952557
-0.022130582 -0.053751133 0.9917295 4287952557
-0.015803017 -0.053731706 0.99145526 4287952557
-0.0094775772 -0.053689703 0.99113786 4287952557
-0.0031568101 -0.053656083 0.99081236 4287952557
0.0088111563 0.055798262 0.92150229 4287952557
0.01468265 0.055780448 0.92127752 4287952557
0.020550752 0.055757068 0.92103779 4287952557
0.026416112 0.05574609 0.92077351 4287952557
0.032277517 0.055738725 0.92049223 4287952557
0.038134634 0.055728257 0.92020285 4287952557
0.043987881 0.055718083 0.91991472 4287952557
0.049837559 0.055710599 0.91963422 4287952557
0.055683505 0.055697728 0.91935408 4287952557
0.06152574 0.055682596 0.91907245 4287952557
0.067363977 0.05566483 0.91878378 4287952557
0.073198184 0.055644467 0.91848803 4287952557
0.079028599 0.055623226 0.91819 4287952557
0.084855802 0.055605039 0.91790044 4287952557
0.090679795 0.055589505 0.91761845 4287952557
0.096499838 0.055571605 0.91732997 4287952557
0.10231464 0.055544294 0.91701573 4287952557
0.10812211 0.055499487 0.91665369 4287952557
0.11390959 0.055502232 0.91623229 4287952557
0.1196861 0.055489779 0.91575319 4287952557
0.12544988 0.05545143 0.91520393 4287952557
0.13120426 0.055402376 0.9146263 4287952557
0.13675892 0.055070158 0.91340131 4287952557
0.14107554 0.054259043 0.91070265 4287952557
0.14251083 0.053542271 0.88491243 4294901760
0.14758337 0.052977238 0.86907017 4282643381
0.15212889 0.052738152 0.86570764 4282643381
0.15698293 0.052311797 0.86399257 4282643381
0.1623657 0.052208897 0.86327857 4282643381
0.16788904 0.052260157 0.86330187 4282643381
0.17336075 0.052234937 0.86309338 4282643381
0.1788397 0.052262221 0.86305225 4282643381
0.18430963 0.052261528 0.8629216 4282643381
0.18977669 0.052253753 0.86276853 4282643381
0.19524102 0.052233495 0.86257535 4282643381
0.20070545 0.052195463 0.86232471 4282643381
0.20617524 0.052174002 0.86213529 4282643381
0.2116423 0.052190416 0.86207384 4282643381
0.21718009 0.052278206 0.86261797 4282643381
0.22261222 0.052536394 0.86395901 4282643381
0.22960955 0.052548688 0.86771297 4282643381
-0.73833507 0.060345545 0.90126342 4291520081
-0.72998023 0.060192451 0.89826465 4291520081
-0.7234835 0.060044877 0.8970201 4291520081
-0.71729517 0.059974346 0.89633292 4291520081
-0.7112124 0.059961643 0.89593095 4291520081
-0.70526397 0.059946202 0.89564717 4291520081
-0.69932324 0.059919931 0.89533317 4291520081
-0.69342113 0.059874125 0.89499784 4291520081
-0.68750095 0.059765596 0.89448392 4291520081
-0.6815356 0.059693307 0.89408469 4291520081
-0.67570591 0.059845235 0.89431113 4291520081
-0.6705569 0.059827644 0.89498746 4291520081
-0.6660679 0.060225453 0.89683175 4291520081
-0.66260123 0.060397014 0.89942193 4294901760
-0.6597901 0.060474701 0.90405333 4291520081
-0.65843183 0.060911067 0.91120654 4291520081
-0.65944409 0.061547838 0.91938525 4291520081
-0.66053379 0.062185526 0.92841101 4291520081
-0.65964514 0.06247649 0.93764544 4291520081
-0.6567806 0.062474839 0.94105178 4294901760
-0.6524381 0.063033208 0.94309664 4286097756
-0.6469593 0.0634249 0.94421595 4287952557
-0.64092869 0.063343972 0.94420129 4287952557
-0.63501179 0.063334174 0.94434094 4287952557
-0.62909847 0.063203014 0.94421291 4287952557
-0.62322479 0.063190803 0.94437307 4287952557
-0.61721396 0.063227095 0.94446969 4287952557
-0.61120158 0.063243434 0.94451916 4287952557
-0.60519123 0.063247167 0.94454283 4287952557
-0.5991888 0.063243039 0.94455928 4287952557
-0.59318596 0.063238479 0.94457465 4287952557
-0.58718312 0.063230373 0.94458205 4287952557
-0.58117884 0.063211888 0.94456339 4287952557
-0.57508701 0.063220948 0.94448864 4287952557
-0.56899709 0.063214593 0.94437826 4287952557
-0.56290919 0.063195795 0.94423878 4287952557
-0.55682355 0.063168988 0.94408059 4287952557
-0.55070281 0.06315437 0.9438991 4287952557
-0.5445599 0.063148379 0.94370395 4287952557
-0.53842056 0.063132972 0.94348681 4287952557
-0.53225869 0.063121222 0.94324148 4287952557
-0.52608693 0.063109666 0.94297707 4287952557
-0.51991904 0.063094757 0.94270492 4287952557
-0.51375514 0.06308002 0.94243401 4287952557
-0.50760138 0.063064463 0.9421711 4287952557
-0.50146198 0.06304457 0.9419142 4287952557
-0.49532601 0.063023545 0.94165462 4287952557
-0.48919356 0.062999636 0.94138831 4287952557
-0.4830437 0.062983878 0.94110996 4287952557
-0.47689316 0.06296996 0.9408291 4287952557
-0.47074994 0.062952928 0.94054633 4287952557
-0.46462005 0.062931396 0.94026792 4287952557
-0.4584935 0.062911659 0.93999404 4287952557
-0.45237038 0.062892355 0.93972111 4287952557
-0.44625053 0.062875323 0.93945378 4287952557
-0.44013423 0.062858529 0.93918723 4287952557
-0.43402132 0.062841691 0.93892056 4287952557
-0.42791212 0.062824018 0.9386521 4287952557
-0.42180642 0.062805735 0.93838227 4287952557
-0.41570526 0.062786475 0.93811184 4287952557
-0.40960872 0.062767208 0.93784368 4287952557
-0.40351534 0.062749855 0.93758023 4287952557
-0.39742529 0.062734053 0.93732083 4287952557
-0.39134279 0.062716104 0.93706417 4287952557
-0.38528177 0.062684923 0.93680954 4287952557
-0.37921667 0.062672526 0.93659157 4287952557
-0.37315258 0.062648647 0.93634403 4287952557
-0.36708778 0.062574334 0.93600613 4287952557
-0.36115223 0.062542766 0.93609262 4287952557
-0.35540286 0.062924571 0.93705922 4287952557
-0.35002694 0.063864775 0.93875051 4287952557
-0.34524283 0.064048246 0.94173908 4287952557
-0.34053856 0.061026972 0.94675702 4287952557
-0.33575967 0.0626956 0.94916916 4287952557
-0.33023062 0.063894689 0.95040083 4287952557
-0.32399163 0.064344697 0.95029038 4287952557
-0.31759438 0.063978665 0.94931191 4287952557
-0.31127498 0.063660413 0.94826353 4287952557
-0.30498788 0.063615166 0.94751775 4287952557
-0.2987642 0.063548535 0.94689834 4287952557
-0.29260454 0.063451 0.9464041 4287952557
-0.28644282 0.063453451 0.94601357 4287952557
-0.28028646 0.063456781 0.94562548 4287952557
-0.27413681 0.063481621 0.9452672 4287952557
-0.26806983 0.06337893 0.94500655 4287952557
-0.26199269 0.063320152 0.94475883 4287952557
-0.25588733 0.063323371 0.9444834 4287952557
-0.24978548 0.06333001 0.94421196 4287952557
-0.24368753 0.06332995 0.94393307 4287952557
-0.23759395 0.063332625 0.94365859 4287952557
-0.23151748 0.063292213 0.94337797 4287952557
-0.22544147 0.063296482 0.94314462 4287952557
-0.21936904 0.06329532 0.94290578 4287952557
-0.21329989 0.063277714 0.94264948 4287952557
-0.20723441 0.063253716 0.94238824 4287952557
-0.2011787 0.06315694 0.94205356 4287952557
-0.1950697 0.063181847 0.94164169 4287952557
-0.18887001 0.06353578 0.94154388 4287952557
-0.18271129 0.063418917 0.94097871 4287952557
-0.17691427 0.062680177 0.93961716 4294901760
-0.17129062 0.06170246 0.93693507 4294901760
-0.16253251 0.062983766 0.93125337 4287952557
-0.15689655 0.062317673 0.92935288 4287952557
-0.1509807 0.062060449 0.92815572 4287952557
-0.14493017 0.062039599 0.92752117 4287952557
-0.13888268 0.062087148 0.92707843 4287952557
-0.13290222 0.062048573 0.92656434 4287952557
-0.1269463 0.062000357 0.92611188 4287952557
-0.12099222 0.061965194 0.92569458 4287952557
-0.11504169 0.061936524 0.9252947 4287952557
-0.10909038 0.061921224 0.9249106 4287952557
-0.10315488 0.061893482 0.924546 4287952557
-0.097224094 0.061870113 0.92420053 4287952557
-0.091296799 0.061852768 0.92387193 4287952557
-0.085373469 0.06183878 0.92355281 4287952557
-0.079458788 0.061817531 0.92324024 4287952557
-0.073550224 0.061793782 0.92293704 4287952557
-0.067643486 0.061775133 0.92263687 4287952557
-0.061739851 0.061759606 0.92234141 4287952557
-0.055839982 0.061745815 0.92205089 4287952557
-0.049949121 0.061719548 0.92176914 4287952557
-0.044061307 0.061695013 0.92149299 4287952557
-0.038176421 0.061672773 0.92122328 4287952557
-0.032294441 0.061653223 0.92096126 4287952557
-0.0264154 0.061636742 0.92070937 4287952557
-0.020539992 0.061620258 0.92046827 4287952557
-0.014667681 0.061605301 0.92023885 4287952557
-0.0087989653 0.061587572 0.92001808 4287952557
-0.0029326719 0.061572172 0.91980392 4287952557
0.0029309983 0.06155739 0.91959149 4287952557
0.0087919058 0.061542012 0.91937745 4287952557
0.014649778 0.061523672 0.91915524 4287952557
0.020504368 0.061500613 0.91891974 4287952557
0.026356636 0.061497238 0.91866004 4287952557
0.032204665 0.061490942 0.91839039 4287952557
0.038048599 0.061482824 0.91811585 4287952557
0.043889076 0.061454445 0.91784918 4287952557
0.04972687 0.061425485 0.91758776 4287952557
0.055561889 0.06139718 0.917328 4287952557
0.061391849 0.061386958 0.91705436 4287952557
0.067217357 0.06137443 0.91677016 4287952557
0.073038511 0.061358538 0.91647649 4287952557
0.078855596 0.061341181 0.916179 4287952557
0.084669195 0.061326403 0.91588897 4287952557
0.090479471 0.061314404 0.91560715 4287952557
0.09628585 0.061300974 0.91532129 4287952557
0.10208693 0.061278123 0.91500819 4287952557
0.10788201 0.061230529 0.91464639 4287952557
0.11365346 0.061238036 0.91421127 4287952557
0.11941524 0.061214216 0.91371238 4287952557
0.1251644 0.061167914 0.91314882 4287952557
0.13090371 0.061109688 0.9125514 4287952557
0.1363219 0.060747895 0.91118515 4287952557
0.1407762 0.060260214 0.90898997 4287952557
0.14311415 0.059222098 0.88517547 4294901760
0.14730066 0.058407526 0.8677783 4282643381
0.15189146 0.05812709 0.86421621 4282643381
0.15668708 0.057703257 0.86241364 4282643381
0.1620958 0.057635512 0.86181056 4282643381
0.16758597 0.057641488 0.86169565 4282643381
0.17304856 0.057613201 0.86147708 4282643381
0.17852151 0.05764265 0.8614555 4282643381
0.18398239 0.057641253 0.86132842 4282643381
0.18944037 0.057634685 0.8611837 4282643381
0.1948984 0.057610977 0.86098969 4282643381
0.20036022 0.057566423 0.86072391 4282643381
0.20582287 0.057558369 0.86058903 4282643381
0.21129423 0.057557009 0.86047333 4282643381
0.21679024 0.057653848 0.86097437 4282643381
0.22230609 0.057867922 0.86231732 4282643381
0.22907169 0.057957672 0.8657617 4282643381
0.23708323 0.058577601 0.87498969 4282643381
-0.73545253 0.065930307 0.89811444 4291520081
-0.72791463 0.065790765 0.89595467 4291520081
-0.72171587 0.065634847 0.89493918 4291520081
-0.71553105 0.065593794 0.89434826 4291520081
-0.70951235 0.065578438 0.89399308 4291520081
-0.70362008 0.065548308 0.89370477 4291520081
-0.69773185 0.065506794 0.89338142 4291520081
-0.69184506 0.065459557 0.89304161 4291520081
-0.68593675 0.065349311 0.89251059 4291520081
-0.67998344 0.065282315 0.89212751 4291520081
-0.67439675 0.065416582 0.89256883 4291520081
-0.66924369 0.065441623 0.89329636 4291520081
-0.66512692 0.065824255 0.89546216 4291520081
-0.66183615 0.065976061 0.89852202 4294901760
-0.65932631 0.066173024 0.90381676 4291520081
-0.65910536 0.066797376 0.91155636 4291520081
-0.65984046 0.06744431 0.91976613 4291520081
-0.66134667 0.068203852 0.92912602 4291520081
-0.6589973 0.068307638 0.93666804 4291520081
-0.65582335 0.068568982 0.93953347 4286097756
-0.65094757 0.06901592 0.94103098 4287952557
-0.64529067 0.069271646 0.94187504 4287952557
-0.63930881 0.069208197 0.94189149 4287952557
-0.6333952 0.069101267 0.94180518 4287952557
-0.62753808 0.069034114 0.94182676 4287952557
-0.62165439 0.069027811 0.941962 4287952557
-0.61565822 0.069050938 0.94203174 4287952557
-0.60966098 0.069056511 0.94205713 4287952557
-0.60366333 0.069052726 0.94205904 4287952557
-0.59766555 0.06904611 0.94205409 4287952557
-0.59164876 0.069049597 0.94204938 4287952557
-0.58561927 0.06905821 0.9420405 4287952557
-0.5795902 0.069057353 0.94200808 4287952557
-0.57351297 0.069066361 0.94193512 4287952557
-0.5673902 0.069083244 0.94181901 4287952557
-0.56128806 0.069078133 0.9416731 4287952557
-0.55521965 0.069050632 0.94151336 4287952557
-0.54915351 0.06901776 0.94134033 4287952557
-0.54306978 0.068987779 0.94114757 4287952557
-0.53694767 0.068969995 0.94092888 4287952557
-0.53080177 0.068957746 0.94068676 4287952557
-0.52464706 0.068946406 0.94042957 4287952557
-0.51850194 0.06892968 0.94016713 4287952557
-0.51237279 0.068908289 0.93991107 4287952557
-0.50624686 0.068887569 0.93965673 4287952557
-0.50012416 0.068866961 0.93940282 4287952557
-0.49400485 0.068844147 0.93914342 4287952557
-0.48787346 0.068825811 0.9388724 4287952557
-0.48173609 0.06880983 0.93859279 4287952557
-0.47560269 0.068792544 0.93831009 4287952557
-0.46947652 0.068773687 0.93802869 4287952557
-0.46336836 0.068748295 0.9377532 4287952557
-0.457261 0.068726011 0.93748194 4287952557
-0.45115685 0.068705544 0.93721527 4287952557
-0.44505605 0.068685882 0.93695068 4287952557
-0.43895862 0.068667538 0.93668962 4287952557
-0.43286449 0.068649694 0.93642986 4287952557
-0.42677382 0.068631604 0.93616962 4287952557
-0.42068663 0.068613119 0.93590844 4287952557
-0.41460285 0.068594716 0.93564761 4287952557
-0.40852231 0.068577975 0.93539125 4287952557
-0.40244493 0.068563879 0.93514174 4287952557
-0.39638025 0.06854704 0.93490231 4287952557
-0.39033213 0.068522207 0.93466669 4287952557
-0.38428667 0.068495542 0.93442643 4287952557
-0.37824288 0.068479516 0.93421394 4287952557
-0.37219802 0.06843441 0.93392307 4287952557
-0.36614376 0.068395406 0.93364882 4287952557
-0.36022285 0.068399549 0.9337694 4287952557
-0.35443729 0.068716101 0.93453103 4287952557
-0.34885979 0.069549195 0.93597043 4287952557
-0.34410822 0.068780944 0.93863553 4287952557
-0.33965167 0.06684237 0.9430781 4287952557
-0.33442533 0.068265371 0.94499427 4287952557
-0.32861334 0.069423273 0.94575793 4287952557
-0.32237211 0.069547482 0.94529951 4287952557
-0.3161121 0.069176614 0.94432771 4287952557
-0.30985415 0.068957523 0.94338548 4287952557
-0.3036043 0.06891375 0.94266909 4287952557
-0.2973699 0.068941616 0.94206619 4287952557
-0.291233 0.068898827 0.94163197 4287952557
-0.28509891 0.068892226 0.94123805 4287952557
-0.27902174 0.068854623 0.94096208 4287952557
-0.27297691 0.068786442 0.94073546 4287952557
-0.26693156 0.06874606 0.94053972 4287952557
-0.26087227 0.068747014 0.94034135 4287952557
-0.2547923 0.068778999 0.94010305 4287952557
-0.2487181 0.068782806 0.93983316 4287952557
-0.24264799 0.068771861 0.93954754 4287952557
-0.23659003 0.068730846 0.93925208 4287952557
-0.23054036 0.068677194 0.93895835 4287952557
-0.22446245 0.068681099 0.93862468 4287952557
-0.21840997 0.068661377 0.93833727 4287952557
-0.21237263 0.068618737 0.93806183 4287952557
-0.20634057 0.068550393 0.93775719 4287952557
-0.20027651 0.068517201 0.9373548 4287952557
-0.19419752 0.068543524 0.93694556 4287952557
-0.18810053 0.068711661 0.93667996 4287952557
-0.18201232 0.068709359 0.93622166 4287952557
-0.17628236 0.068034314 0.9350068 4294901760
-0.17060435 0.067244582 0.93283391 4294901760
-0.16233206 0.068527319 0.92852038 4287952557
-0.15653916 0.06802801 0.92693007 4287952557
-0.15058258 0.06784042 0.92591536 4287952557
-0.1445545 0.06782236 0.92530322 4287952557
-0.1385648 0.067833476 0.92492527 4287952557
-0.1326098 0.067783073 0.92443758 4287952557
-0.12665644 0.067749441 0.92399603 4287952557
-0.12070679 0.067725211 0.92358124 4287952557
-0.11476152 0.067708462 0.92318839 4287952557
-0.10882907 0.067684971 0.92281169 4287952557
-0.10291257 0.067649789 0.9224577 4287952557
-0.097003616 0.067613997 0.92212546 4287952557
-0.091097437 0.067582913 0.92180657 4287952557
-0.085194416 0.067554943 0.92149687 4287952557
-0.079294875 0.067528114 0.92119056 4287952557
-0.073398568 0.06750308 0.92088789 4287952557
-0.067503795 0.067483358 0.92058748 4287952557
-0.061612848 0.06746465 0.92029011 4287952557
-0.055725709 0.067447118 0.91999632 4287952557
-0.049842268 0.067431659 0.91970885 4287952557
-0.043962553 0.067418143 0.91942716 4287952557
-0.038086541 0.067406915 0.91915232 4287952557
-0.032214183 0.067397967 0.91888446 4287952557
-0.026346873 0.067387849 0.91863036 4287952557
-0.020487389 0.067363426 0.91839421 4287952557
-0.014630101 0.067342468 0.91816819 4287952557
-0.0087751262 0.067324214 0.91795015 4287952557
-0.0029225224 0.067308187 0.91773874 4287952557
0.0029275184 0.067292735 0.91752905 4287952557
0.008774831 0.067276359 0.91731673 4287952557
0.014619114 0.06725689 0.91709548 4287952557
0.020460753 0.067240641 0.91686302 4287952557
0.026299186 0.067227341 0.91661596 4287952557
0.03213368 0.067200467 0.91636419 4287952557
0.037965227 0.067173056 0.91611063 4287952557
0.043794032 0.067146666 0.91585994 4287952557
0.049620159 0.067121483 0.9156127 4287952557
0.055443358 0.06709563 0.91536278 4287952557
0.061262988 0.06707184 0.91510642 4287952557
0.067076966 0.067059971 0.91483217 4287952557
0.072886519 0.067044094 0.91454607 4287952557
0.07869187 0.067025729 0.9142527 4287952557
0.084493548 0.067008629 0.91396332 4287952557
0.090291947 0.066994488 0.91368371 4287952557
0.096088596 0.066971697 0.91340703 4287952557
0.10188019 0.066940837 0.91310573 4287952557
0.10766436 0.066893451 0.91275352 4287952557
0.11342844 0.066876858 0.91233152 4287952557
0.11917539 0.0668661 0.9118337 4287952557
0.12490984 0.066833086 0.91127026 4287952557
0.13068721 0.066836476 0.91086054 4287952557
0.13601395 0.066487961 0.90944296 4287952557
0.14034736 0.065846018 0.9069373 4294901760
0.14351556 0.064886332 0.88529158 4294901760
0.14692235 0.063724481 0.8662377 4282643381
0.15164213 0.063538566 0.86283004 4282643381
0.15645888 0.063135102 0.86104649 4282643381
0.16185565 0.063108943 0.86058646 4282643381
0.16729228 0.063036628 0.86020476 4282643381
0.17274477 0.063008115 0.85998523 4282643381
0.1782082 0.063036382 0.85997277 4282643381
0.18366247 0.063031048 0.85984963 4282643381
0.18911442 0.06302081 0.85970926 4282643381
0.19456396 0.062996246 0.85951537 4282643381
0.20001599 0.062954567 0.85925454 4282643381
0.20546767 0.062951192 0.8591404 4282643381
0.21092378 0.062953375 0.8590439 4282643381
0.21635899 0.063071661 0.85957813 4282643381
0.2219671 0.063230604 0.86085236 4282643381
0.22854622 0.063371018 0.86403537 4282643381
0.23635578 0.063952766 0.87225717 4282643381
-0.73319119 0.071475066 0.89554805 4291520081
-0.72624397 0.071331136 0.89390206 4291520081
-0.72022384 0.071186498 0.89307094 4291520081
-0.71414918 0.071130387 0.89252627 4291520081
-0.70818102 0.071111292 0.89220786 4291520081
-0.70224613 0.071091533 0.89191222 4291520081
-0.69631886 0.071051784 0.89155048 4291520081
-0.69039363 0.071014568 0.8911981 4291520081
-0.68444282 0.070896521 0.89058763 4291520081
-0.67847437 0.070867516 0.89026427 4291520081
-0.67307323 0.070986472 0.89085615 4291520081
-0.66812915 0.07115142 0.89192957 4291520081
-0.66429067 0.071444869 0.89424849 4291520081
-0.66119826 0.071570516 0.8978532 4294901760
-0.65905833 0.071938358 0.90375507 4291520081
-0.65945625 0.072640046 0.91169274 4291520081
-0.66022116 0.073346227 0.92022723 4291520081
-0.66105723 0.07412044 0.92935109 4291520081
-0.65853041 0.074214622 0.93563712 4294901760
-0.6548239 0.074547336 0.93795544 4286097756
-0.64969528 0.075002424 0.93938851 4287952557
-0.64374542 0.075087659 0.9396947 4287952557
-0.63775784 0.075091235 0.93978298 4287952557
-0.63183379 0.074932501 0.9395349 4287952557
-0.6259957 0.074901402 0.9396314 4287952557
-0.62009448 0.074897297 0.93972665 4287952557
-0.6141122 0.074907869 0.93976569 4287952557
-0.6080997 0.074915454 0.93976021 4287952557
-0.60208476 0.074916616 0.93973392 4287952557
-0.59607023 0.074917585 0.93970704 4287952557
-0.59005588 0.074922092 0.9396894 4287952557
-0.58404213 0.074924842 0.93966711 4287952557
-0.5780288 0.074920647 0.9396264 4287952557
-0.57202685 0.074899673 0.93955511 4287952557
-0.56594247 0.074900992 0.9394356 4287952557
-0.55983508 0.074901961 0.93928254 4287952557
-0.55373406 0.074891664 0.93910438 4287952557
-0.54763609 0.074874662 0.9389087 4287952557
-0.54154122 0.074852698 0.93870044 4287952557
-0.53547889 0.074812829 0.93848443 4287952557
-0.5293529 0.074797906 0.93824571 4287952557
-0.52323353 0.074778594 0.93799973 4287952557
-0.51711756 0.074758701 0.93775243 4287952557
-0.51100463 0.074739337 0.93750662 4287952557
-0.50489491 0.074719898 0.93726051 4287952557
-0.49878871 0.074698359 0.9370091 4287952557
-0.49267566 0.074677892 0.93674588 4287952557
-0.48655379 0.074659623 0.93647045 4287952557
-0.48043993 0.074636981 0.93618941 4287952557
-0.47432986 0.074613377 0.93590587 4287952557
-0.46822348 0.074590035 0.93562323 4287952557
-0.46212056 0.074568249 0.93534482 4287952557
-0.4560211 0.074548267 0.93507123 4287952557
-0.44993109 0.074526876 0.93480325 4287952557
-0.44385332 0.074503593 0.9345445 4287952557
-0.43777859 0.074482165 0.93429071 4287952557
-0.43170694 0.074462049 0.93404049 4287952557
-0.42563847 0.074442096 0.9337908 4287952557
-0.41957015 0.074423954 0.933541 4287952557
-0.4135024 0.07440827 0.93329346 4287952557
-0.4074378 0.074394643 0.93305159 4287952557
-0.40139127 0.074375704 0.93282109 4287952557
-0.39535576 0.074355334 0.93260133 4287952557
-0.38932303 0.074334979 0.93238145 4287952557
-0.38329345 0.074311703 0.93215346 4287952557
-0.37726632 0.074291684 0.93193394 4287952557
-0.37124336 0.074244276 0.93164194 4287952557
-0.36521837 0.074207552 0.9313817 4287952557
-0.35928544 0.074225366 0.93143785 4287952557
-0.35342929 0.074422844 0.93190175 4287952557
-0.34767815 0.074937135 0.93281406 4287952557
-0.34323487 0.073407106 0.93538421 4287952557
-0.33842596 0.072119646 0.93848121 4287952557
-0.33280325 0.073294349 0.93967831 4287952557
-0.32690269 0.073866531 0.93993133 4287952557
-0.32082325 0.073898025 0.93945652 4287952557
-0.31471628 0.073740922 0.93869919 4287952557
-0.30848277 0.073793337 0.93806958 4287952557
-0.30224872 0.073820017 0.93741196 4287952557
-0.29602996 0.073901683 0.93683147 4287952557
-0.28991657 0.073916331 0.93646556 4287952557
-0.28389031 0.073845141 0.93622279 4287952557
-0.2778579 0.073829323 0.93606538 4287952557
-0.27183181 0.073818021 0.93589979 4287952557
-0.26580957 0.073822722 0.93575615 4287952557
-0.25977147 0.07385388 0.93558192 4287952557
-0.25373453 0.073875435 0.93538547 4287952557
-0.24771997 0.07384222 0.93517798 4287952557
-0.24170856 0.073780283 0.93493414 4287952557
-0.23565026 0.073770173 0.93459082 4287952557
-0.22959675 0.073757596 0.93423742 4287952557
-0.22354865 0.073741898 0.93388826 4287952557
-0.21750425 0.073735334 0.93354988 4287952557
-0.21146861 0.0737224 0.93321681 4287952557
-0.20544076 0.073682748 0.93285769 4287952557
-0.1993839 0.073665574 0.93240118 4287952557
-0.19334233 0.073699042 0.9320097 4287952557
-0.18732417 0.073853023 0.93174797 4287952557
-0.18143509 0.07365033 0.93124944 4287952557
-0.17569286 0.07313735 0.93029118 4294901760
-0.16865303 0.073823132 0.92766625 4287952557
-0.16210173 0.073972195 0.92564857 4287952557
-0.15617795 0.073697709 0.92449445 4287952557
-0.15019196 0.07359194 0.92368025 4287952557
-0.14422888 0.073557131 0.92322516 4287952557
-0.13827235 0.07353688 0.92282796 4287952557
-0.13232692 0.07349734 0.92237765 4287952557
-0.1263862 0.07346455 0.92194986 4287952557
-0.12045199 0.073437914 0.92155242 4287952557
-0.11452261 0.073414922 0.92116648 4287952557
-0.10860952 0.073382117 0.92080319 4287952557
-0.10270061 0.073353902 0.92045736 4287952557
-0.096800305 0.073323585 0.92012984 4287952557
-0.090906389 0.073292643 0.91981632 4287952557
-0.085015804 0.073263422 0.91950786 4287952557
-0.079128623 0.073236167 0.91920567 4287952557
-0.073243767 0.073212177 0.91890675 4287952557
-0.067361429 0.073191255 0.91861016 4287952557
-0.061482906 0.073171377 0.91831696 4287952557
-0.055608176 0.073152617 0.9180274 4287952557
-0.049737193 0.073135257 0.91774249 4287952557
-0.043871488 0.073115945 0.91746485 4287952557
-0.038012102 0.073091261 0.91719723 4287952557
-0.032155581 0.073069111 0.91693759 4287952557
-0.026301866 0.073050112 0.91668779 4287952557
-0.020452539 0.073028907 0.9164511 4287952557
-0.014605933 0.073009677 0.91622317 4287952557
-0.0087618353 0.072993293 0.91600448 4287952557
-0.0029204169 0.072978444 0.91579068 4287952557
0.0029182469 0.072964504 0.9155798 4287952557
0.0087539796 0.072949834 0.91536665 4287952557
0.014586556 0.072932199 0.91514909 4287952557
0.020415979 0.07291121 0.91492301 4287952557
0.026242616 0.072894894 0.91468537 4287952557
0.032065853 0.07287731 0.91444111 4287952557
0.037885826 0.072859205 0.91419548 4287952557
0.043702908 0.072840981 0.91395599 4287952557
0.049517341 0.072818764 0.91372162 4287952557
0.055328876 0.072795913 0.91348523 4287952557
0.061137229 0.072770707 0.91324109 4287952557
0.066941001 0.072749622 0.91298163 4287952557
0.072739244 0.072734512 0.91270661 4287952557
0.078533649 0.072713852 0.91242224 4287952557
0.084325455 0.072687067 0.91213799 4287952557
0.090114377 0.072663777 0.91186523 4287952557
0.09589982 0.072640508 0.91159254 4287952557
0.10168055 0.072611265 0.91130036 4287952557
0.1074541 0.072566703 0.91095793 4287952557
0.11321347 0.07252565 0.91055351 4287952557
0.11895054 0.072514094 0.91007358 4287952557
0.12467587 0.072483271 0.90953153 4287952557
0.13047072 0.072532922 0.90923512 4287952557
0.13575715 0.072158732 0.90761119 4287952557
0.14008391 0.071697779 0.90533155 4287952557
0.1436758 0.070551932 0.8853184 4294901760
0.14654303 0.069044679 0.86471272 4282643381
0.15140505 0.068878837 0.86137581 4282643381
0.1562371 0.068546869 0.85975444 4282643381
0.16158497 0.068508357 0.85920888 4282643381
0.16700816 0.068435609 0.85881543 4282643381
0.1724516 0.068404399 0.85859674 4282643381
0.17790593 0.06842757 0.85859185 4282643381
0.18335068 0.068422362 0.85847563 4282643381
0.18879311 0.068412833 0.85834259 4282643381
0.1942326 0.06838952 0.858154 4282643381
0.19967344 0.068344168 0.85787487 4282643381
0.20511121 0.068349853 0.85780323 4282643381
0.21055691 0.068334006 0.85764176 4282643381
0.2159349 0.068460226 0.8581773 4282643381
0.22159974 0.068594553 0.85942668 4282643381
0.22810276 0.068765856 0.86250067 4282643381
0.23577648 0.06932231 0.86996335 4282643381
-0.74060458 0.077236772 0.89713454 4291520081
-0.73184276 0.076954067 0.89357531 4291520081
-0.72504461 0.076824918 0.89215773 4291520081
-0.71902162 0.07669653 0.89136529 4291520081
-0.71292222 0.076659635 0.89087772 4291520081
-0.70699149 0.07663355 0.89057028 4291520081
-0.70106757 0.076601848 0.89024186 4291520081
-0.69514894 0.076557778 0.88987023 4291520081
-0.68922371 0.076469608 0.88934821 4291520081
-0.68322164 0.07637915 0.8887943 4291520081
-0.67723352 0.076397665 0.88859951 4291520081
-0.67190558 0.076496668 0.88924128 4291520081
-0.66725004 0.076789856 0.89083922 4291520081
-0.66359371 0.077043362 0.89309704 4291520081
-0.66061217 0.077189721 0.89725161 4291520081
-0.65886199 0.077696055 0.9037208 4291520081
-0.65988052 0.078484491 0.91182244 4291520081
-0.66070521 0.079259127 0.92068684 4291520081
-0.66073525 0.079997599 0.92950261 4294901760
-0.65780604 0.080005482 0.93418872 4286097756
-0.65380377 0.080499515 0.93644387 4286097756
-0.64847195 0.080831595 0.93765634 4287952557
-0.64244348 0.080804177 0.93764472 4287952557
-0.63651401 0.080818459 0.93776286 4287952557
-0.63057482 0.080712497 0.93754172 4287952557
-0.62469399 0.080711082 0.93764603 4287952557
-0.61873221 0.080726288 0.93770826 4287952557
-0.61272299 0.080741331 0.93771607 4287952557
-0.60671407 0.080744356 0.93768865 4287952557
-0.60070586 0.080741853 0.93764508 4287952557
-0.59470975 0.08073891 0.93761373 4287952557
-0.58872807 0.080733061 0.93759084 4287952557
-0.58274657 0.080725864 0.93756431 4287952557
-0.57676554 0.080709487 0.93751234 4287952557
-0.57078558 0.08068116 0.93742764 4287952557
-0.56475019 0.080661744 0.93729883 4287952557
-0.55864727 0.080655977 0.93712205 4287952557
-0.55254734 0.080643229 0.93692571 4287952557
-0.54643053 0.080633074 0.93671149 4287952557
-0.54030818 0.08062315 0.93648678 4287952557
-0.53418946 0.080610529 0.9362548 4287952557
-0.52807432 0.08059486 0.93601453 4287952557
-0.52197713 0.080573067 0.93577641 4287952557
-0.51588428 0.080550693 0.93553853 4287952557
-0.50979459 0.080527864 0.93529946 4287952557
-0.503708 0.080503151 0.9350552 4287952557
-0.49761993 0.080477722 0.93480247 4287952557
-0.4915106 0.080459155 0.93453526 4287952557
-0.48540697 0.080436066 0.93425769 4287952557
-0.47930738 0.080410898 0.93397462 4287952557
-0.4732115 0.080385268 0.93369043 4287952557
-0.46711922 0.080360316 0.9334082 4287952557
-0.46103042 0.080336869 0.93313026 4287952557
-0.45494509 0.080315463 0.93285817 4287952557
-0.448863 0.080296665 0.93259323 4287952557
-0.44279248 0.080276676 0.9323374 4287952557
-0.43673909 0.080252334 0.932091 4287952557
-0.43069029 0.08022812 0.93184733 4287952557
-0.42464438 0.080204815 0.93160635 4287952557
-0.41860139 0.080182277 0.93136764 4287952557
-0.41256121 0.080161564 0.93113399 4287952557
-0.40652701 0.080141917 0.93090868 4287952557
-0.40051311 0.080116071 0.93069518 4287952557
-0.3944903 0.080098018 0.93048489 4287952557
-0.3884702 0.080080278 0.93027562 4287952557
-0.38245323 0.080058709 0.93005562 4287952557
-0.37643901 0.080036052 0.9298324 4287952557
-0.37042862 0.079978868 0.92951375 4287952557
-0.36441624 0.079959542 0.92930132 4287952557
-0.35838741 0.080020085 0.92923611 4287952557
-0.35238916 0.080183372 0.9293561 4287952557
-0.34643328 0.080532283 0.92975342 4287952557
-0.34069291 0.080722369 0.93032336 4287952557
-0.33479655 0.081026323 0.930704 4287952557
-0.32877082 0.081158243 0.93061268 4287952557
-0.32273093 0.081201568 0.93046486 4287952557
-0.31668392 0.081058271 0.93008459 4287952557
-0.31099054 0.08076141 0.93024307 4287952557
-0.30531657 0.080423012 0.93042976 4287952557
-0.29940107 0.080308661 0.9303056 4287952557
-0.29329813 0.080422379 0.92999899 4287952557
-0.28733933 0.080335848 0.92978132 4287952557
-0.28138232 0.080296263 0.92962784 4287952557
-0.27542752 0.080251917 0.92946923 4287952557
-0.26947266 0.080230579 0.92934126 4287952557
-0.26353109 0.080202654 0.92924142 4287952557
-0.25770631 0.080065012 0.92933643 4287952557
-0.25187856 0.079894543 0.92938846 4287952557
-0.24588379 0.079889104 0.92915446 4287952557
-0.2398202 0.079920627 0.92873627 4287952557
-0.23376173 0.079965346 0.92833793 4287952557
-0.22773549 0.07997258 0.92797112 4287952557
-0.22175656 0.079884849 0.92760146 4287952557
-0.21577732 0.079858281 0.92731631 4287952557
-0.20980209 0.079824388 0.92702121 4287952557
-0.20380802 0.079811469 0.92667252 4287952557
-0.19768322 0.080035374 0.92620999 4287952557
-0.19169101 0.080052659 0.92588872 4287952557
-0.18578191 0.079979666 0.9258287 4287952557
-0.17989899 0.079829127 0.92563438 4287952557
-0.17413464 0.079428017 0.92512202 4287952557
-0.16770777 0.079703808 0.92382795 4287952557
-0.16178927 0.07946793 0.92292589 4287952557
-0.15580921 0.079357259 0.92212993 4287952557
-0.14986441 0.079298817 0.92163289 4287952557
-0.14391734 0.07927791 0.92125386 4287952557
-0.1379822 0.079235993 0.92081803 4287952557
-0.13205121 0.079199478 0.92039871 4287952557
-0.12612395 0.079170629 0.92000371 4287952557
-0.12020157 0.079144768 0.91961908 4287952557
-0.11429591 0.079108641 0.91925055 4287952557
-0.10839495 0.079075508 0.91889614 4287952557
-0.10249734 0.079048023 0.91856003 4287952557
-0.096603446 0.079024754 0.91823798 4287952557
-0.090713464 0.079004586 0.91792637 4287952557
-0.084832929 0.07897868 0.91762358 4287952557
-0.078957997 0.078951761 0.91732872 4287952557
-0.073084496 0.078929372 0.91703731 4287952557
-0.067214429 0.078908406 0.91674888 4287952557
-0.061351288 0.078883216 0.91646713 4287952557
-0.055494085 0.078854106 0.91618955 4287952557
-0.049639858 0.078826427 0.91591662 4287952557
-0.043788619 0.078800164 0.91564852 4287952557
-0.037940346 0.078775495 0.91538596 4287952557
-0.032095004 0.078752719 0.91512978 4287952557
-0.026252532 0.07873261 0.91488284 4287952557
-0.020413924 0.078711897 0.91464567 4287952557
-0.014578685 0.07869108 0.91441774 4287952557
-0.0087460177 0.078672379 0.91419703 4287952557
-0.0029160173 0.078655154 0.91398132 4287952557
0.0029110059 0.078637503 0.91376919 4287952557
0.0087352097 0.078619473 0.91355711 4287952557
0.014556536 0.078600578 0.91334236 4287952557
0.020374868 0.078579448 0.91311997 4287952557
0.026190264 0.078557856 0.91288978 4287952557
0.032002755 0.078540571 0.91265303 4287952557
0.037812062 0.078523256 0.91241622 4287952557
0.043618366 0.078507222 0.912184 4287952557
0.049421661 0.078492329 0.91195577 4287952557
0.055221725 0.078476921 0.9117263 4287952557
0.061018396 0.078459822 0.91149122 4287952557
0.066812195 0.078434333 0.91124612 4287952557
0.072600283 0.078416288 0.91098362 4287952557
0.078384168 0.078394428 0.91070801 4287952557
0.084164932 0.078366637 0.9104259 4287952557
0.089942738 0.078341208 0.91015196 4287952557
0.095717303 0.078316629 0.90988094 4287952557
0.1014875 0.078287542 0.90959448 4287952557
0.10725138 0.078247048 0.90926772 4287952557
0.11300693 0.078191146 0.90888572 4287952557
0.11873602 0.078177445 0.90843201 4287952557
0.12449362 0.078223966 0.90817457 4287952557
0.13032578 0.078246631 0.90782374 4287952557
0.13554724 0.077879362 0.90613705 4287952557
0.1397793 0.077226482 0.90358382 4287952557
0.14410783 0.076216452 0.8854304 4294901760
0.14624119 0.074394867 0.86333257 4282643381
0.15117252 0.074277639 0.86026496 4282643381
0.15601619 0.073948413 0.85851407 4282643381
0.16133977 0.073864482 0.85789073 4282643381
0.16675632 0.073791586 0.85749429 4282643381
0.17219287 0.073761612 0.85727918 4282643381
0.17764117 0.073785037 0.85728979 4282643381
0.18307857 0.073781505 0.85718715 4282643381
0.1885134 0.073772892 0.857063 4282643381
0.19394539 0.073752716 0.85688877 4282643381
0.19937801 0.073713191 0.85662907 4282643381
0.20480719 0.073719278 0.85656941 4282643381
0.21024941 0.073703207 0.85642785 4282643381
0.21565069 0.073809311 0.85694909 4282643381
0.22127135 0.073949844 0.85814184 4282643381
0.22765429 0.074142538 0.86097747 4282643381
0.23525038 0.074692599 0.86794567 4282643381
-0.73825157 0.082712114 0.89439118 4291520081
-0.7304765 0.082457341 0.89175373 4291520081
-0.72383273 0.082333505 0.89050555 4291520081
-0.7177633 0.082254998 0.88987392 4291520081
-0.7117148 0.082207583 0.88938922 4291520081
-0.70579731 0.082172766 0.88905585 4291520081
-0.69988614 0.082129106 0.88868874 4291520081
-0.69394284 0.082084686 0.88829297 4291520081
-0.68797547 0.081979938 0.88766021 4291520081
-0.6819635 0.081904113 0.8871491 4291520081
-0.67601603 0.081947096 0.88706774 4291520081
-0.67081159 0.082031086 0.88778818 4291520081
-0.66639477 0.082367033 0.88967592 4291520081
-0.66290057 0.082616985 0.89220482 4291520081
-0.66009343 0.082851857 0.89673758 4291520081
-0.65880013 0.083484493 0.90374768 4291520081
-0.65994537 0.084302902 0.91185814 4291520081
-0.66102076 0.08517006 0.92110616 4291520081
-0.66020161 0.085835643 0.92939866 4294901760
-0.65709865 0.08596085 0.93272477 4286097756
-0.65269262 0.086369447 0.93482691 4286097756
-0.64718711 0.086598933 0.9358024 4287952557
-0.64122361 0.086594835 0.93586028 4287952557
-0.63533115 0.086592965 0.93595099 4287952557
-0.62944245 0.086493388 0.935736 4287952557
-0.62358016 0.086485706 0.93582278 4287952557
-0.61759955 0.086505383 0.93587089 4287952557
-0.61160541 0.086514108 0.93586892 4287952557
-0.60560811 0.086511724 0.93582809 4287952557
-0.59961134 0.086506851 0.93577933 4287952557
-0.59361511 0.086504839 0.93573952 4287952557
-0.58761936 0.086505197 0.93570679 4287952557
-0.58162427 0.086501539 0.93566167 4287952557
-0.57563037 0.086488694 0.9355889 4287952557
-0.56963807 0.086463332 0.93547916 4287952557
-0.5635727 0.086450286 0.93531966 4287952557
-0.55747044 0.086440213 0.93512231 4287952557
-0.55137163 0.08642339 0.93490481 4287952557
-0.54527617 0.086403273 0.9346776 4287952557
-0.53918362 0.086382672 0.93444902 4287952557
-0.53309423 0.086360894 0.9342171 4287952557
-0.527008 0.086337991 0.93398196 4287952557
-0.52092487 0.086314335 0.93374473 4287952557
-0.51484472 0.086291298 0.93350941 4287952557
-0.50876564 0.086267859 0.93327039 4287952557
-0.50268406 0.086244307 0.93302369 4287952557
-0.49659985 0.086219192 0.93276459 4287952557
-0.49050197 0.086196892 0.93249106 4287952557
-0.48440868 0.086171523 0.93220931 4287952557
-0.47832221 0.086143389 0.93192363 4287952557
-0.47223929 0.086115777 0.93163943 4287952557
-0.46615988 0.086088844 0.93135738 4287952557
-0.4600839 0.086063676 0.93108058 4287952557
-0.45401117 0.086040974 0.93081105 4287952557
-0.44794375 0.086020388 0.93055063 4287952557
-0.4418973 0.085995205 0.9303022 4287952557
-0.43585378 0.085971981 0.93005973 4287952557
-0.42981571 0.085949548 0.9298234 4287952557
-0.42378208 0.085927114 0.92958927 4287952557
-0.41775131 0.085905217 0.92935669 4287952557
-0.41172329 0.085885227 0.92912966 4287952557
-0.40570408 0.085865296 0.92891234 4287952557
-0.39970359 0.085839078 0.92870134 4287952557
-0.39370495 0.085817382 0.92850363 4287952557
-0.38770109 0.085801139 0.92831028 4287952557
-0.38169554 0.085784554 0.92810857 4287952557
-0.37569302 0.085764222 0.92789602 4287952557
-0.36969396 0.085714221 0.92759615 4287952557
-0.36367297 0.085714065 0.9274053 4287952557
-0.35764962 0.085733473 0.92725414 4287952557
-0.35163483 0.085790411 0.92717957 4287952557
-0.34567308 0.085876547 0.92723441 4287952557
-0.33971658 0.085987076 0.92731476 4287952557
-0.33373713 0.086061083 0.92724603 4287952557
-0.32775131 0.086035036 0.92695969 4287952557
-0.32176504 0.085996702 0.92671162 4287952557
-0.3157891 0.085983142 0.92653406 4287952557
-0.30982029 0.085995808 0.92640972 4287952557
-0.30385023 0.085980177 0.92622346 4287952557
-0.29788807 0.085972488 0.92606086 4287952557
-0.29190385 0.085977152 0.9258551 4287952557
-0.28592402 0.085969627 0.92562294 4287952557
-0.27994442 0.085973106 0.92539406 4287952557
-0.27397197 0.085978493 0.92518133 4287952557
-0.26799762 0.08597973 0.92497253 4287952557
-0.26202789 0.085998394 0.92478096 4287952557
-0.25606063 0.086014479 0.92458594 4287952557
-0.25009739 0.086019397 0.92437261 4287952557
-0.24413915 0.086008549 0.92413342 4287952557
-0.23818585 0.085984036 0.92387265 4287952557
-0.23223595 0.085954741 0.92360473 4287952557
-0.22629549 0.085925244 0.92336029 4287952557
-0.22038196 0.085873879 0.92314827 4287952557
-0.21447556 0.085816376 0.92293727 4287952557
-0.20857032 0.085754268 0.92271298 4287952557
-0.20264429 0.085715033 0.9224512 4287952557
-0.19671659 0.085688815 0.92221522 4287952557
-0.1908074 0.085677855 0.92207468 4287952557
-0.18490183 0.085631698 0.9219377 4287952557
-0.17899877 0.085578956 0.92176849 4287952557
-0.17312212 0.08542043 0.92142242 4287952557
-0.16726439 0.085239209 0.92097747 4287952557
-0.16140999 0.08508423 0.920524 4287952557
-0.1554838 0.085025065 0.92007774 4287952557
-0.1495465 0.085011333 0.91974175 4287952557
-0.14361861 0.084968001 0.91931003 4287952557
-0.13769224 0.084940746 0.91892886 4287952557
-0.13177189 0.084910825 0.91854119 4287952557
-0.12585625 0.084884584 0.91816705 4287952557
-0.11995749 0.084848136 0.91780335 4287952557
-0.11406408 0.084813803 0.91745293 4287952557
-0.10817421 0.084783681 0.91711688 4287952557
-0.10228796 0.084757648 0.91679507 4287952557
-0.096405692 0.084734127 0.91648257 4287952557
-0.090527512 0.084712513 0.91617721 4287952557
-0.084655546 0.084690303 0.91588074 4287952557
-0.078791916 0.084664434 0.91559553 4287952557
-0.07293395 0.084637061 0.91531682 4287952557
-0.067079246 0.084610865 0.91504234 4287952557
-0.061229385 0.08458329 0.91477233 4287952557
-0.055383034 0.084556147 0.91450661 4287952557
-0.049539741 0.084530056 0.91424477 4287952557
-0.04369954 0.084504716 0.91398555 4287952557
-0.037862465 0.084479876 0.91372818 4287952557
-0.032028347 0.084456846 0.91347742 4287952557
-0.026197176 0.084435523 0.91323286 4287952557
-0.020369388 0.084414929 0.91299593 4287952557
-0.014545662 0.08439225 0.91276622 4287952557
-0.0087248767 0.084370039 0.91254342 4287952557
-0.002906695 0.084348716 0.91232479 4287952557
0.0029089048 0.084328175 0.91210896 4287952557
0.0087218657 0.084308043 0.91189486 4287952557
0.014532087 0.084287629 0.91167974 4287952557
0.020339448 0.084266111 0.91146088 4287952557
0.026143862 0.08424297 0.91123605 4287952557
0.031945437 0.084222086 0.91100544 4287952557
0.037743948 0.084203854 0.9107728 4287952557
0.043539427 0.084186614 0.91054404 4287952557
0.049332295 0.084165946 0.91032028 4287952557
0.055122573 0.084144242 0.91009843 4287952557
0.060909927 0.084121384 0.90987247 4287952557
0.066694073 0.084095858 0.90963674 4287952557
0.072474711 0.084066302 0.90938628 4287952557
0.078248419 0.084046751 0.90911663 4287952557
0.084016964 0.084026612 0.90883332 4287952557
0.089781702 0.084006824 0.90855145 4287952557
0.095543049 0.083988577 0.90827566 4287952557
0.1013007 0.083965905 0.9079901 4287952557
0.10705508 0.083927065 0.90767401 4287952557
0.11280236 0.0838762 0.90731275 4287952557
0.11852969 0.083846368 0.90689516 4287952557
0.12436162 0.083966009 0.9069469 4287952557
0.13008726 0.083875678 0.90630203 4287952557
0.13533938 0.083516128 0.90465093 4287952557
0.13959146 0.082877442 0.90198487 4287952557
0.14462735 0.081892677 0.88569134 4294901760
0.14613174 0.079819679 0.86221945 4282643381
0.15098141 0.07961303 0.8589825 4282643381
0.15577601 0.07931523 0.85740143 4282643381
0.16111587 0.079204828 0.856659 4282643381
0.16652618 0.079133503 0.85625494 4282643381
0.17195773 0.079105042 0.85604453 4282643381
0.17740239 0.079128146 0.85606861 4282643381
0.18283355 0.079126276 0.85598028 4282643381
0.18826172 0.079119563 0.85586995 4282643381
0.19368717 0.079101376 0.85570621 4282643381
0.19912407 0.079062738 0.8554697 4282643381
0.20456184 0.079056613 0.8553921 4282643381
0.21001039 0.079047218 0.85528922 4282643381
0.21541329 0.07914447 0.8557961 4282643381
0.22106732 0.079276472 0.8569724 4282643381
0.22726682 0.0795075 0.85962266 4282643381
0.23467886 0.080058575 0.86602575 4282643381
-0.73658955 0.088198453 0.89231324 4291520081
-0.72907871 0.087985776 0.89011848 4291520081
-0.72258127 0.087876886 0.88906145 4291520081
-0.71650219 0.087797761 0.8884114 4291520081
-0.71050519 0.087754197 0.88798368 4291520081
-0.70455855 0.087721191 0.88763523 4291520081
-0.69861519 0.08767806 0.88724136 4291520081
-0.69267774 0.087623417 0.8868016 4291520081
-0.68671864 0.087494664 0.88607115 4291520081
-0.68071377 0.08742217 0.88557774 4291520081
-0.67501765 0.087544501 0.88594669 4291520081
-0.66982883 0.087608673 0.8865751 4291520081
-0.66561306 0.08792042 0.88853842 4291520081
-0.66228855 0.08816912 0.89150149 4294901760
-0.65970194 0.088530287 0.8963412 4291520081
-0.65912151 0.089291394 0.90388781 4291520081
-0.66023815 0.090132594 0.91194659 4291520081
-0.66176921 0.09113609 0.92169219 4291520081
-0.65969515 0.091670766 0.92894018 4294901760
-0.65645587 0.091978773 0.93190926 4286097756
-0.65170515 0.092241965 0.93347639 4286097756
-0.64604443 0.092414252 0.93426079 4287952557
-0.64011061 0.0924263 0.93433678 4287952557
-0.63419092 0.092363179 0.93420857 4287952557
-0.62832361 0.092274874 0.93399525 4287952557
-0.6224528 0.092269726 0.93406439 4287952557
-0.61647135 0.092285439 0.93409461 4287952557
-0.6104899 0.092289343 0.93408298 4287952557
-0.60450643 0.092286542 0.93404567 4287952557
-0.59852093 0.092282161 0.93400013 4287952557
-0.59253597 0.092277728 0.93395442 4287952557
-0.58655167 0.092271641 0.93390328 4287952557
-0.58056843 0.092259035 0.93383098 4287952557
-0.57458681 0.092237003 0.93372864 4287952557
-0.56851882 0.092231296 0.93358409 4287952557
-0.56243002 0.092219897 0.93339527 4287952557
-0.55634314 0.092200406 0.93317848 4287952557
-0.55025762 0.092176817 0.93294638 4287952557
-0.54417515 0.092152447 0.93271172 4287952557
-0.53809559 0.092128366 0.93247801 4287952557
-0.5320189 0.092104606 0.93224519 4287952557
-0.52594519 0.092080511 0.93201131 4287952557
-0.51987451 0.092056639 0.93177825 4287952557
-0.51379997 0.092034541 0.93154246 4287952557
-0.50772762 0.092011213 0.93130159 4287952557
-0.5016591 0.091984428 0.93105066 4287952557
-0.49558088 0.091956995 0.93078011 4287952557
-0.48949611 0.091931663 0.93050444 4287952557
-0.48341525 0.091904692 0.93022376 4287952557
-0.47733831 0.091876797 0.92994058 4287952557
-0.47126815 0.091848336 0.92965972 4287952557
-0.46520129 0.091821171 0.92938298 4287952557
-0.45913792 0.09179534 0.92911053 4287952557
-0.45307788 0.091771513 0.92884451 4287952557
-0.44703695 0.091744252 0.92858881 4287952557
-0.44100291 0.091718122 0.92834222 4287952557
-0.43497169 0.09169402 0.92810196 4287952557
-0.42894351 0.091670759 0.92786443 4287952557
-0.42292121 0.091646411 0.92762756 4287952557
-0.41690296 0.091622084 0.92739236 4287952557
-0.41088721 0.091601528 0.92716891 4287952557
-0.40488288 0.091581568 0.92696035 4287952557
-0.39889392 0.091560908 0.92676902 4287952557
-0.3929069 0.091544516 0.92659116 4287952557
-0.38692224 0.091528624 0.92641497 4287952557
-0.38093844 0.091512993 0.92623717 4287952557
-0.37494737 0.091498256 0.92604727 4287952557
-0.36894348 0.091488503 0.92584926 4287952557
-0.36294585 0.091461137 0.92559755 4287952557
-0.35699105 0.091398679 0.9253149 4287952557
-0.35103682 0.091374353 0.92515355 4287952557
-0.34508505 0.091364101 0.92503363 4287952557
-0.33913127 0.09135747 0.92491287 4287952557
-0.33316576 0.091338851 0.92473072 4287952557
-0.3272059 0.09126541 0.92441672 4287952557
-0.32124406 0.091253854 0.92424077 4287952557
-0.31528842 0.091217846 0.92404389 4287952557
-0.30933002 0.09123221 0.92392284 4287952557
-0.30336958 0.091239929 0.9237783 4287952557
-0.2973918 0.09124624 0.92358696 4287952557
-0.29141793 0.091241628 0.92336899 4287952557
-0.28544843 0.09122479 0.92312521 4287952557
-0.27948239 0.091207065 0.92287958 4287952557
-0.27351934 0.091194749 0.92264539 4287952557
-0.26755959 0.091189273 0.9224264 4287952557
-0.26161161 0.091178238 0.92221725 4287952557
-0.25566652 0.091167845 0.92200965 4287952557
-0.24972488 0.091151603 0.92179006 4287952557
-0.24378712 0.091125861 0.92155075 4287952557
-0.23785302 0.091093741 0.92129838 4287952557
-0.23192179 0.091062494 0.92104799 4287952557
-0.22599286 0.091039866 0.920816 4287952557
-0.22008875 0.091003507 0.92062062 4287952557
-0.21418966 0.090963997 0.92042679 4287952557
-0.20827639 0.090937324 0.92021048 4287952557
0.0086017698 0.18637425 0.89944953 4287952557
0.014332433 0.18632029 0.89919513 4287952557
0.020060042 0.18626611 0.89894736 4287952557
0.025784746 0.18621147 0.89871079 4287952557
0.031506572 0.18616289 0.8984893 4287952557
0.037226271 0.18612568 0.8982842 4287952557
0.042944167 0.18608789 0.89809304 4287952557
0.048660092 0.18604963 0.8979125 4287952557
0.054374043 0.186011 0.89774245 4287952557
0.060085729 0.18597241 0.89757246 4287952557
0.065794677 0.18593428 0.89738864 4287952557
0.071500577 0.18589853 0.89718157 4287952557
0.077199727 0.18584684 0.89694375 4287952557
0.082891263 0.18577965 0.89667678 4287952557
0.088579156 0.18571864 0.89639032 4287952557
0.094263002 0.18565789 0.89609838 4287952557
0.099943288 0.18559696 0.89581168 4287952557
0.10562017 0.18553577 0.8955332 4287952557
0.11129352 0.18547437 0.89526123 4287952557
0.11697358 0.18541166 0.89511365 4287952557
0.12266154 0.18538007 0.89495319 4287952557
0.12833506 0.18535376 0.89466405 4287952557
0.13397437 0.18534145 0.89406735 4287952557
0.13955031 0.18534876 0.89303631 4287952557
0.14485446 0.18453676 0.89100611 4287952557
0.14447804 0.1774971 0.85555774 4282643381
0.14938264 0.17613807 0.85183507 4282643381
0.15443781 0.17590514 0.85004091 4282643381
0.15969841 0.17593586 0.84909612 4282643381
0.16505302 0.1759315 0.8486383 4282643381
0.17044988 0.17591538 0.84847742 4282643381
0.17586578 0.17587964 0.84861392 4282643381
0.1812602 0.1758586 0.84855849 4282643381
0.18665196 0.17583963 0.84847289 4282643381
0.1920431 0.1758205 0.84839165 4282643381
0.1974594 0.17582895 0.84830564 4282643381
0.20287603 0.17583111 0.84835982 4282643381
0.20833482 0.17585918 0.84834874 4282643381
0.21374486 0.17587055 0.84885573 4282643381
0.21922036 0.17597272 0.84997374 4282643381
0.22513796 0.176402 0.8521865 4282643381
0.23265706 0.17785737 0.85802376 4282643381
-0.73587352 0.18890418 0.88469523 4291520081
-0.72868425 0.18849926 0.88272482 4291520081
-0.72247392 0.1883554 0.88163531 4291520081
-0.71629125 0.18820938 0.88100278 4291520081
-0.71007472 0.18804477 0.88039386 4291520081
-0.70410901 0.18794985 0.87997061 4291520081
-0.69822603 0.18788117 0.87955147 4291520081
-0.69234651 0.18781731 0.87907362 4291520081
-0.68643188 0.1877746 0.8783226 4291520081
-0.68046516 0.1877172 0.87782085 4291520081
-0.67464978 0.18759719 0.87798792 4291520081
-0.66952312 0.18763305 0.87885433 4291520081
-0.66547525 0.1879399 0.88089198 4291520081
-0.66237777 0.18866794 0.88389963 4291520081
-0.65973806 0.18997243 0.88882476 4294901760
-0.65936214 0.19147749 0.89617878 4291520081
-0.66023946 0.19313058 0.90428787 4291520081
-0.66078931 0.1948231 0.91243672 4291520081
-0.65961361 0.19651394 0.91983664 4291520081
-0.65632659 0.19772072 0.9235031 4286097756
-0.65213257 0.19777015 0.92554492 4286097756
-0.64663637 0.19772178 0.92662019 4286097756
-0.64067644 0.19772844 0.92662966 4287952557
-0.63477844 0.19778551 0.92643607 4287952557
-0.62895244 0.19785219 0.92612058 4287952557
-0.62295663 0.19781803 0.92605567 4287952557
-0.61695439 0.19778401 0.9259463 4287952557
-0.6109544 0.1977534 0.92579424 4287952557
-0.60495669 0.19772391 0.92562985 4287952557
-0.59895939 0.19769247 0.92548388 4287952557
-0.59295899 0.19765885 0.92533684 4287952557
-0.58696109 0.19762708 0.92516947 4287952557
-0.58094567 0.1975884 0.92497456 4287952557
-0.57489014 0.19753201 0.92474896 4287952557
-0.5688386 0.19747764 0.92450309 4287952557
-0.56279063 0.19742426 0.9242475 4287952557
-0.55674607 0.19737116 0.92398959 4287952557
-0.5507049 0.19731833 0.92372966 4287952557
-0.54466218 0.19726357 0.92346436 4287952557
-0.53861177 0.19720358 0.92319411 4287952557
-0.53256488 0.19714348 0.9229247 4287952557
-0.52652144 0.19708282 0.92266077 4287952557
-0.520504 0.19703314 0.92240864 4287952557
-0.51450098 0.19698854 0.92216831 4287952557
-0.50850046 0.19694299 0.92193651 4287952557
-0.50249755 0.1968943 0.92170799 4287952557
-0.49649364 0.19684358 0.9214775 4287952557
-0.490493 0.19679318 0.92124432 4287952557
-0.48449558 0.19674295 0.92101002 4287952557
-0.47849298 0.19668882 0.92076623 4287952557
-0.47249347 0.19663589 0.92050707 4287952557
-0.4664844 0.1965773 0.92022568 4287952557
-0.46045306 0.19650567 0.91991985 4287952557
-0.45442671 0.19643575 0.91959882 4287952557
-0.44840485 0.19636653 0.91927159 4287952557
-0.4423871 0.19629712 0.91894764 4287952557
-0.43637469 0.19622807 0.91862959 4287952557
-0.4303728 0.19616225 0.91832101 4287952557
-0.42437467 0.19609582 0.91801959 4287952557
-0.41839385 0.19603729 0.91772532 4287952557
-0.41242039 0.19598064 0.91743857 4287952557
-0.40645018 0.19592352 0.91715646 4287952557
-0.40048343 0.19586587 0.9168781 4287952557
-0.39451817 0.19580634 0.9166103 4287952557
-0.38855585 0.19574572 0.91635191 4287952557
-0.38259661 0.19568357 0.91610944 4287952557
-0.37664282 0.19562112 0.91588962 4287952557
-0.37073722 0.19558851 0.91569436 4287952557
-0.36484829 0.19556536 0.91551328 4287952557
-0.35896093 0.19554192 0.9153347 4287952557
-0.35305837 0.19550654 0.91514724 4287952557
-0.34712598 0.19544826 0.91494375 4287952557
-0.34119737 0.19539146 0.9147265 4287952557
-0.33527732 0.19533944 0.91450018 4287952557
-0.32937381 0.19529775 0.91427684 4287952557
-0.32347271 0.19525543 0.91405994 4287952557
-0.3175739 0.19521236 0.9138509 4287952557
-0.31167769 0.19516908 0.91364521 4287952557
-0.30578417 0.195126 0.91343749 4287952557
-0.29989362 0.19508357 0.91322231 4287952557
-0.29399595 0.19503368 0.91299564 4287952557
-0.28809512 0.19497927 0.91275764 4287952557
-0.28219783 0.19492562 0.91251129 4287952557
-0.27630395 0.19487239 0.91226119 4287952557
-0.27041441 0.19482008 0.91201413 4287952557
-0.26452801 0.19476776 0.91176724 4287952557
-0.25864473 0.19471537 0.91152179 4287952557
-0.25276458 0.19466299 0.91127652 4287952557
-0.24688771 0.19461073 0.91103041 4287952557
-0.24101403 0.19455868 0.9107824 4287952557
-0.23514269 0.19450597 0.91052747 4287952557
-0.22927253 0.19445129 0.9102751 4287952557
-0.22340567 0.1943967 0.91002184 4287952557
-0.21754213 0.19434218 0.90976852 4287952557
-0.21168202 0.19428782 0.90951622 4287952557
-0.20582604 0.19423437 0.90926546 4287952557
-0.19997326 0.19418089 0.90901524 4287952557
-0.19412366 0.19412734 0.9087671 4287952557
-0.18827753 0.19407418 0.90851396 4287952557
-0.18243478 0.19402142 0.90825617 4287952557
-0.1765907 0.19396326 0.90799266 4287952557
-0.17074965 0.19390473 0.90772462 4287952557
-0.16491222 0.19384645 0.90745354 4287952557
-0.15907836 0.19378835 0.90718126 4287952557
-0.15324795 0.19373029 0.90690899 4287952557
-0.14742114 0.19367242 0.90663624 4287952557
-0.14159822 0.19361515 0.90636593 4287952557
-0.13577877 0.1935579 0.90609604 4287952557
-0.12996271 0.19350067 0.90582651 4287952557
-0.12415011 0.19344349 0.90555692 4287952557
-0.11834094 0.19338636 0.90528756 4287952557
-0.1125351 0.19332911 0.90502018 4287952557
-0.10673257 0.19327173 0.90475661 4287952557
-0.10093442 0.19321615 0.90449744 4287952557
-0.095140688 0.19316277 0.90424335 4287952557
-0.08935006 0.19310918 0.90399289 4287952557
-0.083562583 0.19305554 0.90374392 4287952557
-0.077777058 0.19299909 0.90349501 4287952557
-0.071993284 0.19293897 0.90324605 4287952557
-0.066212982 0.19287887 0.90299821 4287952557
-0.060436759 0.19282049 0.90275329 4287952557
-0.054668531 0.19277488 0.90251195 4287952557
-0.048903082 0.19272919 0.90227169 4287952557
-0.043140486 0.19268358 0.90203106 4287952557
-0.037380766 0.19263805 0.90178901 4287952557
-0.031623777 0.19259207 0.90154505 4287952557
-0.025867868 0.19253905 0.9012987 4287952557
-0.020115126 0.19248609 0.90105188 4287952557
-0.014365864 0.19243407 0.90079761 4287952557
-0.0086195571 0.19238138 0.90054852 4287952557
-0.0028764259 0.19232875 0.90029883 4287952557
0.0028638069 0.19227408 0.90004802 4287952557
0.0086008608 0.19221827 0.89979404 4287952557
0.014334606 0.19216251 0.89953893 4287952557
0.020065228 0.19210652 0.89928782 4287952557
0.025792887 0.19204998 0.89904511 4287952557
0.031517688 0.19199267 0.89881504 4287952557
0.037239954 0.1919504 0.89860058 4287952557
0.042960398 0.191912 0.89840043 4287952557
0.048678935 0.19187276 0.89821309 4287952557
0.054395419 0.19183278 0.89803755 4287952557
0.060109697 0.19179361 0.89786571 4287952557
0.065821216 0.19175607 0.8976804 4287952557
0.071529351 0.19172007 0.8974694 4287952557
0.07723102 0.1916692 0.89722639 4287952557
0.082923621 0.19159339 0.89695203 4287952557
0.088611782 0.19152212 0.89665556 4287952557
0.094297357 0.19145998 0.89635175 4287952557
0.09997946 0.19139768 0.8960523 4287952557
0.10565846 0.19133477 0.89576429 4287952557
0.11133441 0.19127132 0.89548945 4287952557
0.11701427 0.19120428 0.89533526 4287952557
0.12269358 0.19114234 0.89516038 4287952557
0.12836687 0.19111769 0.89485645 4287952557
0.13401137 0.1911094 0.8942768 4287952557
0.13960178 0.19112602 0.89329964 4287952557
0.14491335 0.19025552 0.89142483 4287952557
0.14455453 0.18305586 0.85599142 4282643381
0.14945835 0.18163934 0.85227716 4282643381
0.1545148 0.18136472 0.85048437 4282643381
0.15977696 0.18141098 0.84955317 4282643381
0.16513379 0.18142584 0.84908408 4282643381
0.17053375 0.18141279 0.84893328 4282643381
0.17594948 0.18137334 0.84906644 4282643381
0.1813456 0.1813522 0.84899944 4282643381
0.18673962 0.18133314 0.84890854 4282643381
0.19213282 0.18131347 0.84882456 4282643381
0.19755256 0.18132593 0.84872943 4282643381
0.20297229 0.18132909 0.8487674 4282643381
0.20840693 0.18133686 0.84873337 4282643381
0.21379994 0.1813347 0.84927177 4282643381
0.21936515 0.18149479 0.85039961 4282643381
0.22516166 0.1818641 0.85258734 4282643381
0.2328289 0.18347384 0.85873514 4282643381
-0.7362628 0.19464213 0.88516617 4291520081
-0.72910911 0.19423644 0.88325077 4291520081
-0.72280854 0.19406474 0.88218546 4291520081
-0.71676677 0.19396013 0.88155067 4291520081
-0.71056437 0.19379494 0.88095182 4291520081
-0.70456088 0.1936857 0.88051987 4291520081
-0.69867349 0.19361508 0.88010693 4291520081
-0.69278979 0.19354853 0.87965322 4291520081
-0.68687767 0.19351131 0.87889767 4291520081
-0.68090576 0.19345644 0.87835807 4291520081
-0.67503065 0.19333802 0.87836152 4291520081
-0.66974592 0.19331639 0.87911844 4291520081
-0.6656881 0.19357876 0.88122827 4291520081
-0.66250724 0.19431663 0.88407969 4291520081
-0.65984643 0.19565739 0.8889246 4294901760
-0.65926546 0.19720909 0.8961587 4291520081
-0.66019893 0.19888976 0.90425193 4291520081
-0.66066051 0.20063005 0.91235536 4291520081
-0.65972745 0.2023848 0.91993409 4291520081
-0.65652394 0.20375283 0.92376536 4286097756
-0.65240175 0.2037424 0.92597193 4286097756
-0.6469546 0.20369466 0.92709488 4286097756
-0.64103115 0.20371903 0.92719799 4287952557
-0.63510472 0.20378684 0.92692679 4287952557
-0.62927145 0.20386402 0.92659348 4287952557
-0.62328643 0.20383212 0.92654902 4287952557
-0.6172809 0.20379463 0.92645848 4287952557
-0.6112774 0.20376144 0.92632294 4287952557
-0.60527587 0.20372967 0.92617309 4287952557
-0.59927577 0.20369552 0.92604601 4287952557
-0.59327769 0.20366211 0.92591137 4287952557
-0.58728176 0.20363055 0.92575991 4287952557
-0.58128411 0.20359991 0.9255814 4287952557
-0.57522434 0.20353946 0.92536932 4287952557
-0.56916851 0.20348147 0.92513639 4287952557
-0.56311613 0.20342435 0.92489612 4287952557
-0.5570671 0.20336726 0.9246558 4287952557
-0.55102158 0.20331076 0.92441124 4287952557
-0.54497963 0.2032553 0.92415887 4287952557
-0.53894126 0.20320085 0.92389917 4287952557
-0.53290635 0.2031468 0.92363691 4287952557
-0.52687097 0.20309052 0.92337638 4287952557
-0.52086133 0.20304623 0.92312533 4287952557
-0.51485413 0.20300084 0.92288327 4287952557
-0.5088495 0.20295453 0.92264819 4287952557
-0.50284773 0.20290792 0.92241567 4287952557
-0.4968403 0.20285657 0.92217988 4287952557
-0.49083552 0.20280524 0.92194134 4287952557
-0.48482573 0.2027491 0.9217006 4287952557
-0.47881827 0.20269352 0.92145014 4287952557
-0.47281483 0.20264007 0.92118287 4287952557
-0.46680301 0.20258139 0.92089438 4287952557
-0.46076763 0.20250796 0.92058229 4287952557
-0.45473719 0.2024363 0.92025661 4287952557
-0.44871289 0.20236626 0.91992772 4287952557
-0.44269916 0.20229974 0.91960627 4287952557
-0.43668887 0.20223205 0.91929483 4287952557
-0.43068209 0.20216312 0.91899449 4287952557
-0.42469332 0.20210269 0.91870439 4287952557
-0.41871157 0.20204408 0.91842085 4287952557
-0.41273317 0.20198505 0.91814083 4287952557
-0.40675822 0.20192598 0.91786146 4287952557
-0.4007867 0.20186646 0.91758579 4287952557
-0.39481807 0.20180605 0.91731465 4287952557
-0.38885143 0.20174401 0.91704953 4287952557
-0.38288796 0.20168044 0.91679698 4287952557
-0.37693709 0.20162168 0.91656703 4287952557
-0.37100586 0.2015733 0.91636175 4287952557
-0.36507699 0.20152335 0.91616994 4287952557
-0.35918593 0.20150031 0.91598988 4287952557
-0.35329679 0.20147789 0.9158048 4287952557
-0.34738502 0.20143683 0.91560364 4287952557
-0.34145206 0.20137788 0.91538334 4287952557
-0.33552259 0.20132013 0.91515297 4287952557
-0.32959655 0.20126309 0.91491753 4287952557
-0.32367733 0.20120893 0.91468525 4287952557
-0.31777522 0.20116612 0.91446352 4287952557
-0.31187552 0.20112261 0.91424805 4287952557
-0.30597848 0.20107907 0.914033 4287952557
-0.30008435 0.20103614 0.91381115 4287952557
-0.29418287 0.20098481 0.91358167 4287952557
-0.28827828 0.20092861 0.913342 4287952557
-0.28237721 0.20087332 0.91309464 4287952557
-0.27647948 0.20081846 0.91284359 4287952557
-0.27058494 0.20076357 0.91259301 4287952557
-0.26469436 0.2007093 0.91234523 4287952557
-0.25880736 0.20065534 0.91209882 4287952557
-0.25292352 0.20060144 0.9118523 4287952557
-0.24704291 0.20054767 0.91160494 4287952557
-0.24116556 0.2004941 0.91135627 4287952557
-0.2352882 0.20043713 0.91110784 4287952557
-0.22941439 0.2003808 0.91085434 4287952557
-0.2235439 0.20032461 0.91059941 4287952557
-0.21767676 0.20026855 0.91034406 4287952557
-0.21181284 0.20021242 0.91008955 4287952557
-0.20595248 0.20015661 0.90983599 4287952557
-0.20009619 0.20010179 0.90958261 4287952557
-0.19424321 0.20004718 0.90932769 4287952557
-0.18839358 0.19999291 0.90906978 4287952557
-0.18254454 0.19993539 0.90880716 4287952557
-0.17669654 0.19987501 0.90853781 4287952557
-0.17085209 0.19981495 0.90826577 4287952557
-0.16501135 0.19975524 0.90798903 4287952557
-0.15917403 0.1996955 0.90771472 4287952557
-0.15334015 0.19963576 0.90744102 4287952557
-0.14750974 0.19957599 0.90716845 4287952557
-0.14168274 0.19951621 0.90689635 4287952557
-0.13585933 0.19945647 0.90662587 4287952557
-0.13003989 0.19939762 0.90635455 4287952557
-0.12422388 0.19933885 0.90608341 4287952557
-0.11841126 0.19928001 0.90581328 4287952557
-0.11260197 0.19922103 0.90554518 4287952557
-0.10679597 0.19916172 0.90528101 4287952557
-0.100995 0.19910571 0.90502161 4287952557
-0.095197864 0.19905086 0.90476632 4287952557
-0.089403853 0.19899583 0.90451348 4287952557
-0.083613053 0.19894078 0.90426105 4287952557
-0.077825554 0.1988859 0.90400726 4287952557
-0.07204131 0.19883114 0.90375209 4287952557
-0.066258542 0.19877172 0.90349621 4287952557
-0.060478322 0.19870988 0.90324098 4287952557
-0.054701537 0.19864795 0.90298784 4287952557
-0.048928175 0.1985859 0.9027366 4287952557
-0.043158229 0.19852374 0.90248728 4287952557
-0.037394743 0.19847301 0.90224075 4287952557
-0.031635389 0.19842696 0.90199554 4287952557
-0.025878854 0.19838098 0.90175021 4287952557
-0.020123381 0.1983265 0.90150446 4287952557
-0.014371297 0.19827236 0.90125436 4287952557
-0.0086222049 0.19821793 0.90100622 4287952557
-0.0028763069 0.19816361 0.90075749 4287952557
0.0028664204 0.19810933 0.9005084 4287952557
0.0086059244 0.1980553 0.90025735 4287952557
0.014342219 0.1980015 0.90000409 4287952557
0.020075457 0.19794759 0.89975196 4287952557
0.02580592 0.19788973 0.89950514 4287952557
0.031533476 0.19783059 0.89926845 4287952557
0.037258219 0.19777457 0.89904481 4287952557
0.042981021 0.1977361 0.89883596 4287952557
0.048701961 0.19769697 0.89863944 4287952557
0.054421049 0.19765824 0.89845544 4287952557
0.060137879 0.19761918 0.89827543 4287952557
0.065851882 0.19758116 0.89808357 4287952557
0.071562491 0.19754517 0.8978672 4287952557
0.077266961 0.19749594 0.89761835 4287952557
0.082962006 0.19741693 0.8973375 4287952557
0.088651955 0.19733986 0.89703381 4287952557
0.094337359 0.19726388 0.89672077 4287952557
0.1000215 0.19720037 0.89641339 4287952557
0.10570254 0.19713596 0.89611703 4287952557
0.11138111 0.1970734 0.89583123 4287952557
0.11706181 0.19700307 0.8956579 4287952557
0.12273958 0.19693501 0.89545691 4287952557
0.12840752 0.19688015 0.89514917 4287952557
0.13405439 0.19687842 0.89457089 4287952557
0.13965267 0.19690679 0.89360917 4287952557
0.14497343 0.19601734 0.89181548 4287952557
0.14463058 0.18861623 0.85642558 4282643381
0.14954917 0.18712737 0.8528024 4282643381
0.15461263 0.18690795 0.85102153 4282643381
0.15988033 0.18694206 0.85010898 4282643381
0.16523175 0.1869335 0.8496359 4282643381
0.17062418 0.18690363 0.84947872 4282643381
0.17603548 0.18686306 0.84959322 4282643381
0.18143252 0.18684269 0.84951138 4282643381
0.18682824 0.18682434 0.84940869 4282643381
0.19222334 0.18680611 0.84931076 4282643381
0.1976447 0.18682174 0.84921193 4282643381
0.20306621 0.18682607 0.84923577 4282643381
0.20849971 0.18683541 0.84919661 4282643381
0.21385172 0.18679965 0.84972531 4282643381
0.21954562 0.18705499 0.85092348 4282643381
0.22516236 0.18732467 0.85310251 4282643381
0.23295671 0.18908891 0.85955489 4282643381
-0.73668206 0.20039216 0.885732 4291520081
-0.72952265 0.19997242 0.88385028 4291520081
-0.72312874 0.19975968 0.88288403 4291520081
-0.71709836 0.1996624 0.88215786 4291520081
-0.71104652 0.19954477 0.88159621 4291520081
-0.70500594 0.19941849 0.8811658 4291520081
-0.69911492 0.19934581 0.88075739 4291520081
-0.69322914 0.19927798 0.88030738 4291520081
-0.68732411 0.19924377 0.8795585 4291520081
-0.68136209 0.19919129 0.87900054 4291520081
-0.67537904 0.19909941 0.87869072 4291520081
-0.67011207 0.19903535 0.87959498 4291520081
-0.66592968 0.19923873 0.88155901 4291520081
-0.66267186 0.19999161 0.88433623 4291520081
-0.65997434 0.20134671 0.88901174 4294901760
-0.65931451 0.20293716 0.89621782 4291520081
-0.66006184 0.20465595 0.90420628 4291520081
-0.66066635 0.20643945 0.91234404 4291520081
-0.65984863 0.20827553 0.92007965 4291520081
-0.65675557 0.20972355 0.92420161 4286097756
-0.65276343 0.20978399 0.92648429 4286097756
-0.64735126 0.20969179 0.92767823 4286097756
-0.64137775 0.20970735 0.92772442 4287952557
-0.63544714 0.20978279 0.92753309 4287952557
-0.62959146 0.20986962 0.92717457 4287952557
-0.62361652 0.20984089 0.92714506 4287952557
-0.61760706 0.20979773 0.92708182 4287952557
-0.61159933 0.20975928 0.92697591 4287952557
-0.60559338 0.20972297 0.9268508 4287952557
-0.59958911 0.20968555 0.92673278 4287952557
-0.59364265 0.2096779 0.9266156 4287952557
-0.58769739 0.20967232 0.92648762 4287952557
-0.58167505 0.20962776 0.92632574 4287952557
-0.57564914 0.20958345 0.92613471 4287952557
-0.56962657 0.20954239 0.92592132 4287952557
-0.56360704 0.20950344 0.92569411 4287952557
-0.55756545 0.20944984 0.92546976 4287952557
-0.55151951 0.20939228 0.92524296 4287952557
-0.54547733 0.20933636 0.92500538 4287952557
-0.53943861 0.20928207 0.92475718 4287952557
-0.53338832 0.20921998 0.92449963 4287952557
-0.52733803 0.20915623 0.92423886 4287952557
-0.52129132 0.20909207 0.92398131 4287952557
-0.51524788 0.20902698 0.92373037 4287952557
-0.50920779 0.20896122 0.92348439 4287952557
-0.50318843 0.20890616 0.92324215 4287952557
-0.49718279 0.20885828 0.92299843 4287952557
-0.49116606 0.20880169 0.92275143 4287952557
-0.48515075 0.20874447 0.92250097 4287952557
-0.47913918 0.20868888 0.9222396 4287952557
-0.47313172 0.20863581 0.92196143 4287952557
-0.46711716 0.20857802 0.92166233 4287952557
-0.46107969 0.20850468 0.92134219 4287952557
-0.45505378 0.20843749 0.92101163 4287952557
-0.44903201 0.20837033 0.92068112 4287952557
-0.44301382 0.20830181 0.92036033 4287952557
-0.43699896 0.20823137 0.92005354 4287952557
-0.43100262 0.20816988 0.91976035 4287952557
-0.42501268 0.20810932 0.9194774 4287952557
-0.41902602 0.208048 0.91920054 4287952557
-0.41304278 0.20798633 0.91892642 4287952557
-0.40706301 0.20792446 0.91865373 4287952557
-0.40108678 0.20786259 0.91838169 4287952557
-0.395114 0.20780025 0.91811329 4287952557
-0.38914332 0.20773624 0.91785032 4287952557
-0.38318363 0.2076773 0.91759568 4287952557
-0.37724596 0.20763198 0.91735768 4287952557
-0.37131023 0.20758359 0.91714084 4287952557
-0.36537674 0.20753314 0.91693872 4287952557
-0.35944572 0.20748137 0.91674632 4287952557
-0.35351756 0.20743011 0.91655105 4287952557
-0.34762445 0.20740804 0.91634917 4287952557
-0.34170395 0.20736179 0.9161287 4287952557
-0.33577022 0.20730282 0.91589248 4287952557
-0.32983989 0.2072449 0.91564852 4287952557
-0.32391295 0.20718728 0.91540331 4287952557
-0.31798902 0.207129 0.91516316 4287952557
-0.31207055 0.20707205 0.91493124 4287952557
-0.30617005 0.20702884 0.91470546 4287952557
-0.30027229 0.20698586 0.91447836 4287952557
-0.29436699 0.20693339 0.91424447 4287952557
-0.28845859 0.20687558 0.9140026 4287952557
-0.28255364 0.20681866 0.91375434 4287952557
-0.27665216 0.20676227 0.91350245 4287952557
-0.27075383 0.2067059 0.91325068 4287952557
-0.26485863 0.2066493 0.9130007 4287952557
-0.25896707 0.20659305 0.91275167 4287952557
-0.25307956 0.20653784 0.91250271 4287952557
-0.2471953 0.2064828 0.9122529 4287952557
-0.24131221 0.20642565 0.91200107 4287952557
-0.23543139 0.20636754 0.9117474 4287952557
-0.22955394 0.20630966 0.91149193 4287952557
-0.22367986 0.20625208 0.91123492 4287952557
-0.21780907 0.20619449 0.91097814 4287952557
-0.21194151 0.20613684 0.91072226 4287952557
-0.20607722 0.20607916 0.91046721 4287952557
-0.20021641 0.20602149 0.91021538 4287952557
-0.1943597 0.20596521 0.90996122 4287952557
-0.18850575 0.2059087 0.90970069 4287952557
-0.18265045 0.20584595 0.90943497 4287952557
-0.17679882 0.20578374 0.90916491 4287952557
-0.17095098 0.20572229 0.90888953 4287952557
-0.16510658 0.20566076 0.90861475 4287952557
-0.1592657 0.20559928 0.90834022 4287952557
-0.15342827 0.20553774 0.90806699 4287952557
-0.14759432 0.20547612 0.90779459 4287952557
-0.14176385 0.20541455 0.90752256 4287952557
-0.13593672 0.2053526 0.90725356 4287952557
-0.13011324 0.20529114 0.90698129 4287952557
-0.12429336 0.20522988 0.90670919 4287952557
-0.11847731 0.20516935 0.90643853 4287952557
-0.11266461 0.2051086 0.90617013 4287952557
-0.1068552 0.20504744 0.90590572 4287952557
-0.10105146 0.20499124 0.9056465 4287952557
-0.09525089 0.20493482 0.90539098 4287952557
-0.089453451 0.20487823 0.9051376 4287952557
-0.083659239 0.20482165 0.9048847 4287952557
-0.07786832 0.20476536 0.90462983 4287952557
-0.072080754 0.20470943 0.90437233 4287952557
-0.066296361 0.20465349 0.9041149 4287952557
-0.060515225 0.20459773 0.90385658 4287952557
-0.054735165 0.2045348 0.90359789 4287952557
-0.048958316 0.20447099 0.90334111 4287952557
-0.043184847 0.20440689 0.90308708 4287952557
-0.037414778 0.20434259 0.90283579 4287952557
-0.031648103 0.20427805 0.90258658 4287952557
-0.02588487 0.2042134 0.90233862 4287952557
-0.020126043 0.20415394 0.9020921 4287952557
-0.014371197 0.20409884 0.90184587 4287952557
-0.0086193355 0.20404266 0.90159851 4287952557
-0.0028706703 0.20398661 0.90135032 4287952557
0.0028748387 0.20393056 0.90110236 4287952557
0.0086171785 0.20387457 0.90085441 4287952557
0.014356251 0.20381892 0.90060419 4287952557
0.020091988 0.20376645 0.90035397 4287952557
0.025824809 0.20371372 0.90010679 4287952557
0.031554874 0.20366018 0.89986646 4287952557
0.037282236 0.20360473 0.89963531 4287952557
0.043006998 0.20355113 0.89941466 4287952557
0.048730247 0.20351438 0.89920634 4287952557
0.054451704 0.20347625 0.89901024 4287952557
0.060170915 0.20343789 0.89881551 4287952557
0.065887496 0.20340037 0.89861339 4287952557
0.071600795 0.20336521 0.89838946 4287952557
0.077308461 0.20331866 0.89813578 4287952557
0.083006337 0.20323628 0.89785057 4287952557
0.088699162 0.20315619 0.89754516 4287952557
0.09438739 0.20307714 0.89723122 4287952557
0.10007162 0.20299767 0.89692205 4287952557
0.10575474 0.20293106 0.89662105 4287952557
0.11143517 0.20286866 0.89632237 4287952557
0.11711744 0.20279692 0.89611447 4287952557
0.12279591 0.20272808 0.89588004 4287952557
0.12846413 0.20266853 0.89555597 4287952557
0.13410699 0.20264015 0.89497972 4287952557
0.13970719 0.2026747 0.89406651 4287952557
0.14504819 0.20184517 0.8922413 4287952557
0.14472552 0.1941759 0.85692596 4282643381
0.14964797 0.19261678 0.85337341 4282643381
0.15472761 0.19251332 0.85163569 4282643381
0.16000919 0.19255383 0.85074311 4282643381
0.16536872 0.19254704 0.85026878 4282643381
0.17076525 0.19250597 0.85010201 4282643381
0.17617017 0.19243485 0.85019016 4282643381
0.18155435 0.19238698 0.85008186 4282643381
0.18693523 0.19234067 0.84996146 4282643381
0.19231629 0.19230032 0.84984392 4282643381
0.19775289 0.19233793 0.84974021 4282643381
0.20319183 0.19235928 0.84979254 4282643381
0.20865181 0.19239157 0.84973699 4282643381
0.21402055 0.19236116 0.85028678 4282643381
0.21975462 0.19264856 0.85151905 4282643381
0.22540404 0.19294769 0.85386401 4282643381
0.23311894 0.19474903 0.86058944 4282643381
-0.73746109 0.20625445 0.88654578 4291520081
-0.73024505 0.20580907 0.8846423 4291520081
-0.72377002 0.20557114 0.88360626 4291520081
-0.71766865 0.20544648 0.88290203 4291520081
-0.71155924 0.20530491 0.88233632 4291520081
-0.70555878 0.2051906 0.88191438 4291520081
-0.69964421 0.20510834 0.88150585 4291520081
-0.69373542 0.20502934 0.88107175 4291520081
-0.68782514 0.20498273 0.88038993 4291520081
-0.68185973 0.20492958 0.87975562 4291520081
-0.67587918 0.20483717 0.87940711 4291520081
-0.67057973 0.20481843 0.88015836 4291520081
-0.66624945 0.20493375 0.88202238 4291520081
-0.66287959 0.20566033 0.88463122 4291520081
-0.66014117 0.20703499 0.8891257 4294901760
-0.65934128 0.20867948 0.89626652 4291520081
-0.65999824 0.21042593 0.90419829 4291520081
-0.66068894 0.21225299 0.91235465 4291520081
-0.66001457 0.21416545 0.92024815 4291520081
-0.65700185 0.21572232 0.92465204 4286097756
-0.65319395 0.21591946 0.92707366 4286097756
-0.64788151 0.21578789 0.92832774 4286097756
-0.64185953 0.21579599 0.92833561 4287952557
-0.63588786 0.21582225 0.92822289 4287952557
-0.62994093 0.21587694 0.92787439 4287952557
-0.62401408 0.21587272 0.92785919 4287952557
-0.61806697 0.215858 0.92783499 4287952557
-0.61212057 0.21584876 0.92777073 4287952557
-0.60617518 0.2158424 0.92768693 4287952557
-0.60023117 0.2158377 0.92759454 4287952557
-0.5942871 0.21583319 0.92750013 4287952557
-0.58828938 0.21579932 0.9273873 4287952557
-0.58225501 0.21574652 0.92724574 4287952557
-0.57622355 0.21569826 0.92707461 4287952557
-0.5701952 0.21565422 0.92687744 4287952557
-0.56416994 0.21561258 0.9266662 4287952557
-0.55814737 0.21557106 0.92645532 4287952557
-0.55212736 0.21552943 0.92624515 4287952557
-0.54611033 0.21548963 0.92602521 4287952557
-0.54006416 0.21543203 0.92578715 4287952557
-0.53401232 0.21537057 0.9255361 4287952557
-0.52796364 0.21531016 0.92527688 4287952557
-0.5219183 0.21525 0.9250167 4287952557
-0.51587617 0.21518908 0.92476106 4287952557
-0.50983733 0.21512772 0.92450869 4287952557
-0.50380188 0.21506636 0.92425662 4287952557
-0.49776986 0.21500543 0.92400229 4287952557
-0.49173436 0.2149401 0.92374599 4287952557
-0.48569769 0.21487243 0.92348373 4287952557
-0.47966516 0.21480699 0.92320865 4287952557
-0.47363716 0.21474457 0.922916 4287952557
-0.46759257 0.21467055 0.92260104 4287952557
-0.4615272 0.21458113 0.9222666 4287952557
-0.45546705 0.21449323 0.92192346 4287952557
-0.44941175 0.21440522 0.9215818 4287952557
-0.4433606 0.2143151 0.92125344 4287952557
-0.43734872 0.21424772 0.92095095 4287952557
-0.43134955 0.21418555 0.92066097 4287952557
-0.4253535 0.21412164 0.92038238 4287952557
-0.41936058 0.21405651 0.92011112 4287952557
-0.41337109 0.213991 0.9198426 4287952557
-0.4073852 0.2139249 0.91957778 4287952557
-0.40140283 0.21385907 0.919312 4287952557
-0.39542401 0.21379308 0.91904777 4287952557
-0.38945234 0.21372975 0.91878754 4287952557
-0.38350454 0.21368302 0.91853666 4287952557
-0.37755924 0.21363507 0.91829354 4287952557
-0.37161627 0.21358526 0.91806191 4287952557
-0.36567569 0.21353316 0.91784441 4287952557
-0.35973752 0.2134794 0.91763747 4287952557
-0.35380387 0.21342736 0.91743094 4287952557
-0.34787405 0.21337755 0.917216 4287952557
-0.34194747 0.21332948 0.91699022 4287952557
-0.33601344 0.21327317 0.91675073 4287952557
-0.33007884 0.21321455 0.91650039 4287952557
-0.32414773 0.2131566 0.91624594 4287952557
-0.31821951 0.21309757 0.9160009 4287952557
-0.3122946 0.21303827 0.91575581 4287952557
-0.30637267 0.21297821 0.91551596 4287952557
-0.30045518 0.21291928 0.91527778 4287952557
-0.2945461 0.21286605 0.91503876 4287952557
-0.28863382 0.21280673 0.91479427 4287952557
-0.28272507 0.2127482 0.9145453 4287952557
-0.27681962 0.21269014 0.91429329 4287952557
-0.27091748 0.21263222 0.91404068 4287952557
-0.26501855 0.21257433 0.91378844 4287952557
-0.25912288 0.21251653 0.91353619 4287952557
-0.25323045 0.21245886 0.91328305 4287952557
-0.24734142 0.21240158 0.91302884 4287952557
-0.24145363 0.21234202 0.91277307 4287952557
-0.23556921 0.2122827 0.91251618 4287952557
-0.22968814 0.21222363 0.91225779 4287952557
-0.22381039 0.2121647 0.91199857 4287952557
-0.21793613 0.21210615 0.9117378 4287952557
-0.21206501 0.21204726 0.91147918 4287952557
-0.20619714 0.21198839 0.91122091 4287952557
-0.20033258 0.2119296 0.91096228 4287952557
-0.19447175 0.21187167 0.91070193 4287952557
-0.18861064 0.21180871 0.91043782 4287952557
-0.18275176 0.21174406 0.91017205 4287952557
-0.1768966 0.2116802 0.90990067 4287952557
-0.17104505 0.21161668 0.90962666 4287952557
-0.16519704 0.21155348 0.90935093 4287952557
-0.15935257 0.21149006 0.90907723 4287952557
-0.15351155 0.21142647 0.90880507 4287952557
-0.14767402 0.21136287 0.90853345 4287952557
-0.14184001 0.21129929 0.90826201 4287952557
-0.13600947 0.21123576 0.90799063 4287952557
-0.13018249 0.21117245 0.9077186 4287952557
-0.12435902 0.21110916 0.90744632 4287952557
-0.11853869 0.21104509 0.90718234 4287952557
-0.11272219 0.21098167 0.90691322 4287952557
-0.10690995 0.21091993 0.9066484 4287952557
-0.10110296 0.21086246 0.90638918 4287952557
-0.095299065 0.21080427 0.9061355 4287952557
-0.089498229 0.21074595 0.90588266 4287952557
-0.083700523 0.2106874 0.90563148 4287952557
-0.077906087 0.21062914 0.90537906 4287952557
-0.072114907 0.21057117 0.90512455 4287952557
-0.066326819 0.21051356 0.90486997 4287952557
-0.060542163 0.210456 0.90461332 4287952557
-0.05476075 0.21039858 0.9043563 4287952557
-0.048982177 0.21033977 0.90410042 4287952557
-0.043205056 0.21027341 0.90384525 4287952557
-0.037431341 0.21020678 0.90359253 4287952557
-0.031663254 0.21015111 0.90334368 4287952557
-0.025898403 0.21009633 0.9030968 4287952557
-0.020136269 0.21004029 0.90285724 4287952557
-0.014377328 0.20998444 0.90261179 4287952557
-0.0086214906 0.20992871 0.9023661 4287952557
-0.0028687464 0.20987301 0.90212053 4287952557
0.0028809765 0.20981734 0.90187442 4287952557
0.0086275553 0.20976174 0.90162909 4287952557
0.014370998 0.20970634 0.9013828 4287952557
0.020111265 0.20965119 0.90113521 4287952557
0.025848459 0.20959602 0.90088832 4287952557
0.031582698 0.20954047 0.90064478 4287952557
0.037314069 0.20948423 0.90040636 4287952557
0.0430426 0.20942721 0.90017426 4287952557
0.048768353 0.20936924 0.89994955 4287952557
0.054491505 0.20931002 0.89973432 4287952557
0.060211979 0.20925027 0.89952391 4287952557
0.065929957 0.20919757 0.89930797 4287952557
0.071646258 0.20916359 0.8990773 4287952557
0.077357501 0.20912029 0.89882064 4287952557
0.083058663 0.20903437 0.89853489 4287952557
0.088756986 0.20896508 0.89823496 4287952557
0.094453126 0.20890689 0.89793426 4287952557
0.1001459 0.20884831 0.89763671 4287952557
0.10583501 0.20879012 0.89733726 4287952557
0.11151911 0.20872791 0.89702863 4287952557
0.11719889 0.20863217 0.89678097 4287952557
0.12287691 0.20853709 0.89653325 4287952557
0.12854366 0.2084548 0.89618874 4287952557
0.13418317 0.20841378 0.89558089 4287952557
0.13977794 0.20843147 0.89465129 4287952557
0.14513719 0.20772405 0.89273107 4287952557
0.14482538 0.1997368 0.85745311 4282643381
0.14975481 0.1982014 0.85401863 4282643381
0.1548546 0.19812331 0.85232693 4282643381
0.16014805 0.19816943 0.85145664 4282643381
0.16551395 0.19816503 0.85098213 4282643381
0.17091632 0.1981243 0.85080248 4282643381
0.17632876 0.19805169 0.8508603 4282643381
0.18171842 0.19800495 0.85072237 4282643381
0.18709823 0.19794732 0.8505826 4282643381
0.19247386 0.19788922 0.85044515 4282643381
0.19792451 0.19794019 0.85033232 4282643381
0.2033748 0.1979669 0.85039741 4282643381
0.20883895 0.19799127 0.85042375 4282643381
0.21421152 0.19795296 0.85100877 4282643381
0.21995461 0.19825472 0.85229778 4282643381
0.22581232 0.19870415 0.85486668 4282643381
0.23360465 0.20063744 0.86224031 4282643381
-0.73824185 0.21212536 0.88747543 4291520081
-0.73104465 0.21168263 0.8855496 4291520081
-0.72453493 0.21143335 0.88444394 4291520081
-0.71842569 0.21130617 0.88373804 4291520081
-0.71234411 0.21117319 0.88319135 4291520081
-0.70636898 0.2110687 0.88278127 4291520081
-0.70041758 0.21097128 0.88237661 4291520081
-0.69450104 0.21089073 0.88194025 4291520081
-0.68858021 0.21084724 0.88124311 4291520081
-0.68260205 0.2107964 0.88059956 4291520081
-0.67658627 0.21070999 0.88019073 4291520081
-0.67113376 0.21063034 0.88083822 4291520081
-0.66659284 0.21061625 0.88256383 4291520081
-0.6631909 0.2113402 0.88501871 4291520081
-0.66036695 0.21271661 0.88929063 4294901760
-0.65947014 0.21440911 0.89635575 4291520081
-0.65997648 0.21619648 0.90420109 4291520081
-0.66084641 0.21807271 0.91246444 4291520081
-0.66016537 0.2200543 0.92039698 4291520081
-0.65729326 0.22164425 0.92507863 4286097756
-0.6535998 0.22208513 0.92758173 4286097756
-0.64846921 0.22188702 0.92912418 4286097756
-0.64241296 0.22190616 0.92908901 4287952557
-0.6364814 0.22192217 0.92911714 4287952557
-0.63058758 0.22203393 0.92871648 4287952557
-0.6247654 0.22208945 0.92873341 4287952557
-0.61884081 0.22208454 0.9287554 4287952557
-0.6128878 0.22206876 0.9287374 4287952557
-0.60693532 0.22205681 0.92869514 4287952557
-0.6009835 0.22204767 0.92863572 4287952557
-0.59502947 0.22203949 0.9285599 4287952557
-0.58907586 0.22203347 0.92847025 4287952557
-0.58307499 0.22200054 0.92835629 4287952557
-0.57702833 0.22194263 0.92820549 4287952557
-0.57099032 0.22189321 0.92802775 4287952557
-0.56495643 0.22184789 0.92783201 4287952557
-0.55892509 0.22180341 0.92763197 4287952557
-0.5528965 0.2217598 0.92742747 4287952557
-0.54687071 0.2217177 0.92721528 4287952557
-0.54082084 0.22166017 0.9269855 4287952557
-0.53476191 0.22159722 0.92673701 4287952557
-0.52870655 0.22153609 0.92647928 4287952557
-0.52265483 0.22147599 0.92621642 4287952557
-0.51660436 0.22141413 0.92595541 4287952557
-0.510557 0.22135171 0.92569715 4287952557
-0.5045132 0.22128947 0.92543846 4287952557
-0.49847272 0.22122744 0.92517895 4287952557
-0.49243572 0.22116563 0.92491817 4287952557
-0.486393 0.22109832 0.924649 4287952557
-0.48035234 0.22103214 0.9243654 4287952557
-0.47431627 0.22096936 0.92406404 4287952557
-0.4682456 0.22088112 0.9237377 4287952557
-0.46217212 0.22078975 0.92339534 4287952557
-0.45610377 0.22069986 0.92304558 4287952557
-0.45004979 0.22061682 0.92270178 4287952557
-0.44400787 0.22053759 0.92237371 4287952557
-0.43798122 0.22046468 0.92206383 4287952557
-0.43197289 0.22040044 0.92177606 4287952557
-0.42596763 0.22033402 0.92150021 4287952557
-0.41996565 0.22026615 0.92123282 4287952557
-0.41396692 0.22019693 0.9209727 4287952557
-0.40797195 0.22012812 0.92071086 4287952557
-0.40198973 0.22006714 0.9204514 4287952557
-0.39601687 0.22001123 0.9201951 4287952557
-0.39004672 0.21995445 0.91994208 4287952557
-0.38407332 0.21989155 0.91969037 4287952557
-0.37810308 0.21982807 0.91944164 4287952557
-0.37214378 0.21977109 0.91919839 4287952557
-0.36619511 0.21972005 0.9189648 4287952557
-0.36024898 0.2196674 0.91874009 4287952557
-0.35430565 0.21961428 0.91851819 4287952557
-0.34836522 0.21956149 0.91829443 4287952557
-0.342428 0.21951012 0.91806328 4287952557
-0.33648384 0.2194504 0.9178198 4287952557
-0.33053485 0.21938375 0.91756552 4287952557
-0.32458958 0.21931821 0.91730589 4287952557
-0.31864774 0.21925265 0.91704667 4287952557
-0.31270921 0.21918641 0.9167918 4287952557
-0.30677444 0.21911967 0.91654325 4287952557
-0.30085149 0.2190619 0.91629976 4287952557
-0.29493171 0.21900414 0.91605616 4287952557
-0.28901464 0.21894628 0.91581047 4287952557
-0.28309619 0.2188835 0.91556108 4287952557
-0.27718115 0.21882112 0.91530991 4287952557
-0.27126944 0.21875905 0.91505724 4287952557
-0.26536113 0.21869735 0.91480285 4287952557
-0.25945622 0.21863608 0.91454631 4287952557
-0.2535547 0.21857516 0.91428804 4287952557
-0.24765374 0.21851097 0.91402733 4287952557
-0.24175622 0.21844703 0.91376531 4287952557
-0.23586218 0.21838328 0.91350287 4287952557
-0.22997154 0.21831955 0.91324043 4287952557
-0.22408415 0.21825525 0.91298246 4287952557
-0.21820039 0.21819173 0.91271961 4287952557
-0.21232003 0.21812825 0.91245699 4287952557
-0.20644253 0.218064 0.91219419 4287952557
-0.20056799 0.21799915 0.91193062 4287952557
-0.19469693 0.21793456 0.91166568 4287952557
-0.18882941 0.21787035 0.91139889 4287952557
-0.18296428 0.2178047 0.91112912 4287952557
-0.17710225 0.2177387 0.91085649 4287952557
-0.17124379 0.21767285 0.91058278 4287952557
-0.16538893 0.21760763 0.91030681 4287952557
-0.15953766 0.21754213 0.91003245 4287952557
-0.1536908 0.21747816 0.90976137 4287952557
-0.14784865 0.21741654 0.90949166 4287952557
-0.14200713 0.21734953 0.90922076 4287952557
-0.13616917 0.21728267 0.90894908 4287952557
-0.13033478 0.21721593 0.90867728 4287952557
-0.12450387 0.21714911 0.90840662 4287952557
-0.1186766 0.21708255 0.90813452 4287952557
-0.11285283 0.21701577 0.90786409 4287952557
-0.10703249 0.21694857 0.90759641 4287952557
-0.10121859 0.21688879 0.90733469 4287952557
-0.095408581 0.21683049 0.90707803 4287952557
-0.089601554 0.21677138 0.90682602 4287952557
-0.083797574 0.21671176 0.90657765 4287952557
-0.077996716 0.21665199 0.90633041 4287952557
-0.072199181 0.21659271 0.90608054 4287952557
-0.066404708 0.21653318 0.90583211 4287952557
-0.060613442 0.21647376 0.90558344 4287952557
-0.054825388 0.2164145 0.90533435 4287952557
-0.049041867 0.21636125 0.90508628 4287952557
-0.043261435 0.21630865 0.90483946 4287952557
-0.037483916 0.21625595 0.90459353 4287952557
-0.031708267 0.21619731 0.90434867 4287952557
-0.025935497 0.21613732 0.90410477 4287952557
-0.020165876 0.21607727 0.90386111 4287952557
-0.014399433 0.21601734 0.90361708 4287952557
-0.0086361794 0.2159576 0.90337265 4287952557
-0.002876119 0.21589804 0.90312725 4287952557
0.0028807679 0.21583863 0.90288168 4287952557
0.0086345011 0.2157792 0.90263617 4287952557
0.014385076 0.21571986 0.90239066 4287952557
0.020132428 0.21566086 0.90214372 4287952557
0.02587658 0.21560206 0.90189588 4287952557
0.031617586 0.21554336 0.90164822 4287952557
0.037355494 0.21548443 0.901402 4287952557
0.043090425 0.21542503 0.90115875 4287952557
0.048822306 0.21536511 0.90091908 4287952557
0.054551475 0.21530394 0.90068823 4287952557
0.060277693 0.21524225 0.90046179 4287952557
0.066000514 0.21517995 0.90022844 4287952557
0.071719758 0.21511926 0.89998412 4287952557
0.077434756 0.21505807 0.89972323 4287952557
0.083144009 0.21498622 0.89944381 4287952557
0.088849068 0.21491599 0.89915448 4287952557
0.094550617 0.21484554 0.89886731 4287952557
0.10024865 0.2147748 0.89858258 4287952557
0.10594254 0.21470554 0.89828962 4287952557
0.11163136 0.21464029 0.89797342 4287952557
0.11732076 0.21457338 0.8976981 4287952557
0.12299816 0.21443248 0.89743841 4287952557
0.12866184 0.2143002 0.89706379 4287952557
0.13429771 0.21425077 0.89640951 4287952557
0.13988173 0.21424691 0.89541101 4287952557
0.14524126 0.21360531 0.89335382 4287952557
0.14491937 0.20538838 0.85802352 4282643381
0.14987248 0.20383514 0.85474211 4282643381
0.15499221 0.20373598 0.85309166 4282643381
0.16029646 0.20378624 0.85224706 4282643381
0.16566525 0.20378694 0.85175461 4282643381
0.1710722 0.2037463 0.8515684 4282643381
0.17648418 0.20366317 0.85159159 4282643381
0.18187186 0.20360544 0.8514266 4282643381
0.1872558 0.20354749 0.85126585 4282643381
0.19263642 0.20348893 0.85111219 4282643381
0.19808194 0.20352867 0.85098225 4282643381
0.20354611 0.20356701 0.85106254 4282643381
0.20903112 0.20360416 0.85110581 4282643381
0.21440165 0.20355485 0.85171556 4282643381
0.22014135 0.20386402 0.8531096 4282643381
0.22619005 0.20446995 0.85599107 4282643381
0.23432322 0.20671572 0.86441785 4282643381
-0.73942077 0.21813871 0.88876277 4291520081
-0.73187596 0.21757399 0.88655311 4291520081
-0.72528803 0.21729368 0.88539404 4291520081
-0.71917653 0.2171694 0.88464838 4291520081
-0.71317005 0.21706617 0.8841216 4291520081
-0.70718449 0.21695578 0.88372916 4291520081
-0.70120764 0.21684727 0.8833248 4291520081
-0.69526446 0.21675643 0.88288254 4291520081
-0.68934071 0.21670437 0.88224459 4291520081
-0.68335748 0.21666671 0.88153994 4291520081
-0.6773262 0.21659219 0.88105494 4291520081
-0.67172688 0.21644273 0.88160551 4291520081
-0.66698676 0.2164083 0.88307023 4291520081
-0.66347438 0.21708478 0.88543993 4291520081
-0.66061872 0.2183878 0.88950223 4294901760
-0.65951347 0.22015382 0.89640379 4291520081
-0.65984535 0.22197035 0.90417677 4291520081
-0.66077137 0.22391228 0.91248745 4291520081
-0.66036928 0.22593257 0.92054605 4291520081
-0.65771246 0.22790137 0.92565912 4286097756
-0.65408909 0.22824778 0.92833447 4286097756
-0.64910316 0.22798131 0.93001646 4286097756
-0.64305305 0.22801594 0.9300493 4287952557
-0.63716191 0.22806799 0.93010408 4287952557
-0.63125187 0.22819456 0.92969483 4287952557
-0.62542337 0.22824907 0.92973822 4287952557
-0.61959422 0.22829838 0.92981589 4287952557
-0.61365521 0.22828665 0.9298467 4287952557
-0.6076954 0.22826719 0.92984396 4287952557
-0.60173416 0.228251 0.92981541 4287952557
-0.59577155 0.22823776 0.92976326 4287952557
-0.58981001 0.22822858 0.92969072 4287952557
-0.58384949 0.22822298 0.9296003 4287952557
-0.57784569 0.22819322 0.92947501 4287952557
-0.57179326 0.2281352 0.92931169 4287952557
-0.5657438 0.22808158 0.92912662 4287952557
-0.55970085 0.22803295 0.9289301 4287952557
-0.55366367 0.22798802 0.92872584 4287952557
-0.5476293 0.22794451 0.92851514 4287952557
-0.54157555 0.2278875 0.92829084 4287952557
-0.53550762 0.22782117 0.92804849 4287952557
-0.5294435 0.2277575 0.92779368 4287952557
-0.52338314 0.22769549 0.92753124 4287952557
-0.51732612 0.22763389 0.92726707 4287952557
-0.51127231 0.2275719 0.92700481 4287952557
-0.50522149 0.22750938 0.92674392 4287952557
-0.49917236 0.22744553 0.92648375 4287952557
-0.49312669 0.22738193 0.9262225 4287952557
-0.48708424 0.22731951 0.92595351 4287952557
-0.4810349 0.2272518 0.92566741 4287952557
-0.47498032 0.22718041 0.92536086 4287952557
-0.46889287 0.22708338 0.9250294 4287952557
-0.46281409 0.22699185 0.92468512 4287952557
-0.45675552 0.22691375 0.92433816 4287952557
-0.45070097 0.22683464 0.92399663 4287952557
-0.44465002 0.2267528 0.92366898 4287952557
-0.43860671 0.22667138 0.92335671 4287952557
-0.43258962 0.22660564 0.92306674 4287952557
-0.4265756 0.22653724 0.92279005 4287952557
-0.42056474 0.22646667 0.92252457 4287952557
-0.41457123 0.22640733 0.92226732 4287952557
-0.40858266 0.22634934 0.92201215 4287952557
-0.40259722 0.22629109 0.92175841 4287952557
-0.39661491 0.22623254 0.92150688 4287952557
-0.39063579 0.226174 0.92125559 4287952557
-0.38465375 0.22610962 0.92100334 4287952557
-0.37867445 0.22604443 0.92075264 4287952557
-0.37269843 0.225979 0.92050302 4287952557
-0.36672583 0.22591347 0.92025459 4287952557
-0.36075628 0.22584681 0.92001152 4287952557
-0.35480464 0.2257942 0.91977715 4287952557
-0.34885615 0.22574171 0.91954386 4287952557
-0.34291065 0.22569005 0.91930658 4287952557
-0.33696276 0.22563362 0.91906255 4287952557
-0.33100516 0.22556448 0.91880918 4287952557
-0.32505131 0.22549655 0.91855049 4287952557
-0.31910086 0.22542872 0.91829115 4287952557
-0.31316224 0.22536992 0.91803718 4287952557
-0.30722749 0.22531126 0.91778851 4287952557
-0.30129582 0.22525194 0.91754347 4287952557
-0.29536721 0.22519235 0.91729981 4287952557
-0.28944182 0.22513296 0.91705585 4287952557
-0.2835196 0.22507392 0.91681021 4287952557
-0.2775999 0.2250144 0.91656274 4287952557
-0.27167937 0.22495058 0.91630822 4287952557
-0.26576215 0.22488683 0.91605401 4287952557
-0.25984839 0.22482382 0.91579628 4287952557
-0.25393605 0.22475886 0.91553426 4287952557
-0.64175177 0.30670163 0.95459998 4287952557
-0.6354652 0.30677718 0.95427114 4287952557
-0.62924004 0.30697882 0.95365757 4287952557
-0.62309438 0.30693835 0.9535746 4287952557
-0.61705232 0.30696931 0.95360482 4287952557
-0.61106879 0.30704618 0.95369178 4287952557
-0.60508311 0.30711403 0.95379764 4287952557
-0.59906131 0.30714652 0.95388776 4287952557
-0.59299111 0.30713576 0.95394343 4287952557
-0.5869205 0.30713126 0.95398504 4287952557
-0.58084971 0.30712646 0.95402771 4287952557
-0.57479906 0.3071371 0.95409423 4287952557
-0.56878769 0.30718634 0.95418972 4287952557
-0.5627749 0.30724081 0.95427334 4287952557
-0.55675346 0.30729687 0.95433187 4287952557
-0.55060709 0.30723527 0.95428652 4287952557
-0.54446185 0.30719107 0.95420152 4287952557
-0.5383184 0.30716041 0.95408678 4287952557
-0.53217655 0.30713621 0.95395821 4287952557
-0.52603626 0.30711219 0.95382988 4287952557
-0.51989728 0.30708647 0.95370585 4287952557
-0.51374948 0.30705151 0.95356989 4287952557
-0.50755924 0.30697089 0.95339346 4287952557
-0.50136942 0.30689582 0.95319712 4287952557
-0.4951247 0.30676359 0.95293808 4287952557
-0.48890361 0.30667049 0.95265836 4287952557
-0.48269579 0.30659616 0.95236784 4287952557
-0.47649157 0.30652198 0.95207798 4287952557
-0.47029048 0.30644259 0.95179886 4287952557
-0.46409261 0.30636075 0.95152479 4287952557
-0.4578999 0.30627856 0.95125782 4287952557
-0.4517118 0.30619332 0.95100224 4287952557
-0.44552159 0.30610055 0.95074368 4287952557
-0.43933311 0.306005 0.95048469 4287952557
-0.43314832 0.30591071 0.95022357 4287952557
-0.42696729 0.30582014 0.94995522 4287952557
-0.42078975 0.30572674 0.94969273 4287952557
-0.41461545 0.30562705 0.94944268 4287952557
-0.4084444 0.30551621 0.94921464 4287952557
-0.40232426 0.30546322 0.94905108 4287952557
-0.39623886 0.30544662 0.94894296 4287952557
-0.39015406 0.30542117 0.94885182 4287952557
-0.38407019 0.30539548 0.94876152 4287952557
-0.37798774 0.30537784 0.94865555 4287952557
-0.37189996 0.30535847 0.94852555 4287952557
-0.36577177 0.30528137 0.94833666 4287952557
-0.35964671 0.30521408 0.94812864 4287952557
-0.35352463 0.30515078 0.94791293 4287952557
-0.34740534 0.30508831 0.94769579 4287952557
-0.34128881 0.30502662 0.9474774 4287952557
-0.3351731 0.3049638 0.94725257 4287952557
-0.32905033 0.30488551 0.94701391 4287952557
-0.32292804 0.30480355 0.94677025 4287952557
-0.31680882 0.3047201 0.94652957 4287952557
-0.31069264 0.3046357 0.94629097 4287952557
-0.30457985 0.30455452 0.94604635 4287952557
-0.29847595 0.30449089 0.94579256 4287952557
-0.29234481 0.30437553 0.94548881 4287952557
-0.28621009 0.30425051 0.94516361 4287952557
-0.28008005 0.30412766 0.94483459 4287952557
-0.27397442 0.30404335 0.94453394 4287952557
-0.26787752 0.30396441 0.9442516 4287952557
-0.26178381 0.30388275 0.94397455 4287952557
-0.25569355 0.30380106 0.94369805 4287952557
-0.24960685 0.30372053 0.94341934 4287952557
-0.2435236 0.3036404 0.94314003 4287952557
-0.23743588 0.30353877 0.94285798 4287952557
-0.23135373 0.30343598 0.94259191 4287952557
-0.2253027 0.30339924 0.94236815 4287952557
-0.2192542 0.30336502 0.94213986 4287952557
-0.21319149 0.30329046 0.94188148 4287952557
-0.20710653 0.30315194 0.94157571 4287952557
-0.20102648 0.30301788 0.94126147 4287952557
-0.19496329 0.30291963 0.94096416 4287952557
-0.18891101 0.302838 0.94068831 4287952557
-0.18286316 0.30275548 0.94042408 4287952557
-0.1768185 0.30267072 0.94016474 4287952557
-0.17077717 0.30258578 0.93990588 4287952557
-0.16473921 0.30250108 0.93964684 4287952557
-0.15870459 0.30241677 0.93938708 4287952557
-0.15267338 0.30233318 0.93912631 4287952557
-0.14664535 0.3022486 0.93886775 4287952557
-0.14062081 0.30216482 0.93860781 4287952557
-0.1345996 0.30208144 0.93834716 4287952557
-0.12858179 0.3019987 0.93808568 4287952557
-0.12256722 0.30191576 0.93782383 4287952557
-0.11655385 0.30182311 0.93755758 4287952557
-0.11054353 0.30172765 0.93729222 4287952557
-0.10453993 0.30164725 0.93703806 4287952557
-0.098539665 0.3015672 0.93678349 4287952557
-0.092542581 0.30148673 0.9365297 4287952557
-0.086548768 0.3014065 0.93627578 4287952557
-0.080558136 0.30132556 0.93602359 4287952557
-0.074570574 0.30124128 0.9357776 4287952557
-0.068586051 0.30115476 0.93553627 4287952557
-0.062604517 0.30106467 0.93530166 4287952557
-0.056629363 0.30099988 0.93508536 4287952557
-0.050655037 0.30091751 0.93486416 4287952557
-0.044683661 0.3008368 0.93464005 4287952557
-0.038715433 0.30075991 0.93440902 4287952557
-0.032750513 0.30068812 0.93416858 4287952557
-0.026788954 0.30062118 0.93391931 4287952557
-0.020830713 0.30055785 0.93366313 4287952557
-0.014873758 0.30046523 0.93338674 4287952557
-0.0089214239 0.30039278 0.93312103 4287952557
-0.0029723796 0.30032444 0.93286335 4287952557
0.0029738268 0.30025285 0.93261224 4287952557
0.0089171035 0.30017954 0.93236458 4287952557
0.014857252 0.30010715 0.93211532 4287952557
0.020794025 0.30003908 0.93185818 4287952557
0.026727136 0.2999436 0.93157285 4287952557
0.032656066 0.29984838 0.93127418 4287952557
0.038580809 0.29975566 0.93096626 4287952557
0.044501364 0.29966548 0.93065029 4287952557
0.050417777 0.29957217 0.93032932 4287952557
0.056330562 0.29947472 0.93001622 4287952557
0.062239744 0.29937267 0.92971241 4287952557
0.068144664 0.299274 0.92940247 4287952557
0.07404425 0.29918802 0.92906827 4287952557
0.079933263 0.2990678 0.92866445 4287952557
0.085806936 0.29887193 0.92816502 4287952557
0.091673151 0.29870537 0.92764258 4287952557
0.097533613 0.29855162 0.92712313 4287952557
0.10338911 0.29838789 0.92662394 4287952557
0.10923823 0.29823068 0.92611802 4287952557
0.1150894 0.29811618 0.92566109 4287952557
0.12093997 0.29796126 0.92528415 4287952557
0.12677653 0.29772022 0.92491966 4287952557
0.13277686 0.29706824 0.92501867 4287952557
0.13831995 0.29832795 0.9245398 4287952557
0.14288615 0.2995396 0.92287165 4294901760
0.14626098 0.28944254 0.89905095 4294901760
0.14852746 0.28077009 0.87443256 4282643381
0.15321368 0.27987215 0.87226897 4282643381
0.15821642 0.28025544 0.87084222 4282643381
0.16371134 0.28024924 0.87043077 4282643381
0.16921604 0.2801958 0.87016588 4282643381
0.17473383 0.28015825 0.86999059 4282643381
0.18025316 0.28009129 0.86989951 4282643381
0.18576778 0.28004843 0.86973965 4282643381
0.19128083 0.2800065 0.86957729 4282643381
0.19680637 0.27998224 0.86948389 4282643381
0.20238844 0.28011897 0.86922508 4282643381
0.20792696 0.28003487 0.86951184 4282643381
0.21336307 0.27985233 0.87005669 4282643381
0.21882461 0.2798689 0.87181294 4282643381
0.22787933 0.28378689 0.87935233 4282643381
-0.73165697 0.297831 0.90730309 4291520081
-0.72526473 0.29762527 0.90639657 4291520081
-0.71901137 0.29743761 0.90577304 4291520081
-0.71282876 0.2972475 0.90531832 4291520081
-0.70680642 0.29715744 0.90495223 4291520081
-0.70078647 0.29705843 0.90460944 4291520081
-0.69477075 0.29695889 0.90426856 4291520081
-0.68876213 0.29697731 0.90364718 4291520081
-0.68268079 0.2970562 0.90291017 4291520081
-0.67649597 0.2970632 0.90236902 4291520081
-0.67061138 0.29672512 0.90267915 4291520081
-0.66594785 0.29631245 0.90439153 4291520081
-0.66270548 0.29718828 0.90738404 4291520081
-0.66004092 0.29973856 0.91238397 4294901760
-0.65903813 0.30210245 0.91954356 4291520081
-0.65924853 0.30455136 0.92747116 4291520081
-0.65932727 0.30718696 0.93567359 4291520081
-0.65955657 0.30983132 0.94416183 4291520081
-0.65746212 0.31308466 0.9515518 4291520081
-0.65497339 0.31497249 0.95602649 4286097756
-0.65035278 0.31431469 0.95784384 4294901760
-0.64438975 0.31386209 0.95846963 4287952557
-0.63795596 0.31409758 0.95792729 4287952557
-0.63172448 0.31421503 0.95755202 4287952557
-0.62554419 0.31431118 0.95718902 4287952557
-0.61937517 0.31425744 0.95712757 4287952557
-0.61334145 0.31432572 0.9571678 4287952557
-0.60730362 0.31437907 0.95723099 4287952557
-0.60121149 0.31437051 0.95727837 4287952557
-0.5951193 0.31436336 0.95732307 4287952557
-0.58902693 0.31436098 0.9573586 4287952557
-0.5829342 0.31436059 0.95738995 4287952557
-0.57684141 0.31435642 0.95742935 4287952557
-0.57076371 0.31436336 0.95748919 4287952557
-0.56469315 0.31437746 0.95755649 4287952557
-0.55862182 0.31439731 0.95761156 4287952557
-0.55252546 0.31440014 0.95763141 4287952557
-0.54636788 0.31434596 0.95758921 4287952557
-0.54021156 0.31430435 0.9575212 4287952557
-0.53405631 0.31426966 0.95743871 4287952557
-0.52790242 0.31423649 0.95735306 4287952557
-0.52174973 0.3142004 0.95727319 4287952557
-0.51559818 0.3141644 0.95719224 4287952557
-0.50948149 0.31417459 0.95712543 4287952557
-0.50337559 0.31420869 0.95704395 4287952557
-0.49718124 0.31414935 0.95686704 4287952557
-0.49093163 0.31403604 0.95661271 4287952557
-0.48468375 0.31393367 0.95633006 4287952557
-0.47844014 0.31383896 0.95603365 4287952557
-0.47220045 0.31374276 0.95574027 4287952557
-0.46596447 0.31364295 0.95545399 4287952557
-0.45973432 0.31354392 0.95517337 4287952557
-0.45351157 0.31344816 0.95489925 4287952557
-0.44732517 0.31339481 0.95465499 4287952557
-0.44114137 0.31333938 0.95441478 4287952557
-0.43496019 0.31328234 0.9541775 4287952557
-0.42878169 0.3132247 0.9539417 4287952557
-0.42260584 0.31316587 0.95370817 4287952557
-0.41643229 0.31310114 0.95348555 4287952557
-0.4102636 0.31303027 0.95328349 4287952557
-0.40412194 0.31298643 0.95312274 4287952557
-0.39798188 0.31293231 0.95298105 4287952557
-0.39184347 0.31286928 0.95285523 4287952557
-0.38573191 0.31284443 0.95275593 4287952557
-0.37962201 0.31282547 0.95264685 4287952557
-0.37350795 0.31280705 0.95251387 4287952557
-0.3673473 0.31271863 0.95231509 4287952557
-0.36119008 0.31264177 0.95209557 4287952557
-0.35503578 0.31256801 0.95187032 4287952557
-0.34888303 0.31249312 0.95164126 4287952557
-0.34273049 0.31241298 0.95141065 4287952557
-0.33658105 0.31233403 0.95117813 4287952557
-0.33043474 0.31225675 0.95094264 4287952557
-0.32429165 0.31218162 0.95070374 4287952557
-0.31815153 0.3121064 0.95046484 4287952557
-0.31201023 0.31202254 0.95022261 4287952557
-0.30587107 0.31193852 0.94997519 4287952557
-0.29973572 0.31186306 0.94971251 4287952557
-0.29357883 0.31174618 0.94940341 4287952557
-0.28741264 0.31160879 0.94906378 4287952557
-0.28126287 0.31149849 0.9487316 4287952557
-0.27512226 0.31139642 0.94841015 4287952557
-0.26898533 0.31128868 0.94809955 4287952557
-0.26285514 0.31118351 0.94779992 4287952557
-0.25673527 0.31109223 0.94750983 4287952557
-0.25061914 0.31100118 0.94721967 4287952557
-0.24450658 0.31090873 0.94693232 4287952557
-0.23839745 0.31081292 0.94665146 4287952557
-0.23229624 0.3107219 0.94639015 4287952557
-0.22619922 0.31062746 0.94614255 4287952557
-0.22011919 0.31056887 0.94591469 4287952557
-0.2140512 0.31053919 0.945692 4287952557
-0.20795596 0.31043351 0.94541156 4287952557
-0.201848 0.31028455 0.94509768 4287952557
-0.19576636 0.31019878 0.94481766 4287952557
-0.18969341 0.31012541 0.94455391 4287952557
-0.18362333 0.31004733 0.94429922 4287952557
-0.17755631 0.30996755 0.94404781 4287952557
-0.1714925 0.30988809 0.94379622 4287952557
-0.16543059 0.30980489 0.94354075 4287952557
-0.15937036 0.30971676 0.94328076 4287952557
-0.15331356 0.30962932 0.94301981 4287952557
-0.1472601 0.30954188 0.9427588 4287952557
-0.14120999 0.30945364 0.9424997 4287952557
-0.1351632 0.30936456 0.94224244 4287952557
-0.12911974 0.30927497 0.94198626 4287952557
-0.1230796 0.30918491 0.94173092 4287952557
-0.11704733 0.30911535 0.94148844 4287952557
-0.1110196 0.30905285 0.94125205 4287952557
-0.10499266 0.30897969 0.94101167 4287952557
-0.098966412 0.30889466 0.94076324 4287952557
-0.092943348 0.30880889 0.94051647 4287952557
-0.08692354 0.30872348 0.94026917 4287952557
-0.080906957 0.30863798 0.94002217 4287952557
-0.074893504 0.30855089 0.93977821 4287952557
-0.068883523 0.30846393 0.9395408 4287952557
-0.062880181 0.30840251 0.93932563 4287952557
-0.056879297 0.308339 0.93911427 4287952557
-0.050879333 0.30826068 0.93889028 4287952557
-0.044881787 0.30817872 0.9386574 4287952557
-0.038887344 0.3080985 0.93842167 4287952557
-0.032896422 0.30802536 0.93817353 4287952557
-0.026908847 0.30795586 0.9379192 4287952557
-0.020922527 0.30786002 0.93764085 4287952557
-0.014939441 0.30775726 0.93735301 4287952557
-0.0089601967 0.3076553 0.93706423 4287952557
-0.0029846558 0.3075521 0.93677795 4287952557
0.0029873762 0.30744499 0.93649888 4287952557
0.0089552086 0.30736467 0.93624103 4287952557
0.014919771 0.30728599 0.93598253 4287952557
0.020880861 0.30721122 0.93571734 4287952557
0.026838344 0.30714151 0.93544298 4287952557
0.03279119 0.30700308 0.93511802 4287952557
0.03873897 0.3068684 0.93478012 4287952557
0.044681862 0.30673721 0.93443632 4287952557
0.050620042 0.30660772 0.93408996 4287952557
0.056553874 0.30647585 0.93374848 4287952557
0.062483635 0.30634195 0.93341273 4287952557
0.068410784 0.30624846 0.93308657 4287952557
0.074332334 0.30617106 0.93273169 4287952557
0.080240369 0.3060227 0.93228394 4287952557
0.086135142 0.30583158 0.93176109 4287952557
0.092021316 0.30565384 0.93121487 4287952557
0.097900346 0.30547613 0.93066949 4287952557
0.10377553 0.30531159 0.93015385 4287952557
0.10964982 0.30518535 0.92967474 4287952557
0.11552256 0.30505115 0.92924458 4287952557
0.12139418 0.30485088 0.92893136 4287952557
0.1272614 0.30458331 0.92873532 4287952557
0.13324913 0.30487701 0.92904049 4287952557
0.13944948 0.30610928 0.9299159 4287952557
0.14525433 0.30555594 0.9295128 4287952557
0.14554228 0.29512179 0.89838105 4294901760
0.14907189 0.28675714 0.87658632 4282643381
0.15357466 0.28609186 0.87403476 4282643381
0.15860343 0.28646836 0.87284249 4282643381
0.16410588 0.28644678 0.87258631 4282643381
0.16963433 0.28642964 0.87235147 4282643381
0.17516628 0.28638113 0.87220293 4282643381
0.18069731 0.28631705 0.87209624 4282643381
0.18622556 0.28626451 0.87195849 4282643381
0.1917515 0.28620958 0.87182707 4282643381
0.19730844 0.28623351 0.87175959 4282643381
0.20289418 0.28635001 0.87150604 4282643381
0.20844272 0.28627002 0.87176675 4282643381
0.2138347 0.28604132 0.87242365 4282643381
0.21944821 0.28627369 0.87447852 4282643381
0.22852789 0.29028726 0.88245112 4282643381
-0.73423284 0.30472729 0.91035289 4291520081
-0.7274369 0.3042827 0.90920603 4291520081
-0.72098929 0.30396694 0.90850347 4291520081
-0.71491498 0.30387652 0.90805387 4291520081
-0.70887595 0.30379382 0.9076615 4291520081
-0.70283806 0.30369273 0.90731597 4291520081
-0.69680345 0.30358464 0.9069882 4291520081
-0.69077569 0.30350631 0.90658748 4291520081
-0.6846962 0.30360535 0.90575004 4291520081
-0.67851943 0.30364826 0.90509057 4291520081
-0.67256749 0.30333686 0.90527207 4291520081
-0.66720122 0.30274397 0.90622807 4294901760
-0.66364455 0.30350333 0.90878785 4291520081
-0.66078448 0.30556384 0.91306078 4294901760
-0.6589644 0.30806765 0.9195388 4291520081
-0.6591478 0.31051654 0.92750692 4291520081
-0.65903491 0.3131023 0.93542558 4291520081
-0.65891868 0.31585315 0.94370687 4291520081
-0.65814763 0.31880528 0.95189357 4291520081
-0.65599692 0.32222193 0.95837665 4286097756
-0.65264213 0.32238093 0.96127421 4286097756
-0.64718258 0.32158947 0.96235508 4294901760
-0.64086396 0.32147461 0.9623546 4287952557
-0.63445944 0.32158476 0.96183002 4287952557
-0.62816578 0.32176757 0.96118277 4287952557
-0.62192011 0.32169971 0.96101493 4287952557
-0.61568487 0.32160556 0.96091682 4287952557
-0.60958028 0.32163128 0.96092415 4287952557
-0.60348725 0.32165793 0.96096104 4287952557
-0.59739369 0.32167876 0.96100891 4287952557
-0.5912993 0.32170171 0.96105272 4287952557
-0.58520424 0.32172829 0.96108961 4287952557
-0.57910842 0.32175368 0.96112871 4287952557
-0.57301205 0.3217712 0.96118277 4287952557
-0.56691521 0.32178387 0.96124613 4287952557
-0.56081766 0.32179576 0.96131092 4287952557
-0.55471933 0.32181191 0.96136761 4287952557
-0.5486204 0.32183599 0.96140975 4287952557
-0.5425182 0.32186717 0.9614315 4287952557
-0.53637338 0.32185552 0.96141064 4287952557
-0.53022951 0.32185024 0.96138012 4287952557
-0.52408606 0.32184383 0.96135104 4287952557
-0.51794529 0.32183728 0.96132982 4287952557
-0.5118134 0.32184198 0.96131396 4287952557
-0.50568181 0.3218551 0.96128356 4287952557
-0.49955121 0.32188466 0.96122462 4287952557
-0.49329692 0.32177547 0.96103173 4287952557
-0.4870415 0.32168168 0.96079707 4287952557
-0.48078132 0.3215934 0.96052653 4287952557
-0.47451091 0.3214964 0.96022743 4287952557
-0.46824393 0.32139617 0.95993406 4287952557
-0.46198082 0.32129505 0.95964235 4287952557
-0.45572555 0.32119796 0.95935732 4287952557
-0.44947442 0.32109955 0.95907658 4287952557
-0.44322687 0.32099828 0.95880115 4287952557
-0.43698278 0.32089296 0.95853269 4287952557
-0.4307422 0.32078373 0.95827127 4287952557
-0.42451492 0.32068369 0.9580276 4287952557
-0.41831276 0.32060874 0.95781767 4287952557
-0.41213042 0.32055327 0.957636 4287952557
-0.4059605 0.32050598 0.95747805 4287952557
-0.39979225 0.32045245 0.9573307 4287952557
-0.39362592 0.32039443 0.95719123 4287952557
-0.38746145 0.32033685 0.95705104 4287952557
-0.38129929 0.32028529 0.95690084 4287952557
-0.37514016 0.32024372 0.95673674 4287952557
-0.36894849 0.32015193 0.95652181 4287952557
-0.36275959 0.32006687 0.95629323 4287952557
-0.35657394 0.3199861 0.95605749 4287952557
-0.35039148 0.31990683 0.95581919 4287952557
-0.344212 0.31982601 0.95558375 4287952557
-0.33803567 0.31974563 0.95534784 4287952557
-0.33186239 0.31966555 0.95511156 4287952557
-0.32569221 0.31958616 0.95487422 4287952557
-0.31952509 0.31950685 0.95463681 4287952557
-0.31336099 0.31942663 0.95440155 4287952557
-0.30719998 0.31934839 0.95416266 4287952557
-0.30104321 0.31927842 0.95391297 4287952557
-0.29487884 0.3191956 0.95363182 4287952557
-0.28870168 0.31908724 0.95331287 4287952557
-0.282529 0.31898445 0.95298445 4287952557
-0.27636054 0.31888193 0.95265585 4287952557
-0.27019596 0.31877598 0.95233381 4287952557
-0.26403531 0.31866711 0.95201707 4287952557
-0.25787872 0.31855759 0.9517017 4287952557
-0.25172621 0.31844705 0.9513886 4287952557
-0.24558054 0.31834191 0.95108205 4287952557
-0.239447 0.31825408 0.9507938 4287952557
-0.23332018 0.31816903 0.95052201 4287952557
-0.22719619 0.31807533 0.95026541 4287952557
-0.22107534 0.31797671 0.95001787 4287952557
-0.21495815 0.31787944 0.94976926 4287952557
-0.20884939 0.3177999 0.94952118 4287952557
-0.20274435 0.31772569 0.9492662 4287952557
-0.1966408 0.31764665 0.94900864 4287952557
-0.19054033 0.31756523 0.94875532 4287952557
-0.18444289 0.31748143 0.94850636 4287952557
-0.17834865 0.31739748 0.9482578 4287952557
-0.17225774 0.31731525 0.94800663 4287952557
-0.16617005 0.31723407 0.94775379 4287952557
-0.16008559 0.31715307 0.947501 4287952557
-0.15400425 0.31707111 0.94724977 4287952557
-0.14792603 0.31698763 0.9470017 4287952557
-0.1418509 0.31690264 0.94675636 4287952557
-0.13577895 0.31681731 0.94651175 4287952557
-0.12971015 0.31673154 0.94626808 4287952557
-0.12364712 0.3166573 0.94603199 4287952557
-0.11758511 0.31657407 0.94579047 4287952557
-0.11152857 0.31650189 0.94555748 4287952557
-0.10547557 0.31643245 0.94532865 4287952557
-0.099425405 0.31636274 0.94510049 4287952557
-0.093378067 0.31629318 0.94487238 4287952557
-0.087331027 0.31620836 0.94463444 4287952557
-0.081287101 0.31612304 0.94439781 4287952557
-0.075249746 0.31606117 0.94417846 4287952557
-0.069214918 0.31599754 0.94396198 4287952557
-0.063182607 0.31593105 0.94375062 4287952557
-0.057152908 0.31586364 0.94354087 4287952557
-0.051126003 0.31579852 0.94332755 4287952557
-0.045101803 0.31573588 0.94310462 4287952557
-0.039077841 0.31564781 0.94285148 4287952557
-0.033054996 0.31553483 0.94257194 4287952557
-0.027036181 0.31542629 0.9422853 4287952557
-0.021021413 0.31532177 0.9419921 4287952557
-0.0150106 0.31521955 0.94169551 4287952557
-0.0090036532 0.31511816 0.94139767 4287952557
-0.0030004592 0.31501567 0.94110203 4287952557
0.0029990412 0.31491151 0.94080955 4287952557
0.0089948922 0.31480494 0.94052148 4287952557
0.01498692 0.31470042 0.94023532 4287952557
0.020975033 0.31460133 0.93994647 4287952557
0.02695909 0.31450725 0.93964952 4287952557
0.032939151 0.31441516 0.93934512 4287952557
0.038914636 0.31430689 0.93902123 4287952557
0.044885743 0.31420216 0.93869138 4287952557
0.050852735 0.31409734 0.93836206 4287952557
0.056815885 0.31398878 0.93803942 4287952557
0.062774941 0.31388 0.93771744 4287952557
0.068729028 0.31378105 0.93737912 4287952557
0.074677035 0.313701 0.93700916 4287952557
0.080609269 0.31352538 0.9365263 4287952557
0.086525857 0.31327999 0.93595344 4287952557
0.092433371 0.31304765 0.93535984 4287952557
0.098333135 0.31281301 0.93477207 4287952557
0.10423272 0.31263 0.93424273 4287952557
0.11013988 0.31251943 0.93381721 4287952557
0.11605217 0.31248114 0.93342072 4287952557
0.12196906 0.31229603 0.93327498 4287952557
0.12787925 0.31208163 0.9331764 4287952557
0.1338941 0.31227887 0.93358922 4287952557
0.14029363 0.31417504 0.93494213 4287952557
0.14580408 0.31232196 0.93363273 4287952557
0.14535649 0.30076188 0.89799786 4294901760
0.14962712 0.29280737 0.87927353 4282643381
0.15397277 0.29265103 0.87650746 4282643381
0.15897688 0.29308599 0.87506491 4282643381
0.16457136 0.2929906 0.87490565 4282643381
0.17012621 0.2928763 0.87481725 4282643381
0.17566642 0.29278997 0.87466586 4282643381
0.18120353 0.29268813 0.87455225 4282643381
0.18674588 0.29262301 0.87442899 4282643381
0.19229192 0.2925815 0.87430382 4282643381
0.19788148 0.29263943 0.87429005 4282643381
0.20351058 0.29281804 0.87401968 4282643381
0.20909418 0.29275867 0.87433857 4282643381
0.21450193 0.2925007 0.87515312 4282643381
0.2204639 0.29316437 0.87756276 4282643381
0.22965647 0.29732791 0.88642138 4282643381
-0.72964227 0.31095427 0.91214621 4291520081
-0.72337604 0.31079835 0.91146207 4291520081
-0.71729207 0.31072661 0.9109804 4291520081
-0.71120518 0.31061387 0.91059858 4291520081
-0.70512193 0.31049216 0.91023922 4291520081
-0.69904894 0.31036776 0.90990126 4291520081
-0.6929813 0.31024826 0.90955228 4291520081
-0.68690819 0.31027421 0.90886444 4291520081
-0.68075603 0.31030241 0.90819722 4291520081
-0.67464787 0.31011984 0.90796959 4291520081
-0.66889554 0.30973375 0.90839434 4294901760
-0.66470993 0.3098518 0.91045582 4291520081
-0.66162688 0.31125721 0.9139716 4294901760
-0.65947157 0.31392622 0.91981804 4294901760
-0.65880114 0.31649497 0.92740208 4291520081
-0.65887082 0.31909031 0.93538803 4291520081
-0.65880376 0.3218081 0.9435302 4291520081
-0.65899855 0.32457328 0.9521023 4291520081
-0.65688986 0.32772797 0.95930964 4291520081
-0.6544953 0.33040702 0.96451378 4294901760
-0.64993668 0.32947707 0.966281 4294901760
-0.64392442 0.3289651 0.9668923 4287952557
-0.6373992 0.32908934 0.96636277 4287952557
-0.63102269 0.32923242 0.96580201 4287952557
-0.62473422 0.32930705 0.96537101 4287952557
-0.61845601 0.32922637 0.96520519 4287952557
-0.61227131 0.32922119 0.96513677 4287952557
-0.60612082 0.32923397 0.96512228 4287952557
-0.59997016 0.32923439 0.9651289 4287952557
-0.59382319 0.32923394 0.96514678 4287952557
-0.58770227 0.32926175 0.96518421 4287952557
-0.58158052 0.32928893 0.96522266 4287952557
-0.57545823 0.3293108 0.96527046 4287952557
-0.56933534 0.32932499 0.96533167 4287952557
-0.56321198 0.32932997 0.96540886 4287952557
-0.55710858 0.32935616 0.96550643 4287952557
-0.55103219 0.32941973 0.96561891 4287952557
-0.54495418 0.32949126 0.96571851 4287952557
-0.53882253 0.32950699 0.96576583 4287952557
-0.53265071 0.32948282 0.96576673 4287952557
-0.52648669 0.32947403 0.96576315 4287952557
-0.52032626 0.3294673 0.96576625 4287952557
-0.51416588 0.32945856 0.96577305 4287952557
-0.50800562 0.32945621 0.96576917 4287952557
-0.50184578 0.32946545 0.96574599 4287952557
-0.49565881 0.32946059 0.9656629 4287952557
-0.48937213 0.3293463 0.96545446 4287952557
-0.48308921 0.329252 0.96521318 4287952557
-0.47681007 0.3291693 0.96495312 4287952557
-0.47053441 0.32909063 0.96468681 4287952557
-0.46424264 0.32898593 0.96440226 4287952557
-0.45795324 0.3288801 0.9641155 4287952557
-0.45167097 0.3287794 0.96383095 4287952557
-0.4453924 0.32867754 0.96354848 4287952557
-0.43911743 0.32857233 0.96327186 4287952557
-0.43286845 0.328495 0.96302533 4287952557
-0.4266372 0.32843277 0.96280503 4287952557
-0.42040816 0.328361 0.96260029 4287952557
-0.414188 0.3282913 0.96241516 4287952557
-0.4079963 0.32825765 0.96226442 4287952557
-0.40180624 0.32822236 0.9621166 4287952557
-0.39561799 0.32819188 0.96196133 4287952557
-0.38941878 0.32813907 0.96179426 4287952557
-0.38320273 0.32805899 0.96159941 4287952557
-0.37698954 0.32798338 0.96139741 4287952557
-0.37077168 0.32790118 0.96117693 4287952557
-0.36455169 0.32781607 0.96094006 4287952557
-0.35833499 0.32773516 0.96069676 4287952557
-0.35212138 0.32765511 0.96045208 4287952557
-0.34591082 0.32757375 0.96020967 4287952557
-0.33970484 0.32749477 0.95996988 4287952557
-0.33350202 0.32741669 0.95972985 4287952557
-0.32730222 0.3273356 0.95949465 4287952557
-0.32110542 0.32725418 0.95926011 4287952557
-0.31491166 0.3271718 0.95902747 4287952557
-0.30872115 0.32709265 0.95878977 4287952557
-0.30253398 0.32701766 0.95854539 4287952557
-0.29634389 0.32693779 0.95827836 4287952557
-0.29013196 0.32681289 0.95796174 4287952557
-0.28392482 0.32669622 0.95763201 4287952557
-0.27772215 0.32658342 0.95729613 4287952557
-0.27152386 0.32647079 0.95696056 4287952557
-0.26532948 0.32635599 0.95662743 4287952557
-0.25913906 0.32624093 0.95629299 4287952557
-0.2529529 0.32612532 0.95595968 4287952557
-0.24677099 0.32600772 0.95563024 4287952557
-0.24059315 0.32588676 0.95530677 4287952557
-0.23442864 0.32578552 0.95500535 4287952557
-0.22828126 0.32571369 0.9547379 4287952557
-0.22213651 0.32563308 0.95448512 4287952557
-0.21599479 0.32554883 0.95423865 4287952557
-0.20985867 0.32546836 0.95400351 4287952557
-0.20372666 0.32538974 0.9537735 4287952557
-0.19759774 0.32531276 0.95354128 4287952557
-0.19147182 0.32523623 0.95330864 4287952557
-0.18534544 0.32514936 0.95306826 4287952557
-0.17922106 0.32505983 0.95282286 4287952557
-0.17309998 0.32497159 0.95257515 4287952557
-0.16698216 0.32488382 0.95232731 4287952557
-0.16086753 0.32479537 0.95208055 4287952557
-0.15475605 0.32470515 0.95183671 4287952557
-0.14864773 0.3246139 0.95159495 4287952557
-0.14254618 0.32453531 0.95136714 4287952557
-0.13645265 0.32447752 0.95115501 4287952557
-0.13036154 0.32442003 0.95094275 4287952557
-0.12426893 0.32434392 0.95071709 4287952557
-0.1181762 0.32425421 0.95047963 4287952557
-0.11208665 0.32416537 0.95024085 4287952557
-0.10600025 0.32407632 0.95000243 4287952557
-0.099917181 0.32398784 0.94976604 4287952557
-0.093839802 0.32391468 0.9495396 4287952557
-0.087765262 0.32384163 0.94931316 4287952557
-0.081693538 0.3237682 0.9490875 4287952557
-0.07562457 0.32369345 0.94886416 4287952557
-0.069559038 0.3236222 0.94864684 4287952557
-0.063496731 0.32355204 0.94844043 4287952557
-0.057437025 0.32348061 0.94823611 4287952557
-0.05138015 0.32341278 0.94802624 4287952557
-0.04532627 0.32335186 0.94780564 4287952557
-0.039271537 0.32325318 0.94754237 4287952557
-0.033219762 0.32315075 0.94725937 4287952557
-0.027171923 0.32305321 0.94696885 4287952557
-0.021127891 0.3229579 0.94667524 4287952557
-0.015087312 0.32285884 0.94637764 4287952557
-0.0090505062 0.32276013 0.94607919 4287952557
-0.0030174721 0.32266176 0.94578016 4287952557
0.0030116937 0.3225649 0.94547975 4287952557
0.0090372656 0.32246581 0.94518256 4287952557
0.01505918 0.32236454 0.94488919 4287952557
0.021077398 0.3222627 0.94459671 4287952557
0.027091606 0.32216394 0.94429988 4287952557
0.033101417 0.32205585 0.94398445 4287952557
0.039106797 0.32194495 0.94365919 4287952557
0.045107678 0.32183903 0.94332629 4287952557
0.051104456 0.32173273 0.94299453 4287952557
0.057097532 0.3216179 0.9426735 4287952557
0.063086361 0.32150328 0.94235265 4287952557
0.069070011 0.32140023 0.94201362 4287952557
0.075047486 0.32131848 0.94164103 4287952557
0.081010379 0.32115245 0.94116747 4287952557
0.086956285 0.32089779 0.94058919 4287952557
0.092893891 0.32066703 0.93999547 4287952557
0.098830789 0.32051283 0.93944657 4287952557
0.1047625 0.32035118 0.93891025 4287952557
0.11069019 0.32016882 0.93840784 4287952557
0.11662497 0.32004702 0.9379735 4287952557
0.122571 0.31982797 0.93786782 4287952557
0.12851141 0.31959698 0.93780166 4287952557
0.13461359 0.3200835 0.93838406 4287952557
0.1409312 0.32166901 0.93949562 4287952557
0.14639932 0.31936079 0.93765342 4287952557
0.14451559 0.30652323 0.8974601 4294901760
0.15000996 0.29929975 0.88168293 4282643381
0.15439637 0.29917297 0.87927872 4282643381
0.15945159 0.29957506 0.87770313 4282643381
0.1650248 0.29961959 0.87732053 4282643381
0.1706623 0.29941037 0.87754649 4282643381
0.17623399 0.2993671 0.87742335 4282643381
0.18180431 0.29931182 0.87732792 4282643381
0.18737207 0.29926404 0.87721497 4282643381
0.19293869 0.29922959 0.87707001 4282643381
0.19853769 0.29925603 0.87704539 4282643381
0.20418553 0.29939932 0.8768779 4282643381
0.20978485 0.29932058 0.87722921 4282643381
0.2151849 0.29902983 0.8780359 4282643381
0.2214997 0.30012286 0.88108063 4282643381
0.23091431 0.30462474 0.89119363 4282643381
-0.73213303 0.31780547 0.91537839 4291520081
-0.72587526 0.31771213 0.91458011 4291520081
-0.71980971 0.31767485 0.91409916 4291520081
-0.71366704 0.31752846 0.91371536 4291520081
-0.70751584 0.3173568 0.91336298 4291520081
-0.7013703 0.31717414 0.9130367 4291520081
-0.69527453 0.31704125 0.91269308 4291520081
-0.68919104 0.31696069 0.91223639 4291520081
-0.68314695 0.31713778 0.91144627 4291520081
-0.67701077 0.31719986 0.91088659 4291520081
-0.67109448 0.31692976 0.91116399 4291520081
-0.66612887 0.31636208 0.9125855 4291520081
-0.66274095 0.31741002 0.91539711 4291520081
-0.66033924 0.31961355 0.92031145 4294901760
-0.65859878 0.3224614 0.92729849 4291520081
-0.65879065 0.32507339 0.93537283 4291520081
-0.65861511 0.32785451 0.94348955 4291520081
-0.65886253 0.33061016 0.95186985 4291520081
-0.65783417 0.33362117 0.95995772 4291520081
-0.65565443 0.33723071 0.9669348 4286097756
-0.65250736 0.33743379 0.97019464 4286097756
-0.64727056 0.33677223 0.97170806 4294901760
-0.64079994 0.3365635 0.97169793 4287952557
-0.6341747 0.33679113 0.97092831 4287952557
-0.62777174 0.33698946 0.97023427 4287952557
-0.62143862 0.33692598 0.96997768 4287952557
-0.61513436 0.33684608 0.96980935 4287952557
-0.60893965 0.33686239 0.969751 4287952557
-0.60274506 0.33686298 0.9697181 4287952557
-0.59655058 0.33685112 0.9697051 4287952557
-0.59035635 0.33683348 0.96970129 4287952557
-0.58416241 0.33681318 0.96970153 4287952557
-0.5779689 0.33678794 0.96970975 4287952557
-0.57184309 0.33683366 0.96978271 4287952557
-0.56574214 0.33690131 0.96989048 4287952557
-0.55963951 0.33695617 0.97001916 4287952557
-0.55353504 0.33700582 0.97015589 4287952557
-0.54742885 0.33705804 0.97028875 4287952557
-0.5413205 0.33711773 0.97040921 4287952557
-0.53514165 0.33709887 0.97045916 4287952557
-0.52896196 0.33708805 0.97049481 4287952557
-0.52278191 0.33708286 0.97052133 4287952557
-0.51660132 0.33707669 0.97054935 4287952557
-0.51042038 0.33707464 0.97057104 4287952557
-0.5042392 0.33709037 0.97056526 4287952557
-0.49805841 0.33712512 0.97053117 4287952557
-0.49181554 0.33709428 0.97041047 4287952557
-0.48551461 0.33700097 0.97020531 4287952557
-0.47921711 0.33691967 0.96998256 4287952557
-0.47292301 0.33684251 0.96975321 4287952557
-0.46663213 0.33676773 0.96952099 4287952557
-0.46034437 0.33669668 0.9692834 4287952557
-0.45404691 0.33661243 0.96902508 4287952557
-0.44774711 0.33652323 0.9687562 4287952557
-0.44145086 0.33643419 0.96848738 4287952557
-0.43515801 0.33634257 0.9682228 4287952557
-0.42887843 0.33625978 0.96797889 4287952557
-0.42261666 0.3361913 0.96776444 4287952557
-0.41635713 0.33611691 0.96755832 4287952557
-0.41011098 0.33605653 0.96736914 4287952557
-0.4038609 0.3359873 0.96717113 4287952557
-0.39760819 0.33591446 0.9669593 4287952557
-0.39135832 0.33584362 0.96674484 4287952557
-0.38511118 0.33577463 0.96652746 4287952557
-0.37886682 0.33570626 0.96630919 4287952557
-0.37262529 0.33564034 0.96608722 4287952557
-0.36637375 0.33555463 0.9658457 4287952557
-0.36012539 0.33547091 0.96560091 4287952557
-0.35388011 0.33538774 0.9653551 4287952557
-0.34763804 0.3353045 0.96510977 4287952557
-0.3413991 0.33522028 0.96486616 4287952557
-0.33516324 0.33513531 0.96462393 4287952557
-0.32893053 0.3350504 0.96438181 4287952557
-0.32270089 0.33496565 0.96413952 4287952557
-0.31647441 0.33488026 0.96389854 4287952557
-0.31025141 0.33479691 0.96365613 4287952557
-0.30403295 0.33472025 0.96340871 4287952557
-0.29781711 0.33464876 0.96314931 4287952557
-0.29157346 0.33451879 0.9628315 4287952557
-0.28533465 0.3343969 0.96250135 4287952557
-0.27910048 0.33428007 0.96216333 4287952557
-0.2728709 0.33416533 0.96182263 4287952557
-0.26664567 0.33405051 0.96148252 4287952557
-0.26042482 0.33393601 0.96114218 4287952557
-0.25420836 0.3338221 0.96080112 4287952557
-0.24799623 0.33370805 0.96046084 4287952557
-0.24178837 0.3335925 0.9601233 4287952557
-0.2355842 0.333471 0.95979351 4287952557
-0.22938381 0.33334273 0.95947349 4287952557
-0.22320634 0.33325985 0.9591983 4287952557
-0.21703738 0.33318487 0.95894593 4287952557
-0.21087275 0.33310804 0.95870745 4287952557
-0.20471093 0.33302853 0.95847327 4287952557
-0.19855207 0.33294755 0.9582417 4287952557
-0.19239601 0.33286363 0.95801479 4287952557
-0.18624301 0.33278164 0.95778507 4287952557
-0.18009305 0.33270016 0.9575547 4287952557
-0.17394601 0.33261797 0.95732564 4287952557
-0.167798 0.33252111 0.95708799 4287952557
-0.16165289 0.33242252 0.95685047 4287952557
-0.15552016 0.33235875 0.95663804 4287952557
-0.14939046 0.33229578 0.95642906 4287952557
-0.14326322 0.33223084 0.95622331 4287952557
-0.13713841 0.33216402 0.95602077 4287952557
-0.13101621 0.33209747 0.95581794 4287952557
-0.12489273 0.33201396 0.9556008 4287952557
-0.11876953 0.33191955 0.95537084 4287952557
-0.1126522 0.33184201 0.95514506 4287952557
-0.10653786 0.33176643 0.95491636 4287952557
-0.10042641 0.33169112 0.95468748 4287952557
-0.094317771 0.33161461 0.9544605 4287952557
-0.088211976 0.33153707 0.95423543 4287952557
-0.082109027 0.33145884 0.9540115 4287952557
-0.076008916 0.33137995 0.95378876 4287952557
-0.069911622 0.33130008 0.95356762 4287952557
-0.063817002 0.33121583 0.9533534 4287952557
-0.057725079 0.33112937 0.95314258 4287952557
-0.051636193 0.33104604 0.95293015 4287952557
-0.045551401 0.330982 0.95270944 4287952557
-0.039465666 0.33087945 0.95244014 4287952557
-0.033383224 0.33077672 0.95215017 4287952557
-0.027304841 0.33067933 0.95185244 4287952557
-0.021230282 0.33058271 0.9515537 4287952557
-0.015159392 0.33048433 0.95125794 4287952557
-0.0090921931 0.33038536 0.95096344 4287952557
-0.0030287644 0.33028725 0.95066768 4287952557
0.0030309584 0.3301892 0.95037222 4287952557
0.0090870736 0.33008939 0.95007885 4287952557
0.015139526 0.32998499 0.94978279 4287952557
0.021188186 0.32988107 0.9494862 4287952557
0.027232848 0.32977292 0.94918138 4287952557
0.033273052 0.32965389 0.94885993 4287952557
0.039308779 0.32953978 0.94853139 4287952557
0.045340128 0.32942858 0.94819874 4287952557
0.051367242 0.32931781 0.94786561 4287952557
0.057390448 0.32920349 0.94753844 4287952557
0.063409835 0.32908565 0.94721699 4287952557
0.06942457 0.32897505 0.94688404 4287952557
0.075433299 0.32888377 0.94651979 4287952557
0.081427775 0.3287327 0.94604957 4287952557
0.087406971 0.32850996 0.94548875 4287952557
0.093381234 0.32835019 0.94493586 4287952557
0.099348783 0.32819188 0.94438154 4287952557
0.10531043 0.3280322 0.94382995 4287952557
0.11126828 0.32784921 0.94331485 4287952557
0.11722107 0.32765874 0.94281286 4287952557
0.12318315 0.32734537 0.94264865 4287952557
0.12917286 0.32709688 0.94271249 4287952557
0.13531072 0.32767999 0.94330585 4287952557
0.1415298 0.32942826 0.94377774 4287952557
0.14567308 0.31216484 0.89763796 4282643381
0.15051065 0.30547544 0.88472056 4282643381
0.154873 0.30564484 0.88191825 4282643381
0.16002123 0.30610827 0.88071293 4282643381
0.1655446 0.30633405 0.88015121 4282643381
0.17123938 0.30603909 0.88051009 4282643381
0.17682932 0.30599469 0.8803854 4282643381
0.1824182 0.30593669 0.88029063 4282643381
0.18800454 0.30588961 0.88017184 4282643381
0.19359021 0.30586436 0.8800047 4282643381
0.19919756 0.30587277 0.87993127 4282643381
0.20486343 0.30599871 0.87981778 4282643381
0.21046732 0.3058902 0.88020408 4282643381
0.21584255 0.30553553 0.88113934 4282643381
0.22252887 0.30712825 0.88476902 4282643381
-0.72837794 0.32458365 0.91792566 4291520081
-0.7223717 0.32463673 0.91740185 4291520081
-0.71636862 0.32463464 0.91703266 4291520081
-0.71028072 0.32451931 0.91674083 4291520081
-0.7041887 0.32438752 0.91646945 4291520081
-0.69810295 0.32426527 0.91617697 4291520081
-0.69202346 0.32416993 0.9158259 4291520081
-0.68591678 0.3242496 0.91509891 4291520081
-0.67969924 0.32432503 0.914424 4291520081
-0.67356616 0.32411799 0.91427189 4291520081
-0.6679092 0.32351258 0.91502941 4294901760
-0.66390038 0.32390916 0.91726851 4291520081
-0.66101253 0.32558602 0.92120355 4294901760
-0.6590687 0.32833067 0.92747831 4294901760
-0.65834337 0.33111736 0.93522084 4291520081
-0.65852678 0.33388597 0.94347519 4291520081
-0.65881711 0.33670002 0.95184672 4291520081
-0.65835345 0.33970565 0.96028703 4291520081
-0.65658545 0.34308207 0.96812403 4291520081
-0.65421724 0.34604374 0.97419792 4286097756
-0.65097088 0.3456727 0.9770503 4286097756
-0.64506525 0.34487772 0.97785628 4294901760
-0.63829935 0.34512657 0.97711217 4287952557
-0.63180035 0.34527424 0.97654808 4287952557
-0.6254127 0.34545177 0.97594887 4287952557
-0.61904502 0.34537587 0.97571379 4287952557
-0.61267966 0.34527993 0.97550762 4287952557
-0.6063953 0.34524971 0.97539556 4287952557
-0.60016245 0.34525651 0.97535342 4287952557
-0.59392995 0.34524602 0.97533619 4287952557
-0.58769697 0.34522972 0.97532582 4287952557
-0.58146119 0.34520411 0.97532082 4287952557
-0.57522607 0.34516934 0.97532916 4287952557
-0.56903589 0.34517729 0.97539151 4287952557
-0.56289798 0.345238 0.97551662 4287952557
-0.55675775 0.3452872 0.97565663 4287952557
-0.55061561 0.34533155 0.9758032 4287952557
-0.54447156 0.34538078 0.97594249 4287952557
-0.53832579 0.34543249 0.97607839 4287952557
-0.53217822 0.34548929 0.9762072 4287952557
-0.52602893 0.34554714 0.97633481 4287952557
-0.51987803 0.34560671 0.97646004 4287952557
-0.51370406 0.34564582 0.97655421 4287952557
-0.50748438 0.34563744 0.97658533 4287952557
-0.5012328 0.34560972 0.97655094 4287952557
-0.4949148 0.34551898 0.97640777 4287952557
-0.48859912 0.34545416 0.97622848 4287952557
-0.48228601 0.34539714 0.97603852 4287952557
-0.47597536 0.34534252 0.97584558 4287952557
-0.46966696 0.3452878 0.97565275 4287952557
-0.46334389 0.34521347 0.97543389 4287952557
-0.4570173 0.34513369 0.9752031 4287952557
-0.45067957 0.34504083 0.97494531 4287952557
-0.44434118 0.34494707 0.97467566 4287952557
-0.43800637 0.34485441 0.97440505 4287952557
-0.43168449 0.34477192 0.97415185 4287952557
-0.4253673 0.34468606 0.97390926 4287952557
-0.41905323 0.34459847 0.97366935 4287952557
-0.41274229 0.34451124 0.97342896 4287952557
-0.4064256 0.34441343 0.97317219 4287952557
-0.40008706 0.34427929 0.97287691 4287952557
-0.3937529 0.34414855 0.97257745 4287952557
-0.38742286 0.34401768 0.97227871 4287952557
-0.38110772 0.34390256 0.97199821 4287952557
-0.37482974 0.34384257 0.97176504 4287952557
-0.36854938 0.3437722 0.97152734 4287952557
-0.36225471 0.34367162 0.97126615 4287952557
-0.35596353 0.34357136 0.97100466 4287952557
-0.34967589 0.34347126 0.97074348 4287952557
-0.34339172 0.3433719 0.97048122 4287952557
-0.33711579 0.34328157 0.97022617 4287952557
-0.33084756 0.34320182 0.96997434 4287952557
-0.32458258 0.34312481 0.96971858 4287952557
-0.31831434 0.34303606 0.96945149 4287952557
-0.31204194 0.34293219 0.96917272 4287952557
-0.30577335 0.34283105 0.96889037 4287952557
-0.29950863 0.34273466 0.96860123 4287952557
-0.29324794 0.34264427 0.96830356 4287952557
-0.28696936 0.34251133 0.9679631 4287952557
-0.28069526 0.34238234 0.96761566 4287952557
-0.27442586 0.342255 0.96726644 4287952557
-0.26816106 0.34212819 0.96691668 4287952557
-0.26190081 0.34200194 0.9665665 4287952557
-0.25564519 0.34187636 0.96621567 4287952557
-0.24939422 0.34175229 0.96586311 4287952557
-0.24314778 0.34162846 0.96551025 4287952557
-0.23690552 0.34150049 0.96516341 4287952557
-0.23066768 0.34136918 0.96482193 4287952557
-0.22443406 0.34123144 0.96449023 4287952557
-0.21821137 0.34110624 0.96418238 4287952557
-0.21199894 0.34099466 0.96389544 4287952557
-0.20580782 0.34093332 0.96365088 4287952557
-0.19961932 0.34086895 0.96341079 4287952557
-0.19343348 0.34080112 0.96317595 4287952557
-0.18725023 0.34072906 0.96294743 4287952557
-0.18106963 0.34065318 0.96272486 4287952557
-0.17489474 0.34058347 0.96251732 4287952557
-0.16872756 0.34052944 0.96232891 4287952557
-0.16256273 0.34047726 0.96213812 4287952557
-0.15639797 0.34041417 0.96194631 4287952557
-0.15023203 0.3403365 0.96174395 4287952557
-0.14406873 0.34025726 0.96154416 4287952557
-0.13790804 0.34017661 0.96134651 4287952557
-0.13175005 0.34009629 0.96114826 4287952557
-0.12560199 0.34005269 0.96097308 4287952557
-0.11945332 0.33999723 0.96078497 4287952557
-0.11330091 0.33991247 0.96056902 4287952557
-0.10715146 0.3398304 0.96034908 4287952557
-0.10100495 0.33974993 0.96012729 4287952557
-0.094861254 0.33966872 0.9599064 4287952557
-0.088720396 0.33958632 0.95968759 4287952557
-0.082582332 0.33950284 0.95947015 4287952557
-0.076447077 0.33941782 0.95925528 4287952557
-0.070314638 0.33933127 0.95904279 4287952557
-0.064185359 0.33924481 0.9588393 4287952557
-0.058063116 0.33919856 0.95866686 4287952557
-0.051943161 0.33915761 0.95848697 4287952557
-0.045825619 0.33912501 0.95829099 4287952557
-0.039701045 0.33898687 0.95799261 4287952557
-0.033581365 0.33886319 0.95768112 4287952557
-0.027466761 0.33875495 0.95736879 4287952557
-0.021356205 0.33864811 0.95705473 4287952557
-0.015249439 0.33853823 0.95674533 4287952557
-0.0091465199 0.33842656 0.95643878 4287952557
-0.0030474649 0.33831328 0.95613492 4287952557
0.0030478027 0.33819672 0.955836 4287952557
0.0091392705 0.3380776 0.95554096 4287952557
0.015226886 0.33795995 0.95525014 4287952557
0.021310804 0.33788857 0.95498878 4287952557
0.027391179 0.33780858 0.95471102 4287952557
0.033466242 0.33766514 0.95437253 4287952557
0.039536338 0.33752945 0.9540236 4287952557
0.045601539 0.33739924 0.95366716 4287952557
0.051662073 0.33727023 0.95330936 4287952557
0.057718448 0.33713529 0.95296067 4287952557
0.063770898 0.33699358 0.95262182 4287952557
0.069818452 0.33686113 0.95227045 4287952557
0.075861014 0.33676648 0.95190036 4287952557
0.081888579 0.33660144 0.95141798 4287952557
0.087898895 0.33635578 0.95082539 4287952557
0.093902603 0.33615074 0.9502359 4287952557
0.099898472 0.33594796 0.94964415 4287952557
0.10588729 0.3357392 0.94906265 4287952557
0.11186561 0.33555585 0.94844514 4287952557
0.11783922 0.33533013 0.94789016 4287952557
0.12386445 0.33476776 0.94796848 4287952557
0.12992418 0.33457622 0.94799978 4287952557
0.13604066 0.33541605 0.94835293 4287952557
0.14192046 0.33794412 0.94875932 4287952557
0.14580765 0.31820881 0.89829546 4282643381
0.15085922 0.31177339 0.88771385 4282643381
0.15540807 0.31200233 0.88496035 4282643381
0.16060516 0.31254539 0.88380826 4282643381
0.1661419 0.31279936 0.88330567 4282643381
0.17181392 0.31272212 0.88346064 4282643381
0.17743899 0.31263113 0.88351476 4282643381
0.18304275 0.31256038 0.88341284 4282643381
0.18864414 0.31250167 0.8832857 4282643381
0.19424486 0.31246394 0.88312924 4282643381
0.19985831 0.31247696 0.88295633 4282643381
0.20553218 0.312585 0.88287622 4282643381
0.21112442 0.31243533 0.88332707 4282643381
0.21654272 0.31211936 0.88448024 4282643381
0.22392014 0.31463113 0.88925713 4282643381
-0.73142415 0.3318342 0.92171031 4291520081
-0.72481 0.33149827 0.92075819 4291520081
-0.71879047 0.3315191 0.92033821 4291520081
-0.7127642 0.3314853 0.92003703 4291520081
-0.70673645 0.33142254 0.91979712 4291520081
-0.7006855 0.33133 0.91956556 4291520081
-0.69458067 0.33120441 0.91927129 4291520081
-0.68848103 0.33113813 0.91885108 4291520081
-0.68228996 0.33126649 0.91802806 4291520081
-0.67612582 0.33113784 0.91768956 4291520081
-0.66998124 0.33082891 0.91766655 4291520081
-0.66531962 0.33047137 0.91937059 4291520081
-0.2981101 -0.29223859 0.92571169 4287952557
-0.29166755 -0.29172954 0.92385429 4287952557
-0.2852048 -0.29111844 0.92220974 4287952557
-0.27876526 -0.29044324 0.92068261 4287952557
-0.27260977 -0.29015195 0.91964859 4287952557
-0.26651752 -0.28991252 0.91882336 4287952557
-0.26043174 -0.28960571 0.91811675 4287952557
-0.25435889 -0.28921935 0.91754001 4287952557
-0.24855578 -0.28933755 0.91756546 4287952557
-0.24283047 -0.28957543 0.91786611 4287952557
-0.23710077 -0.28978106 0.91824764 4287952557
-0.23136458 -0.28996208 0.91867262 4287952557
-0.2256235 -0.29011208 0.91914958 4287952557
-0.21988134 -0.29022691 0.91968769 4287952557
-0.21414796 -0.29028389 0.92033517 4287952557
-0.2085471 -0.29071277 0.92144954 4287952557
-0.20296694 -0.29124728 0.92273718 4287952557
-0.19738913 -0.2917375 0.92416972 4287952557
-0.19180822 -0.29221317 0.92568469 4287952557
-0.18623047 -0.29275426 0.92731285 4287952557
-0.18064602 -0.29320988 0.92898661 4287952557
-0.17509647 -0.29376996 0.93094194 4287952557
-0.16959098 -0.29456836 0.93333638 4287952557
-0.16409868 -0.29528779 0.93587601 4287952557
-0.15863805 -0.29615971 0.9388023 4287952557
-0.33625221 -0.28859174 0.93389249 4287952557
-0.32933992 -0.28778106 0.93094099 4287952557
-0.32242781 -0.28691006 0.92812401 4287952557
-0.31558621 -0.28606394 0.92546529 4287952557
-0.30889291 -0.28532919 0.92310113 4287952557
-0.30233854 -0.28469825 0.92104596 4287952557
-0.29591924 -0.28417224 0.91930068 4287952557
-0.2895512 -0.28365871 0.91778427 4287952557
-0.28325012 -0.28317827 0.91649282 4287952557
-0.27719906 -0.28300044 0.91548967 4287952557
-0.27116716 -0.28283018 0.91466093 4287952557
-0.2651301 -0.2826111 0.91395259 4287952557
-0.25909579 -0.28232583 0.91339475 4287952557
-0.25318688 -0.28221282 0.91309577 4287952557
-0.24738909 -0.28227791 0.91306996 4287952557
-0.24158847 -0.28228387 0.91317195 4287952557
-0.23579629 -0.28225073 0.91339105 4287952557
-0.23008293 -0.28239456 0.91378301 4287952557
-0.22438413 -0.28255266 0.91427577 4287952557
-0.21872976 -0.2827979 0.91495311 4287952557
-0.21308672 -0.28298554 0.91578585 4287952557
-0.20749551 -0.28336221 0.91681862 4287952557
-0.2019221 -0.28379518 0.91801369 4287952557
-0.19634292 -0.28420275 0.91928291 4287952557
-0.19076306 -0.28458413 0.92062622 4287952557
-0.18518394 -0.28494111 0.92203307 4287952557
-0.17961223 -0.28527358 0.92351437 4287952557
-0.17405905 -0.28591773 0.92530042 4287952557
-0.16851585 -0.28657562 0.92727542 4287952557
-0.16298534 -0.28721717 0.92940074 4287952557
-0.15746334 -0.2880106 0.93182075 4287952557
-0.15195157 -0.28875068 0.93437076 4287952557
-0.14643687 -0.289545 0.93709946 4287952557
-0.14088427 -0.29060078 0.94011819 4287952557
-0.13531566 -0.29157665 0.94314891 4287952557
-0.12973216 -0.29249603 0.94620436 4287952557
-0.12414216 -0.29358369 0.9496429 4287952557
-0.11858544 -0.29458332 0.95325565 4287952557
-0.36366194 -0.285496 0.94327748 4287952557
-0.35609996 -0.28427044 0.93897551 4287952557
-0.34853366 -0.28297585 0.93488562 4287952557
-0.3412196 -0.28184137 0.93135297 4287952557
-0.33439595 -0.28111401 0.92854655 4287952557
-0.32760909 -0.28037938 0.9259479 4287952557
-0.32090828 -0.27969262 0.92352295 4287952557
-0.31423751 -0.27899653 0.92124748 4287952557
-0.30757189 -0.27826086 0.91912848 4287952557
-0.30107337 -0.27765954 0.91729069 4287952557
-0.29480496 -0.2772736 0.91582662 4287952557
-0.28852227 -0.27683303 0.91452509 4287952557
-0.28232113 -0.27645314 0.91342455 4287952557
-0.27632576 -0.27630934 0.91256589 4287952557
-0.27032766 -0.27614301 0.91181672 4287952557
-0.26432225 -0.27593267 0.91121382 4287952557
-0.25832498 -0.27570239 0.9106676 4287952557
-0.25252834 -0.2757636 0.91048282 4287952557
-0.24675563 -0.27581251 0.91056377 4287952557
-0.24098028 -0.27584857 0.91069335 4287952557
-0.23521443 -0.27586836 0.91093045 4287952557
-0.2294753 -0.27590957 0.91128141 4287952557
-0.22379436 -0.27608514 0.91176319 4287952557
-0.21813439 -0.27628791 0.9123826 4287952557
-0.21248662 -0.27645713 0.91314578 4287952557
-0.20687266 -0.27668545 0.91407162 4287952557
-0.20130213 -0.27708548 0.91519797 4287952557
-0.19573264 -0.27746475 0.91642642 4287952557
-0.19016293 -0.27789828 0.91773385 4287952557
-0.18459004 -0.27831149 0.91911155 4287952557
-0.17902352 -0.27873603 0.92059892 4287952557
-0.17346549 -0.27928656 0.92227471 4287952557
-0.16791752 -0.27979958 0.92406738 4287952557
-0.16238098 -0.28038794 0.926063 4287952557
-0.15683034 -0.28107533 0.92820203 4287952557
-0.15129662 -0.28171691 0.93047792 4287952557
-0.14574246 -0.28248903 0.93294066 4287952557
-0.14016949 -0.28332177 0.93553865 4287952557
-0.1345966 -0.28412417 0.93823498 4287952557
-0.12900537 -0.28490281 0.94095623 4287952557
-0.12337629 -0.28584898 0.94392264 4287952557
-0.11776745 -0.28682357 0.94717211 4287952557
-0.11219407 -0.2877351 0.9505837 4287952557
-0.10659608 -0.28880587 0.9543615 4287952557
-0.10089103 -0.29036289 0.95889139 4287952557
-0.095254831 -0.29182479 0.96371758 4287952557
-0.37709662 -0.28054881 0.94671094 4287952557
-0.36924171 -0.27917051 0.94215518 4287952557
-0.36172959 -0.27801549 0.93815243 4287952557
-0.35442033 -0.27698156 0.9345023 4287952557
-0.34720099 -0.27597681 0.93102068 4287952557
-0.34010687 -0.27503607 0.9279564 4287952557
-0.3333979 -0.27439541 0.92536479 4287952557
-0.32668632 -0.27372319 0.92293549 4287952557
-0.31996784 -0.27300993 0.92064506 4287952557
-0.31324571 -0.27225196 0.91851836 4287952557
-0.30666673 -0.27159804 0.91659868 4287952557
-0.30045077 -0.27128136 0.91503388 4287952557
-0.29424477 -0.2709527 0.91366899 4287952557
-0.28802201 -0.27057898 0.91246617 4287952557
-0.28186792 -0.2702502 0.91147947 4287952557
-0.27584234 -0.27005661 0.910622 4287952557
-0.26980603 -0.26982382 0.909917 4287952557
-0.26377362 -0.26955903 0.90936893 4287952557
-0.25778762 -0.26931521 0.90898591 4287952557
-0.25200832 -0.26935709 0.90882152 4287952557
-0.24622163 -0.26936898 0.90879619 4287952557
-0.24046341 -0.26940772 0.90891093 4287952557
-0.23475203 -0.26951608 0.90917784 4287952557
-0.22905163 -0.26963383 0.90954053 4287952557
-0.22336867 -0.26977664 0.91000283 4287952557
-0.21771854 -0.2699762 0.91061884 4287952557
-0.21209604 -0.27022135 0.91139752 4287952557
-0.20648469 -0.27043444 0.91231525 4287952557
-0.20091161 -0.2708326 0.91338837 4287952557
-0.19533956 -0.27120444 0.91457099 4287952557
-0.1897622 -0.27157831 0.91581059 4287952557
-0.1841919 -0.27193409 0.91715056 4287952557
-0.17863412 -0.27228442 0.91859883 4287952557
-0.173078 -0.27283838 0.92024255 4287952557
-0.16753055 -0.27338809 0.92202848 4287952557
-0.1619903 -0.27395609 0.92395997 4287952557
-0.15644445 -0.2745111 0.92595023 4287952557
-0.15088673 -0.27516454 0.92810512 4287952557
-0.14531536 -0.27584001 0.93034577 4287952557
-0.13973738 -0.27658027 0.93276614 4287952557
-0.13415974 -0.27729741 0.93527561 4287952557
-0.12858675 -0.27799061 0.93787616 4287952557
-0.12301473 -0.27869949 0.94059551 4287952557
-0.11732335 -0.27968431 0.94351888 4287952557
-0.11163034 -0.28075412 0.94676059 4287952557
-0.1059991 -0.28172496 0.95018166 4287952557
-0.10037017 -0.28275383 0.95387185 4287952557
-0.094702087 -0.28397205 0.95800066 4287952557
-0.089100905 -0.28512082 0.96236205 4287952557
-0.08335042 -0.28677705 0.9676128 4287952557
-0.077568874 -0.28860685 0.97344267 4287952557
-0.391776 -0.27637362 0.95286947 4287952557
-0.38378707 -0.27499467 0.94766682 4287952557
-0.37587026 -0.27363184 0.94304484 4287952557
-0.36818531 -0.27239698 0.93893486 4287952557
-0.36089948 -0.2714164 0.93532413 4287952557
-0.35359296 -0.27039263 0.93183368 4287952557
-0.34632191 -0.26936197 0.92858559 4287952557
-0.33933753 -0.26852047 0.92573637 4287952557
-0.33255705 -0.2678116 0.92320454 4287952557
-0.32583326 -0.26712573 0.92090631 4287952557
-0.31915244 -0.26645407 0.91878086 4287952557
-0.3126905 -0.26593578 0.91687214 4287952557
-0.30629009 -0.26545152 0.91509497 4287952557
-0.3000508 -0.26509586 0.91354877 4287952557
-0.29378414 -0.26470074 0.91219568 4287952557
-0.28750455 -0.26427066 0.91104066 4287952557
-0.28138885 -0.26398042 0.91007227 4287952557
-0.2754209 -0.26383254 0.9092809 4287952557
-0.26943889 -0.26365697 0.90864104 4287952557
-0.26345482 -0.2634576 0.90814513 4287952557
-0.25752002 -0.26329103 0.90781331 4287952557
-0.25176275 -0.26335555 0.90765107 4287952557
-0.24599203 -0.26339275 0.90763438 4287952557
-0.24021322 -0.26339087 0.90775979 4287952557
-0.23448414 -0.26345983 0.90800095 4287952557
-0.22877054 -0.26353875 0.90834999 4287952557
-0.22309686 -0.26368818 0.90882075 4287952557
-0.21745135 -0.2638787 0.90944594 4287952557
-0.21182212 -0.26407129 0.91021454 4287952557
-0.20620856 -0.2642563 0.91110432 4287952557
-0.20063649 -0.26462665 0.91214234 4287952557
-0.19506745 -0.26499748 0.91329592 4287952557
-0.18949538 -0.26535738 0.91452312 4287952557
-0.18393098 -0.2657004 0.91584963 4287952557
-0.17838454 -0.26602122 0.91729027 4287952557
-0.17283413 -0.26654881 0.91891116 4287952557
-0.16729262 -0.26710936 0.92070591 4287952557
-0.16176656 -0.26764676 0.92263508 4287952557
-0.15623029 -0.2681804 0.92460352 4287952557
-0.1506791 -0.26872197 0.92661208 4287952557
-0.14513625 -0.26926598 0.92873544 4287952557
-0.13952468 -0.27003109 0.93105268 4287952557
-0.13390826 -0.27079299 0.93347186 4287952557
-0.12829891 -0.27153563 0.93600136 4287952557
-0.12268878 -0.27226332 0.93861318 4287952557
-0.11706304 -0.27300465 0.94130611 4287952557
-0.11139124 -0.27389953 0.94426757 4287952557
-0.1056896 -0.27488074 0.94745278 4287952557
-0.10005855 -0.27582192 0.95092291 4287952557
-0.094348423 -0.27697745 0.95477164 4287952557
-0.08862032 -0.27824244 0.95900255 4287952557
-0.082948498 -0.27950469 0.96355706 4287952557
-0.077216469 -0.28092828 0.96852201 4287952557
-0.071534291 -0.28229788 0.97367209 4287952557
-0.065898776 -0.28363183 0.97904396 4287952557
-0.059839375 -0.28575975 0.98558933 4287952557
-0.40769237 -0.27282479 0.96178043 4287952557
-0.39845449 -0.27073652 0.95485055 4287952557
-0.39026743 -0.26927075 0.94938552 4287952557
-0.38214293 -0.26783377 0.94451702 4287952557
-0.37471384 -0.26680297 0.94049454 4287952557
-0.36735332 -0.26580498 0.93681604 4287952557
-0.36000913 -0.2647965 0.93324482 4287952557
-0.35281709 -0.26386756 0.9299705 4287952557
-0.34585297 -0.26307017 0.92697191 4287952557
-0.33887488 -0.26225224 0.92420983 4287952557
-0.33190775 -0.26142797 0.92170221 4287952557
-0.32547483 -0.26095763 0.91959739 4287952557
-0.31900239 -0.26045179 0.91761363 4287952557
-0.31247461 -0.25989631 0.91575611 4287952557
-0.30600369 -0.25936964 0.91406238 4287952557
-0.29975721 -0.25900364 0.91257 4287952557
-0.2934888 -0.2586132 0.91125637 4287952557
-0.28726718 -0.25824887 0.91014624 4287952557
-0.28116655 -0.25797731 0.90923887 4287952557
-0.27519858 -0.25781873 0.9084689 4287952557
-0.26922685 -0.25765228 0.90785003 4287952557
-0.26327276 -0.25749239 0.90739167 4287952557
-0.25735623 -0.25735691 0.90707749 4287952557
-0.25159946 -0.25740239 0.90693647 4287952557
-0.24582018 -0.25741816 0.90692383 4287952557
-0.24004155 -0.25742063 0.9070431 4287952557
-0.23429412 -0.25745031 0.90728325 4287952557
-0.22857486 -0.25750682 0.90763253 4287952557
-0.22291933 -0.25768021 0.90810305 4287952557
-0.21728259 -0.257882 0.90871775 4287952557
-0.21165866 -0.25808606 0.9094817 4287952557
-0.20604862 -0.25827572 0.91037834 4287952557
-0.20047441 -0.25862649 0.9113912 4287952557
-0.1948975 -0.25897369 0.91249686 4287952557
-0.1893243 -0.25932127 0.91370577 4287952557
-0.18376009 -0.25966343 0.91502076 4287952557
-0.17821677 -0.25998977 0.91646141 4287952557
-0.17266165 -0.26051393 0.91806817 4287952557
-0.16711292 -0.26106074 0.91983372 4287952557
-0.16156705 -0.26159927 0.92169631 4287952557
-0.15601921 -0.26213244 0.9236334 4287952557
-0.15046044 -0.26267812 0.92563158 4287952557
-0.14491083 -0.26321238 0.92771804 4287952557
-0.13931119 -0.26387361 0.92993557 4287952557
-0.13369769 -0.26456651 0.93226814 4287952557
-0.12808357 -0.26525265 0.93468505 4287952557
-0.12249387 -0.26591399 0.93723458 4287952557
-0.1168613 -0.26664203 0.93987656 4287952557
-0.1111849 -0.26747707 0.94272214 4287952557
-0.10557584 -0.2682732 0.94578433 4287952557
-0.099967048 -0.26910922 0.94903082 4287952557
-0.094204918 -0.27024999 0.95273441 4287952557
-0.088502415 -0.2713809 0.95672148 4287952557
-0.08283028 -0.27253267 0.96098435 4287952557
-0.076968521 -0.27401385 0.96579808 4287952557
-0.071101934 -0.27551323 0.97082275 4287952557
-0.065282933 -0.27699459 0.97610712 4287952557
-0.059428319 -0.27853984 0.98166156 4287952557
-0.053676248 -0.28005093 0.98754072 4287952557
-0.047717117 -0.28193083 0.99421185 4287952557
-0.04177231 -0.28391248 1.001474 4287952557
-0.41549501 -0.26778242 0.96574777 4287952557
-0.40672085 -0.26603091 0.95904499 4287952557
-0.39805758 -0.26434001 0.95295709 4287952557
-0.38987917 -0.26290914 0.94765645 4287952557
-0.3817623 -0.26151732 0.94289339 4287952557
-0.37432131 -0.26050189 0.93900466 4287952557
-0.36683276 -0.2594544 0.93538505 4287952557
-0.35946131 -0.25846121 0.93197709 4287952557
-0.35241723 -0.25763503 0.92882073 4287952557
-0.34547272 -0.25686088 0.92589831 4287952557
-0.33850381 -0.25607353 0.92320859 4287952557
-0.33168703 -0.25537363 0.92083138 4287952557
-0.3252182 -0.25487715 0.91876638 4287952557
-0.31869656 -0.25434485 0.91680932 4287952557
-0.31216326 -0.25380301 0.91500944 4287952557
-0.30564469 -0.25326332 0.91334349 4287952557
-0.29941005 -0.25290072 0.91188884 4287952557
-0.29322353 -0.25257346 0.91062945 4287952557
-0.28701973 -0.25223544 0.90957093 4287952557
-0.28090525 -0.25195792 0.90870154 4287952557
-0.27496248 -0.25180918 0.90797657 4287952557
-0.26901975 -0.25166318 0.90739757 4287952557
-0.26307321 -0.25151065 0.90696478 4287952557
-0.25718027 -0.25139979 0.90666199 4287952557
-0.25142056 -0.25142133 0.90651202 4287952557
-0.24564973 -0.25143424 0.90648866 4287952557
-0.23987983 -0.25144133 0.90660024 4287952557
-0.23411903 -0.25144252 0.90684009 4287952557
-0.22843634 -0.25155026 0.90718472 4287952557
-0.22279832 -0.25173831 0.90764749 4287952557
-0.21716128 -0.2519196 0.90826124 4287952557
-0.21153553 -0.25209364 0.90902352 4287952557
-0.20593302 -0.25228027 0.90992802 4287952557
-0.20036487 -0.25261542 0.91092795 4287952557
-0.19479246 -0.25295007 0.91201544 4287952557
-0.18922333 -0.25328019 0.91320491 4287952557
-0.18366447 -0.25360486 0.91449976 4287952557
-0.17812544 -0.2539354 0.91592288 4287952557
-0.17257114 -0.25445032 0.91751385 4287952557
-0.1670216 -0.25498658 0.91925949 4287952557
-0.16147031 -0.25552955 0.92111087 4287952557
-0.1559149 -0.25606936 0.92303377 4287952557
-0.15035085 -0.25660703 0.92500383 4287952557
-0.14478718 -0.25714171 0.92704439 4287952557
-0.13919939 -0.25774688 0.92921841 4287952557
-0.13357495 -0.25842285 0.93151206 4287952557
-0.12795605 -0.25909615 0.9339143 4287952557
-0.12233805 -0.25977746 0.93642652 4287952557
-0.11669879 -0.26048282 0.93902236 4287952557
-0.11099476 -0.26130131 0.94180954 4287952557
-0.10532678 -0.26210907 0.94476211 4287952557
-0.099714048 -0.26290485 0.94792753 4287952557
-0.093965918 -0.26394957 0.95150673 4287952557
-0.088220768 -0.26505777 0.95540088 4287952557
-0.082558066 -0.26614156 0.95953041 4287952557
-0.076802 -0.26740956 0.96410054 4287952557
-0.071105726 -0.26863396 0.96879995 4287952557
-0.065249681 -0.27006468 0.97390139 4287952557
-0.059239108 -0.27165398 0.97929847 4287952557
-0.053332884 -0.27320287 0.98496479 4287952557
-0.047442392 -0.27482644 0.99106592 4287952557
-0.041309264 -0.27682385 0.9980132 4287952557
-0.035296805 -0.27879778 1.0053571 4287952557
-0.029290879 -0.28087419 1.0132688 4287952557
-0.4242785 -0.26322493 0.97135299 4287952557
-0.41483378 -0.26116508 0.96364957 4287952557
-0.40601039 -0.25943419 0.95714331 4287952557
-0.39747819 -0.25786918 0.95144266 4287952557
-0.38931382 -0.25648931 0.94635981 4287952557
-0.38132468 -0.25521034 0.9418152 4287952557
-0.37387025 -0.25420681 0.93800735 4287952557
-0.36653036 -0.25326478 0.93451422 4287952557
-0.35919777 -0.25232613 0.93119735 4287952557
-0.35206342 -0.25147292 0.92805922 4287952557
-0.34506631 -0.25068817 0.92516232 4287952557
-0.33803102 -0.24989691 0.9225142 4287952557
-0.3313373 -0.24928372 0.92025149 4287952557
-0.32484937 -0.24877642 0.91821402 4287952557
-0.31839377 -0.24828973 0.91632277 4287952557
-0.31192428 -0.24780111 0.91457766 4287952557
-0.30545664 -0.24731304 0.91295236 4287952557
-0.29929429 -0.24699235 0.91154146 4287952557
-0.29311505 -0.24667546 0.91032004 4287952557
-0.28691646 -0.24635853 0.90931517 4287952557
-0.28084481 -0.24612212 0.90849698 4287952557
-0.27491087 -0.24597631 0.90781194 4287952557
-0.26896176 -0.24582759 0.9072566 4287952557
-0.26301143 -0.24568048 0.90683842 4287952557
-0.25711051 -0.24556866 0.90654159 4287952557
-0.25135323 -0.24557707 0.90637624 4287952557
-0.24558748 -0.24558744 0.90633607 4287952557
-0.23982154 -0.2455993 0.90643936 4287952557
-0.234064 -0.24561153 0.90666896 4287952557
-0.22838742 -0.24572103 0.90700233 4287952557
-0.22275333 -0.24590123 0.90745652 4287952557
-0.21711865 -0.24608198 0.90806133 4287952557
-0.21149498 -0.24626352 0.90882534 4287952557
-0.20589265 -0.24645461 0.90973181 4287952557
-0.20032291 -0.24677031 0.91072834 4287952557
-0.19474776 -0.24708286 0.91180491 4287952557
-0.18917763 -0.24739616 0.91298467 4287952557
-0.18362007 -0.24770975 0.91427273 4287952557
-0.17808449 -0.24802239 0.91568053 4287952557
-0.17253427 -0.24849285 0.91724867 4287952557
-0.16698956 -0.24898964 0.91896737 4287952557
-0.16144952 -0.24948741 0.92078936 4287952557
-0.15589842 -0.25000596 0.92268795 4287952557
-0.15033159 -0.25053236 0.92462885 4287952557
-0.14476651 -0.25105876 0.92664552 4287952557
-0.13919678 -0.25161526 0.9287802 4287952557
-0.13356443 -0.2522774 0.93104887 4287952557
-0.12793609 -0.25294584 0.93343592 4287952557
-0.12231547 -0.25361356 0.93592465 4287952557
-0.11668848 -0.25428849 0.93849164 4287952557
-0.11097354 -0.25508243 0.94123888 4287952557
-0.10528126 -0.25588846 0.94416958 4287952557
-0.099650107 -0.2566857 0.94729286 4287952557
-0.093891062 -0.25768054 0.95079172 4287952557
-0.088137731 -0.25874335 0.9546082 4287952557
-0.082449213 -0.259812 0.95867985 4287952557
-0.076600693 -0.26108423 0.96315664 4287952557
-0.070839882 -0.26231471 0.96780348 4287952557
-0.065044507 -0.26360631 0.97268045 4287952557
-0.05911459 -0.26502937 0.97784275 4287952557
-0.053276997 -0.26642728 0.9832375 4287952557
-0.047470063 -0.26788127 0.98898 4287952557
-0.041220482 -0.26981243 0.99566174 4287952557
-0.035133637 -0.2717174 1.0027205 4287952557
-0.028934032 -0.27378076 1.0102808 4287952557
-0.022778317 -0.27594563 1.0184901 4287952557
-0.42378068 -0.25666466 0.96967459 4287952557
-0.41392022 -0.25449634 0.96190679 4287952557
-0.40526867 -0.25290909 0.95584345 4287952557
-0.396705 -0.25138962 0.95028961 4287952557
-0.38871002 -0.2501227 0.94541192 4287952557
-0.38079366 -0.24892342 0.94101751 4287952557
-0.37354869 -0.24802952 0.93738645 4287952557
-0.36624685 -0.24713305 0.93398881 4287952557
-0.35893384 -0.2462405 0.93076229 4287952557
-0.35186762 -0.24544136 0.92771077 4287952557
-0.34500912 -0.2447391 0.92493767 4287952557
-0.33811131 -0.24404095 0.9223848 4287952557
-0.3314566 -0.24346288 0.92016685 4287952557
-0.3249892 -0.24297157 0.91815811 4287952557
-0.31852245 -0.24249113 0.91628075 4287952557
-0.31204009 -0.24201623 0.91455591 4287952557
-0.30556214 -0.24154776 0.91294807 4287952557
-0.29940689 -0.24123228 0.9115712 4287952557
-0.29321977 -0.24092379 0.91039062 4287952557
-0.28700969 -0.24062425 0.90942526 4287952557
-0.28099772 -0.24043208 0.9086532 4287952557
-0.27506885 -0.24028973 0.90797931 4287952557
-0.26912087 -0.24015 0.90742493 4287952557
-0.26316106 -0.24001153 0.90700507 4287952557
-0.25723213 -0.23989403 0.90669149 4287952557
-0.25145495 -0.23988195 0.90650451 4287952557
-0.24568222 -0.23988794 0.90645909 4287952557
-0.23990828 -0.23990197 0.90654534 4287952557
-0.23415537 -0.23993638 0.90675622 4287952557
-0.2284345 -0.24000044 0.90708268 4287952557
-0.22279243 -0.24016163 0.90753335 4287952557
-0.21715255 -0.24033561 0.90813595 4287952557
-0.21152478 -0.24051774 0.90890294 4287952557
-0.20592335 -0.24073029 0.90980941 4287952557
-0.20034547 -0.2410153 0.9108088 4287952557
-0.19476706 -0.24133284 0.91188705 4287952557
-0.18919133 -0.24164516 0.91306978 4287952557
-0.18362403 -0.24195845 0.91434538 4287952557
-0.17807692 -0.24227719 0.91573632 4287952557
-0.17251734 -0.24271572 0.91727865 4287952557
-0.16696548 -0.24317606 0.9189623 4287952557
-0.16141352 -0.24366039 0.92076159 4287952557
-0.15586272 -0.24415019 0.92264169 4287952557
-0.15030411 -0.2446429 0.92456508 4287952557
-0.14474963 -0.24513848 0.9265607 4287952557
-0.13917303 -0.24568112 0.92866504 4287952557
-0.13354988 -0.24629277 0.9308905 4287952557
-0.12793082 -0.24692111 0.93324172 4287952557
-0.12232857 -0.2475533 0.93570739 4287952557
-0.11673247 -0.24819534 0.93827015 4287952557
-0.11103917 -0.2489422 0.94099116 4287952557
-0.10539011 -0.24969387 0.94388658 4287952557
-0.099766068 -0.25047269 0.94697273 4287952557
-0.094009154 -0.25141722 0.95040041 4287952557
-0.08824458 -0.25243846 0.9541502 4287952557
-0.082560919 -0.2534706 0.95815343 4287952557
-0.076686934 -0.25469297 0.96255189 4287952557
-0.070857204 -0.25592718 0.96716028 4287952557
-0.065051407 -0.25718266 0.9719758 4287952557
-0.05907511 -0.258571 0.97706598 4287952557
-0.053113159 -0.25998122 0.98236156 4287952557
-0.0472668 -0.26138496 0.98793542 4287952557
-0.041057494 -0.26315629 0.9943192 4287952557
-0.034988705 -0.26493183 1.0010999 4287952557
-0.028932454 -0.26678002 1.008287 4287952557
-0.022687376 -0.26886708 1.016187 4287952557
-0.016299827 -0.27130699 1.0253165 4287952557
-0.43290043 -0.25225893 0.97691655 4287952557
-0.42298514 -0.25006506 0.96838063 4287952557
-0.41324714 -0.24804869 0.96093899 4287952557
-0.40521508 -0.24673864 0.95543188 4287952557
-0.39689708 -0.24536686 0.95013237 4287952557
-0.38870296 -0.24406795 0.94521338 4287952557
-0.3808822 -0.24294317 0.94091117 4287952557
-0.37361699 -0.2420571 0.9373107 4287952557
-0.3663314 -0.24119835 0.93399185 4287952557
-0.359124 -0.24037856 0.93086272 4287952557
-0.35205796 -0.23960784 0.92787647 4287952557
-0.34516996 -0.23891126 0.92512232 4287952557
-0.33825862 -0.23823425 0.92258227 4287952557
-0.33155921 -0.23765685 0.92036551 4287952557
-0.32507747 -0.23716988 0.91838342 4287952557
-0.31858188 -0.23669322 0.91652691 4287952557
-0.31208667 -0.23623049 0.91480863 4287952557
-0.30559924 -0.23578624 0.9132427 4287952557
-0.2994467 -0.23547493 0.91190594 4287952557
-0.29326564 -0.23518112 0.91076803 4287952557
-0.28705734 -0.2349056 0.90984148 4287952557
-0.28111389 -0.23474261 0.90909672 4287952557
-0.27518198 -0.23459548 0.90843618 4287952557
-0.26924178 -0.2344608 0.90787715 4287952557
-0.2632952 -0.23433734 0.90744394 4287952557
-0.25734234 -0.23422238 0.90713459 4287952557
-0.25156149 -0.23420008 0.90694582 4287952557
-0.24577823 -0.23419459 0.90688497 4287952557
-0.24000345 -0.23420939 0.9069615 4287952557
-0.23426504 -0.23425823 0.9071582 4287952557
-0.22853321 -0.23431939 0.90747243 4287952557
-0.22286312 -0.23444028 0.90791029 4287952557
-0.21722203 -0.23460245 0.90850234 4287952557
-0.21159427 -0.23478289 0.9092561 4287952557
-0.20599891 -0.23500878 0.91016084 4287952557
-0.20042199 -0.23528308 0.91116899 4287952557
-0.19484504 -0.23557036 0.91226089 4287952557
-0.18926905 -0.23588535 0.91343617 4287952557
-0.18369962 -0.23620807 0.9147113 4287952557
-0.17814742 -0.23652808 0.91608804 4287952557
-0.17257965 -0.23694336 0.91759878 4287952557
-0.16701478 -0.23738687 0.91924518 4287952557
-0.16146177 -0.23784177 0.92101282 4287952557
-0.15590923 -0.23831239 0.92287034 4287952557
-0.1503482 -0.23879577 0.92478848 4287952557
-0.14477625 -0.23929805 0.92677808 4287952557
-0.13915482 -0.23986074 0.92887515 4287952557
-0.1335382 -0.24043316 0.93107063 4287952557
-0.12790857 -0.24104002 0.93339676 4287952557
-0.12229457 -0.24166185 0.93584841 4287952557
-0.11664559 -0.2423317 0.93843752 4287952557
-0.11094897 -0.24305728 0.94117951 4287952557
-0.10529054 -0.2437965 0.94408339 4287952557
-0.099679329 -0.24455085 0.94715494 4287952557
-0.093934074 -0.24543956 0.95052952 4287952557
-0.088205092 -0.24638985 0.9541977 4287952557
-0.082573891 -0.24735302 0.95809847 4287952557
-0.076746561 -0.2484815 0.96237963 4287952557
-0.070969485 -0.24962559 0.96685618 4287952557
-0.065216146 -0.25080281 0.97155029 4287952557
-0.059194408 -0.25214818 0.97657257 4287952557
-0.053183399 -0.25352538 0.98180985 4287952557
-0.047283493 -0.25490728 0.9872992 4287952557
-0.041069575 -0.25658217 0.99353433 4287952557
-0.034941167 -0.25830644 1.0001731 4287952557
-0.028825426 -0.26011336 1.007256 4287952557
-0.022545395 -0.26210165 1.0149131 4287952557
-0.016237527 -0.26432574 1.0235639 4287952557
-0.0097966827 -0.26686832 1.033391 4287952557
-0.43253213 -0.24584505 0.97624063 4287952557
-0.42294401 -0.24384959 0.96820205 4287952557
-0.41322842 -0.24193016 0.96087569 4287952557
-0.40519544 -0.24063569 0.95544094 4287952557
-0.39706063 -0.23936257 0.95030874 4287952557
-0.38888782 -0.23811339 0.94542915 4287952557
-0.38083595 -0.23696604 0.94106066 4287952557
-0.37367466 -0.23612887 0.93756741 4287952557
-0.3664535 -0.23531768 0.93432808 4287952557
-0.35921729 -0.23452696 0.93125612 4287952557
-0.35214218 -0.23378009 0.92830324 4287952557
-0.34524488 -0.23309974 0.9255712 4287952557
-0.33830643 -0.23244765 0.92307556 4287952557
-0.33156118 -0.23187967 0.92087245 4287952557
-0.3250792 -0.23140074 0.91890466 4287952557
-0.31858233 -0.23093903 0.91707188 4287952557
-0.31213066 -0.23051064 0.91539639 4287952557
-0.30569077 -0.23010987 0.91387093 4287952557
-0.29956594 -0.22980744 0.91257787 4287952557
-0.29340822 -0.22953354 0.91148108 4287952557
-0.28723571 -0.22929093 0.91058081 4287952557
-0.28129086 -0.22912121 0.90983629 4287952557
-0.27533811 -0.22896497 0.90917504 4287952557
-0.2693789 -0.22882554 0.90861928 4287952557
-0.26341942 -0.22870608 0.90818542 4287952557
-0.257467 -0.22860716 0.90787405 4287952557
-0.25167122 -0.22857188 0.90769148 4287952557
-0.24588437 -0.22856063 0.90763503 4287952557
-0.2401306 -0.22858126 0.90770549 4287952557
-0.23440249 -0.22862981 0.90788645 4287952557
-0.22867759 -0.22869672 0.90817797 4287952557
-0.22298613 -0.22879529 0.9085964 4287952557
-0.21734783 -0.2289456 0.90916115 4287952557
-0.21172112 -0.22912334 0.90989858 4287952557
-0.20612961 -0.22934878 0.91078687 4287952557
-0.20055404 -0.22961225 0.91179532 4287952557
-0.19497828 -0.22988948 0.91289103 4287952557
-0.18940458 -0.23018511 0.91406626 4287952557
-0.1838356 -0.2304974 0.91532832 4287952557
-0.17827857 -0.2308256 0.91669291 4287952557
-0.17270893 -0.2312111 0.91817391 4287952557
-0.16714168 -0.23162907 0.91979158 4287952557
-0.1615845 -0.23206638 0.92152947 4287952557
-0.15603539 -0.23252028 0.92336941 4287952557
-0.15049109 -0.23298496 0.92528594 4287952557
-0.14487587 -0.23350741 0.92728436 4287952557
-0.13924697 -0.23404865 0.92936641 4287952557
-0.13362415 -0.23460418 0.93155086 4287952557
-0.12801453 -0.23517488 0.9338451 4287952557
-0.12239481 -0.23578294 0.93628234 4287952557
-0.11669277 -0.23646024 0.93888706 4287952557
-0.1109936 -0.23716752 0.94164509 4287952557
-0.10532925 -0.23789652 0.94456184 4287952557
-0.099708386 -0.23864196 0.94762576 4287952557
-0.093907952 -0.23951928 0.95100319 4287952557
-0.088157922 -0.24043387 0.9546178 4287952557
-0.08247935 -0.2413898 0.95849234 4287952557
-0.076606408 -0.24248672 0.96274644 4287952557
-0.070800357 -0.24360286 0.96718091 4287952557
-0.065035634 -0.24474746 0.97182167 4287952557
-0.059078287 -0.2459961 0.97671914 4287952557
-0.053156257 -0.24726331 0.98178232 4287952557
-0.047342855 -0.24854311 0.98706484 4287952557
-0.041239135 -0.25005978 0.99303097 4287952557
-0.035126727 -0.25169578 0.99951899 4287952557
-0.028983667 -0.25343403 1.006458 4287952557
-0.022607105 -0.25539941 1.0141163 4287952557
-0.016248366 -0.25753751 1.0225766 4287952557
-0.0097196847 -0.26002008 1.0323197 4287952557
-0.43238372 -0.23961109 0.97628343 4287952557
-0.42300779 -0.23774967 0.96857983 4287952557
-0.41356179 -0.23599483 0.96155566 4287952557
-0.40531674 -0.23465939 0.95599192 4287952557
-0.3972201 -0.23342168 0.95088845 4287952557
-0.38906422 -0.23222509 0.94606513 4287952557
-0.38100696 -0.2311264 0.9417116 4287952557
-0.37382612 -0.23029664 0.93823195 4287952557
-0.36657262 -0.22950377 0.93500793 4287952557
-0.35946953 -0.22877221 0.93202245 4287952557
-0.35246408 -0.22806557 0.92912692 4287952557
-0.34560895 -0.22741696 0.92645729 4287952557
-0.33871326 -0.22680686 0.9240098 4287952557
-0.33204576 -0.22627811 0.92185503 4287952557
-0.32558689 -0.22580931 0.91990757 4287952557
-0.3191292 -0.22536828 0.91810232 4287952557
-0.31265941 -0.22495657 0.91643834 4287952557
-0.30622947 -0.2245809 0.91493636 4287952557
-0.30009237 -0.22427665 0.91366458 4287952557
-0.2939207 -0.22400862 0.91256785 4287952557
-0.2877295 -0.22377941 0.91166043 4287952557
-0.28170672 -0.22359708 0.91091084 4287952557
-0.2757419 -0.22343633 0.91024166 4287952557
-0.2697691 -0.22330041 0.90968895 4287952557
-0.26379752 -0.22319086 0.90925747 4287952557
-0.25783545 -0.22310653 0.90893888 4287952557
-0.25205788 -0.22307035 0.90876943 4287952557
-0.24628319 -0.22305961 0.90871221 4287952557
-0.24048235 -0.22307327 0.90877593 4287952557
-0.2347118 -0.22311367 0.90894908 4287952557
-0.22897331 -0.22317703 0.9092111 4287952557
-0.22327641 -0.22327062 0.90958798 4287952557
-0.21761894 -0.22340529 0.9101246 4287952557
-0.21196961 -0.22357906 0.91084087 4287952557
-0.20635763 -0.22379415 0.91171879 4287952557
-0.20076729 -0.224043 0.91271693 4287952557
-0.19517539 -0.22431095 0.91380292 4287952557
-0.18958512 -0.2245976 0.91496813 4287952557
-0.18399702 -0.22490263 0.91621172 4287952557
-0.17842147 -0.2252242 0.91754597 4287952557
-0.17284022 -0.22558397 0.91900229 4287952557
-0.16725378 -0.22598128 0.92059833 4287952557
-0.16168189 -0.22640651 0.9223271 4287952557
-0.15612273 -0.22685187 0.92415929 4287952557
-0.15055847 -0.22731636 0.92607248 4287952557
-0.14493994 -0.2278142 0.92807204 4287952557
-0.13933268 -0.22832242 0.93014383 4287952557
-0.13373308 -0.22884706 0.93230277 4287952557
-0.12815928 -0.22939248 0.93457758 4287952557
-0.12256833 -0.22997266 0.93699789 4287952557
-0.11685611 -0.23062904 0.9396075 4287952557
-0.1111694 -0.23131472 0.94237792 4287952557
-0.10551584 -0.23202945 0.94530946 4287952557
-0.099867642 -0.232777 0.94838768 4287952557
-0.094041459 -0.2336188 0.95174211 4287952557
-0.088294156 -0.23450148 0.95533246 4287952557
-0.082575582 -0.23543717 0.95916951 4287952557
-0.076674163 -0.23648627 0.96336895 4287952557
-0.070860311 -0.23755853 0.96774018 4287952557
-0.065052979 -0.2386786 0.97233731 4287952557
-0.059054065 -0.2398873 0.97719705 4287952557
-0.053110562 -0.24111938 0.98222417 4287952557
-0.047256783 -0.24237475 0.98744988 4287952557
-0.041063704 -0.24385674 0.99337941 4287952557
-0.03497494 -0.24540694 0.99971163 4287952557
-0.028910697 -0.24703702 1.0064435 4287952557
-0.022688076 -0.24882577 1.0137562 4287952557
-0.016514512 -0.25076288 1.021781 4287952557
-0.0098966556 -0.25316879 1.0314233 4287952557
-0.0032020439 -0.25579932 1.0420111 4287952557
-0.43304986 -0.23370431 0.97751409 4287952557
-0.42379758 -0.23192565 0.970002 4287952557
-0.41439009 -0.23022981 0.96296173 4287952557
-0.40577573 -0.22883782 0.95714062 4287952557
-0.39739513 -0.22757922 0.95188761 4287952557
-0.38949901 -0.22646557 0.94721448 4287952557
-0.38159767 -0.22543848 0.94294357 4287952557
-0.37430727 -0.22459985 0.93941218 4287952557
-0.36721539 -0.22385414 0.93627006 4287952557
-0.36009642 -0.2231428 0.93329614 4287952557
-0.35306251 -0.22245269 0.93041474 4287952557
-0.34611645 -0.22181058 0.92773438 4287952557
-0.33920261 -0.22122625 0.92529726 4287952557
-0.3325879 -0.22072363 0.92319518 4287952557
-0.32609949 -0.22026081 0.92126632 4287952557
-0.31959498 -0.21983057 0.91947132 4287952557
-0.31310424 -0.21943788 0.91782343 4287952557
-0.30669498 -0.21908498 0.91633654 4287952557
-0.30054921 -0.21877427 0.91506124 4287952557
-0.29437488 -0.21851 0.91396248 4287952557
-0.28818348 -0.21829191 0.91303337 4287952557
-0.28208762 -0.2181123 0.91227168 4287952557
-0.27611727 -0.21794657 0.91159463 4287952557
-0.27014068 -0.21781224 0.91103524 4287952557
-0.26416332 -0.21771291 0.91060406 4287952557
-0.25819311 -0.21764852 0.91029894 4287952557
-0.25241423 -0.21760213 0.91013694 4287952557
-0.24663308 -0.21758677 0.91009277 4287952557
-0.24084796 -0.21760216 0.91015995 4287952557
-0.23506567 -0.21764383 0.91032034 4287952557
-0.22929192 -0.21770942 0.91056567 4287952557
-0.22359791 -0.21778755 0.91091681 4287952557
-0.21792731 -0.21790831 0.91144061 4287952557
-0.21226875 -0.21807913 0.91214097 4287952557
-0.20664293 -0.21828714 0.91300005 4287952557
-0.20104371 -0.21851492 0.91398066 4287952557
-0.19544086 -0.21876749 0.91504598 4287952557
-0.18983696 -0.21904004 0.91618466 4287952557
-0.18423416 -0.21933158 0.91739857 4287952557
-0.17864467 -0.21964858 0.91870415 4287952557
-0.17304879 -0.21998893 0.92013115 4287952557
-0.16745333 -0.22036268 0.92169744 4287952557
-0.16186662 -0.22077096 0.92340368 4287952557
-0.15629143 -0.2212095 0.92522991 4287952557
-0.15070848 -0.22166869 0.92714816 4287952557
-0.1450824 -0.22214586 0.92914665 4287952557
-0.13944198 -0.22264402 0.93122768 4287952557
-0.13383187 -0.22316347 0.93339473 4287952557
-0.12824057 -0.22370555 0.93566489 4287952557
-0.12261659 -0.22428177 0.93807828 4287952557
-0.11690127 -0.22490866 0.94069248 4287952557
-0.11120913 -0.22557756 0.94348413 4287952557
-0.10555101 -0.22627813 0.94641978 4287952557
-0.099880934 -0.22701979 0.94952738 4287952557
-0.094129421 -0.22781259 0.95283759 4287952557
-0.088458642 -0.2286506 0.9563576 4287952557
-0.082814515 -0.22954004 0.9601025 4287952557
-0.076940574 -0.23052981 0.9642275 4287952557
-0.071118228 -0.23156197 0.96855098 4287952557
-0.065289088 -0.23264915 0.97311491 4287952557
-0.059283175 -0.23380648 0.97793138 4287952557
-0.053302202 -0.23499621 0.98290437 4287952557
-0.047408354 -0.2362231 0.9880867 4287952557
-0.041125994 -0.23765738 0.99399209 4287952557
-0.034981228 -0.2391566 1.0002482 4287952557
-0.02883428 -0.24075559 1.0069537 4287952557
-0.022499787 -0.24252057 1.0142944 4287952557
-0.016282113 -0.24440688 1.0222459 4287952557
-0.0099085448 -0.24657311 1.0313381 4287952557
-0.0034087922 -0.24896745 1.0413814 4287952557
-0.43386629 -0.22788294 0.97925442 4287952557
-0.42468295 -0.22617042 0.97189659 4287952557
-0.41543999 -0.22455475 0.96495801 4287952557
-0.40671486 -0.22316371 0.95897806 4287952557
-0.39834064 -0.22194152 0.95372528 4287952557
-0.39039078 -0.22083795 0.9489913 4287952557
-0.38251871 -0.21985023 0.94473934 4287952557
-0.37505507 -0.21900232 0.94109792 4287952557
-0.3677991 -0.21825157 0.93787575 4287952557
-0.36060721 -0.2175484 0.93484622 4287952557
-0.35355386 -0.2168801 0.9319734 4287952557
-0.34658137 -0.21625976 0.92929912 4287952557
-0.33959481 -0.21570821 0.92686903 4287952557
-0.33304167 -0.21522412 0.92481476 4287952557
-0.32653421 -0.21477845 0.92292094 4287952557
-0.32001233 -0.21437334 0.92116481 4287952557
-0.31348756 -0.21400715 0.91953319 4287952557
-0.30708709 -0.21367399 0.91806197 4287952557
-0.30093789 -0.21336463 0.91679996 4287952557
-0.29477826 -0.21309862 0.91568685 4287952557
-0.28860319 -0.21288568 0.91473728 4287952557
-0.28246805 -0.2127109 0.91393197 4287952557
-0.27652365 -0.21253516 0.91325319 4287952557
-0.27056611 -0.21239983 0.91269863 4287952557
-0.26460382 -0.21230567 0.91226977 4287952557
-0.25864553 -0.21225628 0.91197652 4287952557
-0.25286138 -0.21220355 0.91183573 4287952557
-0.24707451 -0.21218553 0.91180813 4287952557
-0.2412837 -0.21220022 0.91187924 4287952557
-0.23549463 -0.21224244 0.91203296 4287952557
-0.22971237 -0.21230963 0.91226077 4287952557
-0.22399326 -0.2123867 0.91261029 4287952557
-0.21829981 -0.21250613 0.91312075 4287952557
-0.21262433 -0.21268159 0.91379911 4287952557
-0.20698909 -0.21289721 0.91464531 4287952557
-0.20138849 -0.21310176 0.91561097 4287952557
-0.19578177 -0.21333313 0.91665584 4287952557
-0.19017029 -0.21358475 0.91776276 4287952557
-0.18455912 -0.21385998 0.91893798 4287952557
-0.17895792 -0.21416374 0.92020351 4287952557
-0.173351 -0.21448019 0.92159432 4287952557
-0.16774985 -0.21482965 0.92312413 4287952557
-0.16215858 -0.21521862 0.92480493 4287952557
-0.15656061 -0.21563628 0.92661989 4287952557
-0.15096872 -0.2160821 0.92852873 4287952557
-0.14534453 -0.2165419 0.93052679 4287952557
-0.13969323 -0.21702056 0.93261611 4287952557
-0.13404909 -0.21752174 0.93477452 4287952557
-0.1284419 -0.21805605 0.9370268 4287952557
-0.12277241 -0.21861912 0.93945509 4287952557
-0.11708238 -0.21922156 0.94205773 4287952557
-0.1113763 -0.21986762 0.94484401 4287952557
-0.10567018 -0.22055544 0.94780236 4287952557
-0.099982806 -0.22127923 0.95089644 4287952557
-0.094217665 -0.22204927 0.95421386 4287952557
-0.088502593 -0.22287361 0.95773864 4287952557
-0.082752302 -0.22375773 0.96152806 4287952557
-0.076892748 -0.22470319 0.96560407 4287952557
-0.0710425 -0.22570606 0.96991223 4287952557
-0.065209553 -0.22675967 0.97442925 4287952557
-0.059257053 -0.22786187 0.97916526 4287952557
-0.053352389 -0.22900386 0.98406935 4287952557
-0.047488824 -0.23019613 0.98920232 4287952557
-0.041318137 -0.23153564 0.99495822 4287952557
-0.035242092 -0.23294914 1.001045 4287952557
-0.029030163 -0.23449861 1.007702 4287952557
-0.022590684 -0.23621473 1.0150435 4287952557
-0.01625509 -0.23806784 1.023006 4287952557
-0.009742409 -0.24019417 1.032122 4287952557
-0.0031957095 -0.24250746 1.0420564 4287952557
0.0033160122 -0.24495247 1.0526204 4287952557
-0.43516546 -0.22221458 0.98182231 4287952557
-0.42561331 -0.22049724 0.97424805 4287952557
-0.41636074 -0.21891665 0.96725738 4287952557
-0.40748715 -0.21753828 0.96112794 4287952557
-0.39916286 -0.21635588 0.955899 4287952557
-0.39109868 -0.21526982 0.95110047 4287952557
-0.38328317 -0.2143078 0.94683802 4287952557
-0.37568152 -0.21347156 0.94310087 4287952557
-0.36843842 -0.21272822 0.93984085 4287952557
-0.3612867 -0.21204118 0.93680775 4287952557
-0.35423213 -0.21138881 0.93392754 4287952557
-0.34734067 -0.21078809 0.93130016 4287952557
-0.34040472 -0.21027011 0.92891091 4287952557
-0.33389977 -0.20979357 0.92691636 4287952557
-0.32743001 -0.20935874 0.92508119 4287952557
-0.32094461 -0.20896037 0.92334855 4287952557
-0.31444728 -0.20861018 0.92173976 4287952557
-0.30798739 -0.20829703 0.92024994 4287952557
-0.30182675 -0.20797111 0.91898012 4287952557
-0.29563949 -0.20769599 0.91783547 4287952557
-0.28943297 -0.20748195 0.91683847 4287952557
-0.28323123 -0.20732218 0.91598195 4287952557
-0.2772668 -0.20713048 0.91528904 4287952557
-0.27128792 -0.20698667 0.91471869 4287952557
-0.26530278 -0.20689827 0.91428703 4287952557
-0.25932258 -0.2068664 0.91399747 4287952557
-0.25350103 -0.2068111 0.91386682 4287952557
-0.24769931 -0.20678353 0.91384882 4287952557
-0.24188796 -0.20679656 0.91392267 4287952557
-0.23607849 -0.20684293 0.91407746 4287952557
-0.23027587 -0.20692062 0.9143064 4287952557
-0.22453789 -0.20699009 0.91465807 4287952557
-0.21882321 -0.20710719 0.91517067 4287952557
-0.21313179 -0.20728035 0.91584736 4287952557
-0.20747651 -0.2074775 0.91667819 4287952557
-0.20184346 -0.20768277 0.91763026 4287952557
-0.19620895 -0.20791481 0.91864806 4287952557
-0.19057313 -0.20816414 0.91971701 4287952557
-0.18494087 -0.20843594 0.92085379 4287952557
-0.17931373 -0.20872492 0.92207026 4287952557
-0.173695 -0.2090334 0.9234187 4287952557
-0.16808453 -0.20937072 0.92492205 4287952557
-0.16247518 -0.20973615 0.92657262 4287952557
-0.15687954 -0.21014462 0.92834836 4287952557
-0.15130247 -0.21059267 0.9302336 4287952557
-0.14569515 -0.21104342 0.93219972 4287952557
-0.14005658 -0.21150127 0.93426186 4287952557
-0.13439633 -0.2119768 0.93641555 4287952557
-0.12873435 -0.21248488 0.93867493 4287952557
-0.123053 -0.21302423 0.94109923 4287952557
-0.11739096 -0.21361202 0.94367838 4287952557
-0.1116531 -0.21422748 0.9464817 4287952557
-0.10592703 -0.21488945 0.94943553 4287952557
-0.10022905 -0.21559572 0.95252025 4287952557
-0.094453201 -0.21634221 0.95585477 4287952557
-0.088631615 -0.21713834 0.95942694 4287952557
-0.082852669 -0.21799713 0.9632017 4287952557
-0.076992288 -0.2189084 0.96725178 4287952557
-0.071126796 -0.21986948 0.97149873 4287952557
-0.065241359 -0.22088766 0.97598463 4287952557
-0.059258886 -0.22195582 0.98071742 4287952557
-0.05328567 -0.2230721 0.98563659 4287952557
-0.047308046 -0.22425503 0.99083292 4287952557
0.14109898 -0.016477611 0.95013469 4294901760
0.14550477 -0.014743956 0.92892462 4294901760
0.14683326 -0.014089342 0.90112674 4282643381
0.15158042 -0.013706103 0.89675474 4282643381
0.15695237 -0.014086035 0.89518732 4282643381
0.16250493 -0.014305653 0.89431125 4282643381
0.16814278 -0.014392667 0.89388704 4282643381
0.17381592 -0.014375091 0.89371794 4282643381
0.1794882 -0.014299641 0.89364582 4282643381
0.18514685 -0.014291042 0.8934592 4282643381
0.19080207 -0.014296577 0.89324808 4282643381
0.19645242 -0.014303518 0.89301986 4282643381
0.20209824 -0.014283576 0.8928265 4282643381
0.2077494 -0.014318209 0.8925367 4282643381
0.21347128 -0.014260035 0.89279068 4282643381
0.2192747 -0.014211852 0.89340341 4282643381
0.2248399 -0.013694594 0.89490122 4282643381
0.23258436 -0.014395982 0.90054017 4282643381
-0.73431301 -0.0086194603 0.93316877 4291520081
-0.72700465 -0.0087105213 0.93120068 4291520081
-0.72065067 -0.0088700857 0.93035161 4291520081
-0.71453178 -0.0089162299 0.93002129 4291520081
-0.70840973 -0.0089155054 0.92976701 4291520081
-0.70229065 -0.0089049395 0.9295283 4291520081
-0.69617611 -0.0089115677 0.929263 4291520081
-0.69006473 -0.0089479545 0.92895174 4291520081
-0.68390179 -0.0092118261 0.92829764 4291520081
-0.67776018 -0.009164257 0.92811912 4291520081
-0.67186624 -0.0091446145 0.92828649 4291520081
-0.66676307 -0.0087094633 0.92964721 4291520081
-0.66267622 -0.0086745378 0.93204468 4291520081
-0.65966523 -0.0086715696 0.93590415 4291520081
-0.65728903 -0.0092946263 0.94237483 4291520081
-0.65728456 -0.0091226604 0.95039815 4291520081
-0.65776968 -0.0091289198 0.95935619 4291520081
-0.65822494 -0.0091683092 0.96884698 4291520081
-0.65681922 -0.0097259767 0.97746789 4291520081
-0.65392745 -0.010103124 0.9819473 4294901760
-0.64958656 -0.0092880465 0.98439687 4286097756
-0.64385694 -0.0087135648 0.98553097 4287952557
-0.63750297 -0.0090150777 0.98548669 4287952557
-0.63136464 -0.0092480229 0.98555851 4287952557
-0.62523061 -0.0094918795 0.9854933 4287952557
-0.61879814 -0.0093965949 0.98538285 4287952557
-0.61238086 -0.009362937 0.98521137 4287952557
-0.60600603 -0.0093837092 0.98502791 4287952557
-0.59963328 -0.0093892757 0.98486561 4287952557
-0.59330386 -0.0094211129 0.98473376 4287952557
-0.58693463 -0.0094337249 0.98456001 4287952557
-0.58045375 -0.0093906727 0.98427516 4287952557
-0.57396424 -0.0093740718 0.98392886 4287952557
-0.56747758 -0.0093686813 0.98356181 4287952557
-0.56099617 -0.009367005 0.9831897 4287952557
-0.55451953 -0.0093642408 0.98281932 4287952557
-0.54804796 -0.0093629789 0.98244691 4287952557
-0.54158169 -0.00936634 0.98206812 4287952557
-0.53512049 -0.0093715591 0.98168689 4287952557
-0.52866185 -0.009372768 0.9813081 4287952557
-0.52220523 -0.0093683777 0.98093319 4287952557
-0.51575804 -0.009364021 0.9805671 4287952557
-0.50932634 -0.0093640639 0.98021513 4287952557
-0.50289893 -0.0093611805 0.97986764 4287952557
-0.49647608 -0.0093573174 0.97952187 4287952557
-0.49005774 -0.0093542654 0.97917515 4287952557
-0.48364404 -0.0093518067 0.97882783 4287952557
-0.47723499 -0.0093513718 0.97847795 4287952557
-0.47083035 -0.0093495129 0.97813022 4287952557
-0.46443146 -0.0093444111 0.97779065 4287952557
-0.45803809 -0.0093375472 0.97745651 4287952557
-0.45164952 -0.0093363849 0.97711414 4287952557
-0.44526455 -0.0093450788 0.97675353 4287952557
-0.43883109 -0.0093180733 0.97633362 4287952557
-0.43240449 -0.0093022473 0.97589773 4287952557
-0.42598435 -0.0092917969 0.97545439 4287952557
-0.41956982 -0.0092782853 0.97501612 4287952557
-0.41316059 -0.00925967 0.97458631 4287952557
-0.40675941 -0.0092487177 0.97414887 4287952557
-0.40036288 -0.0092226379 0.9737401 4287952557
-0.39391667 -0.0091768559 0.97323364 4287952557
-0.38750187 -0.0091128359 0.97286308 4287952557
-0.38109729 -0.0091159688 0.97239757 4287952557
-0.37474993 -0.0092482893 0.97167271 4287952557
-0.36825097 -0.0092780236 0.97076184 4287952557
-0.36155143 -0.0091554364 0.97003746 4294901760
-0.35482982 -0.0092360284 0.96840405 4294901760
-0.34748337 -0.0093886806 0.96613866 4294901760
-0.34035718 -0.0096621616 0.96426409 4294901760
-0.33327085 -0.010035985 0.96181923 4287952557
-0.32643473 -0.010151152 0.95962334 4287952557
-0.31981945 -0.0099133989 0.95765048 4287952557
-0.313198 -0.010064081 0.95617169 4287952557
-0.30674124 -0.010080659 0.95493859 4287952557
-0.30036849 -0.010052384 0.95381206 4287952557
-0.29397601 -0.010000187 0.95271045 4287952557
-0.2876426 -0.010027982 0.95172369 4287952557
-0.28143761 -0.0097695319 0.95097196 4287952557
-0.27525949 -0.0097013041 0.95027208 4287952557
-0.26907876 -0.0096567431 0.94963312 4287952557
-0.26289701 -0.0096550267 0.94907653 4287952557
-0.25673902 -0.0097063556 0.94878399 4287952557
-0.25058976 -0.0098108361 0.94858861 4287952557
-0.24461441 -0.0097280927 0.94864076 4287952557
-0.2386317 -0.0097766481 0.94876528 4287952557
-0.23266324 -0.0097970599 0.94893086 4287952557
-0.2266807 -0.0098258732 0.94914418 4287952557
-0.22073191 -0.0098523619 0.949444 4287952557
-0.21476442 -0.0098936986 0.94976807 4287952557
-0.20880643 -0.0099781966 0.95018107 4287952557
-0.20286961 -0.010073169 0.95072323 4287952557
-0.19699579 -0.010057125 0.95137793 4287952557
-0.1911049 -0.0099996403 0.95211971 4287952557
-0.18527976 -0.010160924 0.95314914 4287952557
-0.1793085 -0.010097858 0.95416945 4287952557
-0.17340112 -0.0098252902 0.95560968 4287952557
-0.16761073 -0.009424448 0.95734161 4287952557
-0.16173074 -0.0091378391 0.95838451 4287952557
-0.15595742 -0.0092229247 0.9590649 4294901760
-0.14999326 -0.0094666816 0.95983535 4287952557
-0.14388002 -0.0092853531 0.96019512 4287952557
-0.13775826 -0.0090742111 0.96040469 4287952557
-0.13160521 -0.0089786295 0.96034557 4287952557
-0.1254532 -0.009013949 0.96011436 4287952557
-0.1192786 -0.0090362672 0.95966768 4287952557
-0.1131361 -0.0091191959 0.95930094 4287952557
-0.10699844 -0.0091761593 0.95898211 4287952557
-0.10086112 -0.0091843707 0.95874012 4287952557
-0.094725989 -0.0091818804 0.95851469 4287952557
-0.088593669 -0.0091775814 0.95829231 4287952557
-0.082464255 -0.0091729984 0.95807046 4287952557
-0.07633654 -0.0091636712 0.95784414 4287952557
-0.070210814 -0.0091531491 0.95760661 4287952557
-0.064088702 -0.0091497516 0.95735818 4287952557
-0.057967514 -0.0091391988 0.95709044 4287952557
-0.05184982 -0.0091324737 0.95681119 4287952557
-0.045736071 -0.0091301585 0.9565255 4287952557
-0.039626054 -0.0091289198 0.95623827 4287952557
-0.03351954 -0.0091254078 0.95595467 4287952557
-0.027416568 -0.0091204913 0.9556734 4287952557
-0.021317145 -0.0091143325 0.95539421 4287952557
-0.015221273 -0.0091070747 0.95511675 4287952557
-0.0091290083 -0.0090995384 0.95484 4287952557
-0.0030409554 -0.0091000907 0.95456815 4287952557
0.0030436029 -0.0091027804 0.95429784 4287952557
0.009124781 -0.0091054281 0.95402765 4287952557
0.015203079 -0.0090941144 0.95374918 4287952557
0.021277631 -0.0090838503 0.95347077 4287952557
0.027348423 -0.0090785986 0.95319432 4287952557
0.033415593 -0.0090743285 0.9529165 4287952557
0.039479114 -0.0090712029 0.95263714 4287952557
0.045538984 -0.0090693561 0.95235604 4287952557
0.051595256 -0.009068069 0.95207429 4287952557
0.057647996 -0.0090662241 0.95179337 4287952557
0.063697264 -0.0090632541 0.95151436 4287952557
0.069743082 -0.0090590334 0.95123732 4287952557
0.075785413 -0.0090537472 0.95096195 4287952557
0.081824236 -0.0090480335 0.95068735 4287952557
0.087859534 -0.0090423217 0.95041287 4287952557
0.093891442 -0.0090359673 0.95013952 4287952557
0.099919356 -0.0090364115 0.94985598 4287952557
0.10594285 -0.0090510268 0.94955397 4287952557
0.11195897 -0.0090675848 0.94921911 4287952557
0.11795633 -0.0090203444 0.94881177 4287952557
0.12406355 -0.0086017856 0.94891149 4287952557
0.1301873 -0.0085815713 0.94856298 4287952557
0.13575387 -0.0093089603 0.94717842 4294901760
0.14048682 -0.010147515 0.94551545 4294901760
0.14650391 -0.0086748563 0.92891908 4294901760
0.1459914 -0.0086931624 0.89812851 4282643381
0.15110238 -0.0079291388 0.89375669 4282643381
0.15639867 -0.0082821716 0.89199978 4282643381
0.16191547 -0.0085474541 0.89107823 4282643381
0.16752473 -0.0086110644 0.89063776 4282643381
0.17317457 -0.0085955756 0.89046925 4282643381
0.17882435 -0.0085172327 0.89041132 4282643381
0.18446161 -0.0085065253 0.89023286 4282643381
0.19009526 -0.0085142888 0.8900212 4282643381
0.19572672 -0.0085227545 0.88980818 4282643381
0.20135665 -0.008536228 0.88958627 4282643381
0.20698412 -0.0085361665 0.88938016 4282643381
0.21270645 -0.0086004967 0.88938957 4282643381
0.21844207 -0.0084605627 0.89009464 4282643381
0.22409979 -0.0080924835 0.8915357 4282643381
0.23153876 -0.0086206328 0.89646018 4282643381
-0.73066682 -0.0028028879 0.92827278 4291520081
-0.72375137 -0.0028282069 0.92691422 4291520081
-0.71761793 -0.0029426401 0.9264071 4291520081
-0.71150833 -0.0029789673 0.92607611 4291520081
-0.7053954 -0.0029648549 0.92582655 4291520081
-0.69928652 -0.0029471675 0.92558289 4291520081
-0.69318384 -0.0029690245 0.92527592 4291520081
-0.6870811 -0.0030406665 0.92488903 4291520081
-0.68089586 -0.0032907741 0.92422354 4291520081
-0.67484182 -0.003060838 0.92431307 4291520081
-0.66942459 -0.0030530824 0.9250316 4291520081
-0.66473794 -0.0026915723 0.92674208 4291520081
-0.66122586 -0.002626772 0.92981547 4291520081
-0.65857744 -0.0029686478 0.93477219 4291520081
-0.65684998 -0.0032353059 0.94193071 4291520081
-0.65785068 -0.0029764061 0.95054507 4291520081
-0.65816492 -0.0029880647 0.95975035 4291520081
-0.65800607 -0.0030920596 0.96908557 4291520081
-0.65564746 -0.0038680662 0.97602224 4294901760
-0.65217769 -0.0033635744 0.97900301 4286097756
-0.647021 -0.002840823 0.98060626 4294901760
-0.64091831 -0.0026671027 0.98106307 4287952557
-0.63468784 -0.0027984444 0.98114914 4287952557
-0.62853986 -0.0030924806 0.98098832 4287952557
-0.62227803 -0.0030906212 0.98098093 4287952557
-0.61588627 -0.0030275083 0.98085475 4287952557
-0.6094963 -0.0030005621 0.98067611 4287952557
-0.60313374 -0.0029917641 0.98051035 4287952557
-0.59691423 -0.0030684501 0.98044509 4287952557
-0.59069544 -0.003148403 0.98037392 4287952557
-0.58430922 -0.0031295014 0.98017478 4287952557
-0.57785892 -0.003097235 0.97988409 4287952557
-0.57139766 -0.0030795441 0.97954476 4287952557
-0.56494176 -0.0030705326 0.97919273 4287952557
-0.55849087 -0.0030661814 0.97883368 4287952557
-0.55204535 -0.0030656424 0.97846919 4287952557
-0.54560477 -0.0030678662 0.97810072 4287952557
-0.53916997 -0.0030799613 0.97771692 4287952557
-0.53274018 -0.0030936468 0.97733104 4287952557
-0.5263114 -0.0031020872 0.97694719 4287952557
-0.51985818 -0.0030830121 0.97655529 4287952557
-0.51344365 -0.0030845513 0.97619188 4287952557
-0.50704122 -0.003087779 0.97584021 4287952557
-0.50064075 -0.0030861781 0.97549206 4287952557
-0.49424312 -0.0030818356 0.97514534 4287952557
-0.48785013 -0.0030790132 0.97479635 4287952557
-0.48146182 -0.003076632 0.97444713 4287952557
-0.47507802 -0.0030723757 0.97410113 4287952557
-0.46869841 -0.0030639493 0.97376174 4287952557
-0.46232274 -0.0030470099 0.973436 4287952557
-0.4559513 -0.0030273665 0.97311509 4287952557
-0.44958442 -0.0030118208 0.9727881 4287952557
-0.44326109 -0.0030412928 0.97246844 4287952557
-0.43688715 -0.0030342566 0.97209185 4287952557
-0.43051457 -0.003034017 0.97169495 4287952557
-0.42414793 -0.0030393114 0.97128969 4287952557
-0.41778636 -0.0030434334 0.97088647 4287952557
-0.41142958 -0.0030445857 0.97048837 4287952557
-0.40507844 -0.003050803 0.97008228 4287952557
-0.398734 -0.0030689931 0.96965706 4287952557
-0.39235887 -0.0030447238 0.96922648 4287952557
-0.38596827 -0.0029838744 0.96882635 4287952557
-0.37960559 -0.0030428118 0.96822321 4287952557
-0.37323955 -0.003035323 0.96774036 4287952557
-0.36690718 -0.0028410151 0.9678725 4294901760
-0.36053073 -0.0026898144 0.96794146 4294901760
-0.35415569 -0.0028943438 0.96784967 4294901760
-0.34828162 -0.0032470317 0.96779352 4294901760
-0.34236094 -0.0035297927 0.96859628 4294901760
-0.33599213 -0.0039585731 0.96844387 4294901760
-0.32952133 -0.0039092619 0.9675433 4294901760
-0.32330304 -0.0036273671 0.96695119 4294901760
-0.31720304 -0.0033542421 0.96659154 4294901760
-0.31113306 -0.003177478 0.96651196 4294901760
-0.3050026 -0.0030379174 0.96636921 4294901760
-0.29876506 -0.0031137271 0.96624398 4294901760
-0.29253888 -0.0031361403 0.96605432 4294901760
-0.28630641 -0.0032731011 0.96597779 4294901760
-0.28007764 -0.0033759922 0.96585834 4294901760
-0.27387276 -0.0033412341 0.96563351 4294901760
-0.26767164 -0.0032892807 0.96539587 4294901760
-0.26147369 -0.0032186934 0.96514261 4294901760
-0.2552596 -0.0031588499 0.9648366 4294901760
-0.24894316 -0.0032531256 0.96430349 4294901760
-0.24266037 -0.0033197228 0.96383625 4294901760
-0.23643523 -0.0031932567 0.96335638 4294901760
-0.23021106 -0.0030325043 0.9628365 4294901760
-0.22398752 -0.0029489491 0.96238595 4294901760
-0.21776816 -0.0031424316 0.96222985 4294901760
-0.21164382 -0.0029835375 0.96210563 4294901760
-0.20551796 -0.0029168404 0.9620865 4294901760
-0.19937532 -0.0028323468 0.961963 4294901760
-0.19321436 -0.0028031578 0.9618305 4294901760
-0.18701789 -0.0030453003 0.961725 4294901760
-0.18076965 -0.0033992778 0.96164584 4294901760
-0.17458794 -0.0031481693 0.96106333 4294901760
-0.16828692 -0.0030528225 0.9597851 4294901760
-0.16198762 -0.0030455762 0.95813107 4294901760
-0.15552433 -0.0029051206 0.95751792 4294901760
-0.14944372 -0.0028858681 0.95710534 4287952557
-0.14330961 -0.0028934209 0.95680112 4287952557
-0.1371799 -0.0028587894 0.95659494 4287952557
-0.13104156 -0.0028743674 0.95630109 4287952557
-0.12491297 -0.0029538795 0.95590776 4287952557
-0.11879259 -0.0030086921 0.95558071 4287952557
-0.11267469 -0.0030330194 0.95530677 4287952557
-0.10655849 -0.0030362362 0.95506805 4287952557
-0.10044502 -0.0030358681 0.95483524 4287952557
-0.094334282 -0.0030316669 0.95460892 4287952557
-0.088226691 -0.0030304007 0.95437783 4287952557
-0.082122147 -0.0030309113 0.95414388 4287952557
-0.07602068 -0.003033082 0.95390737 4287952557
-0.069921538 -0.0030343458 0.95366442 4287952557
-0.063820906 -0.0030185983 0.95339847 4287952557
-0.057723839 -0.0030070166 0.9531197 4287952557
-0.051633004 -0.0030117987 0.95283818 4287952557
-0.045545943 -0.0030199329 0.95255154 4287952557
-0.039462384 -0.0030279134 0.95226532 4287952557
-0.033382148 -0.0030337924 0.95198268 4287952557
-0.027305266 -0.0030382799 0.95170242 4287952557
-0.021231782 -0.0030419347 0.95142365 4287952557
-0.015161673 -0.0030444309 0.95114696 4287952557
-0.0090949237 -0.0030456751 0.9508723 4287952557
-0.0030315085 -0.0030452339 0.95060068 4287952557
0.0030286082 -0.003042649 0.9503324 4287952557
0.0090853926 -0.0030383363 0.95006722 4287952557
0.01513849 -0.0030425526 0.949812 4287952557
0.021188419 -0.0030503499 0.94956166 4287952557
0.027235346 -0.0030579986 0.94931155 4287952557
0.03327905 -0.0030499238 0.94904846 4287952557
0.039319012 -0.003042781 0.94878012 4287952557
0.045355286 -0.0030374294 0.94850922 4287952557
0.051387995 -0.0030326392 0.94823766 4287952557
0.057417203 -0.0030273709 0.94796699 4287952557
0.063442811 -0.0030232891 0.94769466 4287952557
0.069464736 -0.0030214165 0.94741881 4287952557
0.07548292 -0.0030223369 0.94713873 4287952557
0.081497349 -0.0030262363 0.946854 4287952557
0.08750812 -0.0030318769 0.94656682 4287952557
0.093515418 -0.0030357575 0.94628257 4287952557
0.099517882 -0.0030446439 0.94598258 4287952557
0.105512 -0.0030448895 0.94564772 4287952557
0.11149862 -0.0030518465 0.94528049 4287952557
0.11747085 -0.0030269502 0.94485724 4287952557
0.12351756 -0.002734584 0.94483584 4287952557
0.12946132 -0.0028557861 0.94418073 4287952557
0.13513675 -0.0032889545 0.94300705 4294901760
0.1398669 -0.0043976698 0.94060892 4294901760
0.1468941 -0.0024735588 0.92886674 4294901760
0.14557426 -0.0030337167 0.89580715 4282643381
0.15065737 -0.0021774254 0.89087558 4282643381
0.15587537 -0.0024831148 0.88896042 4282643381
0.1613488 -0.0028103578 0.88797086 4282643381
0.16693164 -0.0029148976 0.8874945 4282643381
0.17256261 -0.002892883 0.88733858 4282643381
0.1781949 -0.0028146897 0.8872996 4282643381
0.18381438 -0.0028095827 0.8871268 4282643381
0.18943055 -0.0028221244 0.88692135 4282643381
0.19504486 -0.0028330139 0.88671905 4282643381
0.20065759 -0.002849522 0.8865062 4282643381
0.2062698 -0.0028508396 0.88632172 4282643381
0.21194156 -0.0028927105 0.88626373 4282643381
0.21759067 -0.0026930147 0.88690317 4282643381
0.22333984 -0.0024193672 0.88839853 4282643381
0.2305235 -0.0028577119 0.89270604 4282643381
-0.73469698 0.0031492959 0.92600822 4291520081
-0.72730839 0.003070497 0.92395085 4291520081
-0.72097051 0.0029189733 0.92307067 4291520081
-0.71482611 0.0028620192 0.92263407 4291520081
-0.70867652 0.0028935061 0.92235166 4291520081
-0.70258921 0.0028990395 0.92209399 4291520081
-0.6965068 0.002887205 0.92180723 4291520081
-0.69042736 0.002843587 0.9214673 4291520081
-0.68430251 0.0026363865 0.92085552 4291520081
-0.67817217 0.0025954917 0.92053413 4291520081
-0.67238629 0.0026632296 0.92083639 4291520081
-0.6672402 0.002979944 0.92208332 4291520081
-0.6630795 0.0032169824 0.92430729 4291520081
-0.65994126 0.0030926063 0.92813557 4291520081
-0.65759265 0.0028004136 0.93398893 4291520081
-0.65726328 0.0029127318 0.94213289 4291520081
-0.65783334 0.0030563201 0.95074069 4291520081
-0.65859538 0.0031715233 0.96018445 4291520081
-0.65726018 0.0027430688 0.96889067 4291520081
-0.65426874 0.0024597247 0.97331315 4294901760
-0.650105 0.0030596647 0.97576004 4286097756
-0.64447111 0.0036015045 0.97691453 4287952557
-0.6381759 0.0034584049 0.97690159 4287952557
-0.6321069 0.0032616227 0.97698414 4287952557
-0.62608194 0.0030137422 0.97695553 4287952557
-0.61975819 0.0030715473 0.97689086 4287952557
-0.61340362 0.0031108682 0.97675109 4287952557
-0.6070413 0.003139535 0.97658074 4287952557
-0.60075235 0.0031264001 0.97645843 4287952557
-0.59455818 0.0030613099 0.97640419 4287952557
-0.58830345 0.0030302589 0.97630471 4287952557
-0.58190942 0.0030732728 0.97609264 4287952557
-0.57552004 0.0030873488 0.97583598 4287952557
-0.56913567 0.0030794761 0.97554457 4287952557
-0.56274033 0.0030731983 0.97523057 4287952557
-0.556315 0.0030864787 0.97489226 4287952557
-0.54989564 0.0030855576 0.97453153 4287952557
-0.54345512 0.0030910065 0.97413653 4287952557
-0.53701401 0.0030936922 0.97372627 4287952557
-0.53057837 0.0030966084 0.97331685 4287952557
-0.52414793 0.0031027093 0.97291291 4287952557
-0.5177446 0.0030977766 0.97252977 4287952557
-0.51136512 0.0030841257 0.97216678 4287952557
-0.50498956 0.0030759266 0.97181296 4287952557
-0.49861819 0.0030711542 0.97146505 4287952557
-0.49225101 0.0030689863 0.97112167 4287952557
-0.48588818 0.0030684846 0.97078109 4287952557
-0.47952953 0.0030719296 0.97044724 4287952557
-0.47317445 0.0030814128 0.97012252 4287952557
-0.46682012 0.0031009547 0.96980864 4287952557
-0.46050572 0.0030981388 0.96952873 4287952557
-0.45421043 0.0030817559 0.96925694 4287952557
-0.44791904 0.0030587558 0.96897405 4287952557
-0.44159958 0.0030512405 0.96865141 4287952557
-0.43525159 0.0030590596 0.96828568 4287952557
-0.4289096 0.0030569134 0.96790379 4287952557
-0.42257196 0.0030513525 0.96751434 4287952557
-0.41623434 0.0030509625 0.96712357 4287952557
-0.4099015 0.003053725 0.96673822 4287952557
-0.40357468 0.0030493434 0.96634126 4287952557
-0.39725432 0.0030326738 0.96592337 4287952557
-0.39091775 0.0030287919 0.96547902 4287952557
-0.38455832 0.0030617018 0.96503776 4287952557
-0.3782129 0.0029990212 0.9644258 4287952557
-0.37191206 0.0029776841 0.96400601 4287952557
-0.36566684 0.0031125105 0.96399206 4287952557
-0.35962194 0.0035996791 0.96505255 4294901760
-0.35398889 0.0036001049 0.96657735 4294901760
-0.34943211 0.003127422 0.96923971 4294901760
-0.34461439 0.0041282354 0.97309071 4294901760
-0.3397449 0.0045888838 0.9757542 4294901760
-0.33396396 0.0040873019 0.97768724 4294901760
-0.32788733 0.0040859221 0.97777116 4294901760
-0.32165274 0.0040732147 0.97760147 4294901760
-0.31527865 0.0038555311 0.9776507 4294901760
-0.30890208 0.0037958997 0.97732973 4294901760
-0.3025679 0.0037379079 0.97702646 4294901760
-0.29622263 0.0037313723 0.97670901 4294901760
-0.28988227 0.0037281713 0.97638303 4294901760
-0.28356731 0.0035990544 0.97578651 4294901760
-0.27726638 0.0035038395 0.97504377 4294901760
-0.27093947 0.003494906 0.97471249 4294901760
-0.26461503 0.0034872408 0.97438031 4294901760
-0.25829384 0.0034836167 0.97403628 4294901760
-0.25197545 0.0034834465 0.97368777 4294901760
-0.24565898 0.0034839348 0.973351 4294901760
-0.23933077 0.0035535786 0.97342533 4294901760
-0.23307168 0.0036358165 0.97333503 4294901760
-0.22680168 0.0037224994 0.97320116 4294901760
-0.22054651 0.003728115 0.97302347 4294901760
-0.21431088 0.0037755335 0.97288787 4294901760
-0.20806074 0.0037425996 0.97277045 4294901760
-0.20181616 0.0037134937 0.97265673 4294901760
-0.19559588 0.003756512 0.97251546 4294901760
-0.18943413 0.0041042827 0.97187734 4294901760
-0.18325332 0.0040453603 0.97185975 4294901760
-0.17732824 0.0042320872 0.97147816 4294901760
-0.17180258 0.0050455742 0.96986961 4294901760
-0.16769718 0.0044731447 0.96512562 4294901760
-0.15488522 0.0033776641 0.95469189 4287952557
-0.14889684 0.0032663117 0.95377821 4287952557
-0.14276075 0.0031395608 0.9530977 4287952557
-0.13665636 0.0031220815 0.95281738 4287952557
-0.13055353 0.0030466821 0.95243835 4287952557
-0.12445323 0.0030119927 0.95214605 4287952557
-0.11835416 0.0030050131 0.95190465 4287952557
-0.11225782 0.0030013963 0.95166916 4287952557
-0.10616435 0.0029985334 0.95143497 4287952557
-0.10007342 0.0029983444 0.95120358 4287952557
-0.093984462 0.0030023141 0.9509722 4287952557
-0.08789888 0.0030024152 0.95073438 4287952557
-0.081816487 0.0030012617 0.95049459 4287952557
-0.07573726 0.0029985795 0.95025212 4287952557
-0.069661386 0.0029923946 0.9500041 4287952557
-0.063587897 0.0029858362 0.94974458 4287952557
-0.057512719 0.0029977141 0.94945955 4287952557
-0.051441893 0.0030033968 0.94916427 4287952557
-0.045375243 0.0030054976 0.94886309 4287952557
-0.039312497 0.0030074578 0.94856185 4287952557
-0.033253551 0.0030104201 0.94826239 4287952557
-0.027198404 0.0030150565 0.94796592 4287952557
-0.021147104 0.0030208563 0.94767255 4287952557
-0.015101307 0.003013215 0.94739199 4287952557
-0.0090587568 0.003007873 0.94711536 4287952557
-0.0030194218 0.003005296 0.94684362 4287952557
0.0030166998 0.0030055768 0.94657671 4287952557
0.0090496363 0.0030092227 0.94631565 4287952557
0.015078857 0.0030015863 0.94606888 4287952557
0.021105254 0.0029962158 0.94582623 4287952557
0.027128758 0.0029922246 0.94558609 4287952557
0.03314925 0.0029880444 0.94534564 4287952557
0.039166585 0.0029818567 0.94510221 4287952557
0.045180827 0.0029742981 0.94485641 4287952557
0.051191512 0.002974936 0.94460386 4287952557
0.057198167 0.0029817342 0.94434112 4287952557
0.063200742 0.0029814136 0.9440667 4287952557
0.069199368 0.0029751707 0.94378245 4287952557
0.075193919 0.0029623115 0.94348741 4287952557
0.081184566 0.0029449195 0.94318533 4287952557
0.087169312 0.0029451486 0.94287068 4287952557
0.093149193 0.0029507836 0.9425512 4287952557
0.099124439 0.0029534195 0.94222689 4287952557
0.10509422 0.0029439742 0.94188285 4287952557
0.11105683 0.0029246521 0.941508 4287952557
0.11700499 0.0029375525 0.94107568 4287952557
0.12300149 0.0031765287 0.94099241 4287952557
0.12891109 0.0030678303 0.94034505 4287952557
0.13460617 0.0026617632 0.93916839 4287952557
0.13958818 0.0015212062 0.93668592 4287952557
0.14507647 0.0030783769 0.92765373 4294901760
0.14520095 0.0026670867 0.89362997 4282643381
0.15024626 0.0035547314 0.88814247 4282643381
0.1553819 0.0031761432 0.88607341 4282643381
0.16081239 0.0027935521 0.88501298 4282643381
0.16637619 0.0026601336 0.88450658 4282643381
0.17199473 0.0026913276 0.88435197 4282643381
0.17760965 0.0027959237 0.88433075 4282643381
0.18320864 0.0028041676 0.88415241 4282643381
0.18880689 0.0027917197 0.88394964 4282643381
0.19440345 0.002779162 0.88374692 4282643381
0.19999923 0.0027545798 0.88352102 4282643381
0.20559365 0.0027721061 0.88337612 4282643381
0.21125591 0.0027159918 0.88330758 4282643381
0.21690105 0.002877872 0.8838504 4282643381
0.22254646 0.0032153269 0.88519883 4282643381
0.22951031 0.0028696577 0.88901061 4282643381
-0.73129159 0.0089398855 0.92157316 4291520081
-0.72427899 0.0089028087 0.92006725 4291520081
-0.71819079 0.0087191705 0.9194051 4291520081
-0.71206039 0.00870384 0.91904414 4291520081
-0.70593035 0.0087414403 0.91877556 4291520081
-0.69980973 0.008761677 0.91847652 4291520081
-0.69374478 0.0087370947 0.9181608 4291520081
-0.6876843 0.0086424937 0.91773272 4291520081
-0.68160337 0.008456355 0.91720825 4291520081
-0.67563027 0.0085843941 0.91726142 4291520081
-0.67011911 0.0084766541 0.91777378 4291520081
-0.66531789 0.0090024043 0.91942215 4291520081
-0.6617614 0.0092539713 0.92220104 4291520081
-0.65887558 0.008771359 0.92706716 4291520081
-0.65703696 0.0087040626 0.933716 4291520081
-0.65787083 0.0090149445 0.9422968 4291520081
-0.65821421 0.0091387378 0.95112467 4291520081
-0.65835994 0.0092150997 0.96039629 4291520081
-0.65621591 0.0085851317 0.96760356 4294901760
-0.65271938 0.008970364 0.97054547 4286097756
-0.64777672 0.0095806876 0.97238559 4294901760
-0.64184612 0.0098212818 0.97309482 4287952557
-0.63566077 0.009527782 0.97298563 4287952557
-0.62966597 0.0092603862 0.97294796 4287952557
-0.62354356 0.0092036892 0.97298032 4287952557
-0.61724484 0.0092545608 0.97291243 4287952557
-0.61094058 0.0092732804 0.97278374 4287952557
-0.6046046 0.0093053086 0.97262484 4287952557
-0.59838617 0.0092653334 0.97252989 4287952557
-0.59221834 0.0092021544 0.97247505 4287952557
-0.58589411 0.0092335213 0.9723264 4287952557
-0.57952684 0.009275075 0.97212136 4287952557
-0.57316351 0.0092998492 0.97188926 4287952557
-0.56680703 0.0093076937 0.97163397 4287952557
-0.56052291 0.0092563406 0.97138822 4287952557
-0.5541724 0.0092393225 0.97108597 4287952557
-0.54774803 0.0092567904 0.97071278 4287952557
-0.54132503 0.0092620347 0.97031081 4287952557
-0.53490812 0.0092606433 0.96989781 4287952557
-0.52849621 0.0092631578 0.9694919 4287952557
-0.52209496 0.0092683602 0.96910089 4287952557
-0.51571149 0.0092669129 0.9687202 4287952557
-0.50935024 0.0092568547 0.96835566 4287952557
-0.50300384 0.009242977 0.96800327 4287952557
-0.49666134 0.0092332419 0.96765828 4287952557
-0.49032274 0.0092282528 0.96732169 4287952557
-0.48398808 0.0092279809 0.96699369 4287952557
-0.47765702 0.0092373192 0.96668226 4287952557
-0.47136435 0.0092268847 0.96640205 4287952557
-0.46508548 0.0092131551 0.96613705 4287952557
-0.45880964 0.009205047 0.965882 4287952557
-0.45253772 0.0091923866 0.96561962 4287952557
-0.44627005 0.0091690682 0.96533877 4287952557
-0.43994287 0.0091852611 0.96499956 4287952557
-0.43361953 0.0091894036 0.96463531 4287952557
-0.42730188 0.0091852667 0.96425676 4287952557
-0.42098936 0.0091787549 0.96387422 4287952557
-0.41468149 0.0091743134 0.96349537 4287952557
-0.40837798 0.0091709411 0.96311766 4287952557
-0.40207508 0.0091658011 0.96272629 4287952557
-0.39577794 0.0091543831 0.96232367 4287952557
-0.38947573 0.0091467015 0.96190459 4287952557
-0.38314056 0.0091773942 0.96147245 4287952557
-0.37685266 0.0090301186 0.96080822 4287952557
-0.37061584 0.009159727 0.96077079 4287952557
-0.36435193 0.0090906937 0.96036214 4287952557
-0.35853091 0.0095272539 0.96128815 4287952557
-0.35393769 0.010051079 0.96386153 4294901760
-0.34909448 0.0091181602 0.96960479 4294901760
-0.3441107 0.0089891553 0.97519696 4294901760
-0.34001842 0.0097488528 0.9787491 4294901760
-0.3344135 0.0095155546 0.98017591 4294901760
-0.32821885 0.009463205 0.9802677 4294901760
-0.32188344 0.0094546564 0.97991657 4294901760
-0.31556344 0.0094389413 0.97916502 4294901760
-0.30920577 0.0094316844 0.97883838 4294901760
-0.30285358 0.0094243987 0.97850519 4294901760
-0.29650655 0.0094180834 0.97816312 4294901760
-0.29016435 0.0094126519 0.97781438 4294901760
-0.28382617 0.0094077252 0.9774667 4294901760
-0.2774905 0.0094025498 0.97712505 4294901760
-0.2711587 0.009397639 0.97679055 4294901760
-0.26483142 0.0093938215 0.97645527 4294901760
-0.25850803 0.0093911383 0.97611231 4294901760
-0.25218821 0.0093888883 0.97577316 4294901760
-0.24590757 0.009395347 0.97545952 4294901760
-0.23961659 0.0093977228 0.97518003 4294901760
-0.23332573 0.0093966452 0.97493953 4294901760
-0.2270364 0.0093912352 0.97474319 4294901760
-0.22075097 0.0093816398 0.97457951 4294901760
-0.21449468 0.0093778661 0.97444761 4294901760
-0.20826447 0.0093807224 0.97434622 4294901760
-0.20202945 0.0093807243 0.9742524 4294901760
-0.19577317 0.009372781 0.97413588 4294901760
-0.18953295 0.0093746996 0.97420561 4294901760
-0.18328212 0.0093482165 0.97426963 4294901760
-0.17718558 0.0094384216 0.97393256 4294901760
-0.17213707 0.0097735487 0.9724316 4294901760
-0.15955603 0.0094685312 0.95326203 4294901760
-0.1544921 0.0091769183 0.95088637 4287952557
-0.14838971 0.0091612227 0.95020902 4287952557
-0.14227785 0.0091398135 0.94976258 4287952557
-0.1361689 0.0090919007 0.94926649 4287952557
-0.13006487 0.0091148727 0.94895238 4287952557
-0.12398545 0.0091059972 0.94870496 4287952557
-0.11790773 0.0091044633 0.94846773 4287952557
-0.1118331 0.0091015343 0.94822818 4287952557
-0.10576162 0.0090960143 0.94798368 4287952557
-0.099693172 0.0090911752 0.94774097 4287952557
-0.093627714 0.0090869972 0.94749969 4287952557
-0.087565154 0.0090842871 0.94726104 4287952557
-0.081505619 0.0090814522 0.94702238 4287952557
-0.07544931 0.0090759471 0.94677907 4287952557
-0.069396466 0.0090650693 0.94652635 4287952557
-0.06334725 0.0090474151 0.94626176 4287952557
-0.057297785 0.0090399291 0.94597548 4287952557
-0.051249854 0.0090388628 0.9456743 4287952557
-0.045206018 0.0090354225 0.94536918 4287952557
-0.039166067 0.0090319179 0.94506413 4287952557
-0.033129822 0.0090303887 0.94476277 4287952557
-0.027097313 0.0090306923 0.94446492 4287952557
-0.021068532 0.0090327598 0.9441703 4287952557
-0.015043466 0.0090368055 0.94387937 4287952557
-0.0090222331 0.009041761 0.94359201 4287952557
-0.0030052878 0.0090422537 0.94331348 4287952557
0.0030082292 0.009045396 0.94303989 4287952557
0.0090179713 0.0090447562 0.94277692 4287952557
0.015024109 0.0090349186 0.94252956 4287952557
0.021027751 0.0090334546 0.94228774 4287952557
0.027028434 0.0090342415 0.94205016 4287952557
0.033026133 0.0090363743 0.94181502 4287952557
0.039020721 0.0090380218 0.9415791 4287952557
0.045012288 0.0090398304 0.94134361 4287952557
0.051000521 0.0090389252 0.94110346 4287952557
0.05698524 0.0090314206 0.94085175 4287952557
0.062966041 0.0090145338 0.94058359 4287952557
0.068941429 0.0090031121 0.94028831 4287952557
0.074910186 0.0090055261 0.93996429 4287952557
0.080874391 0.0089999046 0.9396311 4287952557
0.086834207 0.0089922165 0.93929452 4287952557
0.092790097 0.0089870468 0.93896264 4287952557
0.098741703 0.0089806961 0.93862891 4287952557
0.10468818 0.0089660008 0.938281 4287952557
0.11062772 0.0089378087 0.93790138 4287952557
0.11655178 0.0089435307 0.93745941 4287952557
0.12250653 0.0091061573 0.93726879 4287952557
0.12839694 0.0090110926 0.93664032 4287952557
0.13413191 0.0086424351 0.93550688 4287952557
0.13942136 0.0077445228 0.93335807 4287952557
0.14474592 0.0088394638 0.92679691 4294901760
0.14486119 0.008355068 0.89166075 4282643381
0.14987822 0.0092491116 0.88544708 4282643381
0.1549056 0.0087996097 0.88326001 4282643381
0.16028427 0.0083846143 0.88211429 4282643381
0.1658324 0.0082442909 0.88161534 4282643381
0.1714382 0.0082706986 0.88145763 4282643381
0.17704129 0.0083832853 0.88146245 4282643381
0.18261889 0.0083996635 0.88128167 4282643381
0.18819228 0.0084036803 0.88107663 4282643381
0.19376774 0.0083990414 0.88087785 4282643381
0.19934531 0.0083603673 0.88062626 4282643381
0.20492378 0.0083888741 0.88052273 4282643381
0.21059096 0.0082748299 0.88038176 4282643381
0.21620895 0.0084347865 0.88086069 4282643381
0.22174273 0.00882864 0.88202733 4282643381
0.22851114 0.0085742157 0.88546848 4282643381
-0.73560989 0.014850654 0.919819 4291520081
-0.72785211 0.014843481 0.91747433 4291520081
-0.72149241 0.014684089 0.91647673 4291520081
-0.71540642 0.014595517 0.91598421 4291520081
-0.70931232 0.014591644 0.91565931 4291520081
-0.70322198 0.014594814 0.91534764 4291520081
-0.6971364 0.014599767 0.91503948 4291520081
-0.69105715 0.01457285 0.91467261 4291520081
-0.68501967 0.014396103 0.91411525 4291520081
-0.6789844 0.014288076 0.91375971 4291520081
-0.67335212 0.014404486 0.91421103 4291520081
-0.66805422 0.014444663 0.91507328 4291520081
-0.66382629 0.014858879 0.91725957 4291520081
-0.6606406 0.014926297 0.92065316 4291520081
-0.6580928 0.014618677 0.92627209 4291520081
-0.65705699 0.014746879 0.93377864 4291520081
-0.65808767 0.015048431 0.94235492 4291520081
-0.65903586 0.015314671 0.95163137 4291520081
-0.65800852 0.01519958 0.96042562 4291520081
-0.6550315 0.014581986 0.96546048 4294901760
-0.6508379 0.015322159 0.96759534 4286097756
-0.64545178 0.016007133 0.96906853 4287952557
-0.6392442 0.015814744 0.96913588 4287952557
-0.63320267 0.015569742 0.96911716 4287952557
-0.62726736 0.015319712 0.96910042 4287952557
-0.6210258 0.015393535 0.96912295 4287952557
-0.61475176 0.015438732 0.9690519 4287952557
-0.60847843 0.015456408 0.96893466 4287952557
-0.60218579 0.015484153 0.96880269 4287952557
-0.59603649 0.015424895 0.96874285 4287952557
-0.58984673 0.01539189 0.96866345 4287952557
-0.58350199 0.015449109 0.96849275 4287952557
-0.57722849 0.015446838 0.96832782 4287952557
-0.57096082 0.015432095 0.96814626 4287952557
-0.56469595 0.015410323 0.96795225 4287952557
-0.55843461 0.015373121 0.96773082 4287952557
-0.55207145 0.015381864 0.96741879 4287952557
-0.54567677 0.015392509 0.9670496 4287952557
-0.53928822 0.015389733 0.96665698 4287952557
-0.5328964 0.01538823 0.96625245 4287952557
-0.52651179 0.01539169 0.96586132 4287952557
-0.5201475 0.015389814 0.96548682 4287952557
-0.51378798 0.01539096 0.96511811 4287952557
-0.50743335 0.015394128 0.96475339 4287952557
-0.50108349 0.015399893 0.96439362 4287952557
-0.49474436 0.015405716 0.96404505 4287952557
-0.48843068 0.015402602 0.96371824 4287952557
-0.48214877 0.015387539 0.96342117 4287952557
-0.47588748 0.015369434 0.96315163 4287952557
-0.46962854 0.015360398 0.96289855 4287952557
-0.46337247 0.015354523 0.96265137 4287952557
-0.45711973 0.015346239 0.96239978 4287952557
-0.45087126 0.015327156 0.96212882 4287952557
-0.44459793 0.015319062 0.96182126 4287952557
-0.43829328 0.015326411 0.96147043 4287952557
-0.43199435 0.015324293 0.96110249 4287952557
-0.42570078 0.015317557 0.96072644 4287952557
-0.41941211 0.01531151 0.96035194 4287952557
-0.41312808 0.015307903 0.95998234 4287952557
-0.40684885 0.015304812 0.95961392 4287952557
-0.40057489 0.015297919 0.95923871 4287952557
-0.39430642 0.015284321 0.95885074 4287952557
-0.38803792 0.015272156 0.95845437 4287952557
-0.38175738 0.015289469 0.95808041 4287952557
-0.37554154 0.015141028 0.95753062 4287952557
-0.36931068 0.015101058 0.95718366 4287952557
-0.36316815 0.015142211 0.95724243 4287952557
-0.35749704 0.015602702 0.95829004 4287952557
-0.35343549 0.016434262 0.96088088 4294901760
-0.34892511 0.015513706 0.96833092 4294901760
-0.34420758 0.015158628 0.97547483 4294901760
-0.33999404 0.015561645 0.97876084 4294901760
-0.33428729 0.015639074 0.98022974 4294901760
-0.32784298 0.015648078 0.9799971 4288883431
-0.32142889 0.015634179 0.97953582 4288883431
-0.31507924 0.015619732 0.97903115 4288883431
-0.30873922 0.015615159 0.97870433 4288883431
-0.30240339 0.015610478 0.97837782 4288883431
-0.29607198 0.015605302 0.97804618 4288883431
-0.28974509 0.015599357 0.9777084 4288883431
-0.28342265 0.015592918 0.97736692 4288883431
-0.27710438 0.015586405 0.9770242 4288883431
-0.27079073 0.015579414 0.97667563 4288883431
-0.26448083 0.015572516 0.9763329 4288883431
-0.25817496 0.015565751 0.97599423 4288883431
-0.25186482 0.015558647 0.97560161 4288883431
-0.24556474 0.015554743 0.97530591 4288883431
-0.23928495 0.015550387 0.97505176 4288883431
-0.23300661 0.015548877 0.97484428 4288883431
-0.22673105 0.015549408 0.97466773 4288883431
-0.22048248 0.015547637 0.97451556 4288883431
-0.21425661 0.015543636 0.97438568 4288883431
-0.2080306 0.015540822 0.97427076 4288883431
-0.20180562 0.015537766 0.97415161 4288883431
-0.19558206 0.015535562 0.97408128 4288883431
-0.18935242 0.015534147 0.97400165 4288883431
-0.18308972 0.015540225 0.97407234 4288883431
-0.17684734 0.015526565 0.97411001 4288883431
-0.17159505 0.015491685 0.97246975 4294901760
-0.15929466 0.015558803 0.94966686 4287952557
-0.15405987 0.01513191 0.94769973 4287952557
-0.14790602 0.015152272 0.94706047 4287952557
-0.14179765 0.015120771 0.94651073 4287952557
-0.13572274 0.015091112 0.94615024 4287952557
-0.12965871 0.015061254 0.94584417 4287952557
-0.12359079 0.015059343 0.94556707 4287952557
-0.11752397 0.015069202 0.945301 4287952557
-0.11146547 0.015071093 0.94504881 4287952557
-0.10541064 0.015069941 0.94479102 4287952557
-0.099359214 0.01506828 0.94453216 4287952557
-0.093311109 0.01506737 0.94427496 4287952557
-0.087266229 0.015068309 0.94402128 4287952557
-0.081224598 0.015070351 0.94376975 4287952557
-0.075186349 0.01507102 0.94351608 4287952557
-0.069151938 0.015066271 0.94325221 4287952557
-0.063121431 0.015055317 0.94297701 4287952557
-0.057092153 0.015049667 0.94268543 4287952557
-0.051064935 0.015048891 0.94238168 4287952557
-0.045041859 0.015046418 0.94207501 4287952557
-0.03902369 0.0150396 0.9417721 4287952557
-0.033010278 0.01502901 0.94147778 4287952557
-0.027000299 0.015020397 0.94118738 4287952557
-0.020993788 0.015013268 0.94089979 4287952557
-0.014990775 0.015007047 0.9406141 4287952557
-0.0089913243 0.015001663 0.94033009 4287952557
-0.0029960878 0.014990202 0.94005221 4287952557
0.002995753 0.014978048 0.93977982 4287952557
0.0089846198 0.014969222 0.93951386 4287952557
0.014970642 0.014965379 0.9392572 4287952557
0.020953517 0.014959252 0.93901128 4287952557
0.026933473 0.014944024 0.93877906 4287952557
0.032910895 0.014936492 0.93854821 4287952557
0.038885396 0.014937586 0.93831611 4287952557
0.044856854 0.014939172 0.93808508 4287952557
0.050824959 0.014937141 0.93784744 4287952557
0.056789298 0.014927002 0.93759495 4287952557
0.06274955 0.01490627 0.93732303 4287952557
0.068702459 0.014912147 0.93700999 4287952557
0.074648038 0.014932095 0.93666637 4287952557
0.080588162 0.014945759 0.9363113 4287952557
0.086523235 0.014957674 0.93595338 4287952557
0.092453912 0.014973566 0.93560296 4287952557
0.098380037 0.014989998 0.93525374 4287952557
0.10430048 0.014996542 0.93488657 4287952557
0.11021411 0.01498405 0.93448788 4287952557
0.11612517 0.015008243 0.93411911 4287952557
0.1220739 0.015120289 0.93392897 4287952557
0.12797122 0.01506241 0.93342942 4287952557
0.1337218 0.014706054 0.93232477 4287952557
0.1392239 0.014005672 0.93051839 4287952557
0.14456528 0.0145459 0.92623591 4287952557
0.14453219 0.013988776 0.88995814 4282643381
0.1495402 0.014881053 0.88300449 4282643381
0.15445526 0.014411979 0.88054895 4282643381
0.15976784 0.013961127 0.87928504 4282643381
0.16529396 0.013809355 0.87876779 4282643381
0.1708882 0.013838545 0.87862295 4282643381
0.1764781 0.013956768 0.87865239 4282643381
0.1820389 0.013979169 0.87848914 4282643381
0.18759489 0.013984584 0.87829179 4282643381
0.19314796 0.013988616 0.87809169 4282643381
0.19869797 0.0139716 0.87784827 4282643381
0.20426948 0.013957898 0.87770784 4282643381
0.20990612 0.013881991 0.87763178 4282643381
0.21550359 0.014005134 0.87798697 4282643381
0.22103354 0.014340971 0.87899703 4282643381
0.22758365 0.014196961 0.88201374 4282643381
0.23553634 0.014171901 0.89010119 4282643381
-0.73220736 0.020649428 0.91564447 4291520081
-0.72532356 0.020505892 0.91404039 4291520081
-0.71908802 0.020368887 0.91322958 4291520081
-0.71297914 0.020361008 0.9128648 4291520081
-0.70690811 0.020343412 0.91251963 4291520081
-0.7008388 0.020345086 0.91221207 4291520081
-0.69477785 0.020333117 0.91188145 4291520081
-0.688721 0.020306293 0.91152263 4291520081
-0.68262786 0.020158907 0.91093051 4291520081
-0.6766178 0.020192806 0.91076797 4291520081
-0.67119145 0.020214733 0.91135365 4291520081
-0.66635323 0.020582192 0.91288668 4291520081
-0.66260171 0.020709932 0.91543549 4291520081
-0.65959185 0.020564577 0.91948771 4291520081
-0.65754449 0.020495825 0.92573279 4291520081
-0.6577388 0.02080111 0.93409175 4291520081
-0.65831035 0.021061201 0.94269073 4291520081
-0.6591928 0.021406461 0.95203638 4291520081
-0.65695947 0.020832589 0.95978934 4294901760
-0.65365136 0.020838762 0.96277732 4286097756
-0.64887774 0.021656698 0.96474445 4294901760
-0.64311785 0.022095293 0.96570987 4287952557
-0.63679719 0.021874251 0.96547538 4287952557
-0.63078833 0.021615436 0.9653641 4287952557
-0.62477863 0.021514315 0.96541333 4287952557
-0.61852878 0.021594271 0.96540833 4287952557
-0.61227834 0.021638699 0.96534258 4287952557
-0.60607225 0.021639571 0.96526629 4287952557
-0.59993225 0.021596257 0.9652108 4287952557
-0.59366882 0.021633755 0.96510834 4287952557
-0.58740824 0.021659821 0.96498716 4287952557
-0.58125877 0.021602161 0.964885 4287952557
-0.57508272 0.021553446 0.96475446 4287952557
-0.56883806 0.021544913 0.96458614 4287952557
-0.56259608 0.021530019 0.96440637 4287952557
-0.55635792 0.021495961 0.96419156 4287952557
-0.54998183 0.0215287 0.96387333 4287952557
-0.54361111 0.021540796 0.96351612 4287952557
-0.53724653 0.021541864 0.963139 4287952557
-0.53093296 0.021509534 0.96277326 4287952557
-0.52461892 0.02148718 0.96241939 4287952557
-0.51829356 0.021478673 0.96206635 4287952557
-0.51197278 0.021470217 0.96171367 4287952557
-0.50565672 0.021461045 0.9613598 4287952557
-0.49934497 0.021454172 0.96101046 4287952557
-0.49303731 0.021453455 0.96067309 4287952557
-0.48675552 0.021446858 0.96036375 4287952557
-0.48050383 0.021432728 0.96008873 4287952557
-0.47425961 0.021425368 0.95983583 4287952557
-0.4680182 0.021423144 0.9595927 4287952557
-0.46178007 0.021419154 0.95934629 4287952557
-0.4555459 0.021407556 0.95908564 4287952557
-0.44930118 0.021394681 0.95879436 4287952557
-0.44301808 0.021401333 0.95845753 4287952557
-0.43674079 0.021396874 0.9580999 4287952557
-0.43046889 0.021387247 0.9577328 4287952557
-0.42420179 0.021377267 0.95736527 4287952557
-0.41793916 0.021369945 0.95700306 4287952557
-0.41168106 0.021364648 0.95664519 4287952557
-0.40542749 0.021361191 0.95629108 4287952557
-0.39917901 0.021355709 0.95593357 4287952557
-0.39293566 0.021346958 0.95556998 4287952557
-0.38669157 0.021345858 0.95521051 4287952557
-0.38045076 0.021365067 0.9548918 4287952557
-0.37425709 0.021241331 0.95437932 4287952557
-0.36813259 0.021058721 0.95402008 4287952557
-0.36182347 0.020827593 0.95363569 4287952557
-0.3562282 0.021477627 0.95487988 4287952557
-0.35255945 0.022705721 0.95753449 4287952557
-0.34837097 0.021898046 0.96614951 4294901760
-0.34368214 0.020917749 0.97469473 4294901760
-0.33963123 0.021709699 0.97771972 4294901760
-0.33381397 0.021979492 0.97889113 4294901760
-0.32732195 0.021956498 0.97851276 4288883431
-0.32094049 0.021907274 0.97802222 4288883431
-0.3146143 0.021870609 0.9775725 4288883431
-0.30829796 0.021860287 0.97726786 4288883431
-0.3019563 0.021861196 0.97695398 4288883431
-0.29562804 0.021858018 0.97664958 4288883431
-0.2893075 0.021852721 0.97633183 4288883431
-0.28297842 0.02185169 0.97600496 4288883431
-0.27665454 0.021848947 0.97567129 4288883431
-0.27033627 0.021844 0.97532803 4288883431
-0.26402307 0.021838373 0.9749831 4288883431
-0.25771409 0.021835094 0.97465378 4288883431
-0.25140917 0.02183534 0.97434598 4288883431
-0.24512313 0.021833276 0.97407067 4288883431
-0.23885548 0.021829918 0.9738344 4288883431
-0.2326317 0.021810988 0.97363859 4288883431
-0.22641429 0.021793799 0.97347289 4288883431
-0.22019638 0.021780215 0.97332448 4288883431
-0.2139751 0.0217719 0.9731918 4288883431
-0.20773673 0.021777032 0.97306716 4288883431
-0.20150119 0.021780452 0.97292691 4288883431
-0.19526936 0.021780821 0.97276527 4288883431
-0.18902822 0.021782568 0.97262967 4288883431
-0.18277049 0.02180272 0.97258705 4288883431
-0.17645812 0.021786889 0.97262204 4288883431
-0.17129643 0.021439409 0.97109288 4294901760
-0.15890248 0.021678148 0.94667852 4287952557
-0.15354182 0.021166634 0.94486707 4287952557
-0.14746705 0.021098522 0.9441793 4287952557
-0.14136836 0.021092527 0.94366181 4287952557
-0.13530155 0.02107027 0.94325578 4287952557
-0.12925886 0.021025624 0.94291991 4287952557
-0.12321628 0.020997265 0.9426201 4287952557
-0.11716884 0.020991094 0.94232672 4287952557
-0.11111814 0.021004621 0.9420324 4287952557
-0.10508279 0.020992421 0.94175488 4287952557
-0.099051021 0.020981664 0.94148356 4287952557
-0.093022287 0.020974303 0.94121933 4287952557
-0.086996727 0.020968564 0.94095832 4287952557
-0.080974661 0.020962475 0.94069672 4287952557
-0.074955985 0.020955933 0.94043422 4287952557
-0.068940975 0.02094619 0.94016552 4287952557
-0.062926814 0.020942366 0.93988127 4287952557
-0.056914732 0.02094217 0.93958467 4287952557
-0.050906774 0.020939831 0.93928397 4287952557
-0.04490279 0.020937469 0.9389835 4287952557
-0.038902543 0.020936947 0.93868685 4287952557
-0.032906033 0.020938698 0.93839478 4287952557
-0.02691335 0.020941833 0.93810582 4287952557
-0.020926002 0.020936273 0.93782252 4287952557
-0.014943616 0.02092099 0.93754315 4287952557
-0.0089632878 0.020916302 0.93726081 4287952557
-0.0029865683 0.020912047 0.93697947 4287952557
0.0029865792 0.020908656 0.93670005 4287952557
0.0089562582 0.020907383 0.93642491 4287952557
0.014922563 0.020909419 0.93615645 4287952557
0.020885585 0.020914305 0.93589705 4287952557
0.026845111 0.020912388 0.93564928 4287952557
0.032801609 0.02089816 0.93541294 4287952557
0.038755614 0.02088262 0.93518305 4287952557
0.044706978 0.020867387 0.93495387 4287952557
0.050655097 0.020853119 0.93471533 4287952557
0.056599222 0.02083878 0.93445867 4287952557
0.062539227 0.020814128 0.93418211 4287952557
0.068470374 0.020837089 0.93385661 4287952557
0.074395873 0.020853058 0.93351513 4287952557
0.080316037 0.020864183 0.93316442 4287952557
0.086235099 0.020846674 0.93283153 4287952557
0.092151307 0.020830041 0.93251067 4287952557
0.0980637 0.020814005 0.93219113 4287952557
0.10397054 0.020785313 0.93184727 4287952557
0.10987064 0.020737676 0.93146682 4287952557
0.11575534 0.020826697 0.93109852 4287952557
0.12165388 0.02096507 0.93078595 4287952557
-0.4548226 0.12617269 0.92045826 4287952557
-0.44884637 0.12614001 0.92022157 4287952557
-0.44287279 0.12610839 0.91999203 4287952557
-0.43690181 0.12607764 0.91976786 4287952557
-0.43093374 0.12604667 0.91954249 4287952557
-0.42496866 0.12601519 0.91931379 4287952557
-0.41900656 0.12598507 0.91909379 4287952557
-0.41304708 0.12595761 0.91889155 4287952557
-0.40710768 0.12593371 0.91871637 4287952557
-0.40119755 0.1259135 0.91857195 4287952557
-0.39529604 0.12589686 0.9184525 4287952557
-0.38939556 0.12588221 0.91834623 4287952557
-0.38349646 0.12586746 0.91823965 4287952557
-0.37759894 0.12585163 0.91812646 4287952557
-0.37168694 0.12583554 0.91800684 4287952557
-0.36577591 0.12581986 0.91788888 4287952557
-0.35986656 0.12580499 0.91777521 4287952557
-0.35395908 0.12578981 0.91765887 4287952557
-0.34805852 0.12577194 0.91752803 4287952557
-0.34218559 0.12574802 0.91737378 4287952557
-0.33626938 0.12572224 0.91718739 4287952557
-0.33032495 0.12569407 0.91697043 4287952557
-0.32438439 0.12566283 0.91673523 4287952557
-0.31844738 0.12563105 0.91649657 4287952557
-0.31252038 0.12559949 0.91626292 4287952557
-0.3066017 0.12556863 0.91603667 4287952557
-0.30068603 0.1255376 0.91580945 4287952557
-0.2947728 0.12550578 0.91557735 4287952557
-0.28886074 0.12547338 0.91534078 4287952557
-0.28295255 0.12544049 0.91510195 4287952557
-0.27704778 0.12540755 0.91486311 4287952557
-0.27114591 0.12537511 0.91462696 4287952557
-0.26524696 0.12534323 0.91439426 4287952557
-0.25935692 0.12531124 0.91416496 4287952557
-0.25346991 0.12527962 0.91393816 4287952557
-0.24758568 0.12524821 0.9137125 4287952557
-0.24170415 0.12521668 0.91348624 4287952557
-0.23582549 0.12518486 0.91325849 4287952557
-0.22994891 0.12515302 0.91302991 4287952557
-0.22406979 0.12512168 0.91280007 4287952557
-0.21819381 0.12509018 0.91256946 4287952557
-0.21232392 0.12505849 0.91234016 4287952557
-0.20645688 0.12502709 0.91211283 4287952557
-0.20059255 0.12499624 0.91188848 4287952557
-0.19473097 0.12496589 0.91166681 4287952557
-0.18887223 0.12493573 0.91144627 4287952557
-0.18301648 0.12490484 0.91122156 4287952557
-0.17716259 0.1248728 0.9109897 4287952557
-0.17130208 0.12484078 0.91074783 4287952557
-0.1654453 0.12480734 0.9104979 4287952557
-0.15959255 0.12477283 0.91024244 4287952557
-0.15374622 0.12473727 0.90998399 4287952557
-0.14790326 0.12470154 0.90972453 4287952557
-0.14206356 0.12466584 0.90946531 4287952557
-0.13622712 0.1246302 0.90920627 4287952557
-0.13039395 0.12459447 0.90894687 4287952557
-0.12456389 0.12455913 0.9086895 4287952557
-0.11873673 0.12452435 0.90843529 4287952557
-0.11291276 0.12449006 0.90818393 4287952557
-0.10709194 0.12445617 0.90793502 4287952557
-0.10127436 0.12442252 0.90768772 4287952557
-0.095460013 0.12438895 0.9074409 4287952557
-0.089648969 0.12435532 0.9071939 4287952557
-0.083843186 0.12432135 0.90694743 4287952557
-0.078040488 0.12428757 0.90670216 4287952557
-0.072240785 0.12425403 0.90645838 4287952557
-0.066444091 0.12422074 0.90621608 4287952557
-0.06065039 0.12418772 0.90597546 4287952557
-0.054859694 0.12415493 0.90573627 4287952557
-0.049071897 0.12412241 0.90549856 4287952557
-0.043286938 0.12409005 0.90526152 4287952557
-0.037505072 0.12405773 0.90502471 4287952557
-0.031726304 0.12402537 0.90478778 4287952557
-0.025950642 0.12399295 0.90455043 4287952557
-0.020178089 0.12396049 0.90431285 4287952557
-0.014408614 0.12392808 0.90407556 4287952557
-0.0086422227 0.1238957 0.90383852 4287952557
-0.002878912 0.12386335 0.90360153 4287952557
0.002881292 0.12383091 0.90336406 4287952557
0.0086387806 0.12379875 0.90312642 4287952557
0.014393063 0.12376665 0.90288901 4287952557
0.020144125 0.12373466 0.9026522 4287952557
0.025891932 0.12370266 0.90241528 4287952557
0.031636499 0.12367073 0.902179 4287952557
0.037378069 0.12363974 0.90194857 4287952557
0.043116763 0.12360955 0.90172434 4287952557
0.048852805 0.12357969 0.90150464 4287952557
0.054585919 0.12354939 0.90128237 4287952557
0.06031584 0.12351697 0.90104812 4287952557
0.066040307 0.12348308 0.90079498 4287952557
0.071760312 0.12344588 0.9005217 4287952557
0.077475853 0.12340599 0.90023202 4287952557
0.083187215 0.12336478 0.89993435 4287952557
0.088894963 0.12332404 0.89963973 4287952557
0.094599657 0.12328506 0.89935607 4287952557
0.10030075 0.12324582 0.89907038 4287952557
0.10599762 0.12320475 0.89877272 4287952557
0.11168984 0.12316101 0.89845759 4287952557
0.11739627 0.12315035 0.89833122 4287952557
0.12312876 0.12314059 0.89819753 4287952557
0.12878907 0.12305487 0.89763808 4287952557
0.13423313 0.12285739 0.89631099 4287952557
0.13914958 0.12248988 0.8937915 4287952557
0.1456033 0.12158981 0.88722378 4287952557
0.14476837 0.11748749 0.85710502 4282643381
0.14958608 0.1168963 0.85303098 4282643381
0.15467547 0.11668326 0.8513391 4282643381
0.15993735 0.11657494 0.85050577 4282643381
0.16531371 0.11653075 0.85010833 4282643381
0.17072646 0.11651416 0.84995395 4282643381
0.1761568 0.11653202 0.85011911 4282643381
0.18155675 0.11652472 0.85007846 4282643381
0.18696544 0.11651541 0.85000509 4282643381
0.19237331 0.11649971 0.84987128 4282643381
0.1977838 0.11648179 0.84971172 4282643381
0.20319383 0.11647657 0.84967589 4282643381
0.20861921 0.11646508 0.84956777 4282643381
0.21400397 0.11650713 0.84998471 4282643381
0.21957891 0.11663823 0.85099196 4282643381
0.22539034 0.11690172 0.85295773 4282643381
0.23245573 0.11758442 0.85779345 4282643381
-0.73742205 0.12716113 0.88648182 4291520081
-0.72951871 0.12677759 0.88381058 4291520081
-0.72309309 0.12661134 0.88260365 4291520081
-0.71684146 0.12649453 0.88178182 4291520081
-0.71080655 0.12641174 0.881194 4291520081
-0.70480084 0.12634502 0.88073319 4291520081
-0.69880611 0.12627304 0.88022798 4291520081
-0.69281673 0.12619904 0.87970507 4291520081
-0.68687993 0.12609145 0.87889373 4291520081
-0.68093616 0.12603796 0.87846732 4291520081
-0.67516977 0.1260439 0.87857062 4291520081
-0.67019564 0.12618704 0.87964517 4291520081
-0.66597295 0.1264305 0.88159782 4291520081
-0.66270638 0.12685971 0.88442755 4291520081
-0.65999335 0.12756141 0.88910496 4294901760
-0.65902609 0.12855446 0.89606202 4291520081
-0.66011292 0.12967829 0.90399379 4291520081
-0.66083759 0.13090676 0.9126153 4291520081
-0.66028845 0.13209626 0.92082489 4291520081
-0.65703619 0.13264383 0.92410541 4286097756
-0.65282315 0.13292725 0.92659736 4286097756
-0.64719695 0.13302311 0.9276337 4286097756
-0.6408149 0.13294075 0.92694432 4287952557
-0.63473082 0.13289745 0.92660838 4287952557
-0.62869865 0.13283758 0.92604333 4287952557
-0.62270689 0.13282058 0.92592704 4287952557
-0.61672014 0.13280272 0.92580187 4287952557
-0.61073899 0.13278461 0.92567116 4287952557
-0.60475934 0.13276678 0.92554241 4287952557
-0.59878099 0.13274945 0.92541808 4287952557
-0.59280461 0.13273144 0.92528766 4287952557
-0.58682996 0.13271154 0.92514235 4287952557
-0.58085775 0.13268845 0.92497289 4287952557
-0.5748623 0.13266079 0.92477483 4287952557
-0.56880218 0.13262746 0.92454648 4287952557
-0.56274235 0.13259076 0.92429197 4287952557
-0.55668652 0.13255274 0.92402726 4287952557
-0.55063444 0.13251416 0.92375827 4287952557
-0.54458606 0.13247538 0.92348766 4287952557
-0.53854138 0.1324359 0.92321289 4287952557
-0.53250003 0.13239725 0.92294353 4287952557
-0.52646208 0.13235915 0.92267829 4287952557
-0.52042973 0.13232158 0.92241681 4287952557
-0.5144096 0.13228476 0.92215943 4287952557
-0.50839275 0.13224812 0.92190379 4287952557
-0.50237894 0.13221197 0.92165154 4287952557
-0.49636838 0.13217595 0.92140049 4287952557
-0.49036106 0.13213995 0.92114961 4287952557
-0.484357 0.13210396 0.92089862 4287952557
-0.4783563 0.13206777 0.92064607 4287952557
-0.47235888 0.1320314 0.9203921 4287952557
-0.46636471 0.13199517 0.92013925 4287952557
-0.46037433 0.13195956 0.91989088 4287952557
-0.45439324 0.13192517 0.91965055 4287952557
-0.44842103 0.13189183 0.91941708 4287952557
-0.44245145 0.13185936 0.91919041 4287952557
-0.43648466 0.1318274 0.91896766 4287952557
-0.43052086 0.13179508 0.91874218 4287952557
-0.42456016 0.13176233 0.91851318 4287952557
-0.41860205 0.13173053 0.91829169 4287952557
-0.41264516 0.13170154 0.91809255 4287952557
-0.40671736 0.13167675 0.91791898 4287952557
-0.40081203 0.13165648 0.91777557 4287952557
-0.3949078 0.13163887 0.91765267 4287952557
-0.38901356 0.13162223 0.91753536 4287952557
-0.38312057 0.13160557 0.9174183 4287952557
-0.37722912 0.13158774 0.91729295 4287952557
-0.37132713 0.13156866 0.91716033 4287952557
-0.36542225 0.13154909 0.91702467 4287952557
-0.35951918 0.13152951 0.91688848 4287952557
-0.35362157 0.13150935 0.91674817 4287952557
-0.34772891 0.13148722 0.9165951 4287952557
-0.34183609 0.13146169 0.9164198 4287952557
-0.33591256 0.13143261 0.91621697 4287952557
-0.32998779 0.13140005 0.91599053 4287952557
-0.32406634 0.13136573 0.91575247 4287952557
-0.31814802 0.13133076 0.91551006 4287952557
-0.31223243 0.13129678 0.9152739 4287952557
-0.30631956 0.1312637 0.91504347 4287952557
-0.3004097 0.13123067 0.91481316 4287952557
-0.29450184 0.13119723 0.91458011 4287952557
-0.28859547 0.13116351 0.91434473 4287952557
-0.28269213 0.13112955 0.91410792 4287952557
-0.27679178 0.13109568 0.91387177 4287952557
-0.27089477 0.13106209 0.91363746 4287952557
-0.26500133 0.13102897 0.91340631 4287952557
-0.25911087 0.13099617 0.91317737 4287952557
-0.25322339 0.13096364 0.9129501 4287952557
-0.24733883 0.13093115 0.91272324 4287952557
-0.24145739 0.13089852 0.91249573 4287952557
-0.23557892 0.13086574 0.91226757 4287952557
-0.22970413 0.13083318 0.91204029 4287952557
-0.2238331 0.13080058 0.91181302 4287952557
-0.21796492 0.13076818 0.91158706 4287952557
-0.21209967 0.13073602 0.91136259 4287952557
-0.2062372 0.13070424 0.91114044 4287952557
-0.20037749 0.13067318 0.910923 4287952557
-0.19452059 0.13064273 0.91070938 4287952557
-0.18866657 0.13061236 0.91049629 4287952557
-0.18281636 0.13058126 0.9102791 4287952557
-0.17696923 0.13054883 0.91005307 4287952557
-0.1711179 0.13051493 0.90981531 4287952557
-0.16527072 0.13047932 0.90956658 4287952557
-0.15942714 0.13044257 0.90931058 4287952557
-0.15358692 0.13040537 0.90905154 4287952557
-0.14775003 0.13036819 0.90879267 4287952557
-0.14191632 0.13033132 0.90853596 4287952557
-0.13608579 0.1302947 0.90828067 4287952557
-0.13025849 0.13025817 0.9080261 4287952557
-0.12443439 0.1302219 0.9077732 4287952557
-0.11861346 0.13018598 0.90752256 4287952557
-0.11279556 0.13015035 0.90727401 4287952557
-0.10698091 0.13011488 0.90702653 4287952557
-0.10117169 0.13007949 0.90678006 4287952557
-0.095365457 0.13004431 0.90653503 4287952557
-0.089562237 0.13000938 0.90629172 4287952557
-0.083761998 0.12997474 0.90605021 4287952557
-0.077964783 0.12994023 0.90580964 4287952557
-0.072170585 0.12990589 0.90557033 4287952557
-0.066379383 0.1298718 0.90533262 4287952557
-0.060591184 0.12983792 0.90509641 4287952557
-0.054805979 0.12980425 0.90486169 4287952557
-0.049023766 0.1297708 0.90462852 4287952557
-0.0432446 0.12973735 0.9043954 4287952557
-0.037468527 0.12970376 0.90416133 4287952557
-0.0316955 0.12966993 0.90392554 4287952557
-0.025926007 0.12963594 0.90368855 4287952557
-0.020159528 0.12960182 0.90345067 4287952557
-0.014396016 0.12956776 0.90321314 4287952557
-0.0086354529 0.12953375 0.90297616 4287952557
-0.0028778517 0.12949979 0.90273941 4287952557
0.0028767639 0.12946579 0.9025023 4287952557
0.0086284038 0.12943172 0.90226489 4287952557
0.014377071 0.12939763 0.90202731 4287952557
0.020122744 0.12936339 0.90178877 4287952557
0.025865449 0.1293291 0.90154976 4287952557
0.031605288 0.12929508 0.90131259 4287952557
0.037342492 0.12926222 0.90108347 4287952557
0.0430771 0.12923074 0.90086377 4287952557
0.048809007 0.12920019 0.9006508 4287952557
0.054538336 0.12916937 0.90043598 4287952557
0.060265347 0.12913686 0.90020859 4287952557
0.065986156 0.12910134 0.89996105 4287952557
0.071702167 0.12906286 0.89969307 4287952557
0.077413812 0.12902209 0.89940876 4287952557
0.083121441 0.12898023 0.89911669 4287952557
0.08882571 0.1289392 0.89883047 4287952557
0.094527014 0.12889998 0.89855766 4287952557
0.10022458 0.12886037 0.89828211 4287952557
0.10591764 0.12881847 0.89798969 4287952557
0.11160547 0.12877296 0.89767087 4287952557
0.11730982 0.12876183 0.89760554 4287952557
0.1230068 0.12872565 0.89734745 4287952557
0.12865648 0.12864357 0.89678144 4287952557
0.13412382 0.12847115 0.89549458 4287952557
0.13914248 0.12816058 0.89305383 4287952557
0.14434832 0.12715776 0.88655144 4287952557
0.14504611 0.12293592 0.85710031 4282643381
0.14949031 0.12222926 0.85248309 4282643381
0.15457658 0.12202169 0.85078472 4282643381
0.15984669 0.12191904 0.84995645 4282643381
0.16522084 0.12187898 0.84956419 4282643381
0.1706273 0.12186313 0.84941578 4282643381
0.1760473 0.12187593 0.849581 4282643381
0.18144226 0.12186658 0.84953815 4282643381
0.18683705 0.12185442 0.84946066 4282643381
0.19224101 0.12183944 0.84932542 4282643381
0.19764709 0.12182375 0.84917742 4282643381
0.20305201 0.12181961 0.84915888 4282643381
0.20846319 0.12181185 0.84909755 4282643381
0.21384871 0.12184838 0.84949958 4282643381
0.21948017 0.12198947 0.85050666 4282643381
0.22529173 0.12225886 0.85245782 4282643381
0.23209532 0.12292638 0.85699224 4282643381
-0.73668939 0.13268535 0.88568264 4291520081
-0.72874683 0.13228211 0.88302529 4291520081
-0.72255498 0.13213794 0.88192707 4291520081
-0.716313 0.13201338 0.88106906 4291520081
-0.71010041 0.13191678 0.88045877 4291520081
-0.70410442 0.13184607 0.87998927 4291520081
-0.69811833 0.13177072 0.87947506 4291520081
-0.6922428 0.13170098 0.87895447 4291520081
-0.68633735 0.13160606 0.87818104 4291520081
-0.68039948 0.13155848 0.87780941 4291520081
-0.67468715 0.13156724 0.87799716 4291520081
-0.6698364 0.13172448 0.87915534 4291520081
-0.66571295 0.13198148 0.88121176 4291520081
-0.66253996 0.13245334 0.88418448 4291520081
-0.65987456 0.13323332 0.88902801 4294901760
-0.65900993 0.1342625 0.89604062 4291520081
-0.6602509 0.13545473 0.90409243 4291520081
-0.66094172 0.13673612 0.91272694 4291520081
-0.6600126 0.13794732 0.92059445 4291520081
-0.65681207 0.13853902 0.92404991 4286097756
-0.65230143 0.13872823 0.92581725 4286097756
-0.64661825 0.13879083 0.92678624 4286097756
-0.64046824 0.13875367 0.92641121 4287952557
-0.63442856 0.13871129 0.92595232 4287952557
-0.6284433 0.13866572 0.92547566 4287952557
-0.62246102 0.13864918 0.92537355 4287952557
-0.61648053 0.13863181 0.92526156 4287952557
-0.61050195 0.13861288 0.92513108 4287952557
-0.60452539 0.13859227 0.92498213 4287952557
-0.59855092 0.13857064 0.92482454 4287952557
-0.59257847 0.13854772 0.92465603 4287952557
-0.58657199 0.13852051 0.92447585 4287952557
-0.58051288 0.13848732 0.92427754 4287952557
-0.57445782 0.13845195 0.92405403 4287952557
-0.56840676 0.13841428 0.92380518 4287952557
-0.56235945 0.13837568 0.92354828 4287952557
-0.55631596 0.13833638 0.92328399 4287952557
-0.55027425 0.13829668 0.92301702 4287952557
-0.54422981 0.13825664 0.92275089 4287952557
-0.53818882 0.13821664 0.92248523 4287952557
-0.5321514 0.13817681 0.92222077 4287952557
-0.52611738 0.13813713 0.92195797 4287952557
-0.52008688 0.13809775 0.92169785 4287952557
-0.51406938 0.13805953 0.9214415 4287952557
-0.50805646 0.13802175 0.92118829 4287952557
-0.5020467 0.13798426 0.9209379 4287952557
-0.49604023 0.13794693 0.92068911 4287952557
-0.49003702 0.13790956 0.92043966 4287952557
-0.48403698 0.13787235 0.92019176 4287952557
-0.47804156 0.13783534 0.9199447 4287952557
-0.47205102 0.1377984 0.91969681 4287952557
-0.46606365 0.13776152 0.91944939 4287952557
-0.46007919 0.13772486 0.91920453 4287952557
-0.45410207 0.13768913 0.91896498 4287952557
-0.4481338 0.13765459 0.91873163 4287952557
-0.44216821 0.13762045 0.91850263 4287952557
-0.43620554 0.13758639 0.9182741 4287952557
-0.43024591 0.13755183 0.91804117 4287952557
-0.42428234 0.13751639 0.91780561 4287952557
-0.41831839 0.1374819 0.91758156 4287952557
-0.412357 0.13744974 0.91737914 4287952557
-0.40643635 0.13742414 0.9172051 4287952557
-0.40053508 0.13740295 0.91705722 4287952557
-0.39463487 0.13738386 0.91692919 4287952557
-0.3887361 0.13736552 0.91680813 4287952557
-0.38283455 0.1373461 0.91668075 4287952557
-0.37692723 0.13732477 0.91654205 4287952557
-0.37103039 0.13730282 0.9163928 4287952557
-0.36513737 0.13727979 0.91623455 4287952557
-0.35924625 0.13725588 0.9160704 4287952557
-0.35335031 0.13723072 0.91590077 4287952557
-0.3474265 0.13720274 0.91572124 4287952557
-0.34150594 0.13717294 0.91552615 4287952557
-0.33558866 0.137141 0.91531432 4287952557
-0.32967466 0.13710727 0.91508847 4287952557
-0.32376379 0.1370725 0.91485447 4287952557
-0.31785122 0.13703735 0.91461897 4287952557
-0.31194106 0.13700272 0.91438752 4287952557
-0.30603376 0.13696836 0.91415805 4287952557
-0.30012953 0.13693403 0.91392845 4287952557
-0.29422691 0.13689929 0.91369665 4287952557
-0.28832611 0.13686416 0.91346216 4287952557
-0.28242841 0.13682869 0.91322702 4287952557
-0.27653378 0.13679324 0.91299093 4287952557
-0.27064204 0.13675818 0.9127571 4287952557
-0.26475322 0.13672352 0.91252619 4287952557
-0.25886741 0.1366889 0.91229588 4287952557
-0.25298551 0.13665444 0.91206628 4287952557
-0.24710669 0.13662003 0.91183704 4287952557
-0.24123088 0.1365857 0.9116084 4287952557
-0.235358 0.1365515 0.91138053 4287952557
-0.22948861 0.13651751 0.91115409 4287952557
-0.22362307 0.13648382 0.91092944 4287952557
-0.21776041 0.13645047 0.91070741 4287952557
-0.21190047 0.13641754 0.91048831 4287952557
-0.20604333 0.1363851 0.91027302 4287952557
-0.20018898 0.13635322 0.91006178 4287952557
-0.19433752 0.13632198 0.90985531 4287952557
-0.18849708 0.13629149 0.90965033 4287952557
-0.1826593 0.13626055 0.90944183 4287952557
-0.17682441 0.13622828 0.90922302 4287952557
-0.17098401 0.13619386 0.90899307 4287952557
-0.16514042 0.13615714 0.90874994 4287952557
-0.15930058 0.13611907 0.90849644 4287952557
-0.15346424 0.13608038 0.90823823 4287952557
-0.14763123 0.13604175 0.90798032 4287952557
-0.1418014 0.13600342 0.90772474 4287952557
-0.13597476 0.13596545 0.90747178 4287952557
-0.13015142 0.13592754 0.90721947 4287952557
-0.12433133 0.13588983 0.90696865 4287952557
-0.11851601 0.13585243 0.90671879 4287952557
-0.1127039 0.13581511 0.90646964 4287952557
-0.10689593 0.13577816 0.90622216 4287952557
-0.10109195 0.13574179 0.90597802 4287952557
-0.095290825 0.13570586 0.90573734 4287952557
-0.089492634 0.13567032 0.90549946 4287952557
-0.083697334 0.13563512 0.90526414 4287952557
-0.077905014 0.13560006 0.90502989 4287952557
-0.072115667 0.1355651 0.90479642 4287952557
-0.066329271 0.13553031 0.90456444 4287952557
-0.060545832 0.13549574 0.90433413 4287952557
-0.054765318 0.13546142 0.9041059 4287952557
-0.048988599 0.13542749 0.90387899 4287952557
-0.043215431 0.13539362 0.903651 4287952557
-0.037445176 0.13535942 0.90342033 4287952557
-0.031676896 0.13532445 0.90318638 4287952557
-0.025910724 0.13528872 0.90294927 4287952557
-0.020147759 0.13525265 0.90270984 4287952557
-0.014387992 0.13521662 0.90247017 4287952557
-0.0086318413 0.13518102 0.90223157 4287952557
-0.0028785893 0.13514557 0.90199423 4287952557
0.0028717259 0.13511021 0.9017576 4287952557
0.0086190719 0.13507484 0.90152079 4287952557
0.014363416 0.13503928 0.90128267 4287952557
0.020104757 0.13500357 0.90104288 4287952557
0.025843205 0.13496791 0.90080357 4287952557
0.031578891 0.13493279 0.90056813 4287952557
0.03731199 0.13489883 0.90034205 4287952557
0.043042563 0.13486648 0.90012884 4287952557
0.048770718 0.13483565 0.8999247 4287952557
0.054496981 0.13480604 0.89972031 4287952557
0.060220391 0.13477501 0.89950353 4287952557
0.065938592 0.13473974 0.89926708 4287952557
0.071651101 0.13470033 0.89900917 4287952557
0.077359296 0.13465886 0.89873421 4287952557
0.083063558 0.13461648 0.89845151 4287952557
0.088764615 0.13457507 0.89817733 4287952557
0.094462685 0.13453506 0.89791602 4287952557
0.10015699 0.1344946 0.89765066 4287952557
0.1058464 0.13445143 0.89736164 4287952557
0.11153098 0.13440494 0.89703918 4287952557
0.1172253 0.13438034 0.89694369 4287952557
0.12292819 0.1343427 0.89675546 4287952557
0.12854657 0.13425177 0.8960706 4287952557
0.13402309 0.13410394 0.8948229 4287952557
0.13911767 0.13385734 0.8924877 4287952557
0.14432383 0.13282394 0.88685137 4287952557
0.14446166 0.12820803 0.85538357 4282643381
0.14940798 0.12756048 0.85199875 4282643381
0.15449016 0.1273687 0.85032767 4282643381
0.15976681 0.12727135 0.8494814 4282643381
0.1651431 0.12723656 0.84909344 4282643381
0.17054765 0.12722056 0.84894186 4282643381
0.17596197 0.12722699 0.84910727 4282643381
0.18135485 0.12721621 0.84906507 4282643381
0.186745 0.12720212 0.84898335 4282643381
0.19213332 0.12718369 0.84884733 4282643381
0.1975213 0.12716547 0.84871203 4282643381
0.20290855 0.12715808 0.84870625 4282643381
0.20830628 0.12715112 0.84866166 4282643381
0.21372573 0.12719589 0.84909809 4282643381
0.21940319 0.12734953 0.85009897 4282643381
0.22517188 0.12761888 0.85205442 4282643381
0.23208842 0.12833937 0.8565954 4282643381
-0.73593092 0.13820286 0.88497025 4291520081
-0.72818428 0.13780484 0.88241374 4291520081
-0.72200388 0.1376646 0.88134205 4291520081
-0.71576846 0.13753664 0.88048404 4291520081
-0.70951611 0.13742797 0.87985414 4291520081
-0.70340484 0.13734239 0.87936229 4291520081
-0.69755459 0.13727517 0.87884849 4291520081
-0.69169992 0.13720946 0.87834793 4291520081
-0.68580401 0.13712442 0.87760741 4291520081
-0.67989361 0.13708048 0.87730646 4291520081
-0.6743331 0.13710678 0.87779003 4291520081
-0.66955411 0.13727054 0.87883562 4291520081
-0.66550094 0.13752909 0.88089186 4291520081
-0.66241467 0.13805138 0.88398916 4291520081
-0.65978742 0.13890512 0.88896686 4294901760
-0.65936249 0.13999595 0.89614427 4291520081
-0.66044772 0.14123146 0.90420783 4291520081
-0.66084683 0.14255591 0.9127329 4291520081
-0.65977877 0.14378911 0.92033416 4291520081
-0.65642267 0.14440343 0.92363697 4286097756
-0.65188622 0.1445367 0.92529297 4286097756
-0.64624298 0.1445957 0.92622697 4286097756
-0.64013064 0.14456576 0.92590493 4287952557
-0.63410503 0.14453305 0.92548496 4287952557
-0.62815595 0.14450219 0.92506021 4287952557
-0.62221611 0.14449088 0.924972 4287952557
-0.61623812 0.14447264 0.92486256 4287952557
-0.61026216 0.14445284 0.9247278 4287952557
-0.6042887 0.14443073 0.92455935 4287952557
-0.59827179 0.1444004 0.92436337 4287952557
-0.59221077 0.14436331 0.9241547 4287952557
-0.58615303 0.14432552 0.92393547 4287952557
-0.58009911 0.14428721 0.9237051 4287952557
-0.57404882 0.14424798 0.92346174 4287952557
-0.5680024 0.14420798 0.92320776 4287952557
-0.56195956 0.14416759 0.922948 4287952557
-0.55592018 0.14412704 0.92268646 4287952557
-0.54988408 0.14408667 0.92242682 4287952557
-0.54385132 0.14404644 0.92216897 4287952557
-0.53782201 0.14400604 0.92190856 4287952557
-0.53179598 0.14396571 0.92164916 4287952557
-0.52576673 0.14392459 0.92139053 4287952557
-0.5197401 0.14388357 0.92113417 4287952557
-0.51372302 0.14384356 0.92088038 4287952557
-0.50771421 0.14380445 0.92062938 4287952557
-0.50170851 0.14376551 0.92038071 4287952557
-0.49570823 0.14372697 0.92013305 4287952557
-0.489712 0.14368871 0.91988719 4287952557
-0.48371893 0.14365061 0.91964304 4287952557
-0.47772899 0.14361252 0.91939908 4287952557
-0.47174233 0.14357437 0.91915435 4287952557
-0.4657588 0.14353615 0.91890842 4287952557
-0.45977852 0.14349802 0.91866314 4287952557
-0.45380554 0.14346065 0.91841984 4287952557
-0.44784155 0.14342432 0.91817862 4287952557
-0.4418776 0.14338772 0.91793931 4287952557
-0.43590918 0.14334992 0.91769934 4287952557
-0.4299441 0.14331169 0.91745377 4287952557
-0.42398205 0.14327374 0.91721165 4287952557
-0.41802266 0.14323692 0.91698247 4287952557
-0.41206571 0.14320219 0.91677719 4287952557
-0.40615264 0.14317603 0.91660017 4287952557
-0.40025574 0.14315428 0.91644919 4287952557
-0.39435139 0.14313261 0.91631323 4287952557
-0.38844451 0.14311069 0.91618037 4287952557
-0.38253981 0.14308801 0.91603917 4287952557
-0.37663764 0.14306404 0.91588378 4287952557
-0.37074777 0.14304011 0.91571671 4287952557
-0.36484873 0.14301331 0.91553724 4287952557
-0.35892528 0.1429823 0.91534877 4287952557
-0.35300469 0.1429508 0.9151547 4287952557
-0.34708712 0.14291866 0.91495371 4287952557
-0.34117258 0.1428857 0.91474509 4287952557
-0.3352612 0.14285158 0.91452581 4287952557
-0.32935265 0.14281745 0.91430658 4287952557
-0.32344693 0.14278306 0.91408497 4287952557
-0.31754413 0.14274859 0.91386259 4287952557
-0.31164411 0.14271419 0.91364074 4287952557
-0.30574316 0.14267913 0.9134168 4287952557
-0.29984432 0.14264375 0.9131912 4287952557
-0.29394686 0.14260781 0.9129625 4287952557
-0.28805152 0.14257136 0.91273022 4287952557
-0.28215933 0.14253451 0.91249442 4287952557
-0.27627027 0.14249757 0.91225761 4287952557
-0.27038419 0.14246081 0.91202235 4287952557
-0.26450109 0.14242418 0.91178828 4287952557
-0.25862101 0.14238761 0.91155475 4287952557
-0.25274402 0.14235109 0.91132152 4287952557
-0.24686995 0.14231466 0.91108906 4287952557
-0.24099937 0.14227843 0.9108578 4287952557
-0.23513223 0.14224246 0.9106282 4287952557
-0.22926825 0.14220713 0.91040361 4287952557
-0.22340825 0.14217214 0.91018057 4287952557
-0.21755105 0.14213757 0.9099614 4287952557
-0.21169825 0.14210373 0.90974623 4287952557
-0.20585547 0.14207162 0.90953505 4287952557
-0.20001502 0.14203992 0.90932763 4287952557
-0.19417688 0.14200874 0.90912485 4287952557
-0.18834117 0.14197765 0.90892291 4287952557
-0.18250796 0.14194642 0.90871948 4287952557
-0.17667764 0.14191425 0.90850753 4287952557
-0.17085004 0.14188074 0.90828365 4287952557
-0.16501084 0.14184271 0.90804648 4287952557
-0.1591754 0.14180343 0.90779799 4287952557
-0.15334354 0.14176345 0.90754294 4287952557
-0.14751504 0.14172326 0.90728605 4287952557
-0.14168984 0.14168328 0.90703082 4287952557
-0.13586923 0.14164399 0.90677869 4287952557
-0.13005204 0.14160486 0.90652734 4287952557
-0.12423803 0.14156573 0.90627599 4287952557
-0.11842719 0.14152661 0.90602493 4287952557
-0.11261947 0.14148772 0.90577573 4287952557
-0.10681479 0.14144921 0.90552992 4287952557
-0.10101483 0.14141177 0.90528876 4287952557
-0.09521798 0.14137496 0.90505266 4287952557
-0.089423962 0.14133865 0.90482086 4287952557
-0.083632834 0.14130266 0.90459228 4287952557
-0.077844679 0.14126682 0.90436506 4287952557
-0.072059497 0.14123107 0.90413868 4287952557
-0.066278554 0.14119606 0.90391356 4287952557
-0.060500886 0.14116144 0.90369004 4287952557
-0.054725915 0.14112709 0.90346915 4287952557
-0.048953723 0.14109282 0.90324897 4287952557
-0.043184415 0.14105834 0.90302658 4287952557
-0.037418108 0.14102337 0.90279943 4287952557
-0.031653866 0.14098711 0.90256649 4287952557
-0.025891835 0.14094949 0.9023279 4287952557
-0.020133076 0.1409115 0.90208554 4287952557
-0.014377462 0.14087348 0.90184247 4287952557
-0.0086248815 0.1408356 0.90160108 4287952557
-0.0028753344 0.14079791 0.90136153 4287952557
0.0028711592 0.14076041 0.90112334 4287952557
0.0086142914 0.14072341 0.9008857 4287952557
0.014354282 0.14068647 0.90064675 4287952557
0.020091318 0.14064947 0.90040708 4287952557
0.025825517 0.14061272 0.90016955 4287952557
0.031557031 0.14057662 0.89993805 4287952557
0.03728601 0.14054164 0.89971733 4287952557
0.043012682 0.14050879 0.89951271 4287952557
0.048737749 0.14047979 0.89931929 4287952557
0.054460578 0.14045094 0.89912665 4287952557
0.060180668 0.14042106 0.89892292 4287952557
0.06589666 0.14038762 0.89869946 4287952557
0.071605958 0.14034688 0.89845353 4287952557
0.077310942 0.14030431 0.89818895 4287952557
0.083012007 0.14026093 0.89791638 4287952557
0.088709891 0.14021835 0.89765197 4287952557
0.094404675 0.14017659 0.89739686 4287952557
0.10009894 0.14013794 0.89713728 4287952557
0.10578866 0.14009696 0.89685041 4287952557
0.11147275 0.14005242 0.89652491 4287952557
0.11715614 0.14001256 0.89640492 4287952557
0.12284585 0.13996109 0.89617813 4287952557
0.12846002 0.13987321 0.89548367 4287952557
0.1339542 0.13974877 0.89428401 4287952557
0.13912572 0.13955988 0.89207417 4287952557
0.14431158 0.13848071 0.88693601 4287952557
0.14439732 0.13360158 0.85495627 4282643381
0.14933938 0.13288835 0.85158402 4282643381
0.15441705 0.13271497 0.84992325 4282643381
0.15969588 0.13262838 0.8490836 4282643381
0.16507179 0.13259858 0.84870219 4282643381
0.17046769 0.13257881 0.84855258 4282643381
0.17587848 0.13258027 0.84871233 4282643381
0.18126878 0.13256796 0.84867132 4282643381
0.1866563 0.13255253 0.84858495 4282643381
0.19204205 0.13253392 0.84845179 4282643381
0.19742736 0.13251553 0.84832025 4282643381
0.20280804 0.13250546 0.84831822 4282643381
0.20819511 0.13249712 0.84828413 4282643381
0.21365583 0.1325516 0.84871018 4282643381
0.21932842 0.13271406 0.84975702 4282643381
0.22503904 0.13297454 0.85168701 4282643381
0.23209649 0.13376866 0.85630596 4282643381
-0.735551 0.14376403 0.88450676 4291520081
-0.72792983 0.14336367 0.88198358 4291520081
-0.72173142 0.14322077 0.880916 4291520081
-0.71549845 0.14308897 0.88004577 4291520081
-0.70924968 0.14297096 0.87939173 4291520081
-0.70316851 0.14288232 0.87890553 4291520081
-0.69726574 0.14281055 0.87838376 4291520081
-0.6913771 0.14273956 0.87783539 4291520081
-0.68544966 0.14266136 0.87717187 4291520081
-0.67951 0.14260724 0.87683487 4291520081
-0.67410851 0.14265414 0.87756604 4291520081
-0.66932124 0.14282033 0.87853515 4291520081
-0.6653704 0.1430991 0.88071036 4291520081
-0.66228056 0.14366907 0.88387471 4291520081
-0.65973544 0.14458187 0.88892573 4294901760
-0.65935081 0.14570753 0.89611256 4291520081
-0.66040665 0.14700557 0.90426517 4291520081
-0.66078293 0.14834973 0.91260606 4291520081
-0.6595968 0.14964235 0.92010272 4291520081
-0.65627706 0.15026405 0.92332667 4286097756
-0.65166956 0.15037967 0.92504823 4286097756
-0.64597434 0.15042222 0.92590195 4286097756
-0.63985288 0.15039007 0.92559141 4287952557
-0.63381463 0.15036102 0.92519146 4287952557
-0.62785286 0.15033658 0.92479318 4287952557
-0.62191486 0.15032564 0.92471606 4287952557
-0.61597824 0.15031368 0.92461032 4287952557
-0.6099689 0.1502867 0.92446268 4287952557
-0.60390943 0.15024869 0.92427313 4287952557
-0.59785384 0.15020931 0.92404562 4287952557
-0.59180248 0.1501693 0.92379934 4287952557
-0.58575463 0.15012914 0.92354959 4287952557
-0.5797103 0.1500888 0.9232977 4287952557
-0.57366931 0.15004814 0.9230426 4287952557
-0.56763196 0.15000723 0.92278427 4287952557
-0.5615977 0.14996612 0.92252994 4287952557
-0.55556667 0.14992528 0.92227548 4287952557
-0.54953903 0.14988446 0.92202199 4287952557
-0.54351455 0.14984366 0.9217689 4287952557
-0.53749353 0.14980285 0.92151451 4287952557
-0.53147566 0.14976202 0.92125964 4287952557
-0.52546114 0.14972126 0.92100567 4287952557
-0.51944971 0.14968058 0.92075354 4287952557
-0.51344198 0.14964014 0.92050344 4287952557
-0.50743794 0.14960006 0.92025751 4287952557
-0.50143731 0.14955993 0.92001039 4287952557
-0.49543995 0.14951991 0.91976464 4287952557
-0.48944566 0.14947996 0.9195199 4287952557
-0.48345456 0.14944011 0.919276 4287952557
-0.4774667 0.14940028 0.91903263 4287952557
-0.47148219 0.14936027 0.91878468 4287952557
-0.46550092 0.14932014 0.91853362 4287952557
-0.45952293 0.14927986 0.91828275 4287952557
-0.45353711 0.14923741 0.91802871 4287952557
-0.44756341 0.14919689 0.91777653 4287952557
-0.44159284 0.14915648 0.91752595 4287952557
-0.43562555 0.14911635 0.91727537 4287952557
-0.42966166 0.14907588 0.91702306 4287952557
-0.42370102 0.14903545 0.91677159 4287952557
-0.41774324 0.1489961 0.91653585 4287952557
-0.4117879 0.14895834 0.91632324 4287952557
-0.40587142 0.14892976 0.91613781 4287952557
-0.39996698 0.14890487 0.91597402 4287952557
-0.39406395 0.14888085 0.91582423 4287952557
-0.3881627 0.14885686 0.91567475 4287952557
-0.38226357 0.14883207 0.91551459 4287952557
-0.37635702 0.14880432 0.91534084 4287952557
-0.37043151 0.14877164 0.9151563 4287952557
-0.36450911 0.14873822 0.9149608 4287952557
-0.35858986 0.1487041 0.9147566 4287952557
-0.35267365 0.14866953 0.91454643 4287952557
-0.34676042 0.14863451 0.91433156 4287952557
-0.34085017 0.14859927 0.91411483 4287952557
-0.33494273 0.14856382 0.91389745 4287952557
-0.32903823 0.14852831 0.91368049 4287952557
-0.32313657 0.14849287 0.91346502 4287952557
-0.31723759 0.1484576 0.91325265 4287952557
-0.3113414 0.14842246 0.91304141 4287952557
-0.30544811 0.1483871 0.91282755 4287952557
-0.29955786 0.14835125 0.9126063 4287952557
-0.29366741 0.14831437 0.91238135 4287952557
-0.28777754 0.14827649 0.91215086 4287952557
-0.28189081 0.14823839 0.91191703 4287952557
-0.27600729 0.14820015 0.91168141 4287952557
-0.27012691 0.14816196 0.91144574 4287952557
-0.26424953 0.14812383 0.91121054 4287952557
-0.2583752 0.14808579 0.91097587 4287952557
-0.2525039 0.14804773 0.91074103 4287952557
-0.24663565 0.14800972 0.91050613 4287952557
-0.2407704 0.14797179 0.91027236 4287952557
-0.23490806 0.14793406 0.91004097 4287952557
-0.2290494 0.14789689 0.90981346 4287952557
-0.22320043 0.14786196 0.90959102 4287952557
-0.21735795 0.14782856 0.90937376 4287952557
-0.21151774 0.14779553 0.90916085 4287952557
-0.20567985 0.14776281 0.90895134 4287952557
-0.19984439 0.14773028 0.90874416 4287952557
-0.19401112 0.14769804 0.90854019 4287952557
-0.18818015 0.14766602 0.90833884 4287952557
-0.18235171 0.14763382 0.90813518 4287952557
-0.17652598 0.14760099 0.90792435 4287952557
-0.17070317 0.14756721 0.9077028 4287952557
-0.16487622 0.14752993 0.90746886 4287952557
-0.1590451 0.14748913 0.907224 4287952557
-0.153219 0.14744823 0.90697241 4287952557
-0.14739673 0.14740728 0.90671819 4287952557
-0.14157766 0.14736634 0.90646392 4287952557
-0.13576174 0.14732558 0.90621138 4287952557
-0.12994899 0.1472849 0.90595984 4287952557
-0.12413942 0.14724423 0.90570837 4287952557
-0.11833306 0.14720364 0.90545726 4287952557
-0.11252979 0.14716318 0.90520811 4287952557
-0.10672953 0.14712313 0.90496331 4287952557
-0.10093267 0.14708379 0.90472436 4287952557
-0.095140211 0.14704582 0.90449196 4287952557
-0.089350499 0.14700836 0.90426564 4287952557
-0.083565444 0.14697237 0.90404403 4287952557
-0.077783354 0.14693671 0.90382475 4287952557
-0.072004028 0.14690113 0.903606 4287952557
-0.066227473 0.14686556 0.90338749 4287952557
-0.060453627 0.14683017 0.903171 4287952557
-0.054682441 0.14679503 0.90295732 4287952557
-0.04891403 0.14675985 0.9027431 4287952557
-0.043148562 0.14672439 0.90252483 4287952557
-0.037386172 0.14668836 0.90229923 4287952557
-0.03162593 0.14665058 0.90206504 4287952557
-0.025868049 0.14661109 0.90182275 4287952557
-0.020113522 0.14657122 0.90157545 4287952557
-0.014362189 0.14653121 0.90132666 4287952557
-0.008613931 0.14649138 0.90107948 4287952557
-0.0028686728 0.14645176 0.90083492 4287952557
0.002873556 0.14641228 0.90059233 4287952557
0.008612657 0.14637282 0.90034962 4287952557
0.014348645 0.14633337 0.90010715 4287952557
0.02008163 0.14629416 0.89986753 4287952557
0.025811708 0.14625575 0.89963436 4287952557
0.031539019 0.14621873 0.89941007 4287952557
0.037263803 0.14618289 0.89919728 4287952557
0.042986978 0.14615284 0.89900142 4287952557
0.04870851 0.14612389 0.89881855 4287952557
0.054427937 0.14609504 0.898637 4287952557
0.060144804 0.14606547 0.89844561 4287952557
0.06585861 0.14603439 0.89823359 4287952557
0.071564995 0.14599219 0.89799792 4287952557
0.077266864 0.14594792 0.89774132 4287952557
0.082966581 0.14590643 0.89747459 4287952557
0.088664234 0.1458669 0.897214 4287952557
0.094359241 0.14582795 0.89696085 4287952557
0.10005102 0.14578877 0.89670408 4287952557
0.10573829 0.14574781 0.89642173 4287952557
0.11141745 0.14570068 0.89609843 4287952557
0.11709694 0.14564998 0.89596015 4287952557
0.12277701 0.14558817 0.89569706 4287952557
0.12839331 0.14550126 0.89502162 4287952557
0.13391049 0.1453934 0.89389044 4287952557
0.1391581 0.14524984 0.89182186 4287952557
0.14436479 0.14413433 0.88720971 4287952557
0.14434956 0.13898844 0.85459423 4282643381
0.14928094 0.1382262 0.85123456 4282643381
0.15435393 0.13805903 0.84958285 4282643381
0.15963192 0.13798587 0.84874636 4282643381
0.16499941 0.13795516 0.84837073 4282643381
0.17039154 0.13793546 0.84822512 4282643381
0.17579643 0.13793153 0.84837669 4282643381
0.18118571 0.13791843 0.84833169 4282643381
0.18658049 0.13790704 0.84824258 4282643381
0.19197486 0.13789366 0.84811503 4282643381
0.19737151 0.13787998 0.84797692 4282643381
0.20276394 0.13787431 0.84799451 4282643381
0.20816614 0.13786736 0.84794766 4282643381
0.21361628 0.13792093 0.84841895 4282643381
0.21924178 0.1380779 0.84947914 4282643381
0.2249689 0.13834716 0.85142148 4282643381
0.23208198 0.13920367 0.85608202 4282643381
-0.7353431 0.14934781 0.8841666 4291520081
-0.72777128 0.14894256 0.88170046 4291520081
-0.72156549 0.14879073 0.88050497 4291520081
-0.71530801 0.14865974 0.8797456 4291520081
-0.70906168 0.14853403 0.87908131 4291520081
-0.7030555 0.14845096 0.8786059 4291520081
-0.69714409 0.14837904 0.87809199 4291520081
-0.69122845 0.14830661 0.87754583 4291520081
-0.68529123 0.14823183 0.8769058 4291520081
-0.67935026 0.14817558 0.87659603 4291520081
-0.67398578 0.14822045 0.87729651 4291520081
-0.66918772 0.14839748 0.87832546 4291520081
-0.66524941 0.14867619 0.88052601 4291520081
-0.66218525 0.1492887 0.88377762 4291520081
-0.6596874 0.15025297 0.88887578 4294901760
-0.65960735 0.15141904 0.89613992 4291520081
-0.66031832 0.15275025 0.90414166 4291520081
-0.66077411 0.15413971 0.91250271 4291520081
-0.65948111 0.15549999 0.9199276 4291520081
-0.6561839 0.15617457 0.92327321 4286097756
-0.65164584 0.1562711 0.9249959 4286097756
-0.64590204 0.15628722 0.92567247 4286097756
-0.63982117 0.1562629 0.92541248 4287952557
-0.63380229 0.15624271 0.92504632 4287952557
-0.62784791 0.15622519 0.92466217 4287952557
-0.62191027 0.15621433 0.92458975 4287952557
-0.61598587 0.15620516 0.92448223 4287952557
-0.60997719 0.15617633 0.9243266 4287952557
-0.60391098 0.15613332 0.92412084 4287952557
-0.59784913 0.15608947 0.9238742 4287952557
-0.59179151 0.15604512 0.92360562 4287952557
-0.58573747 0.15600082 0.92333829 4287952557
-0.57969409 0.15595816 0.92307419 4287952557
-0.57365388 0.15591557 0.92281359 4287952557
-0.56761676 0.15587315 0.92255753 4287952557
-0.56158274 0.15583083 0.92230451 4287952557
-0.55555189 0.15578859 0.92205304 4287952557
-0.54952449 0.15574637 0.92180181 4287952557
-0.54350019 0.15570423 0.92155164 4287952557
-0.5374791 0.15566215 0.92130172 4287952557
-0.53146142 0.15561998 0.92104965 4287952557
-0.52544695 0.15557785 0.9207986 4287952557
-0.51943582 0.15553586 0.92054915 4287952557
-0.51342863 0.15549408 0.92030162 4287952557
-0.50742471 0.15545237 0.92005473 4287952557
-0.50142384 0.15541072 0.91981 4287952557
-0.49542648 0.15536918 0.91956574 4287952557
-0.48943254 0.15532751 0.91931927 4287952557
-0.48344177 0.15528604 0.91907501 4287952557
-0.4774543 0.15524444 0.91882646 4287952557
-0.47147027 0.15520269 0.91857332 4287952557
-0.46548975 0.15516075 0.91831475 4287952557
-0.45949575 0.15511446 0.91805106 4287952557
-0.45350423 0.15506779 0.91778469 4287952557
-0.44751638 0.15502121 0.91751933 4287952557
-0.44153211 0.15497479 0.91725582 4287952557
-0.43556044 0.15493074 0.91699409 4287952557
-0.42959782 0.15488809 0.91673172 4287952557
-0.4236384 0.1548456 0.9164722 4287952557
-0.41768169 0.15480353 0.91622359 4287952557
-0.41172734 0.15476254 0.91599798 4287952557
-0.40580449 0.15473025 0.91579837 4287952557
-0.3999013 0.15470359 0.91562128 4287952557
-0.39399949 0.15467744 0.9154563 4287952557
-0.3880997 0.15465122 0.91529077 4287952557
-0.38218105 0.15461896 0.91511351 4287952557
-0.37626243 0.15458533 0.91492367 4287952557
-0.37034023 0.1545496 0.91472429 4287952557
-0.36442003 0.15451321 0.91451746 4287952557
-0.35850286 0.15447646 0.9143042 4287952557
-0.35258862 0.15443957 0.91408849 4287952557
-0.3466773 0.15440251 0.91386962 4287952557
-0.34076887 0.15436547 0.91365105 4287952557
-0.33486316 0.15432857 0.91343474 4287952557
-0.32896015 0.15429196 0.91322231 4287952557
-0.32305971 0.15425585 0.91301769 4287952557
-0.31716856 0.15422139 0.91281158 4287952557
-0.31128135 0.15418731 0.9126054 4287952557
-0.30539685 0.15415308 0.91239619 4287952557
-0.29951519 0.15411845 0.91218048 4287952557
-0.29362813 0.15408108 0.91195971 4287952557
-0.28773981 0.1540419 0.91173059 4287952557
-0.28185457 0.15400252 0.91149843 4287952557
-0.27597255 0.15396301 0.91126376 4287952557
-0.27009311 0.15392336 0.91102898 4287952557
-0.26421669 0.15388381 0.91079503 4287952557
-0.25834328 0.15384427 0.91056132 4287952557
-0.25247282 0.15380491 0.91033012 4287952557
-0.24660549 0.15376534 0.91009527 4287952557
-0.24074115 0.15372582 0.90986121 4287952557
-0.23487975 0.15368645 0.90962946 4287952557
-0.22902134 0.15364741 0.90940177 4287952557
-0.22316892 0.1536099 0.90917921 4287952557
-0.21731919 0.15357272 0.90896183 4287952557
-0.21147218 0.1535358 0.90874791 4287952557
-0.20562796 0.15349905 0.90853626 4287952557
-0.1997865 0.15346237 0.90832591 4287952557
-0.19394785 0.15342584 0.90811735 4287952557
-0.18811193 0.1533895 0.90791124 4287952557
-0.1822789 0.15335308 0.90770328 4287952557
-0.17644887 0.15331623 0.90748936 4287952557
-0.17062098 0.15327829 0.90726584 4287952557
-0.16479395 0.15323848 0.90703118 4287952557
-0.15896697 0.15319638 0.90678656 4287952557
-0.15314339 0.15315382 0.90653557 4287952557
-0.14732298 0.153111 0.90628207 4287952557
-0.14150584 0.15306823 0.90602911 4287952557
-0.13569191 0.15302555 0.90577734 4287952557
-0.12988122 0.15298297 0.90552664 4287952557
-0.12407379 0.15294036 0.90527523 4287952557
-0.11826967 0.15289773 0.90502357 4287952557
-0.11246874 0.15285526 0.90477377 4287952557
-0.10667086 0.15281312 0.90452886 4287952557
-0.10087595 0.15277146 0.90429097 4287952557
-0.095089056 0.15273388 0.90406132 4287952557
-0.089305438 0.15269738 0.90383905 4287952557
-0.083524272 0.15266129 0.90362257 4287952557
-0.077745676 0.15262541 0.90340894 4287952557
-0.07196974 0.1525896 0.90319639 4287952557
-0.066196471 0.15255381 0.90298402 4287952557
-0.060425773 0.15251821 0.90277439 4287952557
-0.054657664 0.15248278 0.90256685 4287952557
-0.048892297 0.15244721 0.90235704 4287952557
-0.043130115 0.15241149 0.90214026 4287952557
-0.03737117 0.15237533 0.90191334 4287952557
-0.031612106 0.152334 0.90167481 4287952557
-0.025855305 0.15229009 0.90142614 4287952557
-0.020103341 0.15224764 0.90117157 4287952557
-0.014354871 0.15220544 0.90091538 4287952557
-0.0086095007 0.15216339 0.90066105 4287952557
-0.0028671324 0.15212154 0.90041012 4287952557
0.0028721604 0.15207982 0.90016085 4287952557
0.0086083235 0.15203814 0.89991206 4287952557
0.014341437 0.15199663 0.89966571 4287952557
0.020071674 0.15195557 0.89942598 4287952557
0.025799127 0.15191518 0.89919579 4287952557
0.031523872 0.15187559 0.89897829 4287952557
0.037246149 0.15184176 0.89877403 4287952557
0.042966679 0.15180998 0.89858615 4287952557
0.048685379 0.15177906 0.89841187 4287952557
0.054401912 0.15174828 0.89824033 4287952557
0.060115848 0.1517169 0.89805931 4287952557
0.065826967 0.15168512 0.89785701 4287952557
0.071532086 0.15164453 0.8976289 4287952557
0.077232122 0.15160003 0.89737749 4287952557
0.082930095 0.15155926 0.89711398 4287952557
0.088625096 0.15151861 0.8968516 4287952557
0.094317436 0.15147845 0.89659613 4287952557
0.10000665 0.15143821 0.89633846 4287952557
0.10569149 0.15139663 0.89605701 4287952557
0.11136588 0.15134463 0.8957355 4287952557
0.11704365 0.15128516 0.89558548 4287952557
0.1227205 0.15121584 0.89531541 4287952557
0.12835763 0.15113333 0.89476591 4287952557
0.13388492 0.1510347 0.89363497 4287952557
0.13920854 0.15092111 0.89173198 4287952557
0.14443634 0.14978346 0.88758922 4287952557
0.14432161 0.14436777 0.85431135 4282643381
0.14923359 0.14359652 0.85096735 4282643381
0.15430498 0.14340809 0.84931582 4282643381
0.15957448 0.14333746 0.8484804 4282643381
0.16493513 0.14331375 0.84805995 4282643381
0.17033546 0.14330292 0.84795702 4282643381
0.17574655 0.14329971 0.84809577 4282643381
0.18114203 0.14328986 0.84804666 4282643381
0.18653601 0.14327866 0.84795874 4282643381
0.19193007 0.14326647 0.84784186 4282643381
0.19732623 0.14325452 0.84772897 4282643381
0.20271847 0.1432475 0.84774911 4282643381
0.20814107 0.1432488 0.84771973 4282643381
0.21357906 0.14329775 0.84821171 4282643381
0.2191429 0.1434384 0.84926808 4282643381
0.22493228 0.14373946 0.8512634 4282643381
0.23203953 0.14463992 0.85593086 4282643381
-0.73511821 0.15493158 0.88387823 4291520081
-0.72759229 0.15452275 0.88149685 4291520081
-0.72140241 0.1543723 0.88025242 4291520081
-0.71510023 0.15423283 0.87958664 4291520081
-0.70885736 0.15410002 0.87892473 4291520081
-0.70292962 0.15402682 0.87845808 4291520081
-0.6619795 0.3317306 0.92261493 4291520081
-0.65979141 0.33413064 0.92788267 4294901760
-0.65821141 0.33710796 0.93515974 4291520081
-0.65830231 0.33992845 0.94339764 4291520081
-0.65839517 0.34280115 0.95168179 4291520081
-0.65870911 0.34580758 0.96040899 4291520081
-0.65724611 0.34919468 0.96871156 4291520081
-0.65601385 0.35280004 0.97669786 4291520081
-0.65360582 0.35525665 0.9822613 4294901760
-0.64948326 0.35390022 0.98416805 4294901760
-0.6431905 0.35299617 0.98456895 4294901760
-0.63618588 0.35343528 0.98360407 4287952557
-0.6295408 0.35372138 0.98274368 4287952557
-0.6230607 0.35373166 0.98225129 4287952557
-0.61661565 0.35362625 0.98196059 4287952557
-0.61021286 0.3535437 0.98173016 4287952557
-0.60381573 0.3534379 0.98153722 4287952557
-0.59754372 0.35344422 0.98149192 4287952557
-0.59132063 0.35349062 0.98151314 4287952557
-0.58510762 0.35353813 0.98156035 4287952557
-0.57889366 0.35358116 0.9816134 4287952557
-0.57267851 0.35362133 0.9816699 4287952557
-0.56646252 0.3536514 0.98173982 4287952557
-0.5602684 0.35369968 0.98184502 4287952557
-0.55409145 0.35376135 0.98198122 4287952557
-0.54791278 0.35381582 0.98212701 4287952557
-0.54173231 0.35386392 0.98228115 4287952557
-0.53555024 0.35390696 0.98244214 4287952557
-0.52936637 0.35394573 0.9826088 4287952557
-0.52320313 0.35399398 0.98282397 4287952557
-0.51705629 0.35408789 0.98303515 4287952557
-0.51090652 0.35419753 0.98322678 4287952557
-0.50474131 0.35431963 0.98336571 4287952557
-0.49836585 0.35418704 0.98323089 4287952557
-0.49199271 0.35408908 0.98305231 4287952557
-0.48562247 0.35401288 0.98284626 4287952557
-0.47925505 0.35394379 0.98263115 4287952557
-0.47289011 0.35386199 0.98243248 4287952557
-0.46652952 0.3537834 0.9822349 4287952557
-0.46018142 0.35372958 0.9820348 4287952557
-0.45381927 0.35366207 0.98180032 4287952557
-0.44741502 0.35353705 0.98149788 4287952557
-0.44101512 0.35341904 0.98118687 4287952557
-0.43461934 0.35330218 0.98087442 4287952557
-0.4282276 0.35318089 0.98056823 4287952557
-0.42185134 0.35307145 0.98028541 4287952557
-0.41549793 0.35299063 0.98003042 4287952557
-0.40914768 0.35291246 0.97977203 4287952557
-0.40279537 0.35283056 0.9794994 4287952557
-0.39641824 0.35271633 0.97916788 4287952557
-0.3900474 0.3526004 0.97884697 4287952557
-0.38369852 0.35251197 0.97855514 4287952557
-0.37735304 0.35241935 0.97826898 4287952557
-0.37101084 0.35232052 0.97799098 4287952557
-0.36467224 0.35222146 0.97771358 4287952557
-0.35833818 0.35212192 0.97744101 4287952557
-0.35201699 0.35203913 0.97718352 4287952557
-0.34569892 0.35195506 0.97692776 4287952557
-0.3393842 0.35187247 0.97667021 4287952557
-0.33305383 0.35175705 0.97637737 4287952557
-0.32671556 0.35162768 0.97605133 4287952557
-0.32038158 0.35149857 0.97572547 4287952557
-0.31405222 0.35137498 0.97539258 4287952557
-0.3077271 0.35124895 0.97506338 4287952557
-0.30140641 0.35112453 0.9747324 4287952557
-0.29509023 0.35100248 0.97439879 4287952557
-0.28877851 0.35088316 0.97406155 4287952557
-0.28246847 0.35075998 0.97371662 4287952557
-0.27616438 0.3506428 0.97337019 4287952557
-0.26986456 0.35052377 0.97302663 4287952557
-0.26356912 0.35040474 0.97268349 4287952557
-0.25727803 0.35028496 0.97234178 4287952557
-0.25099123 0.35016385 0.97200239 4287952557
-0.24470873 0.35004202 0.97166413 4287952557
-0.23843047 0.34991768 0.97132969 4287952557
-0.23215646 0.34979081 0.97099906 4287952557
-0.2258894 0.34966904 0.97067809 4287952557
-0.21964495 0.34959966 0.9703986 4287952557
-0.21338224 0.34946764 0.97006935 4287952557
-0.20711915 0.34932271 0.9697268 4287952557
-0.20086075 0.34917808 0.96938425 4287952557
-0.19460693 0.34903103 0.96904558 4287952557
-0.18836296 0.34889448 0.96873194 4287952557
-0.18214534 0.3488262 0.96848875 4287952557
-0.17593229 0.34875602 0.96826446 4287952557
-0.16972847 0.34870335 0.96807033 4287952557
-0.16352665 0.34864408 0.96788567 4287952557
-0.15732695 0.34858081 0.9677065 4287952557
-0.15112945 0.34851584 0.96752995 4287952557
-0.14493421 0.34844881 0.96735626 4287952557
-0.13873653 0.34835869 0.96716917 4287952557
-0.13254732 0.34829617 0.96700364 4287952557
-0.12636155 0.34824035 0.96684265 4287952557
-0.12017788 0.34818694 0.9666785 4287952557
-0.11399633 0.34813595 0.96651107 4287952557
-0.10781511 0.34807774 0.9663319 4287952557
-0.10163002 0.34798443 0.96612096 4287952557
-0.095449902 0.34790519 0.96591878 4287952557
-0.089277267 0.34785858 0.96574277 4287952557
-0.083106659 0.34781092 0.96556818 4287952557
-0.076938055 0.34776163 0.96539599 4287952557
-0.070771426 0.34771025 0.96522665 4287952557
-0.064606756 0.347655 0.96506274 4287952557
-0.058444194 0.347601 0.96489698 4287952557
-0.052284043 0.34755555 0.96472013 4287952557
-0.046123605 0.34748992 0.96449858 4287952557
-0.039959472 0.3473511 0.96418989 4287952557
-0.033800032 0.34722435 0.96386546 4287952557
-0.027645145 0.34710458 0.96353191 4287952557
-0.021494439 0.34698352 0.96320063 4287952557
-0.015348241 0.34686881 0.96288103 4287952557
-0.0092061022 0.34675494 0.9625687 4287952557
-0.0030678993 0.34663987 0.96225816 4287952557
0.003065815 0.34656459 0.96199429 4287952557
0.0091966558 0.34648466 0.96173841 4287952557
0.015324628 0.34639817 0.9614917 4287952557
0.021449309 0.34631535 0.96124017 4287952557
0.027570603 0.34623754 0.96098232 4287952557
0.033687878 0.34614778 0.96070027 4287952557
0.039798964 0.34600022 0.960356 4287952557
0.045904931 0.34586364 0.9599973 4287952557
0.052006274 0.34572712 0.95963937 4287952557
0.058105156 0.34561586 0.95931411 4287952557
0.064200386 0.34550422 0.95899796 4287952557
0.070290789 0.34540349 0.95866764 4287952557
0.076374799 0.34533006 0.95830125 4287952557
0.082435049 0.34508914 0.95773464 4287952557
0.088480271 0.34481668 0.95708269 4287952557
0.094515547 0.34456187 0.95640892 4287952557
0.10054316 0.34431136 0.95574361 4287952557
0.10656898 0.34411374 0.95512944 4287952557
0.11258472 0.34395391 0.9544642 4287952557
0.11859908 0.34382266 0.9537583 4287952557
0.12468114 0.34301865 0.95390725 4287952557
0.13073505 0.34272715 0.95349848 4287952557
0.13674763 0.34386334 0.95348477 4287952557
0.14216708 0.34582797 0.95321584 4287952557
0.14599608 0.32422963 0.89901656 4282643381
0.15108247 0.31863254 0.89082903 4282643381
0.15584794 0.31905562 0.88812399 4282643381
0.16122018 0.31953359 0.88725299 4282643381
0.16682166 0.31974879 0.88687134 4282643381
0.17247498 0.31975439 0.8867411 4282643381
0.17814228 0.31955385 0.88696879 4282643381
0.18375912 0.31945878 0.88683087 4282643381
0.18937983 0.31940079 0.88667738 4282643381
0.19499867 0.31936178 0.88648611 4282643381
0.20063721 0.31936505 0.88635206 4282643381
0.20635837 0.31952026 0.88632613 4282643381
0.21198161 0.31935504 0.88691229 4282643381
0.21752268 0.31917006 0.88819385 4282643381
0.22564732 0.32262903 0.89455473 4282643381
-0.72788405 0.33883661 0.92456108 4291520081
-0.72124904 0.33844051 0.92372501 4291520081
-0.71519202 0.33841875 0.92336625 4291520081
-0.70913762 0.3383688 0.9230758 4291520081
-0.70309103 0.3382892 0.92286706 4291520081
-0.69704735 0.33821467 0.92264783 4291520081
-0.69100904 0.33817482 0.92235684 4291520081
-0.68486977 0.33829683 0.92159593 4291520081
-0.67858726 0.33823434 0.92100722 4291520081
-0.67244965 0.337984 0.92093015 4291520081
-0.66701257 0.33755243 0.92185849 4294901760
-0.66327012 0.33831123 0.92446744 4291520081
-0.66046757 0.34021178 0.92876071 4294901760
-0.65863383 0.34302521 0.93528599 4294901760
-0.65808505 0.34595683 0.94328445 4291520081
-0.65830165 0.34887329 0.95164323 4291520081
-0.65818179 0.35203552 0.96028495 4291520081
-0.65819037 0.35508227 0.96890783 4291520081
-0.65684593 0.35854441 0.97724396 4291520081
-0.65566522 0.36260858 0.98557705 4291520081
-0.65296161 0.3644678 0.99051994 4294901760
-0.64841026 0.3629092 0.99213755 4294901760
-0.64195251 0.36225426 0.99234909 4294901760
-0.63498062 0.36273023 0.99139392 4287952557
-0.62831879 0.36303839 0.99051875 4287952557
-0.6217857 0.36305469 0.98999953 4287952557
-0.61526424 0.36293948 0.98965406 4287952557
-0.60874647 0.36280453 0.98933166 4287952557
-0.60223639 0.36264238 0.98905051 4287952557
-0.59590292 0.36264741 0.98897946 4287952557
-0.58957648 0.36263612 0.98894399 4287952557
-0.58325553 0.36261722 0.98892963 4287952557
-0.57693511 0.36259428 0.98892033 4287952557
-0.57061517 0.36257142 0.98891103 4287952557
-0.56429571 0.36254078 0.98891109 4287952557
-0.55797684 0.36249906 0.98892456 4287952557
-0.5517078 0.36250821 0.98900521 4287952557
-0.54550195 0.36259118 0.9891656 4287952557
-0.53930789 0.36268494 0.9893505 4287952557
-0.53311121 0.3627716 0.98954391 4287952557
-0.52691245 0.3628481 0.9897505 4287952557
-0.52072316 0.36293325 0.98997974 4287952557
-0.51453108 0.36302212 0.99020475 4287952557
-0.50833595 0.36313772 0.99039781 4287952557
-0.50208777 0.36321265 0.99049574 4287952557
-0.49567276 0.36309659 0.99034858 4287952557
-0.4892661 0.36302501 0.99016476 4287952557
-0.48286206 0.36296794 0.98996341 4287952557
-0.4764604 0.36290824 0.98976547 4287952557
-0.47006109 0.36284441 0.98957253 4287952557
-0.46366423 0.36278409 0.98937541 4287952557
-0.45725161 0.3627055 0.98914403 4287952557
-0.4507978 0.36257428 0.98883873 4287952557
-0.44434857 0.36245239 0.98852283 4287952557
-0.43790361 0.36233473 0.98820204 4287952557
-0.43146268 0.36221409 0.98788518 4287952557
-0.42502573 0.36208719 0.98757619 4287952557
-0.41860536 0.36197746 0.987288 4287952557
-0.4122057 0.36189622 0.9870221 4287952557
-0.40579203 0.36178923 0.98672831 4287952557
-0.39936677 0.36166009 0.986408 4287952557
-0.39294595 0.36153692 0.98608053 4287952557
-0.38652956 0.36141604 0.98575085 4287952557
-0.38010961 0.36128041 0.98541111 4287952557
-0.3736935 0.36114249 0.98507243 4287952557
-0.36728194 0.36100405 0.98473465 4287952557
-0.36087492 0.36086512 0.98439801 4287952557
-0.35449597 0.3607659 0.98410475 4287952557
-0.34812284 0.36066815 0.98381871 4287952557
-0.34175405 0.36057299 0.98353249 4287952557
-0.33539626 0.36049682 0.98325193 4287952557
-0.32901275 0.36036691 0.98291641 4287952557
-0.32263395 0.3602435 0.98257297 4287952557
-0.31625536 0.36011487 0.98221761 4287952557
-0.30988044 0.35998517 0.98185974 4287952557
-0.30350998 0.35985279 0.98150545 4287952557
-0.29714423 0.35972127 0.98115063 4287952557
-0.29078305 0.35959014 0.98079556 4287952557
-0.28442651 0.35946006 0.98043954 4287952557
-0.27807465 0.35933092 0.98008299 4287952557
-0.27172735 0.35920179 0.97972655 4287952557
-0.26538464 0.35907114 0.97937274 4287952557
-0.25904936 0.35894585 0.97902793 4287952557
-0.25271848 0.35881782 0.9786877 4287952557
-0.24639195 0.3586874 0.97835076 4287952557
-0.2400921 0.358612 0.97807121 4287952557
-0.23379548 0.35852787 0.97780508 4287952557
-0.22750218 0.35844252 0.97754073 4287952557
-0.22121239 0.35836193 0.9772706 4287952557
-0.21491435 0.35825196 0.97696513 4287952557
-0.20860608 0.35810667 0.9766106 4287952557
-0.20230295 0.35796824 0.97624892 4287952557
-0.19600624 0.35783979 0.97588497 4287952557
-0.18971403 0.35770991 0.97552347 4287952557
-0.18342589 0.35757101 0.97517353 4287952557
-0.17714202 0.3574186 0.97484112 4287952557
-0.17088598 0.35734299 0.97459674 4287952557
-0.16463323 0.3572571 0.97437155 4287952557
-0.15838321 0.3571606 0.9741599 4287952557
-0.15213923 0.35706836 0.97397196 4287952557
-0.14591661 0.35705537 0.97385961 4287952557
-0.13969502 0.35703802 0.97375268 4287952557
-0.13347107 0.35700133 0.97363472 4287952557
-0.12724409 0.35694286 0.97349602 4287952557
-0.12101908 0.35688931 0.9733513 4287952557
-0.11479603 0.35684028 0.97320116 4287952557
-0.10857303 0.35678393 0.97303724 4287952557
-0.10235181 0.356727 0.97287005 4287952557
-0.096132196 0.35666889 0.97269756 4287952557
-0.089912936 0.3565954 0.97251654 4287952557
-0.08369597 0.35652456 0.97233242 4287952557
-0.077481396 0.35645419 0.97214788 4287952557
-0.071269237 0.35638383 0.97196352 4287952557
-0.06505955 0.35631499 0.97177726 4287952557
-0.058852367 0.35624918 0.97158724 4287952557
-0.052647606 0.35618818 0.97138512 4287952557
-0.046441529 0.35608974 0.97112465 4287952557
-0.040236462 0.35596839 0.97081554 4287952557
-0.034035604 0.35585475 0.97049224 4287952557
-0.027838439 0.35573667 0.97015899 4287952557
-0.021645304 0.3556166 0.96982849 4287952557
-0.015456213 0.35549399 0.9695012 4287952557
-0.0092711579 0.35536775 0.96917892 4287952557
-0.003090939 0.35527274 0.96889549 4287952557
0.0030859737 0.35517645 0.96862519 4287952557
0.009259711 0.35507354 0.96836323 4287952557
0.015430222 0.35496381 0.96810973 4287952557
0.021597385 0.35485071 0.96786034 4287952557
0.02776104 0.35474062 0.96760774 4287952557
0.033921834 0.3546654 0.96736741 4287952557
0.040078741 0.35458714 0.96710408 4287952557
0.046229087 0.3544535 0.96677762 4287952557
0.052375518 0.35433719 0.96645319 4287952557
0.058517944 0.35421798 0.96613276 4287952557
0.064656205 0.35409921 0.96581197 4287952557
0.070789576 0.353993 0.96547639 4287952557
0.076916315 0.35391945 0.9651022 4287952557
0.083011165 0.35359979 0.96444082 4287952557
0.089094386 0.35331327 0.96373469 4287952557
0.095166631 0.35304895 0.96300346 4287952557
0.10123015 0.3527801 0.96227914 4287952557
0.10728622 0.35252398 0.96156931 4287952557
0.1133296 0.35233402 0.96079868 4287952557
0.11936527 0.35216933 0.95994121 4287952557
0.12552735 0.35109162 0.95998782 4287952557
0.13158494 0.35091063 0.95925933 4287952557
0.13745981 0.35247603 0.95929319 4287952557
0.1423156 0.35418457 0.95924246 4287952557
0.14638264 0.32988697 0.90015531 4282643381
0.15131587 0.32573771 0.89382863 4282643381
0.15638055 0.32638291 0.8916983 4282643381
0.16187151 0.3267554 0.89082295 4282643381
0.16754043 0.32678461 0.89065617 4282643381
0.17321141 0.32680288 0.89050788 4282643381
0.17889062 0.32660091 0.89065468 4282643381
0.18452774 0.32649904 0.89049649 4282643381
0.19016509 0.32641953 0.89032304 4282643381
0.19580722 0.32634646 0.89019358 4282643381
0.20149434 0.32646167 0.88998276 4282643381
0.20725468 0.32661572 0.88991851 4282643381
0.21283582 0.32632777 0.89050561 4282643381
0.21844636 0.32620656 0.89218652 4282643381
0.22727749 0.33062881 0.900195 4282643381
-0.72440881 0.34590554 0.92760497 4291520081
-0.71812153 0.34577003 0.92702001 4291520081
-0.71196944 0.34567684 0.92665231 4291520081
-0.70581675 0.34554392 0.9263621 4291520081
-0.69971263 0.34544235 0.92610919 4291520081
-0.69363528 0.34537074 0.92584795 4291520081
-0.68755871 0.34537444 0.92543495 4291520081
-0.68136722 0.34555584 0.92468393 4291520081
-0.67513525 0.3453978 0.92435879 4291520081
-0.66917759 0.34491166 0.92474109 4291520081
-0.66464585 0.34491086 0.92660213 4291520081
-0.66142344 0.34626442 0.93002832 4291520081
-0.65942675 0.34885252 0.93568933 4294901760
-0.65779626 0.35201353 0.9431048 4291520081
-0.65776658 0.35503328 0.95154142 4291520081
-0.65811312 0.35810241 0.96015233 4291520081
-0.65826923 0.36118624 0.96874076 4291520081
-0.65736747 0.36454034 0.97735554 4291520081
-0.65669072 0.3682127 0.98637503 4291520081
-0.6551944 0.37212434 0.99424094 4291520081
-0.65255803 0.37360394 0.99914336 4294901760
-0.64778131 0.37265825 1.0010499 4294901760
-0.64125323 0.37188038 1.0011629 4294901760
-0.63410151 0.37223482 0.99998343 4294901760
-0.62727553 0.37245363 0.99894768 4287952557
-0.62057823 0.37228948 0.99838269 4287952557
-0.61391586 0.37209582 0.99791449 4287952557
-0.60733593 0.37196568 0.99755162 4287952557
-0.60079032 0.37183774 0.99725705 4287952557
-0.59440619 0.37185961 0.99716777 4287952557
-0.58802193 0.37185803 0.99710405 4287952557
-0.58163792 0.37184632 0.9970513 4287952557
-0.57526642 0.37183988 0.99702215 4287952557
-0.56889534 0.37182954 0.99699754 4287952557
-0.56258583 0.37188238 0.99705607 4287952557
-0.55629009 0.3719427 0.99714452 4287952557
-0.54999304 0.37198523 0.99725276 4287952557
-0.54369473 0.37201867 0.99737144 4287952557
-0.5373953 0.37204465 0.99749815 4287952557
-0.53109449 0.37206513 0.99763113 4287952557
-0.52479243 0.37208062 0.99776947 4287952557
-0.51853585 0.37216738 0.99795872 4287952557
-0.512281 0.37226805 0.99814403 4287952557
-0.50592345 0.37224552 0.99818712 4287952557
-0.49952343 0.37220481 0.99813181 4287952557
-0.49312493 0.37220415 0.99803156 4287952557
-0.4866755 0.37215599 0.99783301 4287952557
-0.48009458 0.37192404 0.99745363 4287952557
-0.47364095 0.37187111 0.99722844 4287952557
-0.46719512 0.37182546 0.99701005 4287952557
-0.46073127 0.3717449 0.99676996 4287952557
-0.45422691 0.37159964 0.99647075 4287952557
-0.44773465 0.37147561 0.99617106 4287952557
-0.44127035 0.37139079 0.99590164 4287952557
-0.43480927 0.37130204 0.99563712 4287952557
-0.4283514 0.37121046 0.99537587 4287952557
-0.42189699 0.37112281 0.99511045 4287952557
-0.41542697 0.37101051 0.99480957 4287952557
-0.40894637 0.37088197 0.99447775 4287952557
-0.4024705 0.37076163 0.99413717 4287952557
-0.39599913 0.37064451 0.99379319 4287952557
-0.38953212 0.37052625 0.99345082 4287952557
-0.38306934 0.37040615 0.99311078 4287952557
-0.3766109 0.37028468 0.9927727 4287952557
-0.37015679 0.37016433 0.99243349 4287952557
-0.36370701 0.37004238 0.99209648 4287952557
-0.35725591 0.36990783 0.99175298 4287952557
-0.35080692 0.36976746 0.99140733 4287952557
-0.34436265 0.36962992 0.99105883 4287952557
-0.3379162 0.36948377 0.99069256 4287952557
-0.33146858 0.36933282 0.99030626 4287952557
-0.32502633 0.36918721 0.98991436 4287952557
-0.31858918 0.36904287 0.98952121 4287952557
-0.31215736 0.36889952 0.98912805 4287952557
-0.30573824 0.36876854 0.98875606 4287952557
-0.29932413 0.36864126 0.98838001 4287952557
-0.2929146 0.36851117 0.98800761 4287952557
-0.28650981 0.36838195 0.98763484 4287952557
-0.28010941 0.36824581 0.98727036 4287952557
-0.27371356 0.36810449 0.98691237 4287952557
-0.26732218 0.36795771 0.98656106 4287952557
-0.26094478 0.36783442 0.98623043 4287952557
-0.25457373 0.36771074 0.98591298 4287952557
-0.24820672 0.36758286 0.98560059 4287952557
-0.24184367 0.36745039 0.98529375 4287952557
-0.23548464 0.36731598 0.9849894 4287952557
-0.22913165 0.3671909 0.98468506 4287952557
-0.22279626 0.36711273 0.98440635 4287952557
-0.21646304 0.36703956 0.98411208 4287952557
-0.2101099 0.36689961 0.98374641 4287952557
-0.20376232 0.36676395 0.98338079 4287952557
-0.19741952 0.36662886 0.98301518 4287952557
-0.19108328 0.36649963 0.98265588 4287952557
-0.18475677 0.36638513 0.98231822 4287952557
-0.17843409 0.36625886 0.98199469 4287952557
-0.17211522 0.36611718 0.98168892 4287952557
-0.16582349 0.36605063 0.98148453 4287952557
-0.15954173 0.36599839 0.98133034 4287952557
-0.15326157 0.36592907 0.98119622 4287952557
-0.14698935 0.3658821 0.9810921 4287952557
-0.14072163 0.36584845 0.98100293 4287952557
-0.1344551 0.36581901 0.98090887 4287952557
-0.12818664 0.36577973 0.98079288 4287952557
-0.12191414 0.3657172 0.98064202 4287952557
-0.11564239 0.36565056 0.98048109 4287952557
-0.10937278 0.36558461 0.9803195 4287952557
-0.10310535 0.36551991 0.98015672 4287952557
-0.096840069 0.36545712 0.9799915 4287952557
-0.090576954 0.36539605 0.97982448 4287952557
-0.084315546 0.3653326 0.97965354 4287952557
-0.078054398 0.36525357 0.97946852 4287952557
-0.071795523 0.36517093 0.97928566 4287952557
-0.065539002 0.36508566 0.97910559 4287952557
-0.059284963 0.36500585 0.97891945 4287952557
-0.053033564 0.36494198 0.97871691 4287952557
-0.046778791 0.36482054 0.97841495 4287952557
-0.040527582 0.36469355 0.9781031 4287952557
-0.034280829 0.3645784 0.97777766 4287952557
-0.028038407 0.36446643 0.977449 4287952557
-0.021800062 0.36435112 0.97712445 4287952557
-0.015565752 0.36423275 0.9768036 4287952557
-0.0093354182 0.36411107 0.97648698 4287952557
-0.0031088968 0.36398041 0.97617471 4287952557
0.0031134444 0.3638666 0.97589231 4287952557
0.0093322359 0.36380261 0.97566879 4287952557
0.015548671 0.36373883 0.97545749 4287952557
0.021763047 0.36366037 0.97526187 4287952557
0.027974717 0.36359116 0.9750573 4287952557
0.034183729 0.36352637 0.97484785 4287952557
0.040389918 0.36346945 0.97462946 4287952557
0.046589579 0.36335236 0.97433764 4287952557
0.052782916 0.36320379 0.97400343 4287952557
0.058972135 0.36305287 0.97367245 4287952557
0.065157026 0.36290765 0.97333539 4287952557
0.0713365 0.36278144 0.97297621 4287952557
0.077509806 0.36270782 0.97258157 4287952557
0.083653331 0.36244297 0.97191739 4287952557
0.089776859 0.36213329 0.97112823 4287952557
0.095888302 0.36183527 0.97031605 4287952557
0.10198931 0.36153916 0.96950352 4287952557
0.10807849 0.36125621 0.96867716 4287952557
0.11415067 0.36104569 0.96777081 4287952557
0.12019795 0.36069831 0.96674317 4287952557
0.12636378 0.35942933 0.96646595 4287952557
0.13269888 0.35893586 0.96587116 4287952557
0.13834378 0.36095989 0.96587884 4287952557
0.14673711 0.33535275 0.90156728 4282643381
0.15164727 0.33322111 0.89680547 4282643381
0.15694687 0.33357653 0.89511257 4282643381
0.16256626 0.33380345 0.8946265 4282643381
0.16826257 0.33385861 0.8944934 4282643381
0.17396475 0.3338314 0.89444345 4282643381
0.17964756 0.33362368 0.89452469 4282643381
0.18530822 0.33351451 0.89437264 4282643381
0.19096528 0.33342817 0.89418006 4282643381
0.19662304 0.33333594 0.8940255 4282643381
0.20234595 0.33353665 0.89372545 4282643381
0.20805407 0.33350149 0.89382792 4282643381
0.21363896 0.33321053 0.89444983 4282643381
0.21937758 0.33336949 0.89636075 4282643381
-0.72761798 0.35329568 0.93189013 4291520081
-0.72128385 0.35321197 0.93114024 4291520081
-0.71495819 0.35304478 0.93058056 4291520081
-0.70878249 0.35294336 0.93022311 4291520081
-0.70260853 0.35281947 0.92990631 4291520081
-0.6964379 0.35267889 0.92962188 4291520081
-0.69027382 0.35257533 0.92926872 4291520081
-0.68407315 0.352745 0.92845643 4291520081
-0.67790288 0.35269862 0.92810726 4291520081
-0.67170197 0.35250551 0.92799509 4291520081
-0.66633576 0.35213065 0.92903161 4294901760
-0.66269118 0.35302666 0.93200982 4291520081
-0.66004807 0.35498706 0.93653351 4294901760
-0.65824538 0.35794714 0.94320571 4294901760
-0.6573751 0.3611519 0.95137286 4291520081
-0.6578871 0.36417267 0.95995605 4291520081
-0.65770578 0.36736113 0.96846402 4291520081
-0.65775955 0.3706179 0.97727364 4291520081
-0.65702271 0.37418443 0.98628724 4291520081
-0.65609026 0.3779254 0.99529678 4291520081
-0.65427661 0.38200796 1.0035739 4291520081
-0.65254271 0.38423836 1.0094756 4291520081
-0.64836168 0.38299915 1.0117511 4294901760
-0.64176321 0.38211894 1.0119314 4294901760
-0.63451791 0.38245511 1.0108304 4294901760
-0.49766847 0.38210711 1.007167 4287952557
-0.48460582 0.38195452 1.0066859 4287952557
-0.47795254 0.38171834 1.0062488 4287952557
-0.47137979 0.38159031 1.0059141 4287952557
-0.46483585 0.38149184 1.0056212 4287952557
-0.45830429 0.38139614 1.005353 4287952557
-0.45178431 0.38130975 1.0051003 4287952557
-0.44526738 0.38121909 1.0048523 4287952557
-0.43875337 0.38111946 1.0046142 4287952557
-0.43224248 0.38101646 1.0043801 4287952557
-0.42576623 0.38096607 1.0041915 4287952557
-0.41929042 0.38092312 1.0039878 4287952557
-0.41271448 0.38072884 1.0036026 4287952557
-0.40614453 0.38055277 1.0031983 4287952557
-0.39958054 0.3803893 1.0027812 4287952557
-0.39302209 0.38022718 1.0023628 4287952557
-0.3864699 0.38006091 1.001953 4287952557
-0.37994635 0.37992981 1.00159 4287952557
-0.37342751 0.37979808 1.0012283 4287952557
-0.36691299 0.37965932 1.0008744 4287952557
-0.36040297 0.37951705 1.0005246 4287952557
-0.35391036 0.37940079 1.0001962 4287952557
-0.3474583 0.37936106 0.99992585 4287952557
-0.34091479 0.37914813 0.9994657 4287952557
-0.33439249 0.37897417 0.99902236 4287952557
-0.32787642 0.37880948 0.99856949 4287952557
-0.32136616 0.3786439 0.99811816 4287952557
-0.31486139 0.37847182 0.99767435 4287952557
-0.30836233 0.37829718 0.99723411 4287952557
-0.30186895 0.37811843 0.99679887 4287952557
-0.29538113 0.37793386 0.99637055 4287952557
-0.28889894 0.37774396 0.99594867 4287952557
-0.28245714 0.3776294 0.99561113 4287952557
-0.27602616 0.37752372 0.99529815 4287952557
-0.26959646 0.37740549 0.99498707 4287952557
-0.26318809 0.37732419 0.9947266 4287952557
-0.25679168 0.37726042 0.99449474 4287952557
-0.25039768 0.37718797 0.99427253 4287952557
-0.24400634 0.37711018 0.99405646 4287952557
-0.2376179 0.37703851 0.9938336 4287952557
-0.23123276 0.37698296 0.99359375 4287952557
-0.22482246 0.37686312 0.99325269 4287952557
-0.21835259 0.37656575 0.99271089 4287952557
-0.21190305 0.37631243 0.99220037 4287952557
-0.20551427 0.3762252 0.99185628 4287952557
-0.19912285 0.37611032 0.99149996 4287952557
-0.19273542 0.37598383 0.9911567 4287952557
-0.1863521 0.37585002 0.99082136 4287952557
-0.17997287 0.37570548 0.99049789 4287952557
-0.1736207 0.37562749 0.99028045 4287952557
-0.16727869 0.37556085 0.99011391 4287952557
-0.16096075 0.37556997 0.9900527 4287952557
-0.15464301 0.37556809 0.99000335 4287952557
-0.14832564 0.37556064 0.98995984 4287952557
-0.14200875 0.37555572 0.98991358 4287952557
-0.13568884 0.37554204 0.98984039 4287952557
-0.12935476 0.3754608 0.98968178 4287952557
-0.12302294 0.37538484 0.98951751 4287952557
-0.11669338 0.3753095 0.9893527 4287952557
-0.11037286 0.3752726 0.98923022 4287952557
-0.10405709 0.37525415 0.98913056 4287952557
-0.097742364 0.37523448 0.98903203 4287952557
-0.091420606 0.37515697 0.988877 4287952557
-0.085098796 0.37506151 0.98870665 4287952557
-0.078791685 0.37506291 0.98863953 4287952557
-0.072485276 0.37506169 0.98858035 4287952557
-0.066179439 0.37505648 0.98852527 4287952557
0.084469669 0.37235269 0.98138565 4287952557
0.090639196 0.37195775 0.98044407 4287952557
0.096796557 0.37156868 0.9794994 4287952557
0.10294343 0.37121791 0.97856694 4287952557
0.10907921 0.37093279 0.97763985 4287952557
0.1151881 0.37070248 0.97655141 4287952557
0.12123191 0.37003124 0.97506595 4287952557
0.12726645 0.36929187 0.97378582 4287952557
0.133522 0.36811399 0.97369605 4287952557
0.14702605 0.34276989 0.90424693 4282643381
0.15214977 0.3406828 0.90034252 4282643381
0.1576167 0.34073344 0.89904797 4282643381
0.16328827 0.34095743 0.89861012 4282643381
0.16901802 0.34104255 0.89852262 4282643381
0.17476578 0.34100744 0.89864504 4282643381
0.18050261 0.34100085 0.89869261 4282643381
0.1861852 0.3408725 0.89852422 4282643381
0.19186388 0.34077322 0.89830571 4282643381
0.19763088 0.34096876 0.89825535 4282643381
0.20334521 0.34098187 0.89793801 4282643381
0.20901433 0.34075078 0.89804691 4282643381
0.2146512 0.34054062 0.8987605 4282643381
0.22044878 0.34080434 0.90104097 4282643381
-0.72471797 0.36074269 0.93580991 4291520081
-0.71827984 0.36056206 0.93507427 4291520081
-0.71184355 0.36028737 0.93451166 4291520081
-0.70563871 0.36019182 0.93412179 4291520081
-0.69943851 0.36006296 0.93379724 4291520081
-0.69324267 0.35994396 0.93345517 4291520081
-0.68705475 0.35990229 0.93297863 4291520081
-0.68078297 0.36005387 0.9321686 4291520081
-0.67451507 0.35994083 0.93179178 4291520081
-0.66858453 0.35942414 0.93219203 4291520081
-0.66428727 0.35969967 0.93439943 4291520081
-0.6611622 0.3612954 0.93804926 4291520081
-0.65925318 0.36367029 0.94363558 4294901760
-0.65757895 0.36719075 0.95130318 4291520081
-0.6576224 0.37031373 0.95986962 4291520081
-0.65753055 0.37356666 0.96844411 4291520081
-0.65753114 0.37684152 0.97713375 4291520081
-0.65744579 0.38021892 0.98607326 4291520081
-0.65677547 0.38389397 0.99526668 4291520081
-0.65594959 0.38767514 1.0043818 4291520081
-0.65384197 0.39202422 1.0131586 4291520081
-0.65275311 0.39502591 1.0204771 4291520081
-0.64939767 0.39468309 1.0236106 4291520081
-0.64308941 0.39318824 1.0240259 4291520081
-0.63557744 0.39333686 1.0228087 4294901760
0.14755301 0.35022992 0.90759093 4282643381
0.15278588 0.34829354 0.90440357 4282643381
0.15838189 0.3483648 0.90336835 4282643381
0.16411775 0.34849337 0.90312338 4282643381
0.16987224 0.34853894 0.90302289 4282643381
0.17563148 0.34853598 0.90299964 4282643381
0.18137896 0.34846348 0.9029901 4282643381
0.1871002 0.34838414 0.9028241 4282643381
0.1928191 0.34832123 0.90262914 4282643381
0.19853725 0.34825382 0.90244114 4282643381
0.20428629 0.34830129 0.90206313 4282643381
0.20996688 0.34800372 0.90236312 4282643381
0.21569459 0.34795099 0.90336961 4282643381
0.22260827 0.34985635 0.90764183 4282643381
-0.72281826 0.36891776 0.94082475 4291520081
-0.71628648 0.36868262 0.94005167 4291520081
-0.7098223 0.36843196 0.93944323 4291520081
-0.7034952 0.36826825 0.93897086 4291520081
-0.69724345 0.36813265 0.93860883 4291520081
-0.69101423 0.36803332 0.93822539 4291520081
-0.68475372 0.36812294 0.93753791 4291520081
-0.67845082 0.36807218 0.93708527 4291520081
-0.67202604 0.36812273 0.93656278 4291520081
-0.66639358 0.36745739 0.93741834 4294901760
-0.66272062 0.36808211 0.94044435 4291520081
-0.66017443 0.37003303 0.94500941 4294901760
-0.65856564 0.373045 0.95170403 4294901760
-0.65716863 0.37656754 0.95974314 4291520081
-0.65725315 0.37975869 0.96836078 4291520081
-0.65710235 0.38310614 0.97701639 4291520081
-0.65715426 0.38653642 0.98595637 4291520081
-0.65667486 0.39009893 0.99496394 4291520081
-0.65667015 0.39369661 1.004341 4291520081
-0.65539885 0.39763328 1.0135323 4291520081
-0.65444094 0.40175968 1.0228167 4291520081
-0.65217012 0.40602875 1.0313857 4291520081
-0.65018725 0.4066292 1.0357403 4291520081
-0.64528549 0.4052406 1.037661 4291520081
0.14819217 0.35752338 0.91149658 4282643381
0.15352206 0.3558161 0.90883666 4282643381
0.15919819 0.35585603 0.90811336 4282643381
0.16495864 0.35600081 0.90780091 4282643381
0.17071253 0.35593796 0.90760374 4282643381
0.17646639 0.35583413 0.90747172 4282643381
0.18221718 0.35571361 0.90736669 4282643381
0.18796349 0.35564637 0.90717673 4282643381
0.19370703 0.3556048 0.90694594 4282643381
0.19944885 0.3555319 0.9067651 4282643381
0.2051896 0.35547471 0.90655625 4282643381
0.21101223 0.35549629 0.90699744 4282643381
0.21667148 0.35531479 0.90818262 4282643381
-0.72093374 0.3770569 0.94624501 4291520081
-0.71427828 0.37674785 0.94538796 4291520081
-0.70775992 0.37649181 0.94472468 4291520081
-0.70139897 0.37632772 0.94424248 4291520081
-0.69504118 0.3761296 0.9438113 4291520081
-0.68874902 0.37605071 0.94332707 4291520081
-0.68239242 0.376295 0.94242245 4291520081
-0.67604601 0.37632048 0.94199717 4291520081
-0.66975564 0.37615827 0.94196957 4291520081
-0.66464996 0.37532508 0.94336027 4291520081
-0.66148663 0.376378 0.94694382 4291520081
-0.6593675 0.37940145 0.95278472 4294901760
-0.65775061 0.3825824 0.95989996 4291520081
-0.65692353 0.38599482 0.96824425 4291520081
-0.65672243 0.38935584 0.97691619 4291520081
-0.65668136 0.39286116 0.9858374 4291520081
-0.65680826 0.39641047 0.99494267 4291520081
-0.65650195 0.40002194 1.004071 4291520081
-0.6565156 0.4036265 1.0134711 4291520081
-0.65520138 0.40766579 1.0228682 4291520081
-0.65408027 0.41184941 1.0324496 4291520081
-0.65293694 0.41627809 1.0417243 4291520081
-0.6508469 0.41948205 1.0491145 4291520081
-0.64791852 0.41961995 1.0530881 4291520081
-0.041173991 -0.2255455 0.99654496 4287952557
-0.035088431 -0.2269277 1.0026317 4287952557
-0.028968289 -0.2284084 1.0091565 4287952557
-0.022844559 -0.22998787 1.016122 4287952557
-0.01650564 -0.23177543 1.0240248 4287952557
-0.0098756654 -0.23382923 1.0331092 4287952557
-0.00327222 -0.23604907 1.042913 4287952557
0.0034487685 -0.23846856 1.0535915 4287952557
-0.43627504 -0.21661083 0.98473728 4287952557
-0.42659801 -0.2149235 0.97704023 4287952557
-0.41710272 -0.21336538 0.96983206 4287952557
-0.40837479 -0.21201316 0.96371031 4287952557
-0.40020064 -0.2108549 0.95853734 4287952557
-0.3922894 -0.20979162 0.95381671 4287952557
-0.38446894 -0.20883711 0.94949025 4287952557
-0.37690118 -0.20799838 0.94568431 4287952557
-0.36968103 -0.20725213 0.94239807 4287952557
-0.36250329 -0.20657001 0.9393267 4287952557
-0.35541633 -0.20592268 0.9364109 4287952557
-0.34845844 -0.2053293 0.93374324 4287952557
-0.34149155 -0.20483725 0.93133819 4287952557
-0.33491781 -0.20436519 0.9293344 4287952557
-0.32841387 -0.20393561 0.92752123 4287952557
-0.32189468 -0.20356369 0.92583168 4287952557
-0.31537861 -0.20323899 0.92423868 4287952557
-0.30891094 -0.20294575 0.92275202 4287952557
-0.30264464 -0.20263237 0.92144513 4287952557
-0.29643351 -0.20235465 0.92028606 4287952557
-0.2902132 -0.20214005 0.91925544 4287952557
-0.28399163 -0.20198959 0.91835546 4287952557
-0.27797976 -0.20179407 0.91764617 4287952557
-0.27198672 -0.20164397 0.91707325 4287952557
-0.26598749 -0.20155972 0.91663396 4287952557
-0.25999096 -0.20154481 0.91633129 4287952557
-0.2541351 -0.20148844 0.91619122 4287952557
-0.24831942 -0.20144969 0.91617835 4287952557
-0.24249829 -0.20145367 0.91624945 4287952557
-0.23667707 -0.20150574 0.91640961 4287952557
-0.23086222 -0.20160739 0.91665757 4287952557
-0.22511365 -0.2016734 0.91702473 4287952557
-0.21939896 -0.2017639 0.91754961 4287952557
-0.21370001 -0.20190023 0.91821671 4287952557
-0.20802538 -0.20208549 0.9190436 4287952557
-0.20237067 -0.20227453 0.91999066 4287952557
-0.1967129 -0.20249383 0.92099601 4287952557
-0.19105159 -0.20273602 0.92204684 4287952557
-0.18539086 -0.20300344 0.92314827 4287952557
-0.17973916 -0.20330618 0.92432094 4287952557
-0.17410353 -0.20363353 0.92561829 4287952557
-0.16845366 -0.20390657 0.92712784 4287952557
-0.16280974 -0.2042363 0.92877418 4287952557
-0.15718047 -0.20462643 0.93054521 4287952557
-0.15156545 -0.20506226 0.93241501 4287952557
-0.14592998 -0.20550035 0.93436933 4287952557
-0.14026295 -0.20593786 0.93641949 4287952557
-0.13459837 -0.20641024 0.93854988 4287952557
-0.1289406 -0.20692268 0.94080275 4287952557
-0.12326295 -0.20745827 0.94321501 4287952557
-0.11760215 -0.20804577 0.94578874 4287952557
-0.11189571 -0.2086516 0.94855481 4287952557
-0.10620698 -0.20930637 0.95145714 4287952557
-0.1005522 -0.21001577 0.95449728 4287952557
-0.094775006 -0.21073082 0.95781505 4287952557
-0.088946983 -0.21149327 0.96139252 4287952557
-0.083144553 -0.21231776 0.96514678 4287952557
-0.07725966 -0.21318726 0.96918321 4287952557
-0.071408145 -0.21411315 0.97336793 4287952557
-0.065490201 -0.21508621 0.97780782 4287952557
-0.059433989 -0.21610232 0.98254013 4287952557
-0.053385645 -0.21717744 0.98746353 4287952557
-0.047311969 -0.21831886 0.99266648 4287952557
-0.04120104 -0.21956041 0.99830937 4287952557
-0.035077769 -0.22090663 1.0043951 4287952557
-0.028829824 -0.22236185 1.0110179 4287952557
-0.022647044 -0.22392043 1.0180373 4287952557
-0.016311666 -0.22565602 1.0259117 4287952557
-0.0099742766 -0.22757944 1.034623 4287952557
-0.0035545297 -0.22965932 1.0440551 4287952557
0.0033126075 -0.23200931 1.0547749 4287952557
-0.43778381 -0.21114455 0.98840696 4287952557
-0.42835191 -0.20946915 0.98075908 4287952557
-0.41912919 -0.20793365 0.97366381 4287952557
-0.41029748 -0.20656835 0.96734732 4287952557
-0.40198597 -0.20539479 0.9619922 4287952557
-0.39387044 -0.20434409 0.95711523 4287952557
-0.38575661 -0.20341288 0.95254946 4287952557
-0.3782149 -0.20257403 0.94872266 4287952557
-0.37087214 -0.20182258 0.94530487 4287952557
-0.36359602 -0.20115933 0.94215983 4287952557
-0.35647929 -0.20053294 0.93924057 4287952557
-0.34949034 -0.1999481 0.93654025 4287952557
-0.34246811 -0.19949895 0.9341082 4287952557
-0.33583227 -0.19904567 0.93209869 4287952557
-0.32929447 -0.19864567 0.93032753 4287952557
-0.32279983 -0.19829622 0.92870921 4287952557
-0.31631026 -0.19799568 0.92717892 4287952557
-0.30983037 -0.19773853 0.92572093 4287952557
-0.30354613 -0.19743495 0.92443258 4287952557
-0.29726142 -0.19717902 0.92322725 4287952557
-0.29097253 -0.19699684 0.92214376 4287952557
-0.28469679 -0.19687626 0.92117262 4287952557
-0.27864295 -0.19668624 0.92043227 4287952557
-0.27264887 -0.19652006 0.91984469 4287952557
-0.26664594 -0.19643442 0.91938806 4287952557
-0.2606445 -0.19643611 0.91907704 4287952557
-0.25476372 -0.19639026 0.9189257 4287952557
-0.24894357 -0.1963387 0.91890776 4287952557
-0.24311863 -0.1963391 0.91897827 4287952557
-0.23729499 -0.1964054 0.91915846 4287952557
-0.23147848 -0.19651471 0.91940308 4287952557
-0.22575136 -0.19653593 0.91981238 4287952557
-0.22004181 -0.19659433 0.92036521 4287952557
-0.21433596 -0.19673812 0.92105353 4287952557
-0.20865408 -0.19690764 0.92188478 4287952557
-0.20298707 -0.19707735 0.92282784 4287952557
-0.1973183 -0.19726442 0.92383742 4287952557
-0.19164217 -0.1974671 0.9248898 4287952557
-0.18596162 -0.1977002 0.92599154 4287952557
-0.1802844 -0.19797555 0.92716223 4287952557
-0.17462295 -0.19830908 0.92842788 4287952557
-0.16895773 -0.19857581 0.92990655 4287952557
-0.16330217 -0.19890583 0.93151087 4287952557
-0.15764931 -0.19927128 0.93324447 4287952557
-0.15200219 -0.19967949 0.93507612 4287952557
-0.14633761 -0.20008934 0.93699628 4287952557
-0.14064029 -0.20048559 0.93902206 4287952557
-0.13495164 -0.20093989 0.9411487 4287952557
-0.12927024 -0.20143639 0.94336933 4287952557
-0.12356236 -0.20194897 0.94579148 4287952557
-0.11783201 -0.20248322 0.94835311 4287952557
-0.11210392 -0.20307143 0.95108867 4287952557
-0.10636366 -0.20369844 0.95399368 4287952557
-0.10062069 -0.20437446 0.95708603 4287952557
-0.094837584 -0.20508498 0.96042752 4287952557
-0.089064114 -0.205854 0.96393853 4287952557
-0.083260998 -0.20666242 0.96765864 4287952557
-0.077450983 -0.20752582 0.97159129 4287952557
-0.071627051 -0.20843387 0.97570777 4287952557
-0.065760925 -0.20937505 0.98000914 4287952557
-0.059765138 -0.21034069 0.98460686 4287952557
-0.0536801 -0.21136078 0.98950803 4287952557
-0.047539815 -0.21245295 0.99473846 4287952557
-0.041393291 -0.21364309 1.0003569 4287952557
-0.035252307 -0.21493591 1.0063715 4287952557
-0.028875561 -0.21634059 1.0131004 4287952557
-0.022618493 -0.21787207 1.0202038 4287952557
-0.016169405 -0.21957675 1.028221 4287952557
-0.00974192 -0.22144854 1.0369327 4287952557
-0.0032326411 -0.22349811 1.0464662 4287952557
0.0034382769 -0.2257257 1.0568758 4287952557
-0.44056258 -0.2057842 0.99357343 4287952557
-0.43068025 -0.2041232 0.9855262 4287952557
-0.42142317 -0.20257458 0.97831082 4287952557
-0.411998 -0.20120887 0.97134751 4287952557
-0.40361631 -0.2000232 0.96585131 4287952557
-0.39546323 -0.19898193 0.96092647 4287952557
-0.38726881 -0.19813186 0.9563604 4287952557
-0.3794485 -0.19733714 0.95230687 4287952557
-0.37201393 -0.19660884 0.94880819 4287952557
-0.36454117 -0.19601889 0.94554991 4287952557
-0.35732123 -0.19544938 0.94259673 4287952557
-0.35034174 -0.19488204 0.9399029 4287952557
-0.34346044 -0.19440229 0.93750674 4287952557
-0.33683074 -0.19395669 0.93550813 4287952557
-0.33037072 -0.19353701 0.93381429 4287952557
-0.32388884 -0.19320361 0.93224907 4287952557
-0.3174054 -0.19293074 0.93077213 4287952557
-0.31101391 -0.19265054 0.92940289 4287952557
-0.30472401 -0.19235216 0.92815447 4287952557
-0.29843739 -0.19211103 0.92699617 4287952557
-0.29217044 -0.19190787 0.92591751 4287952557
-0.28590301 -0.1917917 0.9249506 4287952557
-0.27982178 -0.19158086 0.92418784 4287952557
-0.27382332 -0.1913719 0.92360395 4287952557
-0.26779658 -0.191268 0.9231208 4287952557
-0.26176694 -0.19125195 0.92274243 4287952557
-0.25580904 -0.19126882 0.92256302 4287952557
-0.24997272 -0.19119613 0.92258018 4287952557
-0.24412999 -0.19118629 0.92267543 4287952557
-0.23828062 -0.19125462 0.92285007 4287952557
-0.23242965 -0.19135943 0.92305499 4287952557
-0.22663493 -0.19145977 0.92342865 4287952557
-0.22090502 -0.19150424 0.92399442 4287952557
-0.2151676 -0.19165587 0.92465442 4287952557
-0.20943934 -0.19189715 0.92541707 4287952557
-0.20376098 -0.19203891 0.92637944 4287952557
-0.19807088 -0.19220409 0.92737228 4287952557
-0.19237661 -0.19240719 0.92841649 4287952557
-0.18667898 -0.19264567 0.92950696 4287952557
-0.18097891 -0.19291329 0.93063849 4287952557
-0.17529792 -0.19326158 0.93187732 4287952557
-0.1696195 -0.19350891 0.93334627 4287952557
-0.16393901 -0.19378161 0.93494231 4287952557
-0.15826292 -0.19412097 0.93663001 4287952557
-0.15259337 -0.19451892 0.93840003 4287952557
-0.14690875 -0.19491883 0.94020504 4287952557
-0.14120272 -0.19529998 0.94219142 4287952557
-0.13550617 -0.19574372 0.94427013 4287952557
-0.12982249 -0.19624691 0.94644642 4287952557
-0.12406707 -0.19668214 0.94888616 4287952557
-0.11830851 -0.19717234 0.95144939 4287952557
-0.11256576 -0.19773424 0.95414656 4287952557
-0.1067622 -0.19829394 0.95709109 4287952557
-0.10098064 -0.19892977 0.96016216 4287952557
-0.095171303 -0.19960605 0.96347249 4287952557
-0.08927118 -0.20027763 0.96702605 4287952557
-0.083403438 -0.20104446 0.97076714 4287952557
-0.077583313 -0.20189327 0.97462475 4287952557
-0.071718648 -0.20276092 0.97863871 4287952557
-0.065647587 -0.2036026 0.98304176 4287952557
-0.059715852 -0.20456988 0.98750693 4287952557
-0.053939298 -0.20564924 0.99208152 4287952557
-0.047872461 -0.20671199 0.99721676 4287952557
-0.041743897 -0.20786315 1.002813 4287952557
-0.035622612 -0.20910621 1.0087157 4287952557
-0.029181812 -0.21043801 1.0155119 4287952557
-0.022787219 -0.21190268 1.0227027 4287952557
-0.016279256 -0.21353613 1.0307232 4287952557
-0.0097192973 -0.21534057 1.0394902 4287952557
-0.0030804963 -0.21731524 1.0490245 4287952557
0.003573433 -0.21949232 1.0594282 4287952557
-0.43299985 -0.19893089 0.99095333 4287952557
-0.42337132 -0.19744602 0.98343611 4287952557
-0.41391855 -0.19607835 0.97629666 4287952557
-0.4049212 -0.1949739 0.97019523 4287952557
-0.3968499 -0.19392098 0.96528643 4287952557
-0.38872808 -0.19305885 0.9606691 4287952557
-0.38068885 -0.19236185 0.9564119 4287952557
-0.37348193 -0.1916026 0.95315421 4287952557
-0.36621919 -0.19100094 0.95010132 4287952557
-0.35919157 -0.19038841 0.94731873 4287952557
-0.3521325 -0.18995896 0.94479924 4287952557
-0.34512287 -0.18952571 0.94228226 4287952557
-0.33824188 -0.18919508 0.94011712 4287952557
-0.33173555 -0.18882515 0.9384836 4287952557
-0.32523948 -0.18851635 0.93694949 4287952557
-0.31875589 -0.18828404 0.93552285 4287952557
-0.3124443 -0.18796325 0.93426841 4287952557
-0.30612051 -0.18772624 0.93310755 4287952557
-0.2998144 -0.18749528 0.93196094 4287952557
-0.29351389 -0.18731418 0.93087083 4287952557
-0.28726113 -0.18713984 0.92986226 4287952557
-0.28108191 -0.18699911 0.92903715 4287952557
-0.27499387 -0.18685265 0.92838645 4287952557
-0.26895088 -0.18671468 0.92784083 4287952557
-0.26292694 -0.18670775 0.92750061 4287952557
-0.25690895 -0.18670586 0.92714679 4287952557
-0.25105721 -0.18662153 0.92715222 4287952557
-0.24519111 -0.18663274 0.92724293 4287952557
-0.23933934 -0.18668519 0.92742133 4287952557
-0.23352514 -0.18673132 0.92772347 4287952557
-0.2277185 -0.18681613 0.92809737 4287952557
-0.22195391 -0.1868794 0.9286229 4287952557
-0.21619242 -0.18702275 0.92923915 4287952557
-0.2104384 -0.18724252 0.92994142 4287952557
-0.2047161 -0.18745327 0.93080223 4287952557
-0.19900665 -0.18758062 0.93178952 4287952557
-0.19332205 -0.18778042 0.93294132 4287952557
-0.18761754 -0.187976 0.93408632 4287952557
-0.1819084 -0.18821327 0.93527997 4287952557
-0.17619202 -0.18845204 0.93651676 4287952557
-0.1704936 -0.18865123 0.93804163 4287952557
-0.16478653 -0.18893418 0.93956435 4287952557
-0.15908849 -0.18929936 0.94118214 4287952557
-0.15338013 -0.18967277 0.94283801 4287952557
-0.14762823 -0.18992852 0.9446466 4287952557
-0.14189009 -0.19028234 0.94656992 4287952557
-0.13613275 -0.19065195 0.94853359 4287952557
-0.13039584 -0.19110401 0.95067704 4287952557
-0.12460104 -0.19147977 0.95299387 4287952557
-0.11879203 -0.19189605 0.95543456 4287952557
-0.11300544 -0.19241498 0.95810723 4287952557
-0.10723112 -0.19300918 0.96091294 4287952557
-0.10146815 -0.19366759 0.963866 4287952557
-0.095664226 -0.19433162 0.96708196 4287952557
-0.089770623 -0.19497222 0.97060013 4287952557
-0.083849438 -0.19566293 0.97430742 4287952557
-0.077968471 -0.19645448 0.9781298 4287952557
-0.071977131 -0.19723174 0.98222739 4287952557
-0.065946698 -0.19805706 0.98652411 4287952557
-0.059864927 -0.19893274 0.99107748 4287952557
-0.053939514 -0.19995913 0.99571306 4287952557
-0.047770381 -0.20098056 1.0009942 4287952557
-0.041619163 -0.20211077 1.0066015 4287952557
-0.035481721 -0.20333815 1.0125278 4287952557
-0.029434679 -0.20467623 1.0186944 4287952557
-0.023281835 -0.2061092 1.0255167 4287952557
-0.016733825 -0.20764434 1.0334826 4287952557
-0.010021309 -0.20934615 1.0423009 4287952557
-0.0032755972 -0.21121478 1.0518074 4287952557
0.0034493671 -0.21329321 1.0621232 4287952557
-0.42534822 -0.19258752 0.98921543 4287952557
-0.41610166 -0.19127567 0.98232299 4287952557
-0.40741789 -0.19011454 0.97643167 4287952557
-0.39915913 -0.18911862 0.97138184 4287952557
-0.3911292 -0.18828294 0.96691823 4287952557
-0.38353619 -0.18762733 0.96338898 4287952557
-0.37602541 -0.1869645 0.9599067 4287952557
-0.36868823 -0.18638866 0.95680493 4287952557
-0.3615815 -0.18586139 0.95411682 4287952557
-0.35451174 -0.18534899 0.95145518 4287952557
-0.34755421 -0.18486708 0.94898474 4287952557
-0.34063682 -0.1845412 0.94681692 4287952557
-0.33409941 -0.18410364 0.94507658 4287952557
-0.32754251 -0.18375635 0.9434343 4287952557
-0.32104334 -0.18347657 0.94197601 4287952557
-0.31456247 -0.18329388 0.94069803 4287952557
-0.30820775 -0.18303326 0.93950933 4287952557
-0.30192974 -0.18276459 0.93843842 4287952557
-0.29565856 -0.18251768 0.93739229 4287952557
-0.28939128 -0.18230866 0.936391 4287952557
-0.28312954 -0.18219522 0.9355225 4287952557
-0.27698225 -0.18199717 0.93476337 4287952557
-0.27091184 -0.18181813 0.93420148 4287952557
-0.26483148 -0.18178464 0.93381345 4287952557
-0.25874826 -0.18181771 0.93348038 4287952557
-0.25279534 -0.18177933 0.9333871 4287952557
-0.246902 -0.18174054 0.93347108 4287952557
-0.24102579 -0.1817432 0.93367642 4287952557
-0.23514839 -0.18179744 0.93394291 4287952557
-0.22927639 -0.18181638 0.93421423 4287952557
-0.2234401 -0.18189192 0.93467337 4287952557
-0.21764341 -0.18199871 0.93532711 4287952557
-0.21184567 -0.18216395 0.9360522 4287952557
-0.20606223 -0.18234353 0.93686712 4287952557
-0.20030004 -0.1825311 0.93782336 4287952557
-0.19453566 -0.18269706 0.93882358 4287952557
-0.18877973 -0.18294866 0.93992811 4287952557
-0.18302363 -0.18322866 0.9410792 4287952557
-0.17726614 -0.18344195 0.94234788 4287952557
-0.17151318 -0.18369538 0.94372284 4287952557
-0.16577758 -0.18402815 0.94525146 4287952557
-0.16002899 -0.18436365 0.94678229 4287952557
-0.15427704 -0.18470752 0.94842005 4287952557
-0.14850886 -0.18504633 0.95011634 4287952557
-0.14275573 -0.18543832 0.95201153 4287952557
-0.13699725 -0.18585749 0.95402509 4287952557
-0.13121706 -0.18626752 0.95617026 4287952557
-0.12543179 -0.18671708 0.95841545 4287952557
-0.11963217 -0.18719022 0.96074021 4287952557
-0.11384588 -0.18773104 0.96324432 4287952557
-0.10798502 -0.18819636 0.96597821 4287952557
-0.10209852 -0.18868691 0.96901393 4287952557
-0.096192643 -0.18922338 0.97211486 4287952557
-0.090278193 -0.18981469 0.97530061 4287952557
-0.084389307 -0.19051987 0.97878861 4287952557
-0.078375533 -0.19116233 0.98267984 4287952557
-0.0723546 -0.19187817 0.9866659 4287952557
-0.066362306 -0.19270097 0.99078178 4287952557
-0.060407255 -0.19362785 0.9950673 4287952557
-0.054245535 -0.19449984 0.99998075 4287952557
-0.048012838 -0.19544451 1.0053159 4287952557
-0.041859731 -0.19655307 1.0109061 4287952557
-0.035486035 -0.19765683 1.017054 4287952557
-0.029174004 -0.19891219 1.023486 4287952557
-0.02289773 -0.20031223 1.0303755 4287952557
-0.016600769 -0.20185825 1.0379153 4287952557
-0.010178999 -0.20352879 1.0462667 4287952557
-0.0037814705 -0.20532848 1.0550946 4287952557
-0.42023692 -0.18671252 0.99172795 4287952557
-0.41139272 -0.18562429 0.98578721 4287952557
-0.40289563 -0.18469141 0.98055381 4287952557
-0.39485523 -0.18383409 0.97606874 4287952557
-0.38699049 -0.18311684 0.97206104 4287952557
-0.37913811 -0.18255633 0.96828145 4287952557
-0.37202987 -0.1818538 0.96536958 4287952557
-0.3650068 -0.18119827 0.96263433 4287952557
-0.35797891 -0.18061237 0.95997518 4287952557
-0.35096797 -0.18005995 0.95735669 4287952557
-0.34403664 -0.17959774 0.9549998 4287952557
-0.3372519 -0.17913961 0.95285881 4287952557
-0.33067986 -0.17870885 0.95111495 4287952557
-0.32415617 -0.17831732 0.94950652 4287952557
-0.31761912 -0.17804907 0.94807833 4287952557
-0.31112784 -0.17781313 0.94674355 4287952557
-0.30465442 -0.17759785 0.94546956 4287952557
-0.298311 -0.17737234 0.9444012 4287952557
-0.29204682 -0.17709856 0.94337839 4287952557
-0.28580636 -0.17681356 0.94235468 4287952557
-0.27953458 -0.17662922 0.94147772 4287952557
-0.2733562 -0.17643598 0.94077206 4287952557
-0.26717013 -0.17628308 0.9401837 4287952557
-0.26097557 -0.17624359 0.93975908 4287952557
-0.25487083 -0.1761837 0.93947965 4287952557
-0.24887446 -0.17613198 0.93948632 4287952557
-0.24287571 -0.17615572 0.93960792 4287952557
-0.23688281 -0.17623669 0.93982059 4287952557
-0.23097466 -0.17633416 0.94022346 4287952557
-0.22505073 -0.17644662 0.94068527 4287952557
-0.2191292 -0.17658862 0.94119632 4287952557
-0.21322998 -0.17678085 0.94179302 4287952557
-0.20738561 -0.17695418 0.94263631 4287952557
-0.20155898 -0.17716973 0.94359893 4287952557
-0.19574389 -0.17740022 0.9446575 4287952557
-0.18993564 -0.17761925 0.94580758 4287952557
-0.18412492 -0.17780297 0.94705701 4287952557
-0.17832595 -0.17804576 0.94839489 4287952557
-0.17252424 -0.17834333 0.94981426 4287952557
-0.16670956 -0.17862207 0.95128387 4287952557
-0.16092047 -0.17898463 0.95289969 4287952557
-0.15511639 -0.17933241 0.95454562 4287952557
-0.14937153 -0.1798227 0.95643657 4287952557
-0.14359471 -0.18024549 0.95847988 4287952557
-0.1377911 -0.18065211 0.96060532 4287952557
-0.13199919 -0.18112674 0.9628132 4287952557
-0.1262029 -0.18163656 0.96506131 4287952557
-0.12039317 -0.18216783 0.96732825 4287952557
-0.11454438 -0.18266842 0.97002 4287952557
-0.10867096 -0.18318138 0.97277397 4287952557
-0.1027927 -0.18374515 0.97558784 4287952557
-0.096931145 -0.18439254 0.97858381 4287952557
-0.09104263 -0.18506321 0.98177224 4287952557
-0.08507406 -0.18568935 0.98510903 4287952557
-0.079044223 -0.18631043 0.98881239 4287952557
-0.072946236 -0.18690862 0.99242067 4287952557
-0.066904426 -0.1876711 0.99644446 4287952557
-0.060840342 -0.1885035 1.0007747 4287952557
-0.054541301 -0.18922676 1.0059177 4287952557
-0.048311066 -0.19014654 1.0112268 4287952557
-0.042159975 -0.19124129 1.016649 4287952557
-0.035916109 -0.19235316 1.0223854 4287952557
-0.029428104 -0.19344807 1.0289536 4287952557
-0.023072781 -0.19478673 1.0358136 4287952557
-0.016442522 -0.19616872 1.0437077 4287952557
-0.0098081026 -0.19774307 1.0521899 4287952557
-0.0032330877 -0.19949533 1.061105 4287952557
-0.41608587 -0.18150839 0.9972989 4287952557
-0.40773937 -0.18031456 0.99182278 4287952557
-0.39942995 -0.17939554 0.98686057 4287952557
-0.39167753 -0.17839918 0.98249412 4287952557
-0.38393161 -0.17763415 0.97853798 4287952557
-0.37638766 -0.17699747 0.97507864 4287952557
-0.36935201 -0.17616197 0.97185898 4287952557
-0.3621715 -0.17546342 0.96864319 4287952557
-0.3548899 -0.17480344 0.96536005 4287952557
-0.34771386 -0.17424196 0.96235615 4287952557
-0.34048817 -0.17381658 0.95959514 4287952557
-0.33356467 -0.17341135 0.95730931 4287952557
-0.32684776 -0.17303199 0.95532238 4287952557
-0.32013914 -0.17270596 0.95353609 4287952557
-0.31345236 -0.17245595 0.9518944 4287952557
-0.30683935 -0.17221369 0.95036566 4287952557
-0.30023381 -0.17200601 0.94893444 4287952557
-0.29365849 -0.1717265 0.94743401 4287952557
-0.28708002 -0.17153119 0.94609976 4287952557
-0.28056535 -0.17143902 0.94504362 4287952557
-0.2743673 -0.17123558 0.94425464 4287952557
-0.26815075 -0.17110184 0.94361275 4287952557
-0.26193783 -0.17100795 0.94309109 4287952557
-0.2557511 -0.17101842 0.94280261 4287952557
-0.24974133 -0.17096515 0.94276947 4287952557
-0.24372412 -0.17097785 0.94287491 4287952557
-0.23772582 -0.17102942 0.94306386 4287952557
-0.23171698 -0.17113243 0.94337028 4287952557
-0.22580887 -0.17121841 0.94380969 4287952557
-0.21992309 -0.17127448 0.94441086 4287952557
-0.2140394 -0.17140071 0.94514 4287952557
-0.20816882 -0.17156307 0.94602436 4287952557
-0.20233199 -0.17169239 0.9470582 4287952557
-0.19648801 -0.17185926 0.94818056 4287952557
-0.19066408 -0.17206754 0.94939852 4287952557
-0.18480848 -0.17230998 0.95070195 4287952557
-0.17899507 -0.17264533 0.95214158 4287952557
-0.17316116 -0.17289233 0.95369744 4287952557
-0.16732824 -0.17317764 0.95539016 4287952557
-0.1615158 -0.17355099 0.95725733 4287952557
-0.15569831 -0.17388669 0.95930314 4287952557
-0.14992148 -0.17432094 0.96162385 4287952557
-0.14403446 -0.17461875 0.9640469 4287952557
-0.13819195 -0.17501953 0.96657723 4287952557
-0.13237399 -0.17549406 0.96913797 4287952557
-0.12659766 -0.17605114 0.97172326 4287952557
-0.12084412 -0.17666861 0.97442997 4287952557
-0.11508524 -0.17733976 0.97721201 4287952557
-0.10929265 -0.17801633 0.9801873 4287952557
-0.10342292 -0.17865156 0.98337108 4287952557
-0.097500764 -0.17927101 0.98654294 4287952557
-0.091614194 -0.17999819 0.9898687 4287952557
-0.085608952 -0.18062967 0.99318653 4287952557
-0.079638556 -0.18139346 0.99692798 4287952557
-0.073607937 -0.1821382 1.0006647 4287952557
-0.067535795 -0.18289676 1.0044327 4287952557
-0.061378889 -0.18365273 1.0086582 4287952557
-0.055089664 -0.18437575 1.0134798 4287952557
-0.048952729 -0.1853987 1.0185879 4287952557
-0.042752825 -0.18641901 1.0237386 4287952557
-0.036339954 -0.18736421 1.0296509 4287952557
-0.029878788 -0.18839715 1.0359049 4287952557
-0.023345884 -0.18954895 1.042767 4287952557
-0.016768577 -0.19088529 1.0504072 4287952557
-0.010090612 -0.19233941 1.0586535 4294901760
-0.4136973 -0.17577498 1.0045921 4287952557
-0.40517819 -0.17449002 0.99839675 4287952557
-0.3970201 -0.17329231 0.99266607 4287952557
-0.38800704 -0.17243862 0.98668599 4287952557
-0.38004404 -0.17157829 0.98191512 4287952557
-0.37152287 -0.17092964 0.97698516 4287952557
-0.36348006 -0.17028975 0.97269166 4287952557
-0.35547793 -0.16968274 0.96850377 4287952557
-0.34790897 -0.16910684 0.96501881 4287952557
-0.34046647 -0.16861738 0.96190298 4287952557
-0.33349028 -0.16817142 0.95941412 4287952557
-0.32654163 -0.16782054 0.95723295 4287952557
-0.31976444 -0.16747843 0.95525402 4287952557
-0.31301656 -0.16721013 0.95354348 4287952557
-0.30647901 -0.16691636 0.95196491 4287952557
-0.29993138 -0.1666503 0.95044929 4287952557
-0.29337668 -0.16641608 0.94902092 4287952557
-0.28682485 -0.16622458 0.94773275 4287952557
-0.28043222 -0.16605702 0.9466902 4287952557
-0.27418992 -0.16590597 0.94584727 4287952557
-0.26802516 -0.16577177 0.9451769 4287952557
-0.26185355 -0.16569564 0.94468832 4287952557
-0.25572562 -0.1656509 0.94437408 4287952557
-0.24976087 -0.16561218 0.94431239 4287952557
-0.24378471 -0.16560927 0.94437975 4287952557
-0.23781317 -0.16565512 0.94459629 4287952557
-0.23186608 -0.16571727 0.94490653 4287952557
-0.22595489 -0.16580014 0.94535261 4287952557
-0.22009321 -0.16588028 0.94592083 4287952557
-0.21424237 -0.16601315 0.94667423 4287952557
-0.20840873 -0.16620103 0.94760072 4287952557
-0.20260036 -0.16635139 0.94861633 4287952557
-0.19679172 -0.16653314 0.94973433 4287952557
-0.19098237 -0.16674426 0.95094764 4287952557
-0.18518479 -0.16699044 0.95227087 4287952557
-0.17940347 -0.16727234 0.95370638 4287952557
-0.17360398 -0.16752258 0.95530957 4287952557
-0.16779159 -0.16778953 0.9570787 4287952557
-0.16200329 -0.16811958 0.95904303 4287952557
-0.1562762 -0.16853248 0.96121085 4287952557
-0.15045463 -0.16889985 0.96359503 4287952557
-0.14462245 -0.16930059 0.96615762 4287952557
-0.13880824 -0.1697426 0.96886539 4287952557
-0.13298798 -0.17021082 0.97164625 4287952557
-0.12714131 -0.17073625 0.97472447 4287952557
-0.12117632 -0.17119454 0.97797531 4287952557
-0.11533382 -0.17176491 0.98136914 4287952557
-0.10928292 -0.17226137 0.98520088 4287952557
-0.10329267 -0.17283469 0.98922575 4287952557
-0.097419739 -0.17354196 0.99325538 4287952557
-0.091532685 -0.17429087 0.99748319 4287952557
-0.085586853 -0.17505629 1.0018727 4287952557
-0.079766206 -0.17597714 1.0059968 4287952557
-0.073963992 -0.17700262 1.0101299 4287952557
-0.067921609 -0.1778919 1.0146185 4287952557
-0.061881259 -0.17887579 1.0192877 4287952557
-0.055743556 -0.17985572 1.0243044 4287952557
-0.049432065 -0.18070932 1.0292628 4287952557
-0.043268535 -0.18183953 1.0344718 4287952557
-0.036710948 -0.18261927 1.0397482 4287952557
-0.030349128 -0.18374716 1.0454791 4287952557
-0.023778718 -0.18480453 1.0520415 4287952557
-0.017171942 -0.18600301 1.0591097 4287952557
-0.40754136 -0.16944118 1.0045608 4287952557
-0.39733872 -0.16817777 0.99608302 4287952557
-0.38797754 -0.16712743 0.98927706 4287952557
-0.37930804 -0.16621017 0.98362839 4287952557
-0.37089187 -0.1653727 0.97845435 4287952557
-0.36295518 -0.16461529 0.97396684 4287952557
-0.35503137 -0.16390966 0.96972728 4287952557
-0.34758359 -0.16329488 0.96615034 4287952557
-0.34022477 -0.16276045 0.96299464 4287952557
-0.33326498 -0.16229431 0.96035403 4287952557
-0.32636124 -0.16189803 0.95803094 4287952557
-0.31957263 -0.16154291 0.9559865 4287952557
-0.31284457 -0.16122466 0.9541555 4287952557
-0.30634242 -0.16093312 0.95249277 4287952557
-0.29982933 -0.16066501 0.95093948 4287952557
-0.29331836 -0.1604131 0.94947386 4287952557
-0.28678995 -0.16017413 0.94810987 4287952557
-0.28048831 -0.16000916 0.94710064 4287952557
-0.27425793 -0.15985706 0.94620752 4287952557
-0.26801503 -0.15973406 0.94549906 4287952557
-0.26184988 -0.15964632 0.94499558 4287952557
-0.25572786 -0.15959357 0.94471735 4287952557
-0.24977101 -0.15958217 0.94462717 4287952557
-0.24380626 -0.15959032 0.94467598 4287952557
-0.23785956 -0.15962613 0.94488388 4287952557
-0.2319147 -0.15967739 0.94520301 4287952557
-0.2259917 -0.15974979 0.9456563 4287952557
-0.2201371 -0.1598527 0.94622886 4287952557
-0.21429467 -0.15998311 0.94699621 4287952557
-0.2084689 -0.16013701 0.94792783 4287952557
-0.20267245 -0.16031961 0.94898462 4287952557
-0.19687036 -0.16051425 0.95011479 4287952557
-0.19107537 -0.16072498 0.95134574 4287952557
-0.18529351 -0.16095409 0.95269579 4287952557
-0.17951863 -0.1611907 0.95413035 4287952557
-0.17373675 -0.1614781 0.95578051 4287952557
-0.16796029 -0.16179517 0.95762479 4287952557
-0.16222937 -0.16214414 0.95965713 4287952557
-0.15655106 -0.16254798 0.96195072 4287952557
-0.15080775 -0.16297139 0.96440661 4287952557
-0.14504617 -0.1634237 0.9670552 4287952557
-0.13929458 -0.16389872 0.96983522 4287952557
-0.13357267 -0.16441859 0.97276789 4287952557
-0.12775113 -0.16494754 0.97590041 4287952557
-0.12186806 -0.16550139 0.97931474 4287952557
-0.11605811 -0.16610916 0.98287296 4287952557
-0.11009067 -0.1667279 0.98685169 4287952557
-0.10430297 -0.16747382 0.99114543 4287952557
-0.098281607 -0.1681965 0.99585533 4287952557
-0.092223309 -0.16894034 1.0007958 4287952557
-0.086065054 -0.16967948 1.0060472 4287952557
-0.079854421 -0.17041643 1.0115348 4287952557
-0.073685728 -0.17122273 1.0171323 4287952557
-0.067577563 -0.1721403 1.0228738 4287952557
-0.061541975 -0.17317191 1.0286485 4287952557
-0.055319168 -0.17416808 1.0347666 4287952557
-0.049201801 -0.17529266 1.0406535 4287952557
-0.042978548 -0.17644008 1.0465367 4287952557
-0.03677449 -0.17768966 1.0525095 4287952557
-0.030489583 -0.17897099 1.0584915 4287952557
-0.40700835 -0.16356722 1.0059243 4287952557
-0.39682978 -0.16222082 0.99729812 4287952557
-0.38764146 -0.16109881 0.9903906 4287952557
-0.37907869 -0.16011642 0.98447919 4287952557
-0.37075788 -0.15920778 0.97906595 4287952557
-0.36289209 -0.15843898 0.97443885 4287952557
-0.35506377 -0.15770102 0.97003961 4287952557
-0.34777987 -0.15708774 0.96631455 4287952557
-0.34043962 -0.15654898 0.96306783 4287952557
-0.3333635 -0.15610492 0.96036196 4287952557
-0.32649532 -0.15570956 0.95792723 4287952557
-0.31964451 -0.15535274 0.95579541 4287952557
-0.31290752 -0.15503602 0.95390159 4287952557
-0.30640754 -0.15477689 0.95220584 4287952557
-0.29989386 -0.15452769 0.95062447 4287952557
-0.2933746 -0.15428583 0.94916093 4287952557
-0.28683811 -0.15404701 0.94783896 4287952557
-0.2806209 -0.15390685 0.94676727 4287952557
-0.27441764 -0.1537879 0.94588089 4287952557
-0.26815304 -0.1536628 0.94517559 4287952557
-0.26189256 -0.15354477 0.94466341 4287952557
-0.25575629 -0.15347756 0.94436395 4287952557
-0.24979401 -0.15349497 0.94427538 4287952557
-0.2438383 -0.15352811 0.94434285 4287952557
-0.23787419 -0.15356441 0.94451368 4287952557
-0.23190178 -0.15359533 0.9448325 4287952557
-0.22595222 -0.15363561 0.94528002 4287952557
-0.22010027 -0.15376356 0.94586128 4287952557
-0.21424952 -0.15389159 0.94663376 4287952557
-0.20841432 -0.15402164 0.94757867 4287952557
-0.2026079 -0.15419385 0.9486475 4287952557
-0.19680206 -0.15439154 0.94978189 4287952557
-0.19099607 -0.15459423 0.9510023 4287952557
-0.18520436 -0.15480192 0.95234942 4287952557
-0.17944042 -0.15501645 0.95384008 4287952557
-0.17364626 -0.15532181 0.95550889 4287952557
-0.16788033 -0.15563591 0.95738697 4287952557
-0.16216761 -0.15596187 0.95948118 4287952557
-0.15644397 -0.15633811 0.96179295 4287952557
-0.15069346 -0.15674566 0.9642607 4287952557
-0.14499614 -0.15718447 0.96697766 4287952557
-0.13930744 -0.15765569 0.96988279 4287952557
-0.1335801 -0.15815884 0.97293335 4287952557
-0.12783632 -0.15869488 0.97617358 4287952557
-0.12200622 -0.15928787 0.9797402 4287952557
-0.11631434 -0.15991384 0.98348665 4287952557
-0.11043105 -0.16058749 0.98760831 4287952557
-0.10473406 -0.16134518 0.99202758 4287952557
-0.098851494 -0.162135 0.99682873 4287952557
-0.092974462 -0.16298708 1.001932 4287952557
-0.086937256 -0.16381414 1.0072461 4287952557
-0.080822885 -0.16472518 1.0130644 4287952557
-0.074730724 -0.16568218 1.0190619 4287952557
-0.068430826 -0.16666573 1.0256914 4287952557
-0.062225133 -0.16770759 1.0323938 4287952557
-0.055815794 -0.1687479 1.0395195 4287952557
-0.049074255 -0.1697588 1.0474145 4287952557
-0.042491943 -0.17106818 1.055774 4287952557
-0.036350802 -0.17243214 1.0639893 4294901760
-0.40703383 -0.15727353 1.006739 4287952557
-0.39702907 -0.15583536 0.99767053 4287952557
-0.38801995 -0.15470758 0.99050766 4287952557
-0.37935084 -0.15373111 0.98431247 4287952557
-0.37108755 -0.1528783 0.97886181 4287952557
-0.36326143 -0.15215617 0.97414243 4287952557
-0.35537434 -0.15146744 0.96982312 4287952557
-0.3481006 -0.15093213 0.96620333 4287952557
-0.3407363 -0.15041471 0.96294004 4287952557
-0.33356395 -0.14996426 0.96012276 4287952557
-0.32668468 -0.1495965 0.95766485 4287952557
-0.31975499 -0.14923367 0.95547849 4287952557
-0.31296843 -0.14892651 0.95364988 4287952557
-0.306465 -0.14868902 0.95194858 4287952557
-0.29994804 -0.14845473 0.95036072 4287952557
-0.29340965 -0.14821988 0.94891298 4287952557
-0.28683919 -0.14797834 0.94762737 4287952557
-0.28059474 -0.14784721 0.9465791 4287952557
-0.27439079 -0.1477406 0.94571799 4287952557
-0.26816708 -0.14763536 0.94503361 4287952557
-0.26194075 -0.1475316 0.94452327 4287952557
-0.25576866 -0.14745018 0.94421506 4287952557
-0.24980247 -0.1474738 0.94411975 4287952557
-0.2438233 -0.14749871 0.94417709 4287952557
-0.23784204 -0.14752439 0.94435549 4287952557
-0.23186792 -0.14755011 0.94465482 4287952557
-0.22591835 -0.14758465 0.94508964 4287952557
-0.22006656 -0.14771448 0.94567424 4287952557
-0.2142175 -0.14784446 0.94644314 4287952557
-0.20838213 -0.14797471 0.94737965 4287952557
-0.20256892 -0.14813484 0.94843996 4287952557
-0.19675843 -0.14833027 0.94956654 4287952557
-0.19094718 -0.1485261 0.95078409 4287952557
-0.18514718 -0.14872245 0.95211983 4287952557
-0.17937329 -0.14891934 0.95359623 4287952557
-0.17357942 -0.14921461 0.95526946 4287952557
-0.16779332 -0.14951357 0.95708781 4287952557
-0.16207866 -0.14981221 0.95918399 4287952557
-0.15634011 -0.15017471 0.96149272 4287952557
-0.15055574 -0.15059434 0.96400541 4287952557
-0.14483701 -0.15100089 0.96669328 4287952557
-0.13911061 -0.15144375 0.96958327 4287952557
-0.1333459 -0.15192719 0.97266012 4287952557
-0.12762406 -0.15242659 0.97593915 4287952557
-0.12180068 -0.15300384 0.97954392 4287952557
-0.1160854 -0.15359038 0.98338109 4287952557
-0.11026129 -0.15425684 0.98759842 4287952557
-0.10456206 -0.15495436 0.99209648 4287952557
-0.098770544 -0.155726 0.99698424 4287952557
-0.092951544 -0.15654829 1.0021805 4287952557
-0.087135173 -0.15743364 1.0077126 4287952557
-0.081213951 -0.15839447 1.0137117 4287952557
-0.075333059 -0.15940253 1.0198864 4287952557
-0.068909526 -0.1603626 1.0265136 4287952557
-0.062826566 -0.161475 1.0335399 4287952557
-0.056704164 -0.16266786 1.0409938 4287952557
-0.050374806 -0.16390307 1.0489078 4287952557
-0.043921296 -0.165227 1.0575613 4287952557
-0.037211485 -0.16667829 1.0677209 4294901760
-0.40766415 -0.15086031 1.0068796 4287952557
-0.397506 -0.14947967 0.99771965 4287952557
-0.38850814 -0.1484201 0.99050593 4287952557
-0.37961027 -0.14745554 0.98418027 4287952557
-0.37133801 -0.14665207 0.97876173 4287952557
-0.36339903 -0.1459555 0.97404748 4287952557
-0.35546291 -0.14529125 0.96978974 4287952557
-0.34818748 -0.14479084 0.96623355 4287952557
-0.34081385 -0.1442951 0.96300173 4287952557
-0.33362043 -0.14385858 0.96018285 4287952557
-0.32676938 -0.14351477 0.95773703 4287952557
-0.31984022 -0.1431659 0.95553184 4287952557
-0.31300077 -0.14284649 0.9535706 4287952557
-0.30648592 -0.14261793 0.95184237 4287952557
-0.2999666 -0.14239338 0.95023501 4287952557
-0.29340085 -0.14215894 0.94876784 4287952557
-0.28682846 -0.14192379 0.94748908 4287952557
-0.28055978 -0.14179337 0.94644934 4287952557
-0.27435392 -0.14169337 0.94560611 4287952557
-0.26813006 -0.14159247 0.94493669 4287952557
-0.26190493 -0.14149106 0.94443458 4287952557
-0.2557652 -0.14142592 0.94412428 4287952557
-0.24977013 -0.14143611 0.94402283 4287952557
-0.24379227 -0.14146124 0.94406128 4287952557
-0.23781127 -0.14148575 0.94422722 4287952557
-0.23183686 -0.14150909 0.94451487 4287952557
-0.22588976 -0.14154263 0.94494355 4287952557
-0.22003797 -0.14166993 0.94553131 4287952557
-0.21418861 -0.1417954 0.94630057 4287952557
-0.2083533 -0.14191817 0.94724101 4287952557
-0.20253986 -0.1420708 0.94829994 4287952557
-0.19672862 -0.14225982 0.94942248 4287952557
-0.1909177 -0.14244807 0.95064068 4287952557
-0.18511692 -0.14263523 0.95197296 4287952557
-0.17934069 -0.1428199 0.95343804 4287952557
-0.17354076 -0.14310701 0.95509458 4287952557
-0.16777441 -0.14339368 0.95697469 4287952557
-0.16205893 -0.14367832 0.95906508 4287952557
-0.15632351 -0.14402214 0.96136487 4287952557
-0.15054485 -0.14442345 0.96387261 4287952557
-0.14480217 -0.14482784 0.96657348 4287952557
-0.13904737 -0.14526495 0.96947414 4287952557
-0.13327539 -0.14572842 0.9725458 4287952557
-0.1275501 -0.14620063 0.97581488 4287952557
-0.12172259 -0.14675371 0.97940046 4287952557
-0.11597497 -0.14731133 0.98321474 4287952557
-0.11011748 -0.14795357 0.98740977 4287952557
-0.10436974 -0.14860636 0.99188238 4287952557
-0.098494098 -0.14935112 0.99680507 4287952557
-0.092631333 -0.15014334 1.0020982 4287952557
-0.086857475 -0.15096806 1.0076915 4287952557
-0.080943681 -0.15187509 1.0137262 4287952557
-0.075166948 -0.15282138 1.0200231 4287952557
-0.069085546 -0.15387972 1.0269915 4287952557
-0.063001826 -0.15495309 1.034093 4287952557
-0.056934122 -0.15610893 1.0416226 4287952557
-0.050559878 -0.15726542 1.0494856 4287952557
-0.044277564 -0.15861565 1.0583745 4287952557
-0.037979383 -0.16022332 1.0687762 4294901760
-0.40775704 -0.14444114 1.0067677 4287952557
-0.39747208 -0.14310008 0.99758106 4287952557
-0.38848504 -0.14209777 0.99044585 4287952557
-0.37958783 -0.14117363 0.98413682 4287952557
-0.37124896 -0.14039114 0.97867554 4287952557
-0.3632952 -0.13972171 0.97396052 4287952557
-0.35540977 -0.13909583 0.96974772 4287952557
-0.34811211 -0.13861419 0.96619415 4287952557
-0.34073809 -0.13813917 0.96297705 4287952557
-0.3335495 -0.13772173 0.96016997 4287952557
-0.32677627 -0.13741103 0.95775545 4287952557
-0.31993029 -0.13709716 0.95557141 4287952557
-0.31301486 -0.13677137 0.95357776 4287952557
-0.30648476 -0.13654768 0.95182335 4287952557
-0.29993749 -0.13632347 0.95018405 4287952557
-0.29337928 -0.13609903 0.94868511 4287952557
-0.2868112 -0.13587327 0.94738507 4287952557
-0.28053963 -0.13574818 0.94634849 4287952557
-0.27431446 -0.13564642 0.94551581 4287952557
-0.2680909 -0.13554971 0.94486433 4287952557
0.003159428 -0.05362672 0.99048305 4287952557
0.0094713736 -0.053595658 0.99015546 4287952557
0.015779026 -0.053576548 0.9898501 4287952557
0.02208305 -0.05356966 0.98956776 4287952557
0.028383721 -0.053559784 0.98928839 4287952557
0.034681078 -0.053546295 0.98901284 4287952557
0.040975053 -0.053530518 0.98873949 4287952557
0.047265571 -0.05351479 0.98846644 4287952557
0.053552546 -0.053500902 0.98819184 4287952557
0.059835937 -0.053489227 0.98791516 4287952557
0.066115774 -0.053479224 0.9876371 4287952557
0.072392091 -0.053469565 0.98735881 4287952557
0.078664884 -0.053461086 0.98707962 4287952557
0.084934123 -0.053454343 0.98679882 4287952557
0.091199838 -0.053448465 0.98651719 4287952557
0.097462147 -0.053441357 0.98623699 4287952557
0.10371769 -0.053426422 0.98592877 4287952557
0.10996556 -0.053415645 0.98558396 4287952557
0.11620606 -0.053414013 0.98520792 4287952557
0.12245565 -0.053181179 0.98496956 4287952557
0.12870108 -0.053077612 0.98461521 4287952557
0.13492046 -0.053153899 0.98411679 4287952557
0.14084925 -0.053985354 0.98280686 4287952557
0.14605907 -0.050863795 0.93605888 4282643381
0.15089291 -0.04872622 0.92362773 4282643381
0.15564948 -0.049284544 0.91992468 4282643381
0.16099422 -0.049727298 0.91819876 4282643381
0.1666542 -0.049848653 0.91720492 4282643381
0.17249292 -0.049672116 0.91713649 4282643381
0.17828222 -0.049695984 0.91681147 4282643381
0.18407573 -0.049642976 0.91658866 4282643381
0.18986236 -0.049627911 0.91631567 4282643381
0.19564444 -0.049633883 0.91601443 4282643381
0.20142366 -0.049653206 0.91569489 4282643381
0.20720166 -0.049639806 0.91541964 4282643381
0.21300755 -0.049646582 0.91523886 4282643381
0.21888615 -0.049535338 0.91573977 4282643381
0.22479568 -0.049186289 0.91732776 4282643381
0.23238893 -0.050024122 0.92269385 4282643381
-0.72300529 -0.045550853 0.95726287 4291520081
-0.71669394 -0.045752544 0.9566825 4291520081
-0.71036059 -0.045787178 0.95630091 4291520081
-0.70402366 -0.045742273 0.95601636 4291520081
-0.69769323 -0.045716953 0.95570791 4291520081
-0.69136828 -0.045728426 0.95535505 4291520081
-0.68503928 -0.04579303 0.95493591 4291520081
-0.67869508 -0.045853484 0.95453715 4291520081
-0.67270988 -0.046192806 0.95459932 4291520081
-0.66735446 -0.045929153 0.95588428 4291520081
-0.66294807 -0.045536023 0.95825976 4291520081
-0.65956247 -0.045507815 0.96169299 4291520081
-0.65698218 -0.046385005 0.96782863 4291520081
-0.65588832 -0.046819352 0.97589165 4291520081
-0.65637159 -0.047013413 0.98469955 4291520081
-0.65675062 -0.047477376 0.99475157 4291520081
-0.65687299 -0.047986835 1.0049205 4291520081
-0.6548655 -0.049374308 1.013378 4294901760
-0.65169513 -0.049189426 1.0174561 4286097756
-0.6463902 -0.048050281 1.0189216 4286097756
-0.64001298 -0.047662817 1.0194235 4287952557
-0.63328528 -0.048118226 1.0191407 4287952557
-0.62680084 -0.048701879 1.0187877 4287952557
-0.62023282 -0.048710391 1.0186541 4287952557
-0.61357224 -0.048647895 1.0184314 4287952557
-0.60691559 -0.048633676 1.0181587 4287952557
-0.60026294 -0.048623703 1.0178816 4287952557
-0.59364742 -0.048634045 1.0176425 4287952557
-0.58704412 -0.048645433 1.0174197 4287952557
-0.58040476 -0.048619621 1.0171664 4287952557
-0.57373989 -0.048569616 1.0168856 4287952557
-0.56713098 -0.048574474 1.0166427 4287952557
-0.56052572 -0.048595771 1.0163832 4287952557
-0.5539245 -0.048633676 1.0161074 4287952557
-0.54724038 -0.048607808 1.0157344 4287952557
-0.54052866 -0.048562147 1.015319 4287952557
-0.53386384 -0.048555098 1.0149437 4287952557
-0.52720869 -0.048545621 1.0145813 4287952557
-0.5205577 -0.048526734 1.0142285 4287952557
-0.51391125 -0.048507273 1.0138762 4287952557
-0.50727314 -0.048498809 1.0135196 4287952557
-0.50056767 -0.048430376 1.013077 4287952557
-0.49386859 -0.048376378 1.0126194 4287952557
-0.48719919 -0.048359606 1.0121711 4287952557
-0.48053887 -0.048355173 1.011716 4287952557
-0.4738847 -0.048354629 1.0112572 4287952557
-0.46723649 -0.048356336 1.0107964 4287952557
-0.46057212 -0.048338067 1.0103085 4287952557
-0.45386234 -0.048268747 1.0097603 4287952557
-0.44723058 -0.048262544 1.0093049 4287952557
-0.44056582 -0.048106711 1.0089536 4287952557
-0.43389511 -0.047970738 1.0085948 4287952557
-0.42721018 -0.047892615 1.0082115 4287952557
-0.42066824 -0.048166145 1.0073413 4287952557
-0.41444471 -0.048741065 1.005855 4287952557
-0.40621737 -0.048213527 1.001913 4287952557
-0.39670524 -0.047570985 0.99591124 4287952557
-0.38762704 -0.047241598 0.98944551 4287952557
-0.37909633 -0.046992097 0.98354203 4287952557
-0.3707265 -0.046741758 0.9779129 4287952557
-0.36305913 -0.046542291 0.97326827 4287952557
-0.35520184 -0.046332121 0.96896231 4287952557
-0.34769973 -0.046154201 0.96520907 4287952557
-0.34043205 -0.046000965 0.96195418 4287952557
-0.33315369 -0.045855742 0.95915294 4287952557
-0.32644546 -0.045760777 0.95693511 4287952557
-0.31966138 -0.045664661 0.9549545 4287952557
-0.31301317 -0.045581859 0.95319611 4287952557
-0.30639893 -0.045503262 0.95157713 4287952557
-0.29981384 -0.045428708 0.95008487 4287952557
-0.29339415 -0.04536989 0.94881141 4287952557
-0.28699389 -0.0453167 0.94773018 4287952557
-0.28071597 -0.045276284 0.94685292 4287952557
-0.27447265 -0.045241002 0.94609976 4287952557
-0.26827157 -0.045211218 0.94545943 4287952557
-0.26207548 -0.045185179 0.9449504 4287952557
-0.25590038 -0.045164954 0.94461077 4287952557
-0.24989831 -0.04516203 0.94446462 4287952557
-0.24388756 -0.045162022 0.94442558 4287952557
-0.23787497 -0.045164227 0.94446427 4287952557
-0.23186816 -0.045168791 0.94459617 4287952557
-0.22587284 -0.045175407 0.94484115 4287952557
-0.219973 -0.045199931 0.94526255 4287952557
-0.21408637 -0.04522974 0.94587028 4287952557
-0.20822585 -0.045266498 0.9466539 4287952557
-0.20238657 -0.045309231 0.94758409 4287952557
-0.19655989 -0.045362588 0.94860065 4287952557
-0.19073424 -0.045417063 0.94971752 4287952557
-0.18491954 -0.045471758 0.95095164 4287952557
-0.17912298 -0.045528408 0.95230937 4287952557
-0.17332853 -0.045610361 0.95387906 4287952557
-0.16755259 -0.045705274 0.95571798 4287952557
-0.16183975 -0.045795143 0.95780385 4287952557
-0.15608934 -0.045914799 0.96015167 4287952557
-0.15035468 -0.046037622 0.96268344 4287952557
-0.14465351 -0.046159364 0.96538603 4287952557
-0.1389194 -0.046300843 0.96833926 4287952557
-0.13322698 -0.046429876 0.97147089 4287952557
-0.12754065 -0.046527792 0.97471404 4287952557
-0.12167147 -0.046701107 0.97798419 4287952557
-0.11568222 -0.046970215 0.98116118 4287952557
-0.10957208 -0.047340356 0.98393995 4287952557
-0.10363388 -0.047386598 0.98606247 4287952557
-0.097587734 -0.047067434 0.98719656 4287952557
-0.091338366 -0.046805769 0.98761976 4287952557
-0.084984876 -0.046867415 0.98739177 4287952557
-0.078659534 -0.046932895 0.98716766 4287952557
-0.072347157 -0.047100816 0.9868415 4287952557
-0.066047333 -0.04715253 0.98663807 4287952557
-0.059741732 -0.047118541 0.98642284 4287952557
-0.053439397 -0.047094718 0.9861964 4287952557
-0.04714055 -0.047084089 0.98595577 4287952557
-0.040844977 -0.047077082 0.98571163 4287952557
-0.034552392 -0.04706648 0.98547167 4287952557
-0.02826287 -0.047053926 0.98523647 4287952557
-0.021976486 -0.047045205 0.98499727 4287952557
-0.015692359 -0.047028735 0.98473692 4287952557
-0.009411809 -0.047018219 0.98446262 4287952557
-0.0031352323 -0.047017585 0.98417795 4287952557
0.0031375403 -0.047022518 0.98388731 4287952557
0.0094070099 -0.047019601 0.98358822 4287952557
0.015673146 -0.04699973 0.98327833 4287952557
0.021935366 -0.046977676 0.98297089 4287952557
0.02819388 -0.046970315 0.98268259 4287952557
0.034448963 -0.046959896 0.98239779 4287952557
0.040700614 -0.046946108 0.9821167 4287952557
0.046948761 -0.046930935 0.98183727 4287952557
0.053193346 -0.046915196 0.98155856 4287952557
0.059434414 -0.04689857 0.98128104 4287952557
0.065671884 -0.046882629 0.98100305 4287952557
0.071905755 -0.046867501 0.98072428 4287952557
0.078136064 -0.046852525 0.98044568 4287952557
0.084362827 -0.046837062 0.98016763 4287952557
0.090586416 -0.046813078 0.97989833 4287952557
0.096806251 -0.046795961 0.97962254 4287952557
0.10302196 -0.046790436 0.97933447 4287952557
0.10923322 -0.046800751 0.97902972 4287952557
0.11543515 -0.046802945 0.97868049 4287952557
0.12162158 -0.046582639 0.9783178 4287952557
0.12782848 -0.046502024 0.97805518 4287952557
0.13402589 -0.046556503 0.9777028 4287952557
0.14010204 -0.047184002 0.97680998 4287952557
0.14597608 -0.04672398 0.97437376 4287952557
0.14561242 -0.044810556 0.93370998 4294901760
0.15027829 -0.042775616 0.91927433 4282643381
0.15491253 -0.043275822 0.91544759 4282643381
0.1601778 -0.043777142 0.91369927 4282643381
0.16583976 -0.043915454 0.91279185 4282643381
0.17168273 -0.043743856 0.91274583 4282643381
0.17745273 -0.043769892 0.9124437 4282643381
0.18322749 -0.043704987 0.91225678 4282643381
0.18898989 -0.04367971 0.91200274 4282643381
0.19474745 -0.043683685 0.91170746 4282643381
0.20050295 -0.043700285 0.91139406 4282643381
0.20626087 -0.043709133 0.91109312 4282643381
0.21203387 -0.04369707 0.91085339 4282643381
0.21780452 -0.043448497 0.91128808 4282643381
0.22374186 -0.043237001 0.912687 4282643381
0.2306419 -0.043571509 0.91680002 4282643381
-0.72567385 -0.039348647 0.95264632 4291520081
-0.71909863 -0.03942335 0.95183057 4291520081
-0.71280104 -0.039493784 0.9514066 4291520081
-0.70649767 -0.039481096 0.95108843 4291520081
-0.70019656 -0.039436746 0.95081073 4291520081
-0.69392455 -0.03944603 0.95049626 4291520081
-0.68768293 -0.039512791 0.95015252 4291520081
-0.68139976 -0.039651074 0.94970399 4291520081
-0.675264 -0.039695363 0.94964027 4291520081
-0.66959345 -0.039768253 0.95032734 4291520081
-0.66471273 -0.038977519 0.95210862 4291520081
-0.66092747 -0.039209746 0.95511091 4291520081
-0.65809178 -0.039751794 0.96011502 4291520081
-0.65609556 -0.040332746 0.96715748 4291520081
-0.65659982 -0.040358312 0.97568238 4291520081
-0.65672374 -0.040820651 0.98554808 4291520081
-0.65712655 -0.041217513 0.9955982 4291520081
-0.65591568 -0.042164687 1.0048853 4294901760
-0.65304929 -0.043078486 1.0101471 4294901760
-0.64861786 -0.041646991 1.0122133 4286097756
-0.64242339 -0.041227426 1.0129274 4287952557
-0.63595504 -0.041220453 1.0130746 4287952557
-0.62943161 -0.041875295 1.0126406 4287952557
-0.62304246 -0.042097423 1.0125244 4287952557
-0.61642146 -0.042000029 1.0123453 4287952557
-0.60980374 -0.041974392 1.0120903 4287952557
-0.60319048 -0.041981004 1.0118004 4287952557
-0.59657985 -0.041968554 1.0115314 4287952557
-0.58997673 -0.041948967 1.011278 4287952557
-0.58338773 -0.041938562 1.0110337 4287952557
-0.57681447 -0.041947048 1.0107902 4287952557
-0.57024479 -0.041967906 1.0105337 4287952557
-0.56367469 -0.042001329 1.0102561 4287952557
-0.55699098 -0.04194881 1.009858 4287952557
-0.55031365 -0.041910663 1.0094447 4287952557
-0.54364157 -0.04186403 1.0090402 4287952557
-0.53697956 -0.041837264 1.0086219 4287952557
-0.53036505 -0.041837715 1.0082552 4287952557
-0.5237543 -0.041822687 1.0079055 4287952557
-0.51715082 -0.041801345 1.0075688 4287952557
-0.51056308 -0.041811202 1.0072193 4287952557
-0.50397032 -0.041814994 1.0068567 4287952557
-0.49730977 -0.04175438 1.0064168 4287952557
-0.49065688 -0.041719299 1.0059509 4287952557
-0.48401117 -0.041697189 1.0054718 4287952557
-0.47737086 -0.04166143 1.0050075 4287952557
-0.47074187 -0.041627694 1.0045525 4287952557
-0.46415338 -0.041632235 1.0041288 4287952557
-0.45757043 -0.041639335 1.0037026 4287952557
-0.45094806 -0.041609757 1.0032179 4287952557
-0.44431251 -0.041570432 1.0026994 4287952557
-0.43768907 -0.04151538 1.0022142 4287952557
-0.43105894 -0.041356701 1.0018555 4287952557
-0.42442557 -0.04124387 1.0014625 4287952557
-0.41777253 -0.041172862 1.0010777 4287952557
-0.41132468 -0.041518472 1.0000203 4287952557
-0.40515885 -0.04205716 0.99838781 4287952557
-0.39685628 -0.041504312 0.99438095 4287952557
-0.387364 -0.040857501 0.98885369 4287952557
-0.37902218 -0.040690206 0.98346597 4287952557
-0.37063596 -0.040483512 0.97807711 4287952557
-0.36299649 -0.040334828 0.97339356 4287952557
-0.35519433 -0.040155344 0.96902084 4287952557
-0.3476887 -0.039999854 0.96521246 4287952557
-0.34043589 -0.039867442 0.96195018 4287952557
-0.33311322 -0.039739575 0.95912725 4287952557
-0.32644105 -0.039658621 0.95692688 4287952557
-0.31966484 -0.039576009 0.95495129 4287952557
-0.31303611 -0.039505664 0.9532153 4287952557
-0.30639771 -0.039436907 0.95161706 4287952557
-0.29984128 -0.039375041 0.95015657 4287952557
-0.29341897 -0.039324272 0.94890684 4287952557
-0.28701732 -0.03927917 0.94785124 4287952557
-0.28076419 -0.039245617 0.9469983 4287952557
-0.27452302 -0.039215285 0.94625443 4287952557
-0.26832029 -0.039189346 0.94561601 4287952557
-0.26211751 -0.039166808 0.94510442 4287952557
-0.25594011 -0.039149806 0.94475162 4287952557
-0.2499371 -0.039146051 0.9445979 4287952557
-0.24392514 -0.039145451 0.94455665 4287952557
-0.23791343 -0.039147586 0.94460195 4287952557
-0.23190507 -0.039151926 0.94472849 4287952557
-0.22590511 -0.039158411 0.94495642 4287952557
-0.22000104 -0.039177999 0.9453541 4287952557
-0.21410382 -0.039202169 0.94594377 4287952557
-0.20823827 -0.039233122 0.94671768 4287952557
-0.20239606 -0.039270077 0.94762969 4287952557
-0.19656686 -0.039315663 0.94863087 4287952557
-0.19073689 -0.039362941 0.94973052 4287952557
-0.18491852 -0.039410722 0.95095313 4287952557
-0.17911844 -0.039457325 0.95228964 4287952557
-0.17331946 -0.039525177 0.95381612 4287952557
-0.16754004 -0.039606124 0.95562309 4287952557
-0.16181904 -0.03968427 0.95768809 4287952557
-0.15609121 -0.03978299 0.96003485 4287952557
-0.15036823 -0.039891306 0.9626165 4287952557
-0.1446891 -0.039992604 0.96539801 4287952557
-0.13898607 -0.04009597 0.96834785 4287952557
-0.13325875 -0.040181752 0.97135836 4287952557
-0.12743774 -0.040284041 0.97428298 4287952557
-0.12142447 -0.040567406 0.97708148 4287952557
-0.11533395 -0.040953968 0.97955805 4287952557
-0.10939316 -0.040981594 0.98135561 4287952557
-0.10333123 -0.040716719 0.98226768 4287952557
-0.097099341 -0.040517591 0.98247695 4287952557
-0.090789087 -0.040468551 0.98216254 4287952557
-0.084485658 -0.040512316 0.98174161 4287952557
-0.078202091 -0.040617019 0.98133731 4287952557
-0.071937442 -0.040671032 0.98112601 4287952557
-0.065666191 -0.040660515 0.98089004 4287952557
-0.059398159 -0.040652942 0.98065209 4287952557
-0.053133458 -0.040650904 0.98040903 4287952557
-0.046871889 -0.040651478 0.98016298 4287952557
-0.040612932 -0.040644519 0.97992593 4287952557
-0.034356683 -0.040631976 0.97969526 4287952557
-0.028103435 -0.04061928 0.97946477 4287952557
-0.021853358 -0.040610135 0.97923046 4287952557
-0.015606476 -0.040606141 0.97898561 4287952557
-0.0093621109 -0.040597238 0.97871476 4287952557
-0.0031210734 -0.040585436 0.97842497 4287952557
0.0031164149 -0.040569182 0.97811693 4287952557
0.0093496917 -0.040558446 0.97780293 4287952557
0.015579078 -0.040546156 0.97749084 4287952557
0.02180461 -0.040532097 0.97718102 4287952557
0.028026324 -0.040515441 0.97687441 4287952557
0.03424434 -0.040501069 0.97657627 4287952557
0.040459085 -0.040494844 0.97629213 4287952557
0.046670467 -0.040485363 0.97601199 4287952557
0.052878428 -0.040473234 0.97573495 4287952557
0.059082944 -0.040459543 0.97545993 4287952557
0.065283969 -0.040444575 0.97518635 4287952557
0.071481511 -0.040428787 0.97491384 4287952557
0.077675529 -0.040412776 0.9746418 4287952557
0.083866 -0.040397074 0.97436953 4287952557
0.090053134 -0.040377993 0.97410125 4287952557
0.096236646 -0.040360671 0.97383112 4287952557
0.10241628 -0.040351093 0.97355253 4287952557
0.10859171 -0.040353991 0.97325975 4287952557
0.11475369 -0.040320709 0.97290444 4287952557
0.12090158 -0.040174615 0.97253007 4287952557
0.12706628 -0.040157173 0.97225434 4287952557
0.13320489 -0.040219814 0.97178137 4287952557
0.13934122 -0.040371757 0.97132277 4287952557
0.14534099 -0.040408663 0.9700219 4287952557
0.1442972 -0.039106335 0.9319011 4294901760
0.14958318 -0.037006218 0.91510618 4282643381
0.15421443 -0.037200842 0.91115463 4294901760
0.1593834 -0.037870299 0.90936047 4282643381
0.16515557 -0.037657671 0.90892166 4282643381
0.17088977 -0.037752114 0.90852332 4282643381
0.17663497 -0.0377676 0.90823847 4282643381
0.18238543 -0.03770341 0.9080705 4282643381
0.18812612 -0.037681732 0.90784115 4282643381
0.19386193 -0.037693724 0.90756196 4282643381
0.19959231 -0.037710819 0.90725613 4282643381
0.20532197 -0.037700161 0.90698755 4282643381
0.21105696 -0.037687454 0.90672106 4282643381
0.21681952 -0.037507698 0.90706742 4282643381
0.22276115 -0.037323397 0.90838701 4282643381
0.22942719 -0.037556984 0.91183019 4282643381
-0.72849047 -0.033137374 0.94841355 4291520081
-0.72146344 -0.033075854 0.94714445 4291520081
-0.71522498 -0.033149093 0.94674343 4291520081
-0.70901519 -0.033210639 0.94640726 4291520081
-0.70279938 -0.03318299 0.94619107 4291520081
-0.69658971 -0.033201598 0.94591242 4291520081
-0.69038177 -0.033228088 0.94562322 4291520081
-0.68415731 -0.033348292 0.94520491 4291520081
-0.67791641 -0.033354111 0.94494504 4291520081
-0.67214179 -0.033550289 0.94530022 4291520081
-0.66687346 -0.033152856 0.94658506 4291520081
-0.66259438 -0.032856248 0.94887227 4291520081
-0.6594649 -0.033006761 0.9527896 4291520081
-0.65713727 -0.033794049 0.95934546 4291520081
-0.65645278 -0.033946488 0.9670378 4291520081
-0.656914 -0.034206565 0.97642595 4291520081
-0.65757191 -0.034474447 0.9863525 4291520081
-0.65701896 -0.034954108 0.99576783 4291520081
-0.65443891 -0.036525566 1.00298 4294901760
-0.65050596 -0.035545472 1.0053121 4286097756
-0.64489001 -0.034655161 1.0065701 4294901760
-0.63847846 -0.0346816 1.0068134 4287952557
-0.63206387 -0.035023715 1.0067043 4287952557
-0.62577242 -0.035420612 1.0065361 4287952557
-0.61923534 -0.035339646 1.0064242 4287952557
-0.61265528 -0.035295911 1.0061957 4287952557
-0.60608155 -0.035293311 1.0059245 4287952557
-0.59951401 -0.035296831 1.0056506 4287952557
-0.59294879 -0.035276327 1.0054044 4287952557
-0.58638704 -0.035260245 1.0051532 4287952557
-0.57984757 -0.035272207 1.0049019 4287952557
-0.57327265 -0.03526989 1.0045978 4287952557
-0.56662232 -0.035216782 1.0042102 4287952557
-0.55997843 -0.035180025 1.0038043 4287952557
-0.55334121 -0.035158802 1.0033814 4287952557
-0.54671013 -0.03514507 1.0029504 4287952557
-0.5400846 -0.035126887 1.0025249 4287952557
-0.533476 -0.035104331 1.0021273 4287952557
-0.52690852 -0.035097718 1.0017812 4287952557
-0.52035451 -0.035081383 1.0014652 4287952557
-0.51380479 -0.035067584 1.0011469 4287952557
-0.50725991 -0.035067592 1.0008132 4287952557
-0.50070071 -0.035069387 1.000439 4287952557
-0.49408576 -0.035027143 0.99999201 4287952557
-0.4875176 -0.035029501 0.99957651 4287952557
-0.48095453 -0.035027377 0.99916643 4287952557
-0.47439587 -0.035014659 0.99876845 4287952557
-0.46784225 -0.034998134 0.99837512 4287952557
-0.46129411 -0.034986794 0.99797624 4287952557
-0.45475206 -0.034987383 0.99756402 4287952557
-0.44815734 -0.034945693 0.99707299 4287952557
-0.44156465 -0.034917757 0.99655336 4287952557
-0.43498006 -0.034901842 0.99602073 4287952557
-0.42839772 -0.034841806 0.99553996 4287952557
-0.42180559 -0.034704886 0.99515903 4287952557
-0.41521126 -0.034592465 0.99480098 4287952557
-0.40863708 -0.034638833 0.99423236 4287952557
-0.402228 -0.034948163 0.9931342 4287952557
-0.39581686 -0.035281945 0.99129039 4287952557
-0.38761514 -0.034799106 0.98759186 4287952557
-0.37904975 -0.034424879 0.98307127 4287952557
-0.3706387 -0.034220606 0.97808111 4287952557
-0.36293861 -0.034118537 0.97348887 4287952557
-0.35515112 -0.033974156 0.96915603 4287952557
-0.34766299 -0.033845887 0.96527445 4287952557
-0.34042585 -0.033734076 0.9619804 4287952557
-0.33310547 -0.033627216 0.95914024 4287952557
-0.32643315 -0.033556629 0.95693046 4287952557
-0.31969231 -0.033487912 0.95495874 4287952557
-0.31306231 -0.033427346 0.95322108 4287952557
-0.30641904 -0.033370506 0.9516384 4287952557
-0.2998755 -0.033320028 0.95020843 4287952557
-0.29345062 -0.033276442 0.9489646 4287952557
-0.28707564 -0.033239573 0.94791472 4287952557
-0.28082314 -0.033208996 0.94706368 4287952557
-0.27458599 -0.033180553 0.94629288 4287952557
-0.26838022 -0.033156916 0.94564265 4287952557
-0.26217178 -0.033139601 0.94512081 4287952557
-0.25598478 -0.033130344 0.94477648 4287952557
-0.24997821 -0.033121742 0.94461644 4287952557
-0.24396385 -0.033119075 0.9445796 4287952557
-0.2379497 -0.03312204 0.94464803 4287952557
-0.2319387 -0.033127997 0.94478166 4287952557
-0.22593544 -0.033137906 0.94500852 4287952557
-0.22002542 -0.033150516 0.94539613 4287952557
-0.21412316 -0.033171307 0.94596946 4287952557
-0.20824404 -0.033198219 0.94673222 4287952557
-0.20240058 -0.033229958 0.9476431 4287952557
-0.19656987 -0.033266962 0.94863635 4287952557
-0.1907371 -0.033307079 0.94972646 4287952557
-0.18491337 -0.033348523 0.95093322 4287952557
-0.1791072 -0.033388421 0.95225465 4287952557
-0.17331475 -0.03343967 0.95375717 4287952557
-0.16752715 -0.033508483 0.95552754 4287952557
-0.16180196 -0.033575337 0.957591 4287952557
-0.15611471 -0.033650097 0.95998573 4287952557
-0.15042292 -0.033732373 0.96262783 4287952557
-0.14472771 -0.033803809 0.96539193 4287952557
-0.13897839 -0.033873357 0.96817493 4287952557
-0.13312049 -0.033996563 0.97085017 4287952557
-0.12713695 -0.034255926 0.97326297 4287952557
-0.12111101 -0.034555044 0.97540772 4287952557
-0.11513999 -0.034611247 0.97688764 4287952557
-0.10906706 -0.034284342 0.97753716 4287952557
-0.10283671 -0.034051038 0.97757828 4287952557
-0.096550137 -0.034075405 0.97715873 4287952557
-0.090283588 -0.034106888 0.97677624 4287952557
-0.084031031 -0.034200653 0.97635537 4287952557
-0.077791415 -0.034217689 0.97612613 4287952557
-0.071552739 -0.034218781 0.97590137 4287952557
-0.065308936 -0.034171969 0.97564489 4287952557
-0.059072856 -0.034157686 0.97539228 4287952557
-0.052842267 -0.034165908 0.97513384 4287952557
-0.046614651 -0.034170352 0.97488046 4287952557
-0.040389869 -0.034171183 0.97463137 4287952557
-0.034168024 -0.034169827 0.97438526 4287952557
-0.027948963 -0.034163456 0.97414547 4287952557
-0.021733021 -0.034158736 0.97390366 4287952557
-0.015520425 -0.034159612 0.97365534 4287952557
-0.009309452 -0.034141801 0.97337574 4287952557
-0.0031017417 -0.034117658 0.97307485 4287952557
0.0031015703 -0.03410032 0.9727661 4287952557
0.0093005989 -0.03408733 0.97245216 4287952557
0.015495535 -0.034075335 0.97213727 4287952557
0.021686547 -0.034061491 0.97182471 4287952557
0.027873658 -0.034044996 0.97151583 4287952557
0.034056894 -0.034028437 0.97121072 4287952557
0.040236499 -0.034014784 0.97091454 4287952557
0.046412915 -0.034009144 0.97063124 4287952557
0.052586444 -0.034008373 0.97035897 4287952557
0.058756802 -0.034004603 0.97009039 4287952557
0.06492395 -0.033998676 0.96982449 4287952557
0.071087852 -0.033991542 0.96956044 4287952557
0.077248469 -0.033983257 0.96929771 4287952557
0.083405741 -0.03397581 0.96903437 4287952557
0.089559712 -0.033967856 0.96877158 4287952557
0.095710456 -0.033958439 0.96851081 4287952557
0.10185779 -0.033950623 0.96824819 4287952557
0.10800065 -0.033948831 0.96797109 4287952557
0.11413913 -0.033960029 0.96767682 4287952557
0.120275 -0.033956837 0.96740216 4287952557
0.12639649 -0.033947524 0.96704328 4287952557
0.13251199 -0.033914112 0.96669185 4287952557
0.13861568 -0.033967886 0.96623307 4287952557
0.14469987 -0.03415538 0.96559668 4287952557
0.14439258 -0.032838572 0.93069363 4294901760
0.14882244 -0.031294547 0.91096115 4282643381
0.15359187 -0.0311899 0.9071278 4282643381
0.15872099 -0.031800289 0.90534115 4282643381
0.16441453 -0.031619791 0.90489334 4282643381
0.17011417 -0.031739738 0.90445405 4282643381
0.17583479 -0.031727895 0.90421522 4282643381
0.18155666 -0.031652022 0.90407473 4282643381
0.18727006 -0.031629957 0.90385228 4282643381
0.19297889 -0.031630114 0.90359563 4282643381
0.19868343 -0.031663179 0.90328777 4282643381
0.20438676 -0.031631805 0.90308022 4282643381
0.21008565 -0.031645924 0.90279907 4282643381
0.21586701 -0.031563073 0.90313578 4282643381
0.22178063 -0.03144557 0.90425086 4282643381
0.22817197 -0.031445324 0.9071964 4282643381
-0.73138535 -0.026825989 0.94461858 4291520081
-0.7242105 -0.026832731 0.94300616 4291520081
-0.7180323 -0.027051467 0.94241571 4291520081
-0.71181887 -0.027057014 0.94212508 4291520081
-0.70560658 -0.02703508 0.94187284 4291520081
-0.69939822 -0.027008485 0.94162762 4291520081
-0.6931957 -0.027020657 0.94132787 4291520081
-0.68699342 -0.027068786 0.94097757 4291520081
-0.6807465 -0.027232941 0.94046724 4291520081
-0.67475927 -0.027274325 0.94052273 4291520081
-0.66919488 -0.027289985 0.94127649 4291520081
-0.66450834 -0.026696235 0.94317353 4291520081
-0.66092265 -0.026567115 0.94607747 4291520081
-0.65827996 -0.02724511 0.95146865 4291520081
-0.65646249 -0.027713066 0.95871627 4291520081
-0.6569137 -0.027733428 0.96732444 4291520081
-0.65722728 -0.028000612 0.97691458 4291520081
-0.65752059 -0.028275758 0.98674285 4291520081
-0.65574265 -0.029252226 0.99490124 4294901760
-0.65235358 -0.029396677 0.99872506 4294901760
-0.64725751 -0.028391127 1.0002254 4294901760
-0.64114988 -0.027981412 1.0009155 4287952557
-0.63472217 -0.028171027 1.0009648 4287952557
-0.62838131 -0.028568601 1.0007563 4287952557
-0.62201637 -0.028676976 1.0006659 4287952557
-0.61547703 -0.028607836 1.0004824 4287952557
-0.60894138 -0.028593918 1.0002339 4287952557
-0.60243005 -0.028608011 0.99998564 4287952557
-0.59593421 -0.028623393 0.99975687 4287952557
-0.58944106 -0.028633794 0.99953389 4287952557
-0.58292931 -0.028641237 0.999277 4287952557
-0.57633668 -0.028599998 0.99893188 4287952557
-0.56973934 -0.028570326 0.99855447 4287952557
-0.56314802 -0.028555224 0.99816 4287952557
-0.55656272 -0.028550204 0.99775392 4287952557
-0.5499832 -0.028549975 0.99734271 4287952557
-0.54340893 -0.028547503 0.99693459 4287952557
-0.53683835 -0.028534668 0.99653739 4287952557
-0.53027433 -0.028510656 0.99615753 4287952557
-0.52378303 -0.028533679 0.99584979 4287952557
-0.51729447 -0.028547071 0.99555367 4287952557
-0.5108096 -0.028562063 0.99525583 4287952557
-0.50430709 -0.028567096 0.9949277 4287952557
-0.4977611 -0.028540963 0.994542 4287952557
-0.49122095 -0.028523915 0.99414599 4287952557
-0.48468623 -0.02850906 0.99374771 4287952557
-0.47815642 -0.028488878 0.99335611 4287952557
-0.47163126 -0.02845959 0.99297589 4287952557
-0.46513098 -0.028448254 0.99261552 4287952557
-0.45864627 -0.028456179 0.99225324 4287952557
-0.45216084 -0.028475048 0.9918642 4287952557
-0.44560117 -0.028435528 0.9913736 4287952557
-0.4390502 -0.028419295 0.99085563 4287952557
-0.43250695 -0.028412895 0.99032629 4287952557
-0.42597064 -0.028406823 0.98979712 4287952557
-0.41942224 -0.02832696 0.98933196 4287952557
-0.41283569 -0.028164314 0.9889226 4287952557
-0.40624425 -0.028053727 0.9884876 4287952557
-0.39967948 -0.028086996 0.98788059 4287952557
-0.39337245 -0.028441688 0.98675656 4287952557
-0.38689899 -0.028667508 0.98497242 4287952557
-0.37911403 -0.028376127 0.98170012 4287952557
-0.37081191 -0.02802344 0.97773308 4287952557
-0.36297068 -0.027911311 0.97341818 4287952557
-0.35518262 -0.027795196 0.96914697 4287952557
-0.3476685 -0.027692299 0.96527129 4287952557
-0.34045053 -0.027597234 0.96192074 4287952557
-0.33333084 -0.027509784 0.9590283 4287952557
-0.32651129 -0.027430065 0.95665842 4287952557
-0.31982216 -0.027352052 0.95460606 4287952557
-0.31320214 -0.02727906 0.95278835 4287952557
-0.30656686 -0.027241388 0.95124614 4287952557
-0.30005416 -0.027191646 0.94981927 4287952557
-0.29355967 -0.027210485 0.94892997 4287952557
-0.2871837 -0.027178684 0.94788074 4287952557
-0.28086215 -0.027176253 0.94727659 4287952557
-0.27462772 -0.027152952 0.94652677 4287952557
-0.26842371 -0.027130852 0.94585514 4287952557
-0.26221585 -0.027117891 0.94532496 4287952557
-0.25602236 -0.027114963 0.94496876 4287952557
-0.25001577 -0.02710332 0.94480896 4287952557
-0.24400362 -0.027099365 0.94477886 4287952557
-0.23799039 -0.027103543 0.94487202 4287952557
-0.23197173 -0.02708994 0.94481444 4287952557
-0.22596546 -0.02710804 0.94504672 4287952557
-0.22003573 -0.027082685 0.94523758 4287952557
-0.21412331 -0.027100377 0.94578987 4287952557
-0.20820709 -0.027115392 0.94639635 4287952557
-0.20233357 -0.027122013 0.94715255 4287952557
-0.19649433 -0.027148062 0.94815987 4287952557
-0.19065343 -0.027190305 0.94927448 4287952557
-0.1848169 -0.027240524 0.95048773 4287952557
-0.17898333 -0.027283939 0.95174021 4287952557
-0.17320526 -0.027345618 0.9533366 4287952557
-0.16745432 -0.027407579 0.95523554 4287952557
-0.16177475 -0.027468478 0.95746791 4287952557
-0.15611658 -0.027518695 0.95995826 4287952557
-0.15043189 -0.027560715 0.96256918 4287952557
-0.14465919 -0.027631121 0.96514422 4287952557
-0.13878062 -0.027780769 0.96753526 4287952557
-0.13282205 -0.028059168 0.96966547 4287952557
-0.1268584 -0.028246092 0.97147977 4287952557
-0.12089063 -0.028085764 0.97258455 4287952557
-0.11476506 -0.02775366 0.97296655 4287952557
-0.10853192 -0.027606085 0.97288644 4287952557
-0.10227474 -0.027651016 0.97247738 4287952557
-0.096038565 -0.027741291 0.97204208 4287952557
-0.089822739 -0.027856939 0.97164989 4287952557
-0.083616316 -0.027889667 0.97144508 4287952557
-0.077411346 -0.02790994 0.97125715 4287952557
-0.071208343 -0.027928665 0.9710713 4287952557
-0.064998887 -0.027905678 0.97083735 4287952557
-0.058789607 -0.027874043 0.97056931 4287952557
-0.052584592 -0.02785299 0.9702875 4287952557
-0.046383519 -0.02783516 0.9700017 4287952557
-0.040186152 -0.027815882 0.9697178 4287952557
-0.033994537 -0.02780992 0.96945429 4287952557
-0.027807502 -0.027813517 0.96920598 4287952557
-0.021623477 -0.027817214 0.96895742 4287952557
-0.0154427 -0.027825175 0.96870375 4287952557
-0.0092640612 -0.02782217 0.96842748 4287952557
-0.0030879129 -0.027803827 0.96812618 4287952557
0.0030839716 -0.027790425 0.96781868 4287952557
0.0092517138 -0.027779801 0.96750784 4287952557
0.015415324 -0.027774433 0.96720004 4287952557
0.021575119 -0.027770685 0.9668963 4287952557
0.027731229 -0.027765492 0.9665947 4287952557
0.033883665 -0.02775849 0.9662956 4287952557
0.040032446 -0.02774946 0.96599919 4287952557
0.046177611 -0.027737776 0.96570647 4287952557
0.05231918 -0.027722845 0.9654181 4287952557
0.058458008 -0.027717697 0.96514398 4287952557
0.064593993 -0.027715711 0.96487772 4287952557
0.070726804 -0.027711811 0.96461421 4287952557
0.076856382 -0.027706694 0.96435237 4287952557
0.082982689 -0.02770099 0.9640913 4287952557
0.089105628 -0.027692648 0.96383142 4287952557
0.095224835 -0.027677411 0.9635728 4287952557
0.10134047 -0.027665263 0.96331036 4287952557
0.10745239 -0.027658029 0.96304166 4287952557
0.11356021 -0.027663987 0.96275759 4287952557
0.11965989 -0.027646404 0.96245289 4287952557
0.12574899 -0.027618106 0.96210307 4287952557
0.13183436 -0.027577117 0.96176982 4287952557
0.13791251 -0.027579686 0.96138626 4287952557
0.14398853 -0.027686719 0.96094239 4287952557
0.14505279 -0.026713461 0.92985988 4294901760
0.14813869 -0.025468744 0.90736806 4282643381
0.15294661 -0.025247926 0.90345186 4282643381
0.15813614 -0.025671061 0.90196908 4282643381
0.16373989 -0.025797604 0.90114993 4282643381
0.16942598 -0.025907027 0.90076691 4282643381
0.17512915 -0.025896698 0.90054834 4282643381
0.18083312 -0.025825026 0.90042615 4282643381
0.18652742 -0.025810577 0.90021312 4282643381
0.19221786 -0.025812356 0.89997411 4282643381
0.19790512 -0.025835842 0.89969981 4282643381
0.203591 -0.025807571 0.89950967 4282643381
0.20927829 -0.025840376 0.89922017 4282643381
0.21504818 -0.025787363 0.89950436 4282643381
0.22081 -0.025528971 0.90039015 4282643381
0.22701681 -0.025487488 0.90276748 4282643381
0.23518266 -0.026197836 0.91045934 4282643381
-0.73478585 -0.020595957 0.94153035 4291520081
-0.7274937 -0.020801503 0.93940622 4291520081
-0.72097707 -0.020944705 0.93844217 4291520081
-0.71480471 -0.021059595 0.93799669 4291520081
-0.70860821 -0.020995343 0.93781102 4291520081
-0.70242357 -0.020963088 0.93757987 4291520081
-0.69624519 -0.020967493 0.93729562 4291520081
-0.69007486 -0.020985179 0.93699956 4291520081
-0.68388051 -0.02116318 0.93648225 4291520081
-0.67769861 -0.021095773 0.93631625 4291520081
-0.67185694 -0.021274842 0.93650186 4291520081
-0.66668212 -0.020850437 0.93783063 4291520081
-0.66255897 -0.020564917 0.94020385 4291520081
-0.65949863 -0.020807881 0.94427395 4291520081
-0.65713161 -0.021485863 0.95073205 4291520081
-0.6570577 -0.021416757 0.9588173 4291520081
-0.65725881 -0.021590063 0.9679116 4291520081
-0.65805858 -0.021691306 0.97766584 4291520081
-0.65653545 -0.022419898 0.98665661 4291520081
-0.65409929 -0.023325933 0.99223995 4294901760
-0.64979857 -0.022312291 0.9943493 4286097756
-0.64387465 -0.021880548 0.9951123 4287952557
-0.63762999 -0.021765139 0.99543357 4287952557
-0.63132322 -0.021985926 0.99541503 4287952557
-0.62519014 -0.022322701 0.99539369 4287952557
-0.61869287 -0.022218212 0.9952715 4287952557
-0.61219674 -0.022183385 0.9950639 4287952557
-0.60570461 -0.022192178 0.99480271 4287952557
-0.5992412 -0.022207165 0.99457639 4287952557
-0.59278011 -0.022208266 0.99436772 4287952557
-0.58631295 -0.022217287 0.99413306 4287952557
-0.57978344 -0.022199081 0.99381995 4287952557
-0.57325971 -0.022205248 0.99347675 4287952557
-0.56672251 -0.02220891 0.99310493 4287952557
-0.56016797 -0.022198884 0.99271208 4287952557
-0.55361861 -0.022189461 0.99231881 4287952557
-0.54707313 -0.022180203 0.99192333 4287952557
-0.54053152 -0.022169055 0.99152827 4287952557
-0.53399473 -0.022152165 0.99114072 4287952557
-0.52746248 -0.022126587 0.99076438 4287952557
-0.52095723 -0.022112153 0.99041516 4287952557
-0.51450527 -0.022137124 0.99010819 4287952557
-0.50799727 -0.022109687 0.98975432 4287952557
-0.50148302 -0.022077035 0.98938531 4287952557
-0.49499395 -0.022067774 0.989025 4287952557
-0.48852184 -0.022071546 0.98867238 4287952557
-0.48205391 -0.022072557 0.98832321 4287952557
-0.47559017 -0.022070071 0.9879787 4287952557
-0.46913061 -0.022064051 0.98763877 4287952557
-0.46267572 -0.022059759 0.98729706 4287952557
-0.45622611 -0.022067435 0.98694015 4287952557
-0.44976497 -0.022074878 0.98654735 4287952557
-0.44324109 -0.022035278 0.98606807 4287952557
-0.4367255 -0.022014491 0.98556584 4287952557
-0.43017828 -0.021965507 0.98501605 4287952557
-0.42366603 -0.02194353 0.98449165 4287952557
-0.41719839 -0.021947335 0.98401994 4287952557
-0.41073141 -0.021907153 0.98360658 4287952557
-0.40425649 -0.021810543 0.98328155 4287952557
-0.39780012 -0.021818897 0.98281729 4287952557
-0.39128676 -0.02186653 0.98208308 4287952557
-0.38475949 -0.021995794 0.98089504 4287952557
-0.3784537 -0.022279387 0.97923893 4287952557
-0.37088135 -0.021996545 0.97648603 4287952557
-0.36317083 -0.021793069 0.97286057 4287952557
-0.35529926 -0.021630259 0.96887374 4287952557
-0.34782782 -0.021517802 0.96487373 4287952557
-0.3405571 -0.021457314 0.96203083 4287952557
-0.33342645 -0.021390313 0.95927072 4287952557
-0.3264668 -0.021333059 0.95684659 4287952557
-0.31980342 -0.021241093 0.95474923 4287952557
-0.3132053 -0.021193879 0.95310485 4287952557
-0.3066594 -0.021129314 0.95152545 4287952557
-0.30012333 -0.02108323 0.95006859 4287952557
-0.29368168 -0.02106105 0.94892365 4287952557
-0.28732046 -0.021018682 0.94787323 4287952557
-0.28096804 -0.021007933 0.94697982 4287952557
-0.27472872 -0.020964693 0.94621742 4287952557
-0.26851249 -0.020929234 0.94555151 4287952557
-0.26229289 -0.020931451 0.94501185 4287952557
-0.25608206 -0.020980459 0.94464219 4287952557
-0.25006691 -0.020926716 0.94449222 4287952557
-0.24404362 -0.020914948 0.94449329 4287952557
-0.23802352 -0.020957593 0.9446708 4287952557
-0.2320058 -0.020998031 0.94485283 4287952557
-0.22599763 -0.021046691 0.94509989 4287952557
-0.220071 -0.020991718 0.94536322 4287952557
-0.21415436 -0.021000598 0.9458881 4287952557
-0.2082482 -0.02104719 0.94657725 4287952557
-0.20237654 -0.021090448 0.94742537 4287952557
-0.19653578 -0.021090625 0.9483785 4287952557
-0.19069159 -0.021117995 0.94944614 4287952557
-0.1848436 -0.021141199 0.95054138 4287952557
-0.17902347 -0.021209886 0.95188451 4287952557
-0.17323914 -0.021267055 0.95345414 4287952557
-0.16752984 -0.0213206 0.95544767 4287952557
-0.16178623 -0.02136104 0.95747519 4287952557
-0.1560712 -0.021396887 0.95981592 4287952557
-0.15032126 -0.021430844 0.96218151 4287952557
-0.14443594 -0.021619646 0.96432114 4287952557
-0.13851225 -0.021891536 0.96618533 4287952557
-0.13257201 -0.02200992 0.96771723 4287952557
-0.12657155 -0.021711236 0.96845108 4287952557
-0.12041881 -0.021456681 0.96862453 4287952557
-0.11419068 -0.021306474 0.96838784 4287952557
-0.10794583 -0.021329878 0.96784818 4287952557
-0.10174058 -0.021414729 0.96741664 4287952557
-0.09556137 -0.0215353 0.96708316 4287952557
-0.089383379 -0.021563595 0.96688503 4287952557
-0.083206572 -0.021577645 0.96670669 4287952557
-0.077031575 -0.021588441 0.96653306 4287952557
-0.070858918 -0.021605575 0.96635056 4287952557
-0.064688995 -0.021634951 0.96615136 4287952557
-0.058509786 -0.021609195 0.96588355 4287952557
-0.052334644 -0.021591783 0.96560323 4287952557
-0.046163525 -0.021579619 0.96531588 4287952557
-0.039996199 -0.02156846 0.96502727 4287952557
-0.033832401 -0.021553516 0.96474403 4287952557
-0.02767219 -0.021535041 0.96446574 4287952557
-0.021515675 -0.021516139 0.96418822 4287952557
-0.015363033 -0.021499358 0.9639079 4287952557
-0.0092147272 -0.021490773 0.96362823 4287952557
-0.0030699198 -0.021480981 0.96333718 4287952557
0.0030709021 -0.021474659 0.96304178 4287952557
0.0092078326 -0.021470277 0.96274388 4287952557
0.01534098 -0.021466147 0.96244574 4287952557
0.021470353 -0.021462267 0.96214747 4287952557
0.027595965 -0.021458564 0.96184909 4287952557
0.033717766 -0.021455841 0.96154964 4287952557
0.039835952 -0.021451103 0.96125305 4287952557
0.045950502 -0.021444762 0.96095884 4287952557
0.052061483 -0.02143576 0.9606685 4287952557
0.058168903 -0.021423878 0.96038228 4287952557
0.064272739 -0.021409584 0.96009964 4287952557
0.070374273 -0.02140783 0.95983028 4287952557
0.076472528 -0.021404613 0.95956278 4287952557
0.082567386 -0.021398945 0.95929635 4287952557
0.088658974 -0.021391384 0.95903277 4287952557
0.094747469 -0.02137962 0.9587751 4287952557
0.10083242 -0.021370981 0.95851314 4287952557
0.10691355 -0.021369904 0.95824111 4287952557
0.11298935 -0.021371797 0.95795059 4287952557
0.11905676 -0.021357965 0.95763272 4287952557
0.12512285 -0.021370264 0.95731723 4287952557
0.13118543 -0.021379631 0.95700592 4287952557
0.13716085 -0.021493085 0.95659107 4287952557
0.1419397 -0.02239391 0.95499766 4294901760
0.14495847 -0.020770375 0.92924607 4294901760
0.14728589 -0.01994025 0.90401179 4282643381
0.15208399 -0.01950334 0.89997798 4282643381
0.15753216 -0.01989275 0.89850545 4282643381
0.16311072 -0.020058313 0.89765245 4282643381
0.16877674 -0.02016229 0.89726096 4282643381
0.17446816 -0.020153867 0.89707142 4282643381
0.18016009 -0.020085569 0.89697862 4282643381
0.18583612 -0.020070273 0.89677805 4282643381
0.19150698 -0.020066667 0.89655131 4282643381
0.19717523 -0.020073095 0.89630789 4282643381
0.2028421 -0.020064285 0.89609057 4282643381
0.20851155 -0.020070143 0.89584631 4282643381
0.21426463 -0.020040998 0.89607137 4282643381
0.22007108 -0.019938417 0.89678127 4282643381
0.22587033 -0.019548863 0.89864457 4282643381
0.23381513 -0.020269889 0.90518028 4282643381
-0.7308414 -0.014731041 0.93609703 4291520081
-0.72387642 -0.014785199 0.93465859 4291520081
-0.7177465 -0.014969676 0.93410772 4291520081
-0.7115792 -0.014941041 0.93387705 4291520081
-0.7054233 -0.014931588 0.93361968 4291520081
-0.69927919 -0.014922915 0.93337333 4291520081
-0.69313967 -0.014943091 0.93308359 4291520081
-0.68699682 -0.015022565 0.93270457 4291520081
-0.68077308 -0.015251417 0.93211704 4291520081
-0.67469513 -0.015092024 0.93217307 4291520081
-0.66919506 -0.015030567 0.93292528 4291520081
-0.66447049 -0.014561696 0.93464124 4291520081
-0.66099727 -0.014549125 0.93782634 4291520081
-0.65833157 -0.015132756 0.94326019 4291520081
-0.65690136 -0.015346826 0.95058984 4291520081
-0.65756458 -0.015230413 0.95900762 4291520081
-0.6578207 -0.01537702 0.968409 4291520081
-0.65767264 -0.015618472 0.97789311 4291520081
-0.65547931 -0.016501147 0.98509306 4294901760
-0.65197772 -0.016245896 0.98817027 4286097756
-0.64673305 -0.015513374 0.989712 4294901760
-0.64058691 -0.015322524 0.99016935 4287952557
-0.63440555 -0.01551865 0.99034679 4287952557
-0.62828344 -0.015876783 0.99028295 4287952557
-0.62197822 -0.015890243 0.99027526 4287952557
-0.61551446 -0.015824046 0.99011421 4287952557
-0.60905302 -0.015801325 0.98989719 4287952557
-0.60259461 -0.015788687 0.98966748 4287952557
-0.5961386 -0.01576316 0.98945481 4287952557
-0.58973801 -0.015783377 0.98926824 4287952557
-0.58325034 -0.015757104 0.98899269 4287952557
-0.57674336 -0.015743008 0.98865974 4287952557
-0.57024217 -0.015747976 0.98830158 4287952557
-0.56374586 -0.01575762 0.98793727 4287952557
-0.55724096 -0.015756417 0.98756486 4287952557
-0.55073249 -0.015750511 0.9871847 4287952557
-0.54422855 -0.015744466 0.98680407 4287952557
-0.53772974 -0.015738999 0.98642296 4287952557
-0.53123564 -0.015731297 0.98604524 4287952557
-0.52474618 -0.015719268 0.98567367 4287952557
-0.51826131 -0.015701342 0.98531014 4287952557
-0.51179641 -0.015694635 0.98495978 4287952557
-0.50533688 -0.015687726 0.98461133 4287952557
-0.49888489 -0.01568453 0.9842636 4287952557
-0.49243763 -0.01568272 0.98391455 4287952557
-0.48599499 -0.015681891 0.9835645 4287952557
-0.4795565 -0.015676985 0.98322004 4287952557
-0.47312275 -0.015674427 0.98287272 4287952557
-0.46669319 -0.015668383 0.98253036 4287952557
-0.46026838 -0.015665058 0.98218435 4287952557
-0.45384848 -0.015667407 0.98183089 4287952557
-0.4474183 -0.015670203 0.98144346 4287952557
-0.44095644 -0.015654657 0.98100173 4287952557
-0.43450263 -0.015652781 0.98054343 4287952557
-0.42805547 -0.015657982 0.98007566 4287952557
-0.42161399 -0.015660739 0.97961152 4287952557
-0.41517788 -0.01565717 0.97915667 4287952557
-0.40874749 -0.015651034 0.97870553 4287952557
-0.40232074 -0.015620718 0.97828883 4287952557
-0.39587861 -0.015532421 0.97794122 4287952557
-0.38924599 -0.0153633 0.97734356 4287952557
-0.38284549 -0.015484886 0.97662628 4287952557
-0.37655154 -0.015708882 0.97563595 4287952557
-0.37001798 -0.015834371 0.9739548 4287952557
-0.36305648 -0.015720926 0.97154009 4294901760
-0.35527495 -0.015458751 0.96855807 4294901760
-0.34772858 -0.015388164 0.96534717 4287952557
-0.34056246 -0.015352724 0.9625681 4287952557
-0.33348212 -0.015283074 0.95965403 4287952557
-0.32645133 -0.015321196 0.95744741 4287952557
-0.31967211 -0.015336372 0.9558205 4287952557
-0.3131102 -0.01529877 0.95417565 4287952557
-0.30655783 -0.015288604 0.95269471 4287952557
-0.30001348 -0.015298096 0.95128542 4287952557
-0.29362854 -0.015264662 0.95010108 4287952557
-0.28727922 -0.015248876 0.94907784 4287952557
-0.28092602 -0.015284578 0.94818604 4287952557
-0.2746667 -0.015285362 0.94742918 4287952557
-0.26848659 -0.015246302 0.94679236 4287952557
-0.26230448 -0.015250801 0.94626123 4287952557
-0.25611898 -0.015326629 0.94589609 4287952557
-0.2501159 -0.015258927 0.9457761 4287952557
-0.24413785 -0.015202918 0.94580102 4287952557
-0.23815237 -0.015211567 0.9459874 4287952557
-0.23216614 -0.015214612 0.94615811 4287952557
-0.22618912 -0.015242456 0.94640499 4287952557
-0.2202438 -0.015242131 0.94673872 4287952557
-0.21434341 -0.015209041 0.94722182 4287952557
-0.2084409 -0.015191442 0.9477756 4287952557
-0.20255633 -0.015226368 0.94852942 4287952557
-0.19668643 -0.015249168 0.94937611 4287952557
-0.19082917 -0.015222725 0.95024818 4287952557
-0.18497598 -0.015208184 0.95125753 4287952557
-0.17909883 -0.015183069 0.95223892 4287952557
-0.17333907 -0.015263853 0.95391881 4287952557
-0.16761811 -0.015292523 0.95594043 4287952557
-0.16186041 -0.015250307 0.95795816 4287952557
-0.15603991 -0.015262842 0.95974576 4287952557
-0.15014406 -0.015444489 0.96133387 4287952557
-0.14422652 -0.015772305 0.96270567 4287952557
-0.13825339 -0.015654303 0.96381372 4287952557
-0.1321862 -0.015391583 0.9643172 4287952557
-0.12603596 -0.015279031 0.96438843 4287952557
-0.11983875 -0.015192929 0.96413392 4287952557
-0.11363194 -0.01520295 0.9636457 4287952557
-0.10745726 -0.01527876 0.96323955 4287952557
-0.10129609 -0.015355892 0.96289122 4287952557
-0.095134571 -0.015355234 0.962659 4287952557
-0.088973656 -0.015335683 0.96243954 4287952557
-0.082814492 -0.015305616 0.96222514 4287952557
-0.076658547 -0.015276781 0.96200913 4287952557
-0.070508592 -0.015267336 0.9617914 4287952557
-0.064368874 -0.015302367 0.96158421 4287952557
-0.05822831 -0.015327944 0.96134907 4287952557
-0.052082673 -0.015314722 0.96106899 4287952557
-0.045941062 -0.015306467 0.96078181 4287952557
-0.03980469 -0.015308848 0.96050048 4287952557
-0.033672042 -0.015312118 0.96022397 4287952557
-0.027542569 -0.015312102 0.95995218 4287952557
-0.021416403 -0.015310708 0.95968264 4287952557
-0.015293646 -0.015309516 0.95941299 4287952557
-0.009174387 -0.01531003 0.95914096 4287952557
-0.0030586766 -0.015313054 0.95886558 4287952557
0.0030540628 -0.015308374 0.95858043 4287952557
0.0091633592 -0.015298729 0.95828986 4287952557
0.015268845 -0.015289469 0.95799899 4287952557
0.021370525 -0.015280523 0.95770782 4287952557
0.027468378 -0.015272261 0.95741588 4287952557
0.033562385 -0.015265008 0.95712274 4287952557
0.03965259 -0.015258139 0.95682913 4287952557
0.045739084 -0.015250253 0.95653737 4287952557
0.051822081 -0.015248048 0.95624918 4287952557
0.05790158 -0.015245993 0.95596343 4287952557
0.063977644 -0.015241931 0.95568085 4287952557
0.070050299 -0.015235214 0.95540231 4287952557
0.07611952 -0.015226266 0.95512712 4287952557
0.082185268 -0.015215899 0.95485425 4287952557
0.08824826 -0.015210689 0.9545868 4287952557
0.094308428 -0.015207001 0.95432425 4287952557
0.10036492 -0.015208049 0.95405501 4287952557
0.10641725 -0.015219821 0.95377058 4287952557
0.11246074 -0.015217365 0.9534508 4287952557
0.11848711 -0.015155142 0.95306849 4287952557
0.12452281 -0.015184305 0.95273334 4287952557
0.13073409 -0.014767842 0.95296544 4287952557
0.13640259 -0.01541617 0.95183444 4287952557
-0.2023574 0.090913564 0.9199729 4287952557
-0.19644162 0.090887517 0.91973037 4287952557
-0.19052614 0.090889558 0.91955042 4287952557
-0.18461242 0.090894677 0.9193812 4287952557
-0.17870101 0.090892576 0.9191972 4287952557
-0.17282823 0.090836681 0.91899061 4287952557
-0.16696356 0.090760529 0.91871643 4287952557
-0.16107577 0.090711333 0.91841763 4287952557
-0.15514314 0.090717383 0.91814888 4287952557
-0.1492181 0.090712652 0.91786551 4287952557
-0.14330176 0.090692803 0.91754049 4287952557
-0.13739304 0.090659641 0.91717255 4287952557
-0.13148724 0.090630017 0.91681105 4287952557
-0.12559538 0.090594411 0.91645974 4287952557
-0.11971654 0.090554073 0.91612339 4287952557
-0.1138408 0.090517141 0.9157986 4287952557
-0.1079683 0.090483084 0.91548383 4287952557
-0.10209914 0.090451449 0.91517788 4287952557
-0.09623342 0.090421639 0.91487861 4287952557
-0.090371214 0.090393379 0.91458511 4287952557
-0.084514417 0.090365365 0.91430193 4287952557
-0.078662522 0.09033791 0.91402864 4287952557
-0.072813921 0.090311438 0.91375977 4287952557
-0.06696853 0.09028624 0.91349584 4287952557
-0.061126504 0.090261444 0.91323346 4287952557
-0.055287745 0.090237819 0.91297579 4287952557
-0.049453594 0.090213411 0.91272366 4287952557
-0.043623056 0.090188563 0.91247272 4287952557
-0.037795659 0.090163887 0.91222203 4287952557
-0.031971361 0.090140253 0.9119758 4287952557
-0.026150106 0.090117715 0.91173381 4287952557
-0.020332409 0.090095095 0.91149688 4287952557
-0.014518154 0.090072252 0.91126519 4287952557
-0.0087071769 0.090048954 0.91103828 4287952557
-0.0028988773 0.090026498 0.91081458 4287952557
0.0029067711 0.090004995 0.9105947 4287952557
0.0087097334 0.089984193 0.91037756 4287952557
0.014509897 0.089963369 0.91016048 4287952557
0.020307167 0.089941971 0.90994132 4287952557
0.026101531 0.089919917 0.90971982 4287952557
0.031892948 0.089897007 0.90949512 4287952557
0.037681464 0.089873582 0.90926844 4287952557
0.043467127 0.089849882 0.90904069 4287952557
0.04925023 0.089827575 0.90881842 4287952557
0.055030774 0.089806423 0.90860057 4287952557
0.060808495 0.089784831 0.90838116 4287952557
0.06658297 0.089760557 0.90815139 4287952557
0.072353877 0.089732118 0.90790558 4287952557
0.078120582 0.089700185 0.9076404 4287952557
0.083880059 0.089675717 0.9073568 4287952557
0.089635365 0.089649595 0.90706646 4287952557
0.095387235 0.089624956 0.90678209 4287952557
0.10113528 0.089599364 0.90649456 4287952557
0.10687844 0.089568481 0.90618712 4287952557
0.11261541 0.089528702 0.90584522 4287952557
0.11834367 0.089482263 0.90546179 4287952557
0.12415273 0.089582004 0.90551364 4287952557
0.129871 0.089502111 0.90488899 4287952557
0.1351472 0.089137442 0.90318346 4287952557
0.13951637 0.088502623 0.90044844 4287952557
0.14499164 0.087573692 0.88598889 4294901760
0.14576681 0.085148528 0.86108053 4282643381
0.15068763 0.084971651 0.85812658 4282643381
0.15557356 0.084665515 0.85628784 4282643381
0.16090249 0.084553249 0.85552526 4282643381
0.1663052 0.084485427 0.8551212 4282643381
0.17172994 0.084458277 0.85491544 4282643381
0.17716774 0.084480636 0.8549543 4282643381
0.18259378 0.084477738 0.85487515 4282643381
0.18802461 0.084466301 0.85477257 4282643381
0.19345394 0.084444582 0.85461712 4282643381
0.19888662 0.084411353 0.85440117 4282643381
0.20431851 0.08440569 0.85433042 4282643381
0.20976365 0.084395483 0.85422575 4282643381
0.21516605 0.084478684 0.85468286 4282643381
0.22083673 0.084617421 0.85591036 4282643381
0.22691774 0.0848611 0.85837227 4282643381
0.2340567 0.085423589 0.86422861 4282643381
-0.73501635 0.093706109 0.89052677 4291520081
-0.72766727 0.093524642 0.88865912 4291520081
-0.72151059 0.093396746 0.88771039 4291520081
-0.71552038 0.093318932 0.88712156 4291520081
-0.70946652 0.093285643 0.88671881 4291520081
-0.70347965 0.09324947 0.88633615 4291520081
-0.69752377 0.093199834 0.88590509 4291520081
-0.69157451 0.093137935 0.88542104 4291520081
-0.68560195 0.093015924 0.88468581 4291520081
-0.67958474 0.092945836 0.88417685 4291520081
-0.67401177 0.09305568 0.88462961 4291520081
-0.6689204 0.093165621 0.88542861 4291520081
-0.66497511 0.093482584 0.88761812 4291520081
-0.66173095 0.093732104 0.89081162 4294901760
-0.65935922 0.094213657 0.89615953 4291520081
-0.65957153 0.095085531 0.9039973 4291520081
-0.66028321 0.095952071 0.91202539 4291520081
-0.66168487 0.097015359 0.92184788 4291520081
-0.65926129 0.097511008 0.92812884 4286097756
-0.65576327 0.097837575 0.9308846 4286097756
-0.65093464 0.098117165 0.93247473 4286097756
-0.64499074 0.098208316 0.93278885 4287952557
-0.63896769 0.098204181 0.932733 4287952557
-0.63305515 0.09811487 0.93246448 4287952557
-0.6272102 0.098065287 0.93235987 4287952557
-0.62131858 0.098060556 0.93239146 4287952557
-0.61534756 0.098068029 0.93239868 4287952557
-0.60937709 0.098068468 0.93237817 4287952557
-0.60340697 0.098064773 0.93234164 4287952557
-0.59743404 0.098059855 0.93229723 4287952557
-0.59146017 0.098053314 0.93224531 4287952557
-0.58548725 0.098040223 0.9321698 4287952557
-0.57951593 0.098017804 0.93206131 4287952557
-0.5734455 0.098010331 0.93190759 4287952557
-0.5673666 0.097997144 0.93172169 4287952557
-0.56129092 0.097976968 0.93151081 4287952557
-0.5552187 0.097952016 0.93128318 4287952557
-0.54914641 0.09792611 0.93104905 4287952557
-0.54307652 0.097899988 0.93081361 4287952557
-0.53700948 0.097874008 0.93057859 4287952557
-0.53094554 0.097847767 0.93034279 4287952557
-0.52488035 0.097822718 0.93010664 4287952557
-0.51881427 0.097798727 0.92986971 4287952557
-0.51275146 0.097774342 0.92963141 4287952557
-0.50669205 0.097748198 0.92938727 4287952557
-0.50063622 0.09771955 0.92913467 4287952557
-0.49456325 0.097694166 0.9288699 4287952557
-0.48849115 0.097667366 0.92859685 4287952557
-0.48242295 0.097639166 0.92831922 4287952557
-0.47635841 0.097610705 0.92804074 4287952557
-0.47029752 0.097582944 0.92776477 4287952557
-0.4642432 0.097555161 0.92749268 4287952557
-0.45819244 0.097528741 0.92722541 4287952557
-0.45215476 0.097500958 0.92696548 4287952557
-0.44613039 0.097471893 0.926714 4287952557
-0.44010875 0.097444847 0.92646933 4287952557
-0.43409008 0.097418912 0.92622852 4287952557
-0.42807442 0.09739282 0.92598718 4287952557
-0.42206204 0.097365834 0.92574292 4287952557
-0.41605523 0.097340621 0.92550856 4287952557
-0.41005176 0.09731935 0.92528886 4287952557
-0.40406242 0.097299345 0.92508948 4287952557
-0.39808524 0.097281896 0.92491299 4287952557
-0.39210999 0.097268879 0.92475188 4287952557
-0.38613692 0.097258694 0.92460114 4287952557
-0.38016626 0.097248979 0.92445272 4287952557
-0.37422881 0.097227 0.92430538 4287952557
-0.36828774 0.09720578 0.92415279 4287952557
-0.36234123 0.097184524 0.92398936 4287952557
-0.35639736 0.097144254 0.92376328 4287952557
-0.35045424 0.097132161 0.9236322 4287952557
-0.34451523 0.097079732 0.92338055 4287952557
-0.33857143 0.09702751 0.92312926 4287952557
-0.33262047 0.096969634 0.92285222 4287952557
-0.32666469 0.096957475 0.92267573 4287952557
-0.32071263 0.096944496 0.92250943 4287952557
-0.31476259 0.096938491 0.92236185 4287952557
-0.3088046 0.096916698 0.92216194 4287952557
-0.30283642 0.096918024 0.92198479 4287952557
-0.2968809 0.096900284 0.92177093 4287952557
-0.29093316 0.096864507 0.92150837 4287952557
-0.28498504 0.096832223 0.92125392 4287952557
-0.27903947 0.096799195 0.92099828 4287952557
-0.27309617 0.096767955 0.92074889 4287952557
-0.26715589 0.096739314 0.92050707 4287952557
-0.2612184 0.096714877 0.92027611 4287952557
-0.25528404 0.09669175 0.92004812 4287952557
-0.24935301 0.096666202 0.91981316 4287952557
-0.24342534 0.096636683 0.91956711 4287952557
-0.23750076 0.096606873 0.91931993 4287952557
-0.23157819 0.096583158 0.91908818 4287952557
-0.22565725 0.09656921 0.91888183 4287952557
-0.21976243 0.096543193 0.91870189 4287952557
-0.21386614 0.096518859 0.91851723 4287952557
-0.20795245 0.096505366 0.91831028 4287952557
-0.20204242 0.09648557 0.91808653 4287952557
-0.19613554 0.096462592 0.91785461 4287952557
-0.19023113 0.096452028 0.91765583 4287952557
-0.18432648 0.096458159 0.91750371 4287952557
-0.17842598 0.096471049 0.91737127 4287952557
-0.17252935 0.096469082 0.91720098 4287952557
-0.16663706 0.096456505 0.9170028 4287952557
-0.16073726 0.096449204 0.91679609 4287952557
-0.1548377 0.096421331 0.91649902 4287952557
-0.14894089 0.096400537 0.91622967 4287952557
-0.14305146 0.096362345 0.91589731 4287952557
-0.13716662 0.096322238 0.91555738 4287952557
-0.13128608 0.096283175 0.91522181 4287952557
-0.1254102 0.096245296 0.91489398 4287952557
-0.11953752 0.096210845 0.91457886 4287952557
-0.11366814 0.096179448 0.91427547 4287952557
-0.10780238 0.09614969 0.91397876 4287952557
-0.10194026 0.09612146 0.9136883 4287952557
-0.096082889 0.096093491 0.91340315 4287952557
-0.090235524 0.096061319 0.91312742 4287952557
-0.084391281 0.09603069 0.91285866 4287952557
-0.078550205 0.096000969 0.91259414 4287952557
-0.072712056 0.095972642 0.91233522 4287952557
-0.066877089 0.095944606 0.91207761 4287952557
-0.061045066 0.095917836 0.91182512 4287952557
-0.055216208 0.095891379 0.91157389 4287952557
-0.04939045 0.095865518 0.91132534 4287952557
-0.043567799 0.095840178 0.91107893 4287952557
-0.037748307 0.0958151 0.91083378 4287952557
-0.03193222 0.095789969 0.91059053 4287952557
-0.026119778 0.095764317 0.91035008 4287952557
-0.02031027 0.095739208 0.91011184 4287952557
-0.014503644 0.095715046 0.90987772 4287952557
-0.0086998958 0.09569183 0.90964746 4287952557
-0.0028996093 0.095667683 0.90942079 4287952557
0.002897782 0.095643654 0.90919703 4287952557
0.0086924788 0.095620371 0.90897632 4287952557
0.014484454 0.095597625 0.90875793 4287952557
0.020273652 0.095575087 0.90854031 4287952557
0.026060017 0.095552355 0.9083221 4287952557
0.031843491 0.095529102 0.90810168 4287952557
0.037624117 0.095505573 0.90788019 4287952557
0.043401945 0.095482059 0.9076587 4287952557
0.049177125 0.095459573 0.90744144 4287952557
0.05494963 0.095437817 0.90722728 4287952557
0.060719021 0.095414117 0.90700531 4287952557
0.066485249 0.095388502 0.90677559 4287952557
0.072247855 0.095358752 0.90652925 4287952557
0.078004636 0.095331036 0.9062618 4287952557
0.083756045 0.095302545 0.90597671 4287952557
0.089502759 0.09527231 0.90568018 4287952557
0.095245674 0.09524297 0.90538615 4287952557
0.10098484 0.095214039 0.90509391 4287952557
0.1067196 0.095182501 0.9047913 4287952557
0.1124488 0.095144548 0.90446281 4287952557
0.11817055 0.095103063 0.90410572 4287952557
0.12395052 0.09516906 0.90415472 4287952557
0.12968135 0.095111266 0.90366834 4287952557
0.1349442 0.094751313 0.90190864 4287952557
0.13936532 0.094280519 0.89940244 4287952557
0.14561041 0.093223952 0.88641459 4294901760
0.14540853 0.09049049 0.86005038 4282643381
0.15022272 0.090208076 0.85676384 4282643381
0.15538973 0.090003163 0.85524905 4282643381
0.16069923 0.089903846 0.85448152 4282643381
0.16609274 0.089840017 0.85408205 4282643381
0.17151283 0.089812763 0.85388738 4282643381
0.17695016 0.089831129 0.85394585 4282643381
0.18237635 0.089824356 0.85387075 4282643381
0.18780072 0.089812964 0.85377049 4282643381
0.19322358 0.08979255 0.85361969 4282643381
0.19864881 0.089764439 0.85342377 4282643381
0.20407312 0.089758508 0.85335577 4282643381
0.20951481 0.089739271 0.85320705 4282643381
0.21490358 0.089820251 0.85368258 4282643381
0.22058856 0.089951538 0.85484344 4282643381
0.22655183 0.090208568 0.85718888 4282643381
0.23382795 0.090785958 0.86298627 4282643381
-0.74289793 0.099654734 0.89306355 4291520081
-0.73359627 0.099217333 0.88899279 4291520081
-0.7267164 0.099036686 0.88740849 4291520081
-0.72070867 0.098908134 0.88652438 4291520081
-0.71469808 0.098823927 0.88589662 4291520081
-0.70864087 0.098797113 0.88555115 4291520081
-0.70260316 0.098757707 0.88514024 4291520081
-0.6966154 0.098700479 0.88466048 4291520081
-0.69067341 0.098611772 0.88405097 4291520081
-0.68468398 0.098495454 0.88333291 4291520081
-0.67865521 0.098440461 0.88288903 4291520081
-0.67316431 0.098548464 0.88343155 4291520081
-0.6682179 0.098722026 0.88454694 4291520081
-0.66440678 0.09904287 0.88683635 4291520081
-0.66134149 0.099343419 0.89037186 4294901760
-0.65917027 0.099933192 0.89610112 4291520081
-0.6595636 0.1008467 0.90396941 4291520081
-0.66047382 0.10178217 0.91215152 4291520081
-0.66125542 0.10284931 0.92171359 4291520081
-0.65875894 0.10336544 0.92734551 4286097756
-0.65508902 0.10366908 0.92974705 4286097756
-0.65014446 0.10397144 0.93144828 4286097756
-0.64401215 0.10396319 0.93133426 4287952557
-0.63797051 0.1039664 0.93127394 4287952557
-0.63193178 0.10388998 0.93089753 4287952557
-0.62610006 0.10385989 0.9308421 4287952557
-0.62018758 0.10385504 0.9308387 4287952557
-0.61422718 0.10385457 0.93081629 4287952557
-0.60826737 0.10385125 0.93078172 4287952557
-0.60230798 0.10384607 0.93073946 4287952557
-0.5963493 0.10383904 0.93068993 4287952557
-0.59038699 0.10382891 0.93062443 4287952557
-0.58442426 0.103811 0.93052709 4287952557
-0.57835108 0.1038057 0.93038148 4287952557
-0.57228118 0.10379086 0.9301976 4287952557
-0.5662148 0.10376781 0.92998159 4287952557
-0.56015199 0.10374048 0.92974913 4287952557
-0.55409229 0.1037125 0.92951453 4287952557
-0.54803467 0.10368419 0.92927808 4287952557
-0.54197723 0.10365666 0.92904216 4287952557
-0.53592181 0.10362888 0.9288044 4287952557
-0.52986217 0.10360245 0.92856491 4287952557
-0.52380568 0.10357609 0.92832571 4287952557
-0.51775235 0.1035495 0.92808574 4287952557
-0.51170224 0.10352228 0.92784339 4287952557
-0.50565565 0.10349367 0.92759615 4287952557
-0.49960816 0.10346425 0.9273417 4287952557
-0.49354476 0.10343768 0.92707777 4287952557
-0.4874852 0.10340957 0.92680818 4287952557
-0.48142949 0.10338049 0.92653513 4287952557
-0.4753775 0.10335126 0.92626172 4287952557
-0.46932915 0.10332231 0.92598945 4287952557
-0.4632844 0.10329382 0.9257189 4287952557
-0.45724973 0.1032648 0.92545384 4287952557
-0.451235 0.10323315 0.9251976 4287952557
-0.44522306 0.10320341 0.92494845 4287952557
-0.4392139 0.10317513 0.92470479 4287952557
-0.43320781 0.10314737 0.92446315 4287952557
-0.42720482 0.1031189 0.92421889 4287952557
-0.42120486 0.10309075 0.92397594 4287952557
-0.41520765 0.10306516 0.92374265 4287952557
-0.4092159 0.10304376 0.92352885 4287952557
-0.40324152 0.1030244 0.92334175 4287952557
-0.39727646 0.10300957 0.92318141 4287952557
-0.39132276 0.10299741 0.92304385 4287952557
-0.38541079 0.10297631 0.92292374 4287952557
-0.37949944 0.10295641 0.92280728 4287952557
-0.37357628 0.10294069 0.92268974 4287952557
-0.36764997 0.1029264 0.92257166 4287952557
-0.36172506 0.10291275 0.92245597 4287952557
-0.35580087 0.10289758 0.9223333 4287952557
-0.34986719 0.1028852 0.92220724 4287952557
-0.34393546 0.10287098 0.92207378 4287952557
-0.33799452 0.10285605 0.92192167 4287952557
-0.33204782 0.10283875 0.92174816 4287952557
-0.32610443 0.10281443 0.92154658 4287952557
-0.32017732 0.10278454 0.92134422 4287952557
-0.31425408 0.10275468 0.92114675 4287952557
-0.30832416 0.10272757 0.92094696 4287952557
-0.30236793 0.10270616 0.92072231 4287952557
-0.29641598 0.10267766 0.92047054 4287952557
-0.29046762 0.10264681 0.92020959 4287952557
-0.28452638 0.10261571 0.91995412 4287952557
-0.27859026 0.10258456 0.91970247 4287952557
-0.27265733 0.10255147 0.91944492 4287952557
-0.2667273 0.10251816 0.91918755 4287952557
-0.26080006 0.10248655 0.91893649 4287952557
-0.25487575 0.10245672 0.91869152 4287952557
-0.24895453 0.10242678 0.91844565 4287952557
-0.24303557 0.10240079 0.91821069 4287952557
-0.23711969 0.10237403 0.91797519 4287952557
-0.23120584 0.10235273 0.91775852 4287952557
-0.22529419 0.1023361 0.91755801 4287952557
-0.21940978 0.1023064 0.91736305 4287952557
-0.21350774 0.1022886 0.91716778 4287952557
-0.20760418 0.10227053 0.91696149 4287952557
-0.20170416 0.10224821 0.91674024 4287952557
-0.19580746 0.10222302 0.91650903 4287952557
-0.18991362 0.10219783 0.91627854 4287952557
-0.18402271 0.10218264 0.91608542 4287952557
-0.17813616 0.10216532 0.91588777 4287952557
-0.17225289 0.10214557 0.91568106 4287952557
-0.16637196 0.10212318 0.91546172 4287952557
-0.1604939 0.10209743 0.91522765 4287952557
-0.15461066 0.10207388 0.91498005 4287952557
-0.1487243 0.1020451 0.91468889 4287952557
-0.14284287 0.10201126 0.9143784 4287952557
-0.13696575 0.10197587 0.91406196 4287952557
-0.13109346 0.10194027 0.91374797 4287952557
-0.12522526 0.10190628 0.91344166 4287952557
-0.11936051 0.1018746 0.91314507 4287952557
-0.1134991 0.1018455 0.9128595 4287952557
-0.10764244 0.10181709 0.91258091 4287952557
-0.10179665 0.101784 0.91230685 4287952557
-0.095953837 0.10175215 0.91203785 4287952557
-0.090114117 0.10172112 0.91177243 4287952557
-0.084277309 0.10169169 0.91151369 4287952557
-0.078443803 0.10166297 0.91125917 4287952557
-0.072613493 0.10163467 0.91100687 4287952557
-0.066786341 0.1016067 0.91075599 4287952557
-0.060962345 0.10157899 0.91050649 4287952557
-0.055141479 0.10155168 0.91025883 4287952557
-0.049323741 0.10152475 0.91001296 4287952557
-0.043509163 0.10149803 0.9097681 4287952557
-0.037698623 0.10147037 0.90952474 4287952557
-0.031891171 0.1014429 0.9092831 4287952557
-0.02608666 0.10141582 0.90904313 4287952557
-0.020285098 0.10138917 0.90880519 4287952557
-0.01448647 0.10136306 0.90856975 4287952557
-0.0086908825 0.10133687 0.90833449 4287952557
-0.0028981173 0.10131184 0.908104 4287952557
0.0028916192 0.10128704 0.90787572 4287952557
0.0086780265 0.10126114 0.90765023 4287952557
0.014461736 0.10123584 0.90742743 4287952557
0.020242732 0.10121108 0.90720689 4287952557
0.026020976 0.1011866 0.90698773 4287952557
0.031796452 0.1011623 0.90676922 4287952557
0.037569139 0.10113803 0.90655088 4287952557
0.043339089 0.10111418 0.90633428 4287952557
0.049106307 0.10109084 0.90611994 4287952557
0.054870658 0.10106725 0.90590459 4287952557
0.060631946 0.10104235 0.90568358 4287952557
0.066389851 0.10101448 0.90545005 4287952557
0.072143577 0.1009845 0.90519923 4287952557
0.077890977 0.10095703 0.90492749 4287952557
0.083633862 0.10092553 0.90463865 4287952557
0.089372508 0.10089158 0.90433961 4287952557
0.095106952 0.10085793 0.90403849 4287952557
0.10083763 0.10082597 0.90374273 4287952557
0.10656422 0.10079323 0.90344357 4287952557
0.11228608 0.10075725 0.90313053 4287952557
0.11800099 0.1007189 0.9027943 4287952557
0.12379307 0.10079858 0.90294826 4287952557
0.12946922 0.10070364 0.90235925 4287952557
0.13476662 0.10036682 0.90068185 4287952557
0.13927975 0.09991321 0.89813799 4287952557
0.14562166 0.098948278 0.88659209 4287952557
0.14528832 0.095901564 0.85941464 4282643381
0.15007104 0.095555186 0.85587513 4282643381
0.15521987 0.095342301 0.85431004 4282643381
0.16051577 0.095244035 0.85352457 4282643381
0.1659043 0.09518189 0.85312462 4282643381
0.17131795 0.09515705 0.85293955 4282643381
0.17674409 0.09517809 0.85302287 4282643381
0.18216123 0.095172122 0.85295457 4282643381
0.18757895 0.095161244 0.85286081 4282643381
0.19299461 0.095140368 0.85270596 4282643381
0.19841096 0.095116489 0.85253102 4282643381
0.20382611 0.095111623 0.85247362 4282643381
0.20925145 0.095089719 0.85230827 4282643381
0.21462967 0.095160753 0.8527649 4282643381
0.22031265 0.095290184 0.85387754 4282643381
0.22617094 0.095548078 0.85607576 4282643381
0.23361365 0.096146114 0.86180741 4282643381
-0.74176455 0.10513125 0.89137852 4291520081
-0.73260754 0.1047272 0.88774365 4291520081
-0.72583449 0.10455244 0.88628268 4291520081
-0.71988559 0.10442775 0.88542646 4291520081
-0.71385771 0.1043509 0.88483453 4291520081
-0.70781094 0.10431298 0.88446057 4291520081
-0.70178092 0.10426709 0.88403839 4291520081
-0.69576508 0.10420344 0.88352066 4291520081
-0.68976772 0.10410439 0.88282496 4291520081
-0.68376702 0.10399044 0.88208032 4291520081
-0.6777426 0.10394981 0.88171124 4291520081
-0.6723724 0.10405864 0.88237685 4291520081
-0.66764003 0.10429629 0.88391292 4291520081
-0.66392982 0.10457011 0.8861326 4291520081
-0.66096127 0.1049649 0.8899529 4294901760
-0.65903556 0.10564869 0.89606053 4291520081
-0.65970826 0.10661933 0.90398592 4291520081
-0.66082746 0.10761847 0.91231269 4291520081
-0.66112024 0.10870632 0.92158067 4291520081
-0.65833211 0.10919034 0.92663634 4286097756
-0.65458345 0.10955492 0.92909944 4286097756
-0.64931452 0.10980286 0.93042535 4286097756
-0.64310563 0.10976549 0.9301737 4287952557
-0.63706541 0.10974825 0.93005866 4287952557
-0.63101482 0.10966597 0.92958546 4287952557
-0.62504452 0.1096548 0.92949581 4287952557
-0.61908275 0.10965131 0.92944968 4287952557
-0.6131326 0.10964414 0.92939419 4287952557
-0.60718292 0.10963631 0.92933685 4287952557
-0.60123414 0.10962697 0.92927378 4287952557
-0.59528553 0.1096181 0.92921406 4287952557
-0.58933407 0.10960591 0.92913723 4287952557
-0.58326787 0.10960437 0.9290216 4287952557
-0.57720464 0.10959358 0.92886358 4287952557
-0.57114446 0.10957266 0.92866099 4287952557
-0.56508839 0.1095448 0.92842895 4287952557
-0.55903655 0.10951425 0.92818546 4287952557
-0.55298811 0.10948373 0.92794257 4287952557
-0.54694283 0.10945348 0.92770159 4287952557
-0.54088473 0.1094253 0.92745662 4287952557
-0.53482586 0.10939729 0.92720902 4287952557
-0.52877158 0.10936896 0.92696124 4287952557
-0.52272791 0.1093396 0.92671561 4287952557
-0.51668739 0.10931037 0.92647088 4287952557
-0.51065004 0.10928072 0.92622477 4287952557
-0.50461584 0.10925021 0.92597544 4287952557
-0.49857351 0.10922067 0.92572021 4287952557
-0.49254048 0.10918879 0.92546076 4287952557
-0.48651934 0.10915416 0.92519772 4287952557
-0.4805015 0.10911881 0.92493182 4287952557
-0.47448677 0.1090832 0.9246648 4287952557
-0.46847519 0.10904735 0.92439675 4287952557
-0.46246669 0.10901196 0.92413062 4287952557
-0.45645961 0.10897812 0.92386961 4287952557
-0.45043647 0.10895008 0.9236145 4287952557
-0.44441655 0.10892387 0.9233672 4287952557
-0.43839991 0.10889895 0.92312539 4287952557
-0.43238661 0.1088753 0.92288888 4287952557
-0.42637745 0.10884949 0.9226436 4287952557
-0.42037186 0.10882454 0.92240226 4287952557
-0.41436961 0.1088025 0.92217332 4287952557
-0.40837756 0.10878359 0.92196614 4287952557
-0.40245357 0.108758 0.92180109 4287952557
-0.39655128 0.10873307 0.92166245 4287952557
-0.39064881 0.1087137 0.92154688 4287952557
-0.3847467 0.10869744 0.92144412 4287952557
-0.37884006 0.10868509 0.92135108 4287952557
-0.37292245 0.10867324 0.92124754 4287952557
-0.36700624 0.10866147 0.92114443 4287952557
-0.36109129 0.10865038 0.92104435 4287952557
-0.35517752 0.1086407 0.92094922 4287952557
-0.34926516 0.10862938 0.92084777 4287952557
-0.34335491 0.10861202 0.92071867 4287952557
-0.33743653 0.10859077 0.92056072 4287952557
-0.3315157 0.10856724 0.92038602 4287952557
-0.32559735 0.10854042 0.92019719 4287952557
-0.31968126 0.1085124 0.92000347 4287952557
-0.31376672 0.10848726 0.91982192 4287952557
-0.30785471 0.10845882 0.91962636 4287952557
-0.30192158 0.10843418 0.91941667 4287952557
-0.29597729 0.10841006 0.91918963 4287952557
-0.2900368 0.10838247 0.91894692 4287952557
-0.28409973 0.10835385 0.9187001 4287952557
-0.27816585 0.10832531 0.91845369 4287952557
-0.2722351 0.10829733 0.91820979 4287952557
-0.26630741 0.10827045 0.91797101 4287952557
-0.26038286 0.10824401 0.91773415 4287952557
-0.25446302 0.1082177 0.91750044 4287952557
-0.24855064 0.10818992 0.91726673 4287952557
-0.24264117 0.10816228 0.91703373 4287952557
-0.23673461 0.1081351 0.91680282 4287952557
-0.23083088 0.10810909 0.91657722 4287952557
-0.22492993 0.10808411 0.91635621 4287952557
-0.21904558 0.10805492 0.91614038 4287952557
-0.21314915 0.10803085 0.91592175 4287952557
-0.20725597 0.10800546 0.91569716 4287952557
-0.20136775 0.10797793 0.91546643 4287952557
-0.19548319 0.10794895 0.91523039 4287952557
-0.18960148 0.10792008 0.91499501 4287952557
-0.18372263 0.10789175 0.91476214 4287952557
-0.17784663 0.10786367 0.91453046 4287952557
-0.17197292 0.10783599 0.91429913 4287952557
-0.16610187 0.1078045 0.9140501 4287952557
-0.16023381 0.10777343 0.91380268 4287952557
-0.1543694 0.10773956 0.91354239 4287952557
-0.14850201 0.10770529 0.9132635 4287952557
-0.14262855 0.10767423 0.91297424 4287952557
-0.13675925 0.10764207 0.91268057 4287952557
-0.13089539 0.10760897 0.91238713 4287952557
-0.1250353 0.10757687 0.91209859 4287952557
-0.11917988 0.10754574 0.91181797 4287952557
-0.11333577 0.1075114 0.91154444 4287952557
-0.10749445 0.10747901 0.91127932 4287952557
-0.10165621 0.10744737 0.91101772 4287952557
-0.095821068 0.10741651 0.91075963 4287952557
-0.089989007 0.10738622 0.91050416 4287952557
-0.084160075 0.10735657 0.9102518 4287952557
-0.078334264 0.10732739 0.91000181 4287952557
-0.072512001 0.10729822 0.90975314 4287952557
-0.066692911 0.10726911 0.90950495 4287952557
-0.060877074 0.10723963 0.90925545 4287952557
-0.055064294 0.10721087 0.90900904 4287952557
-0.049255215 0.10718189 0.9087643 4287952557
-0.043449741 0.10715268 0.90852129 4287952557
-0.037647206 0.10712386 0.90828019 4287952557
-0.031847637 0.10709536 0.9080407 4287952557
-0.026051039 0.10706709 0.90780234 4287952557
-0.020257425 0.107039 0.90756506 4287952557
-0.014466786 0.1070111 0.90732867 4287952557
-0.0086791366 0.10698339 0.90709329 4287952557
-0.0028944609 0.10695588 0.90685892 4287952557
0.0028872518 0.10692865 0.90662599 4287952557
0.0086660264 0.1069018 0.90639484 4287952557
0.014441672 0.10687464 0.90616632 4287952557
0.020214392 0.1068473 0.90594059 4287952557
0.025984427 0.10682053 0.90571749 4287952557
0.031751759 0.10679421 0.90549654 4287952557
0.037516367 0.10676823 0.90527713 4287952557
0.043278273 0.10674285 0.90506053 4287952557
0.049037412 0.10671775 0.90484524 4287952557
0.054793552 0.10669175 0.90462577 4287952557
0.060546484 0.10666383 0.90439755 4287952557
0.066295959 0.10663294 0.90415585 4287952557
0.072039805 0.10660379 0.90389591 4287952557
0.07777869 0.10657281 0.90361881 4287952557
0.08351323 0.10653892 0.90332842 4287952557
0.08924368 0.1065033 0.90303034 4287952557
0.094970323 0.10646741 0.902731 4287952557
0.10069313 0.10643297 0.90243602 4287952557
0.10641161 0.1063982 0.90213722 4287952557
0.11212578 0.10636195 0.90183157 4287952557
0.1178336 0.1063251 0.90151179 4287952557
0.12362421 0.10640731 0.90171051 4287952557
0.12928881 0.1063078 0.90110368 4287952557
0.13461183 0.1059856 0.89945561 4287952557
0.1392279 0.10554808 0.89689112 4287952557
0.14563613 0.10461688 0.88669479 4287952557
0.14513217 0.10129992 0.85881412 4282643381
0.1499337 0.10089883 0.85506135 4282643381
0.15506156 0.10068138 0.85344833 4282643381
0.16035663 0.10057369 0.85264277 4282643381
0.16575094 0.10051108 0.85223621 4282643381
0.17116436 0.1004877 0.85205775 4282643381
0.17659348 0.10050997 0.85217196 4282643381
0.18200465 0.10050561 0.85211653 4282643381
0.18741314 0.10049684 0.85203326 4282643381
0.1928193 0.10047874 0.85188812 4282643381
0.1982253 0.1004573 0.8517195 4282643381
0.20362894 0.10045174 0.85165906 4282643381
0.2090378 0.10043269 0.85150468 4282643381
0.21440013 0.10049475 0.85193717 4282643381
0.22005482 0.10062602 0.85300756 4282643381
0.22589539 0.10087994 0.8551169 4282643381
0.23337242 0.10150707 0.86068189 4282643381
-0.74057406 0.11063308 0.88990694 4291520081
-0.73173738 0.1102419 0.88663518 4291520081
-0.72500873 0.11006908 0.88525403 4291520081
-0.719033 0.10995183 0.88442022 4291520081
-0.71300894 0.10987958 0.88386422 4291520081
-0.70697498 0.10983268 0.88346267 4291520081
-0.70095569 0.10977697 0.88300663 4291520081
-0.69494867 0.10970665 0.88246483 4291520081
-0.68893617 0.10959891 0.88170391 4291520081
-0.68287534 0.10950356 0.88101542 4291520081
-0.67683804 0.10945117 0.88058662 4291520081
-0.67164034 0.10958491 0.88148326 4291520081
-0.66713572 0.10984327 0.88331467 4291520081
-0.66354841 0.11012915 0.88560843 4291520081
-0.66065449 0.11059687 0.88959348 4294901760
-0.65902811 0.11139081 0.89607877 4291520081
-0.65976721 0.11238454 0.90397024 4291520081
-0.66089892 0.1134431 0.91241509 4291520081
-0.66095382 0.11455863 0.92142522 4291520081
-0.65802652 0.11509211 0.92607766 4286097756
-0.65399861 0.11536849 0.92818773 4286097756
-0.64857876 0.11556806 0.92935824 4286097756
-0.64245576 0.11553676 0.92913902 4287952557
-0.63645196 0.11551361 0.92897522 4287952557
-0.63045722 0.1154277 0.92845392 4287952557
-0.62446517 0.11541447 0.92834818 4287952557
-0.61845797 0.11540717 0.92826629 4287952557
-0.61245233 0.11539937 0.92817986 4287952557
-0.60649306 0.11538836 0.92809916 4287952557
-0.60055137 0.11537713 0.92802691 4287952557
-0.59461027 0.1153646 0.92794901 4287952557
-0.58866996 0.11535101 0.92786676 4287952557
-0.58267188 0.11533717 0.9277491 4287952557
-0.57661653 0.11532135 0.92758507 4287952557
-0.57056493 0.11529723 0.92737961 4287952557
-0.56451714 0.11526681 0.92714375 4287952557
-0.55847287 0.11523382 0.92689568 4287952557
-0.55242819 0.11520157 0.92664939 4287952557
-0.54635894 0.11517187 0.92639732 4287952557
-0.5402934 0.11514133 0.9261412 4287952557
-0.53423947 0.11510947 0.92588407 4287952557
-0.52819139 0.11507753 0.92562848 4287952557
-0.52214646 0.11504623 0.92537576 4287952557
-0.51610464 0.11501548 0.92512572 4287952557
-0.51006615 0.11498484 0.92487615 4287952557
-0.50403029 0.11495395 0.92462492 4287952557
-0.49799702 0.11492248 0.92437041 4287952557
-0.49196729 0.11489027 0.92411262 4287952557
-0.4859308 0.11485891 0.92385113 4287952557
-0.47989401 0.11482766 0.92358732 4287952557
-0.47386104 0.11479578 0.92332077 4287952557
-0.46783182 0.11476348 0.92305237 4287952557
-0.46180594 0.1147323 0.92278934 4287952557
-0.45578364 0.11470199 0.92253065 4287952557
-0.44977686 0.11467151 0.92228067 4287952557
-0.44379207 0.11463977 0.92203999 4287952557
-0.43781024 0.11460822 0.92180002 4287952557
-0.4318307 0.11457846 0.92156857 4287952557
-0.42585436 0.11454738 0.92133081 4287952557
-0.41988069 0.11451727 0.92109776 4287952557
-0.41390917 0.11449055 0.92088068 4287952557
-0.40793973 0.11446989 0.92069328 4287952557
-0.40201312 0.11444782 0.92053396 4287952557
-0.39608732 0.11443216 0.92040509 4287952557
-0.3901628 0.11442065 0.92029679 4287952557
-0.38424402 0.11441049 0.92019898 4287952557
-0.37832737 0.11440014 0.92010099 4287952557
-0.37241602 0.11438835 0.9199996 4287952557
-0.3665241 0.11437377 0.91990143 4287952557
-0.36063293 0.11436056 0.9198097 4287952557
-0.35474259 0.11434785 0.91972041 4287952557
-0.34885344 0.11433274 0.9196192 4287952557
-0.34296605 0.11431206 0.91949123 4287952557
-0.33702767 0.11429527 0.91932905 4287952557
-0.33106875 0.11427781 0.91913873 4287952557
-0.32511342 0.11425713 0.91893226 4287952557
-0.31918442 0.11423042 0.91872114 4287952557
-0.3132799 0.11419962 0.91851455 4287952557
-0.3073774 0.11416895 0.91830915 4287952557
-0.30147702 0.11413671 0.91809666 4287952557
-0.29554161 0.11411031 0.91786832 4287952557
-0.2896097 0.11408217 0.91763192 4287952557
-0.28368127 0.11405285 0.91739005 4287952557
-0.27775612 0.11402331 0.91714722 4287952557
-0.27183411 0.11399412 0.91690606 4287952557
-0.26591513 0.11396578 0.91666901 4287952557
-0.25999931 0.1139382 0.91643566 4287952557
-0.25408661 0.11391102 0.91620427 4287952557
-0.24817716 0.11388398 0.91597366 4287952557
-0.2422709 0.11385687 0.91574264 4287952557
-0.23636791 0.11382994 0.91551256 4287952557
-0.230468 0.11380357 0.91528499 4287952557
-0.22457246 0.11377724 0.91505927 4287952557
-0.21868353 0.11374999 0.91483426 4287952557
-0.21279936 0.11372192 0.91460818 4287952557
-0.20691821 0.11369327 0.9143796 4287952557
-0.20103998 0.11366422 0.91414952 4287952557
-0.19516471 0.11363502 0.91391873 4287952557
-0.18929236 0.11360563 0.91368693 4287952557
-0.18342301 0.11357573 0.91345274 4287952557
-0.17755643 0.11354532 0.91321582 4287952557
-0.17169127 0.1135149 0.91297621 4287952557
-0.16582935 0.11348311 0.91273034 4287952557
-0.15997069 0.11344989 0.91247809 4287952557
-0.15411539 0.11341539 0.91222018 4287952557
-0.14826345 0.11337962 0.91195601 4287952557
-0.14240955 0.11334485 0.91168547 4287952557
-0.13654888 0.11331329 0.91140878 4287952557
-0.1306944 0.11328047 0.91113108 4287952557
-0.124852 0.11324472 0.91085774 4287952557
-0.11901261 0.11320997 0.91058892 4287952557
-0.1131762 0.11317636 0.91032553 4287952557
-0.10734281 0.11314368 0.91006666 4287952557
-0.1015125 0.11311167 0.90981108 4287952557
-0.09568534 0.11308001 0.90955734 4287952557
-0.089861244 0.11304912 0.90930748 4287952557
-0.084040321 0.11301842 0.90905869 4287952557
-0.078222618 0.11298786 0.90881062 4287952557
-0.072408192 0.11295738 0.90856326 4287952557
-0.066597186 0.11292682 0.90831625 4287952557
-0.060789432 0.11289638 0.90807027 4287952557
-0.054985948 0.11286542 0.90782589 4287952557
-0.04918541 0.1128348 0.90758318 4287952557
-0.043387834 0.1128045 0.9073422 4287952557
-0.037593205 0.11277449 0.90710258 4287952557
-0.031801559 0.1127447 0.90686423 4287952557
-0.02601289 0.11271504 0.90662664 4287952557
-0.020227224 0.11268546 0.90638947 4287952557
-0.014444555 0.11265592 0.90615255 4287952557
-0.0086648967 0.1126264 0.90591586 4287952557
-0.0028882327 0.11259692 0.90567935 4287952557
0.0028854422 0.11256753 0.90544337 4287952557
0.0086561553 0.11253832 0.90520841 4287952557
0.014423929 0.11250943 0.90497506 4287952557
0.020188784 0.11248092 0.90474367 4287952557
0.025950575 0.11245182 0.90451509 4287952557
0.031709656 0.11242308 0.90428889 4287952557
0.037466068 0.11239485 0.90406525 4287952557
0.043219823 0.11236732 0.90384519 4287952557
0.048970789 0.11233984 0.90362537 4287952557
0.054718748 0.1123114 0.90340078 4287952557
0.060463414 0.11228075 0.90316528 4287952557
0.066203877 0.11224867 0.90291411 4287952557
0.071938679 0.11221717 0.90264553 4287952557
0.077669129 0.11218275 0.90236247 4287952557
0.083395414 0.11214641 0.90206981 4287952557
0.08911784 0.11210947 0.90177429 4287952557
0.094836585 0.11207275 0.90147978 4287952557
0.10055164 0.11203615 0.90118605 4287952557
0.10626232 0.11199844 0.90088534 4287952557
0.11196852 0.11196027 0.90058011 4287952557
0.11766881 0.1119227 0.90026844 4287952557
0.12344234 0.11198476 0.90042955 4287952557
0.1291049 0.11189199 0.89984435 4287952557
0.13447553 0.11164169 0.89839208 4287952557
0.13918431 0.11118293 0.89574057 4287952557
0.14571473 0.11029188 0.88681078 4287952557
0.14483741 0.10667068 0.85807431 4282643381
0.14980958 0.10623563 0.85431683 4282643381
0.1549191 0.1060155 0.85266572 4282643381
0.16020648 0.10590716 0.85184062 4282643381
0.16559893 0.10584933 0.85143059 4282643381
0.17101638 0.1058268 0.8512615 4282643381
0.17644557 0.10584859 0.8514027 4282643381
0.18185291 0.10584445 0.85136044 4282643381
0.18725722 0.10583594 0.8512876 4282643381
0.19265923 0.10581857 0.8511498 4282643381
0.19806135 0.1057974 0.85098255 4282643381
0.2034727 0.10579015 0.85092372 4282643381
0.20890468 0.10577238 0.85078055 4282643381
0.21428031 0.10582683 0.85120362 4282643381
0.21985149 0.10595929 0.85223866 4282643381
0.22566968 0.10621186 0.85427731 4282643381
0.23309711 0.10687012 0.85963702 4282643381
-0.73941916 0.11613778 0.8885873 4291520081
-0.73100746 0.11575796 0.88564503 4291520081
-0.72418529 0.11558251 0.884287 4291520081
-0.71820647 0.11547282 0.88349307 4291520081
-0.71219718 0.11539416 0.88290834 4291520081
-0.706173 0.11534313 0.88250631 4291520081
-0.70016497 0.11527988 0.88202375 4291520081
-0.69416684 0.11520647 0.88147569 4291520081
-0.68815994 0.11510162 0.88072258 4291520081
-0.68210453 0.11501122 0.88005739 4291520081
-0.67620867 0.11501257 0.87999249 4291520081
-0.67102021 0.1151046 0.88068604 4291520081
-0.66668546 0.11537927 0.88269019 4291520081
-0.66321421 0.11569492 0.88513726 4291520081
-0.66040224 0.11624763 0.88938737 4294901760
-0.65900177 0.11710936 0.89606595 4291520081
-0.65983486 0.11814696 0.90395671 4291520081
-0.66091663 0.11926612 0.91249913 4291520081
-0.66076523 0.12040743 0.92124683 4291520081
-0.65765667 0.12094068 0.92532963 4286097756
-0.65348673 0.12120003 0.92739034 4286097756
-0.64794457 0.1213548 0.92841816 4286097756
-0.64187419 0.12132978 0.92824566 4287952557
-0.63588601 0.12130585 0.9280799 4287952557
-0.62988305 0.12122359 0.92751408 4287952557
-0.62388068 0.12120721 0.92739052 4287952557
-0.61787951 0.12119294 0.92727757 4287952557
-0.61188006 0.12117831 0.92716408 4287952557
-0.60588205 0.12116613 0.92706513 4287952557
-0.5998854 0.12115739 0.92698592 4287952557
-0.59393346 0.12114573 0.92690212 4287952557
-0.58800042 0.12113045 0.92680424 4287952557
-0.58206916 0.12110988 0.9266777 4287952557
-0.57602501 0.1210892 0.92650688 4287952557
-0.56998032 0.12106245 0.92629886 4287952557
-0.56393957 0.12103061 0.92606181 4287952557
-0.55788755 0.12099763 0.92581201 4287952557
-0.55182189 0.12096465 0.92555505 4287952557
-0.54576004 0.12093069 0.92529273 4287952557
-0.53970176 0.12089612 0.92502701 4287952557
-0.53364706 0.12086155 0.92476118 4287952557
-0.52760494 0.12082677 0.92449862 4287952557
-0.52156711 0.12079272 0.92424053 4287952557
-0.51553243 0.12075944 0.92398655 4287952557
-0.50950027 0.12072663 0.92373472 4287952557
-0.50347054 0.12069385 0.92348248 4287952557
-0.49744418 0.12066076 0.9232285 4287952557
-0.49142146 0.12062643 0.92296958 4287952557
-0.48540199 0.12059271 0.92271215 4287952557
-0.47938588 0.12055866 0.92245281 4287952557
-0.47336254 0.12052495 0.92218959 4287952557
-0.46733972 0.12049111 0.92192405 4287952557
-0.46132067 0.12045739 0.92165935 4287952557
-0.45530471 0.12042541 0.92140412 4287952557
-0.44931495 0.12039302 0.92115968 4287952557
-0.44333497 0.12036258 0.92092907 4287952557
-0.43735787 0.12033244 0.92070085 4287952557
-0.43138459 0.12030154 0.92046899 4287952557
-0.42541409 0.12027068 0.92023748 4287952557
-0.4194462 0.12024091 0.92001182 4287952557
-0.41348046 0.12021418 0.91980284 4287952557
-0.40752575 0.12019134 0.91962063 4287952557
-0.40160465 0.12017094 0.91947103 4287952557
-0.39568439 0.12015619 0.91935241 4287952557
-0.38977644 0.12014266 0.91924763 4287952557
-0.38387135 0.12012962 0.9191466 4287952557
-0.37796453 0.1201165 0.9190433 4287952557
-0.37204567 0.12010451 0.91893727 4287952557
-0.36612856 0.12009311 0.91883415 4287952557
-0.3602221 0.12008142 0.91873521 4287952557
-0.35433882 0.12006643 0.91863358 4287952557
-0.34845683 0.12004951 0.91852212 4287952557
-0.34257671 0.12002759 0.91838497 4287952557
-0.33664942 0.1200062 0.91821289 4287952557
-0.33069783 0.11998288 0.91800791 4287952557
-0.32475007 0.11995648 0.9177863 4287952557
-0.31880572 0.11992927 0.9175601 4287952557
-0.3128646 0.11990267 0.91733676 4287952557
-0.30692673 0.11987683 0.91711718 4287952557
-0.3010059 0.11984824 0.91689563 4287952557
-0.2951026 0.11981585 0.91666806 4287952557
-0.28917953 0.11978564 0.91643071 4287952557
-0.28325978 0.11975493 0.91619086 4287952557
-0.27734333 0.11972412 0.91595072 4287952557
-0.27144155 0.11969171 0.91571373 4287952557
-0.26554272 0.11965976 0.91547924 4287952557
-0.25964645 0.11962853 0.91524845 4287952557
-0.25375283 0.11959776 0.91502017 4287952557
-0.24786191 0.11956727 0.91479319 4287952557
-0.24197382 0.11953653 0.91456509 4287952557
-0.23608844 0.11950579 0.91433692 4287952557
-0.23020582 0.11947504 0.91410881 4287952557
-0.22432271 0.11944487 0.91387987 4287952557
-0.21843991 0.11941499 0.91364926 4287952557
-0.21256013 0.11938502 0.91341817 4287952557
-0.2066834 0.11935502 0.91318709 4287952557
-0.20080966 0.11932527 0.91295725 4287952557
-0.19493973 0.11929589 0.91273069 4287952557
-0.18907471 0.11926613 0.91250491 4287952557
-0.18321268 0.11923582 0.91227633 4287952557
-0.17735176 0.11920467 0.91204053 4287952557
-0.17148487 0.1191744 0.91179597 4287952557
-0.16562156 0.11914302 0.91154557 4287952557
-0.15976186 0.11911111 0.91129279 4287952557
-0.15390581 0.1190783 0.91103578 4287952557
-0.14805342 0.11904471 0.91077483 4287952557
-0.1422057 0.11901022 0.91051114 4287952557
-0.13636345 0.11897472 0.91024518 4287952557
-0.13052413 0.11893965 0.90998054 4287952557
-0.12468809 0.11890461 0.90971655 4287952557
-0.11885523 0.1188702 0.90945578 4287952557
-0.11302551 0.1188365 0.90919882 4287952557
-0.10719889 0.11880346 0.90894538 4287952557
-0.10137542 0.11877092 0.90869462 4287952557
-0.095555194 0.11873862 0.90844536 4287952557
-0.089738198 0.11870652 0.9081971 4287952557
-0.083924472 0.11867446 0.90794927 4287952557
-0.078113988 0.11864243 0.90770149 4287952557
-0.07230676 0.11861057 0.90745479 4287952557
-0.06650421 0.11857837 0.90720987 4287952557
-0.060704581 0.1185465 0.90696651 4287952557
-0.054908026 0.11851486 0.90672451 4287952557
-0.049114507 0.11848348 0.90648389 4287952557
-0.043324046 0.11845232 0.90624452 4287952557
-0.037536643 0.11842134 0.9060061 4287952557
-0.031752363 0.11839043 0.90576833 4287952557
-0.025971619 0.11835929 0.90553087 4287952557
-0.020193866 0.11832821 0.90529376 4287952557
-0.014419124 0.11829717 0.90505672 4287952557
-0.0086473776 0.11826615 0.90481985 4287952557
-0.0028786461 0.1182351 0.90458286 4287952557
0.0028870918 0.11820409 0.90434593 4287952557
0.0086498419 0.11817311 0.90410942 4287952557
0.01440963 0.11814228 0.90387356 4287952557
0.020166475 0.11811166 0.90363908 4287952557
0.025920389 0.11808132 0.90340608 4287952557
0.031671312 0.11805088 0.90317398 4287952557
0.037419468 0.11802042 0.90294534 4287952557
0.043165088 0.11799081 0.90272146 4287952557
0.048908051 0.11796153 0.90249944 4287952557
0.054648135 0.11793161 0.90227383 4287952557
0.060384955 0.11789955 0.90203655 4287952557
0.066116393 0.1178676 0.90178186 4287952557
0.071843103 0.11783292 0.90150875 4287952557
0.077565409 0.11779555 0.90122086 4287952557
0.083283506 0.11775649 0.90092391 4287952557
0.088997841 0.11771748 0.90062743 4287952557
0.094708748 0.11767949 0.90033656 4287952557
0.10041597 0.11764148 0.90004563 4287952557
0.10611899 0.11760175 0.89974517 4287952557
0.11181758 0.1175603 0.89943445 4287952557
0.11753259 0.11756025 0.89933711 4287952557
0.12327451 0.11756077 0.89923573 4287952557
0.1289342 0.117471 0.89867187 4287952557
0.13434283 0.11724899 0.89728928 4287952557
0.13915446 0.11683209 0.8946954 4287952557
0.1457599 0.11597994 0.88707906 4287952557
0.14457043 0.11204879 0.85737991 4282643381
0.14969385 0.11156441 0.85363811 4282643381
0.1547886 0.11134885 0.85196155 4282643381
0.16006681 0.11124223 0.85112911 4282643381
0.16545217 0.1111913 0.85072351 4282643381
0.1708733 0.11117156 0.85056275 4282643381
0.17630023 0.11119116 0.85072356 4282643381
0.18170288 0.11118571 0.85068595 4282643381
0.18710265 0.11117615 0.85061556 4282643381
0.19250627 0.11115894 0.85048014 4282643381
0.19792004 0.11113869 0.85031348 4282643381
0.20333405 0.11113217 0.85026306 4282643381
0.20876552 0.11111774 0.85013598 4282643381
0.21414787 0.1111655 0.85055363 4282643381
0.21966246 0.1112929 0.85155594 4282643381
0.22546791 0.11155067 0.85353613 4282643381
0.23278987 0.11223124 0.85867572 4282643381
-0.73829633 0.12164903 0.88746881 4291520081
-0.73026747 0.12127274 0.88471377 4291520081
-0.7236129 0.12109351 0.88340461 4291520081
-0.7175054 0.1209873 0.88262624 4291520081
-0.7115047 0.12090415 0.88201934 4291520081
-0.7054891 0.12084455 0.88158715 4291520081
-0.69948775 0.12077569 0.88108671 4291520081
-0.69349319 0.12070236 0.88055325 4291520081
-0.68748009 0.12059223 0.87976098 4291520081
-0.68147641 0.12051463 0.87916988 4291520081
-0.67569107 0.12052745 0.87927336 4291520081
-0.67054754 0.12063942 0.88008803 4291520081
-0.66629636 0.1209002 0.8820973 4291520081
-0.6629554 0.12127423 0.88475823 4291520081
-0.66017026 0.12189914 0.8892228 4294901760
-0.65901136 0.12283363 0.89606702 4291520081
-0.66001105 0.12391347 0.90397114 4291520081
-0.66094047 0.12508926 0.91258478 4291520081
-0.66053492 0.12624985 0.92103279 4291520081
-0.65732157 0.12679915 0.9246121 4286097756
-0.6532644 0.12710258 0.92722893 4286097756
-0.64745897 0.12717494 0.9277606 4286097756
-0.64136559 0.12715061 0.92763656 4287952557
-0.63531744 0.12710446 0.92730075 4287952557
-0.62929159 0.12703224 0.92672223 4287952557
-0.62329465 0.12701502 0.9265976 4287952557
-0.6172995 0.12699699 0.92646688 4287952557
-0.61130589 0.12697962 0.92634118 4287952557
-0.60531378 0.12696424 0.92622989 4287952557
-0.59932297 0.12695056 0.92612994 4287952557
-0.59333378 0.12693705 0.92602986 4287952557
-0.58734661 0.12692136 0.92591357 4287952557
-0.58140379 0.12690036 0.92576683 4287952557
-0.57543027 0.12687446 0.92558545 4287952557
-0.56939197 0.12684496 0.92537051 4287952557
-0.56333178 0.12681165 0.92512584 4287952557
-0.55726945 0.12677644 0.92486769 4287952557
-0.55121094 0.12674019 0.92460281 4287952557
-0.54515624 0.12670331 0.92433381 4287952557
-0.53910506 0.12666607 0.92406255 4287952557
-0.53305739 0.12662899 0.92379224 4287952557
-0.52701306 0.12659252 0.92352575 4287952557
-0.52098238 0.12655663 0.92326522 4287952557
-0.51495397 0.12652135 0.92300844 4287952557
-0.50892788 0.12648651 0.92275417 4287952557
-0.50290513 0.12645181 0.92250073 4287952557
-0.49688563 0.12641707 0.9222461 4287952557
-0.49086958 0.12638232 0.92199236 4287952557
-0.48485681 0.12634747 0.92173785 4287952557
-0.47884741 0.1263124 0.92148203 4287952557
-0.47284165 0.12627658 0.92122126 4287952557
-0.46683908 0.12624095 0.92096186 4287952557
-0.46082842 0.12620629 0.92070639 4287952557
-0.2480264 0.22469343 0.91526854 4287952557
-0.2421203 0.22462851 0.91500056 4287952557
-0.23621769 0.22456393 0.91473156 4287952557
-0.23031789 0.2244985 0.91446233 4287952557
-0.22442091 0.22443201 0.91419399 4287952557
-0.21852736 0.22436538 0.91392684 4287952557
-0.21263726 0.2242987 0.91366029 4287952557
-0.20675062 0.22423203 0.91339391 4287952557
-0.20086746 0.22416547 0.9131276 4287952557
-0.19498783 0.22409914 0.91286051 4287952557
-0.18911169 0.22403312 0.91259229 4287952557
-0.18323909 0.22396745 0.91232252 4287952557
-0.17737004 0.2239022 0.9120509 4287952557
-0.17150353 0.22383557 0.9117775 4287952557
-0.16563983 0.2237675 0.91150504 4287952557
-0.15977958 0.22369914 0.91123468 4287952557
-0.153924 0.22363299 0.91096634 4287952557
-0.14807297 0.22356908 0.91069919 4287952557
-0.14222537 0.2235053 0.91043198 4287952557
-0.13638122 0.22344196 0.91016287 4287952557
-0.13054055 0.22337905 0.90989184 4287952557
-0.12470233 0.22331403 0.90961993 4287952557
-0.11886603 0.22324526 0.90934765 4287952557
-0.11303326 0.22317645 0.90907592 4287952557
-0.10720395 0.22310741 0.90880549 4287952557
-0.10137799 0.22303732 0.90854114 4287952557
-0.095558539 0.22297606 0.90828079 4287952557
-0.089742683 0.22291541 0.90802789 4287952557
-0.083929814 0.22285381 0.90777999 4287952557
-0.078119978 0.22279143 0.90753621 4287952557
-0.072313264 0.22272862 0.90729475 4287952557
-0.066510141 0.22266732 0.90705448 4287952557
-0.06071151 0.22261178 0.90681505 4287952557
-0.054915749 0.22255567 0.90657866 4287952557
-0.049122948 0.22249955 0.90634274 4287952557
-0.043333109 0.22244346 0.90610707 4287952557
-0.037546225 0.22238731 0.90587169 4287952557
-0.031762436 0.22233212 0.90563166 4287952557
-0.025981495 0.22227612 0.9053961 4287952557
-0.020203479 0.22221966 0.90515846 4287952557
-0.014428021 0.22215833 0.9049105 4287952557
-0.0086555714 0.22209643 0.90466684 4287952557
-0.002886358 0.22203495 0.90442139 4287952557
0.0028796182 0.22197388 0.90417421 4287952557
0.008642395 0.22191301 0.90392607 4287952557
0.014402008 0.22185224 0.903678 4287952557
0.020158434 0.22179165 0.90342927 4287952557
0.025911642 0.22173145 0.90317881 4287952557
0.031661671 0.22167005 0.9029271 4287952557
0.037408456 0.22160837 0.90267432 4287952557
0.043152053 0.22154669 0.90242183 4287952557
0.048892476 0.22148493 0.90217018 4287952557
0.054629788 0.22142249 0.90192157 4287952557
0.060363978 0.22135942 0.90167719 4287952557
0.066094905 0.22129683 0.90143055 4287952557
0.071822286 0.22123586 0.90117598 4287952557
0.077545628 0.22117314 0.90091097 4287952557
0.083263554 0.22109814 0.90063375 4287952557
0.088977613 0.22102401 0.90035272 4287952557
0.094688237 0.2209488 0.90007758 4287952557
0.10039552 0.22087574 0.89980292 4287952557
0.10610006 0.22081654 0.89951408 4287952557
0.1117993 0.22076401 0.8991912 4287952557
0.11749022 0.22066647 0.89890385 4287952557
0.12317802 0.22054325 0.89864224 4287952557
0.12884887 0.22043432 0.89823496 4287952557
0.13447575 0.22035652 0.89750141 4287952557
0.14003496 0.22035527 0.89639485 4287952557
0.14535753 0.21962126 0.8940798 4287952557
0.14502725 0.21100588 0.8586126 4282643381
0.14999609 0.20948175 0.8555004 4282643381
0.15513939 0.2093493 0.85392588 4282643381
0.16045336 0.20940217 0.853109 4282643381
0.16582327 0.20939761 0.85260993 4282643381
0.17122573 0.20934573 0.85239905 4282643381
0.17663574 0.2092623 0.85238242 4282643381
0.18202685 0.20920575 0.85219646 4282643381
0.18741478 0.20914842 0.85201699 4282643381
0.19279952 0.20908853 0.85185677 4282643381
0.19823642 0.20911235 0.8517307 4282643381
0.20370579 0.20915627 0.85178387 4282643381
0.20919853 0.2092005 0.85183042 4282643381
0.21457678 0.20915627 0.85249287 4282643381
0.22029063 0.20945928 0.85398448 4282643381
0.22656497 0.21025528 0.85713452 4282643381
0.2349879 0.21280962 0.86670643 4282643381
-0.74086905 0.22426146 0.89029258 4291520081
-0.73269784 0.22346683 0.88763303 4291520081
-0.72603512 0.22315595 0.88640434 4291520081
-0.7199735 0.2230529 0.88567013 4291520081
-0.71399027 0.22296242 0.88513029 4291520081
-0.70799714 0.2228481 0.88474053 4291520081
-0.70201302 0.22273646 0.88433421 4291520081
-0.69603729 0.22263035 0.88389528 4291520081
-0.69010067 0.22256519 0.88330978 4291520081
-0.68411958 0.22253931 0.88254333 4291520081
-0.67809767 0.22247596 0.88202655 4291520081
-0.67237878 0.22226743 0.88248116 4291520081
-0.66750246 0.22222291 0.88380212 4291520081
-0.66384006 0.22279371 0.8859573 4291520081
-0.66092956 0.22404708 0.88976425 4294901760
-0.65941471 0.22591121 0.89637387 4291520081
-0.6599617 0.22775024 0.90425611 4291520081
-0.66038018 0.22974926 0.91238338 4291520081
-0.66056436 0.23178695 0.92063838 4291520081
-0.65811509 0.23382708 0.92629004 4286097756
-0.65462422 0.23439501 0.92919338 4286097756
-0.64972597 0.23414455 0.93087196 4286097756
-0.64377522 0.23415262 0.93113899 4287952557
-0.63787526 0.23420057 0.93126535 4287952557
-0.63192451 0.23433447 0.9308601 4287952557
-0.62608457 0.2343991 0.93085927 4287952557
-0.62024897 0.23444301 0.93097436 4287952557
-0.61441141 0.23449382 0.93105501 4287952557
-0.60845703 0.23447482 0.93108767 4287952557
-0.60248613 0.23445055 0.93108672 4287952557
-0.5965156 0.23443061 0.9310627 4287952557
-0.59054565 0.23441558 0.93101418 4287952557
-0.58457661 0.23440555 0.93094283 4287952557
-0.57860893 0.23440263 0.93083972 4287952557
-0.5726018 0.23437816 0.93069589 4287952557
-0.56654316 0.2343217 0.93051451 4287952557
-0.56048775 0.23426995 0.93031228 4287952557
-0.55443531 0.23422027 0.9301011 4287952557
-0.54838765 0.23417304 0.92988575 4287952557
-0.54233021 0.23411773 0.92966282 4287952557
-0.53625339 0.2340485 0.92942333 4287952557
-0.53018034 0.23398194 0.92917222 4287952557
-0.52411091 0.23391713 0.92891353 4287952557
-0.51804507 0.23385292 0.92865247 4287952557
-0.51198262 0.23378892 0.92839074 4287952557
-0.50592351 0.23372483 0.92813009 4287952557
-0.49986759 0.23366009 0.92787254 4287952557
-0.49381506 0.23359534 0.92761534 4287952557
-0.48776525 0.23353188 0.92734885 4287952557
-0.48171526 0.23346862 0.92706561 4287952557
-0.47563347 0.23338032 0.92675555 4287952557
-0.46955255 0.23329264 0.92642647 4287952557
-0.46348014 0.23321071 0.92608595 4287952557
-0.45741242 0.23312999 0.9257406 4287952557
-0.45134875 0.23304792 0.92540181 4287952557
-0.44528878 0.23296298 0.92507613 4287952557
-0.43923247 0.23287492 0.92476469 4287952557
-0.43320578 0.23280655 0.92447412 4287952557
-0.42719933 0.23275076 0.92420083 4287952557
-0.42119557 0.23269284 0.9239372 4287952557
-0.41519484 0.23263411 0.92367727 4287952557
-0.40919706 0.23257442 0.92342198 4287952557
-0.40320235 0.23251401 0.92317003 4287952557
-0.39721081 0.23245335 0.92291981 4287952557
-0.39122245 0.23239271 0.92266947 4287952557
-0.38523206 0.23232718 0.92241681 4287952557
-0.37924367 0.23226018 0.9221642 4287952557
-0.37325868 0.23219337 0.92191136 4287952557
-0.36727697 0.23212638 0.92165929 4287952557
-0.36129862 0.23205911 0.92140931 4287952557
-0.35532343 0.23199089 0.92116356 4287952557
-0.34935158 0.23192251 0.92091924 4287952557
-0.34338993 0.23186189 0.92067564 4287952557
-0.33743829 0.23180966 0.92043024 4287952557
-0.33147201 0.23173822 0.92017651 4287952557
-0.32551658 0.23167585 0.91992164 4287952557
-0.31956697 0.23161656 0.91966736 4287952557
-0.31362042 0.23155698 0.9194147 4287952557
-0.30767682 0.23149657 0.91916579 4287952557
-0.30173633 0.23143548 0.91892046 4287952557
-0.29579893 0.23137422 0.91867626 4287952557
-0.28986466 0.23131289 0.91843235 4287952557
-0.28393355 0.23125164 0.91818857 4287952557
-0.2780056 0.23119046 0.91794455 4287952557
-0.27208087 0.23112987 0.91769832 4287952557
-0.26615861 0.23106891 0.91744834 4287952557
-0.2602345 0.23100166 0.91719246 4287952557
-0.25431165 0.23093221 0.91693085 4287952557
-0.24839182 0.2308629 0.91666454 4287952557
-0.24247563 0.23079446 0.91639459 4287952557
-0.23656304 0.23072667 0.91612208 4287952557
-0.23065403 0.23065925 0.91584831 4287952557
-0.22474849 0.23059185 0.91557473 4287952557
-0.21884641 0.23052438 0.91530174 4287952557
-0.21294779 0.23045678 0.91502964 4287952557
-0.20705259 0.23038906 0.9147585 4287952557
-0.20116088 0.23032129 0.91448784 4287952557
-0.19527261 0.23025349 0.91421765 4287952557
-0.18938787 0.23018591 0.91394711 4287952557
-0.18350662 0.23011857 0.91367567 4287952557
-0.17762883 0.23005123 0.91340446 4287952557
-0.17175451 0.22998402 0.91313326 4287952557
-0.16588356 0.22991644 0.91286379 4287952557
-0.16001526 0.22984682 0.9125973 4287952557
-0.15415077 0.22977741 0.91233557 4287952557
-0.14829065 0.2297098 0.91207618 4287952557
-0.14243396 0.22964241 0.91181624 4287952557
-0.13658081 0.2295758 0.9115532 4287952557
-0.13073124 0.2295102 0.91128588 4287952557
-0.12488522 0.2294454 0.91101533 4287952557
-0.11904261 0.22938086 0.91074377 4287952557
-0.11320335 0.22931634 0.91047251 4287952557
-0.10736745 0.22925179 0.91020173 4287952557
-0.10153313 0.22918171 0.90993267 4287952557
-0.095701642 0.22910902 0.90966928 4287952557
-0.089876518 0.22904493 0.90941656 4287952557
-0.084054776 0.22898084 0.90917087 4287952557
-0.078237094 0.22891949 0.90893257 4287952557
-0.072423242 0.22886075 0.90869933 4287952557
-0.066612326 0.22880176 0.90846765 4287952557
-0.060804371 0.22874264 0.90823627 4287952557
-0.054999378 0.22868338 0.90800619 4287952557
-0.049197331 0.22862408 0.90777647 4287952557
-0.043398205 0.22856438 0.90754879 4287952557
-0.037602022 0.22850451 0.90732187 4287952557
-0.031808842 0.22844487 0.90709418 4287952557
-0.026018701 0.22838573 0.90686476 4287952557
-0.020231601 0.22832704 0.90663338 4287952557
-0.014447692 0.22826973 0.90639669 4287952557
-0.0086669037 0.2282133 0.90615588 4287952557
-0.0028888655 0.22815351 0.90591049 4287952557
0.0028864138 0.2280885 0.90566105 4287952557
0.0086583756 0.22802415 0.90541017 4287952557
0.01442707 0.22796004 0.9051584 4287952557
0.020192506 0.22789618 0.90490603 4287952557
0.025954684 0.22783257 0.90465289 4287952557
0.031713609 0.22776914 0.90439904 4287952557
0.037469257 0.22770612 0.90414387 4287952557
0.043221369 0.22764497 0.90388066 4287952557
0.048970498 0.22758254 0.90362334 4287952557
0.054716446 0.22751984 0.90336722 4287952557
0.060459226 0.22745696 0.90311247 4287952557
0.066198729 0.22739443 0.90285653 4287952557
0.071934775 0.2273331 0.90259528 4287952557
0.077666804 0.22726925 0.90232545 4287952557
0.083393529 0.22719212 0.90204561 4287952557
0.089118026 0.22712429 0.90177268 4287952557
0.094839767 0.22705854 0.90150648 4287952557
0.10055791 0.22699377 0.90123612 4287952557
0.10627142 0.22693406 0.90094292 4287952557
0.11197929 0.22688326 0.90060896 4287952557
0.11767448 0.2267404 0.90033305 4287952557
0.12336774 0.22658886 0.90004218 4287952557
0.12904577 0.22654396 0.89957589 4287952557
0.13467601 0.22655445 0.89880538 4287952557
0.14019644 0.22668165 0.89754725 4287952557
0.14546776 0.22554213 0.89482987 4287952557
0.14514318 0.21665205 0.85925901 4282643381
0.15013044 0.21513274 0.85631412 4282643381
0.15529327 0.21497527 0.85479939 4282643381
0.16061081 0.21500583 0.85400182 4282643381
0.16598389 0.21498804 0.85353273 4282643381
0.17138413 0.21493754 0.85330129 4282643381
0.17679057 0.2148578 0.85324222 4282643381
0.18218435 0.2148028 0.85303724 4282643381
0.18757571 0.21474589 0.85284483 4282643381
0.19296344 0.21468565 0.85267437 4282643381
0.19839068 0.21469596 0.85252613 4282643381
0.20386025 0.21474124 0.85256243 4282643381
0.20932761 0.21476655 0.8526414 4282643381
0.21477173 0.21478504 0.85337472 4282643381
0.22035597 0.21499997 0.85487914 4282643381
0.22693397 0.21605591 0.8583436 4282643381
-0.74246055 0.23044229 0.89211231 4291520081
-0.73352164 0.22936414 0.88878721 4291520081
-0.72677624 0.22901945 0.88746637 4291520081
-0.72079819 0.22895701 0.8867256 4291520081
-0.71480983 0.22886682 0.88617325 4291520081
-0.7088083 0.2287461 0.88579935 4291520081
-0.70281678 0.22863005 0.88539827 4291520081
-0.69683403 0.22852065 0.88496083 4291520081
-0.69085896 0.22842173 0.88446563 4291520081
-0.68488461 0.22841325 0.88359702 4291520081
-0.67885375 0.22838672 0.88297534 4291520081
-0.67308575 0.22817919 0.88332039 4291520081
-0.66802037 0.22806555 0.88439262 4291520081
-0.66425872 0.22850591 0.88654745 4291520081
-0.66123265 0.22975965 0.89009726 4294901760
-0.65926611 0.23171984 0.89635098 4291520081
-0.66004825 0.23351109 0.90427625 4291520081
-0.66043937 0.23552351 0.91229868 4291520081
-0.66063851 0.23760389 0.92058277 4291520081
-0.65855974 0.2396868 0.9268595 4286097756
-0.65518039 0.24073841 0.93009067 4286097756
-0.65051067 0.24043444 0.93190211 4286097756
-0.64466661 0.24040356 0.93236715 4287952557
-0.63874435 0.24044667 0.9324857 4287952557
-0.63278192 0.2405633 0.93220508 4287952557
-0.62690908 0.24065562 0.93205404 4287952557
-0.62105596 0.24069101 0.93218392 4287952557
-0.61520094 0.24073225 0.93228644 4287952557
-0.6093241 0.24076653 0.93235409 4287952557
-0.60340512 0.24077769 0.93238968 4287952557
-0.59743387 0.24075547 0.93240082 4287952557
-0.59146273 0.2407372 0.93239236 4287952557
-0.58549201 0.2407248 0.93235713 4287952557
-0.57952225 0.24072078 0.93228632 4287952557
-0.57354784 0.24072263 0.93217081 4287952557
-0.56746346 0.24065076 0.93199372 4287952557
-0.56138289 0.24058713 0.93178338 4287952557
-0.55531847 0.24053624 0.93156308 4287952557
-0.54925674 0.24048525 0.9313432 4287952557
-0.54319793 0.24043526 0.93111938 4287952557
-0.53712803 0.24037628 0.93088508 4287952557
-0.53104037 0.24030314 0.93063712 4287952557
-0.52495629 0.24023163 0.93038249 4287952557
-0.5188759 0.24016128 0.93012327 4287952557
-0.51279914 0.24009183 0.92986083 4287952557
-0.50672585 0.24002254 0.92959785 4287952557
-0.50065589 0.23995252 0.92933816 4287952557
-0.49458936 0.23988253 0.92907876 4287952557
-0.48852652 0.23981397 0.92881399 4287952557
-0.48247287 0.23975311 0.92853636 4287952557
-0.47638726 0.23966606 0.92823195 4287952557
-0.47030756 0.23958401 0.92791092 4287952557
-0.46423301 0.23950522 0.92757815 4287952557
-0.4581629 0.23942757 0.9272415 4287952557
-0.45209664 0.23934847 0.92691106 4287952557
-0.44603401 0.23926693 0.9265914 4287952557
-0.43997502 0.23918289 0.92628211 4287952557
-0.43393147 0.23910707 0.92598718 4287952557
-0.4278968 0.23903383 0.92570502 4287952557
-0.421873 0.23896611 0.92543167 4287952557
-0.41585246 0.23889711 0.92516392 4287952557
-0.40983519 0.23882699 0.92490095 4287952557
-0.4038212 0.23875573 0.92464292 4287952557
-0.39781061 0.238684 0.92438728 4287952557
-0.39180908 0.23861775 0.92413455 4287952557
-0.38581026 0.23855098 0.92388195 4287952557
-0.37981275 0.23848225 0.92362785 4287952557
-0.37382334 0.2384188 0.92337441 4287952557
-0.36783773 0.23835611 0.92312086 4287952557
-0.3618553 0.2382932 0.92286855 4287952557
-0.35587603 0.23822971 0.92261893 4287952557
-0.3498998 0.23816571 0.92237145 4287952557
-0.34392682 0.23810177 0.92212421 4287952557
-0.33795705 0.23803815 0.92187554 4287952557
-0.33199003 0.23797445 0.9216246 4287952557
-0.32602772 0.23791297 0.92137271 4287952557
-0.32007077 0.23785414 0.92112201 4287952557
-0.31411684 0.23779477 0.92087376 4287952557
-0.30816585 0.23773482 0.92062819 4287952557
-0.30221787 0.23767433 0.92038506 4287952557
-0.29627287 0.23761351 0.92014354 4287952557
-0.29033098 0.23755237 0.91990358 4287952557
-0.28439215 0.23749116 0.91966426 4287952557
-0.27845639 0.23743016 0.91942406 4287952557
-0.27252379 0.2373697 0.91918194 4287952557
-0.26659447 0.23731016 0.91893643 4287952557
-0.26066482 0.23724666 0.91868436 4287952557
-0.25473556 0.23717988 0.91842592 4287952557
-0.24879882 0.23709738 0.9181577 4287952557
-0.24286769 0.23701891 0.91788483 4287952557
-0.23694515 0.23694904 0.91760987 4287952557
-0.23102623 0.23687981 0.91733247 4287952557
-0.22511087 0.23681089 0.91705406 4287952557
-0.21919902 0.236742 0.91677588 4287952557
-0.21329065 0.23667298 0.91649848 4287952557
-0.20738575 0.23660386 0.91622192 4287952557
-0.20148432 0.23653451 0.91594678 4287952557
-0.19558635 0.23646514 0.91567189 4287952557
-0.18969186 0.23639555 0.9153983 4287952557
-0.18380083 0.23632593 0.91512507 4287952557
-0.17791329 0.23625633 0.9148522 4287952557
-0.17202921 0.2361865 0.91458058 4287952557
-0.16614848 0.23611608 0.91431183 4287952557
-0.16027108 0.2360447 0.9140473 4287952557
-0.15440309 0.23598738 0.91378385 4287952557
-0.14853495 0.23592062 0.91353101 4287952557
-0.14266694 0.23584615 0.91327643 4287952557
-0.13680258 0.23577255 0.91301847 4287952557
-0.13094194 0.23570035 0.91275531 4287952557
-0.12508504 0.23562953 0.91248679 4287952557
-0.11923171 0.2355594 0.91221571 4287952557
-0.11338194 0.23548977 0.91194308 4287952557
-0.10753561 0.23542006 0.91167104 4287952557
-0.10169267 0.23534992 0.91140103 4287952557
-0.095852956 0.23527844 0.91113675 4287952557
-0.09001717 0.23520768 0.91088194 4287952557
-0.084190473 0.23515728 0.91064227 4287952557
-0.078365326 0.23510137 0.91041046 4287952557
-0.072542794 0.23504399 0.91018474 4287952557
-0.066723049 0.23498605 0.90996158 4287952557
-0.060906205 0.23492835 0.90973777 4287952557
-0.055092257 0.23487082 0.90951329 4287952557
-0.049281076 0.23481292 0.90929085 4287952557
-0.043472841 0.2347554 0.9090668 4287952557
-0.037667509 0.23469819 0.90884173 4287952557
-0.031865116 0.23464166 0.90861422 4287952557
-0.026065692 0.23458579 0.9083842 4287952557
-0.020269265 0.23453088 0.90815073 4287952557
-0.014475736 0.23447594 0.90791309 4287952557
-0.0086840233 0.23440905 0.90766877 4287952557
-0.0028956472 0.23434313 0.90742159 4287952557
0.002889398 0.23427832 0.90717214 4287952557
0.0086712008 0.2342139 0.90692145 4287952557
0.01444981 0.23414904 0.90666968 4287952557
0.020225376 0.23407941 0.90641725 4287952557
0.025997512 0.23401049 0.9061625 4287952557
0.031766284 0.23394185 0.90590686 4287952557
0.037531693 0.23387353 0.90565032 4287952557
0.043293748 0.23380545 0.905393 4287952557
0.049052492 0.23373739 0.90513593 4287952557
0.054807961 0.23366913 0.90488005 4287952557
0.060560029 0.23360144 0.90462214 4287952557
0.066308603 0.2335348 0.90436018 4287952557
0.072053634 0.23346961 0.90409303 4287952557
0.07779409 0.23339638 0.90381646 4287952557
0.083530515 0.23332196 0.90353483 4287952557
0.089264937 0.23325478 0.90326566 4287952557
0.094996184 0.23318653 0.90300137 4287952557
0.10072339 0.23312128 0.90272486 4287952557
0.10644538 0.23306379 0.90241581 4287952557
0.11216162 0.23301607 0.90206558 4287952557
0.11786346 0.23282056 0.90181249 4287952557
0.12356414 0.23264042 0.90148979 4287952557
0.12924638 0.23260574 0.90098274 4287952557
0.13487607 0.23268515 0.90023232 4287952557
0.14033295 0.23293503 0.8987447 4287952557
0.14561373 0.23093449 0.89542782 4287952557
0.14527665 0.2222923 0.85999203 4282643381
0.15028104 0.22083102 0.85721052 4282643381
0.15547793 0.2207597 0.85577798 4282643381
0.16081056 0.22076684 0.85501331 4282643381
0.16619362 0.22072683 0.85457778 4282643381
0.17159338 0.22067367 0.85428602 4282643381
0.17700395 0.22058247 0.85420203 4282643381
0.18239959 0.22051729 0.85397691 4282643381
0.18779232 0.22044925 0.853769 4282643381
0.19318131 0.2203763 0.85359079 4282643381
0.19861448 0.22038536 0.85344553 4282643381
0.20408633 0.22043017 0.85341924 4282643381
0.20952979 0.22041413 0.85362107 4282643381
0.21504679 0.22050183 0.85428333 4282643381
0.22059661 0.2206943 0.85586452 4282643381
0.22742575 0.22196536 0.85975558 4282643381
-0.73477978 0.23544414 0.89017564 4291520081
-0.72769731 0.23496272 0.88865179 4291520081
-0.72171068 0.23490621 0.88785523 4291520081
-0.71569681 0.23480731 0.8872897 4291520081
-0.70966911 0.23467244 0.88692051 4291520081
-0.70365208 0.23454235 0.88652456 4291520081
-0.69764405 0.23441932 0.88609248 4291520081
-0.69164741 0.23430669 0.88561255 4291520081
-0.68565166 0.23428451 0.88472426 4291520081
-0.67971462 0.23426305 0.88423884 4291520081
-0.67387229 0.23414615 0.88422173 4291520081
-0.66867465 0.23400141 0.88520789 4291520081
-0.66473371 0.23420469 0.88729346 4291520081
-0.66160113 0.23551042 0.8905732 4294901760
-0.65948719 0.23749751 0.89656681 4291520081
-0.65987873 0.23932801 0.90431803 4291520081
-0.66032958 0.24134579 0.91227227 4291520081
-0.66053152 0.24343663 0.92042112 4291520081
-0.65901977 0.24553047 0.92731202 4286097756
-0.65569144 0.24709402 0.93108845 4286097756
-0.65135872 0.24682713 0.93301946 4286097756
-0.64560395 0.24673001 0.93361884 4287952557
-0.63970923 0.24674062 0.93385315 4287952557
-0.63372368 0.2468811 0.93352467 4287952557
-0.62784255 0.24699041 0.93333375 4287952557
-0.62198102 0.24702747 0.93346208 4287952557
-0.61610186 0.2470549 0.93357909 4287952557
-0.61021334 0.24708246 0.93367106 4287952557
-0.60432345 0.24711446 0.93374419 4287952557
-0.59843254 0.24714954 0.93380576 4287952557
-0.59250414 0.24716049 0.93384826 4287952557
-0.58652383 0.24713671 0.93386084 4287952557
-0.5805437 0.24712375 0.93382841 4287952557
-0.57456493 0.24712361 0.93374509 4287952557
-0.56846982 0.24704534 0.93358272 4287952557
-0.56237805 0.24697794 0.93337744 4287952557
-0.55628979 0.24691708 0.93314666 4287952557
-0.55020452 0.24685694 0.93291354 4287952557
-0.54412204 0.24679507 0.9326871 4287952557
-0.53805506 0.24674398 0.93246061 4287952557
-0.5319916 0.24669525 0.93222731 4287952557
-0.52590489 0.24662717 0.93197954 4287952557
-0.51981312 0.24655309 0.93172586 4287952557
-0.51372498 0.24648038 0.93146718 4287952557
-0.50764048 0.24640885 0.93120426 4287952557
-0.5015595 0.24633718 0.93094218 4287952557
-0.49548572 0.24626902 0.93068022 4287952557
-0.48942155 0.24620749 0.93041456 4287952557
-0.4833613 0.24614918 0.93013698 4287952557
-0.47726992 0.2460638 0.9298352 4287952557
-0.47116601 0.24596703 0.92951381 4287952557
-0.46506697 0.24587293 0.92918271 4287952557
-0.45898256 0.24578874 0.92885202 4287952557
-0.45290485 0.24570568 0.92852801 4287952557
-0.44683078 0.2456204 0.9282124 4287952557
-0.44076329 0.24553607 0.92790431 4287952557
-0.4347091 0.2454588 0.92760748 4287952557
-0.42865831 0.24537937 0.92731875 4287952557
-0.42261124 0.24529859 0.92703581 4287952557
-0.4165743 0.24522363 0.92675763 4287952557
-0.41054678 0.24515399 0.92648423 4287952557
-0.40452251 0.2450826 0.92621779 4287952557
-0.39850157 0.24501075 0.92595339 4287952557
-0.39248863 0.24494274 0.925695 4287952557
-0.38648355 0.24487934 0.92543966 4287952557
-0.38048172 0.24481617 0.92518377 4287952557
-0.37448296 0.24475273 0.92492884 4287952557
-0.36848667 0.24468845 0.92467397 4287952557
-0.3624936 0.24462415 0.92441928 4287952557
-0.3565037 0.24455954 0.92416626 4287952557
-0.35051686 0.24449442 0.92391527 4287952557
-0.34453318 0.24442859 0.92366755 4287952557
-0.33855239 0.24436188 0.92342192 4287952557
-0.33257446 0.24429472 0.92317665 4287952557
-0.32659978 0.24422775 0.92293096 4287952557
-0.32062837 0.24416101 0.92268473 4287952557
-0.31466022 0.2440943 0.92243868 4287952557
-0.30869517 0.24402705 0.9221949 4287952557
-0.3027347 0.2439613 0.92195326 4287952557
-0.29677933 0.24389778 0.92171496 4287952557
-0.29082698 0.24383384 0.92147821 4287952557
-0.28487775 0.24377014 0.92124093 4287952557
-0.27893171 0.24370708 0.92100132 4287952557
-0.27298883 0.24364492 0.92075849 4287952557
-0.26704767 0.24358168 0.92051035 4287952557
-0.26110771 0.24351637 0.92025661 4287952557
-0.25517115 0.24345227 0.91999882 4287952557
-0.24923804 0.24338944 0.91973644 4287952557
-0.24330531 0.24332298 0.91946781 4287952557
-0.23736575 0.24324042 0.91918957 4287952557
-0.23143014 0.24315885 0.91890806 4287952557
-0.22549841 0.24307787 0.91862458 4287952557
-0.21957052 0.24299717 0.91834062 4287952557
-0.21364938 0.24292199 0.91805828 4287952557
-0.20773458 0.24285196 0.9177773 4287952557
-0.20182328 0.24278192 0.91749662 4287952557
-0.19591542 0.24271162 0.91721725 4287952557
-0.19001096 0.2426405 0.91694158 4287952557
-0.18410991 0.24256876 0.9166683 4287952557
-0.17821237 0.24249724 0.91639453 4287952557
-0.17231841 0.24242611 0.91611964 4287952557
-0.16642791 0.24235493 0.91584527 4287952557
-0.16054089 0.24228296 0.91557586 4287952557
-0.15465786 0.24221109 0.91531396 4287952557
-0.14879081 0.24217035 0.91506517 4287952557
-0.14292105 0.24211462 0.91481918 4287952557
-0.1370461 0.2420373 0.91456532 4287952557
-0.13117494 0.24196176 0.91430527 4287952557
-0.12530756 0.24188815 0.91403842 4287952557
-0.11944384 0.24181575 0.91376752 4287952557
-0.11358368 0.24174386 0.91349483 4287952557
-0.10772698 0.24167183 0.91322303 4287952557
-0.10187378 0.24160011 0.91295207 4287952557
-0.09602385 0.24152708 0.91268659 4287952557
-0.090177067 0.24145187 0.91242963 4287952557
-0.084338464 0.241394 0.91218895 4287952557
-0.07850448 0.24134222 0.91196114 4287952557
-0.072672918 0.24128844 0.9117409 4287952557
-0.066843197 0.24123041 0.9115178 4287952557
-0.061015885 0.24117005 0.91129696 4287952557
-0.055191517 0.24111013 0.91107488 4287952557
-0.04937008 0.24105057 0.91085148 4287952557
-0.043551594 0.24099153 0.91062623 4287952557
-0.037736114 0.24093343 0.91039789 4287952557
-0.031923644 0.24087635 0.91016591 4287952557
-0.026114192 0.24082029 0.90993035 4287952557
-0.020306671 0.24075589 0.90968949 4287952557
-0.014501672 0.24068654 0.90944558 4287952557
-0.0087001426 0.24061853 0.90919757 4287952557
-0.0029019008 0.24055104 0.90894759 4287952557
0.002893057 0.24048433 0.90869659 4287952557
0.0086847758 0.24041806 0.90844518 4287952557
0.014473276 0.24035202 0.90819323 4287952557
0.02025857 0.2402861 0.90794104 4287952557
0.026040647 0.24022043 0.90768832 4287952557
0.031819496 0.24015494 0.90743494 4287952557
0.037595101 0.24008487 0.90717947 4287952557
0.043367293 0.24001443 0.90692276 4287952557
0.049136154 0.23994404 0.90666634 4287952557
0.054901671 0.23987357 0.90641016 4287952557
0.060663763 0.23980372 0.90615207 4287952557
0.066422284 0.23973542 0.90588862 4287952557
0.072177067 0.23966955 0.90561628 4287952557
0.077926531 0.23958899 0.90533042 4287952557
0.083670653 0.23949558 0.90503752 4287952557
0.089411914 0.23940729 0.9047547 4287952557
0.09515205 0.23933953 0.90448028 4287952557
0.10088772 0.23927651 0.90418762 4287952557
0.10661768 0.23922336 0.90385604 4287952557
0.11233784 0.23915215 0.90347886 4287952557
0.11804999 0.23892896 0.90324754 4287952557
0.12376388 0.23873106 0.90293032 4287952557
0.12944607 0.23868944 0.90236646 4287952557
0.13505875 0.23881224 0.90153176 4287952557
0.14044468 0.23907736 0.89983231 4287952557
0.14573503 0.23667434 0.89590251 4287952557
0.14542149 0.22792962 0.86078995 4282643381
0.15044396 0.22654921 0.85816908 4282643381
0.15567629 0.22655235 0.85684216 4282643381
0.16102663 0.22655676 0.85611796 4282643381
0.1664173 0.22650447 0.85568869 4282643381
0.17182001 0.22642192 0.85540879 4282643381
0.17723297 0.22633186 0.85527498 4282643381
0.18263529 0.22626807 0.85503185 4282643381
0.18803521 0.22620057 0.85480827 4282643381
0.19343227 0.22612666 0.85461891 4282643381
0.19889566 0.22617789 0.85445189 4282643381
0.20436753 0.22620139 0.85444736 4282643381
0.20979996 0.22614582 0.85474491 4282643381
0.21533372 0.22624286 0.85523123 4282643381
0.2208463 0.22640295 0.85692132 4282643381
0.22798847 0.22795242 0.86130154 4282643381
-0.73601586 0.24151309 0.8917495 4291520081
-0.72883373 0.2410088 0.88995117 4291520081
-0.72278374 0.24093178 0.88912028 4291520081
-0.71676326 0.24083789 0.88852119 4291520081
-0.71072447 0.24070008 0.88814396 4291520081
-0.7046957 0.24056181 0.88776737 4291520081
-0.69867724 0.24043311 0.88734442 4291520081
-0.69271529 0.24033913 0.88688797 4291520081
-0.6867494 0.24033543 0.88605654 4291520081
-0.68074667 0.24029644 0.88550079 4291520081
-0.67486823 0.24018261 0.88541484 4291520081
-0.66950059 0.24003705 0.88622594 4291520081
-0.66524458 0.24009249 0.88806176 4291520081
-0.66221678 0.24119677 0.89122277 4294901760
-0.65972418 0.24329737 0.89674693 4291520081
-0.66003364 0.2451227 0.90445858 4291520081
-0.66012281 0.24721326 0.91230512 4291520081
-0.6607222 0.24930553 0.92050272 4291520081
-0.65950239 0.25148472 0.9278543 4286097756
-0.65631801 0.25347564 0.93211102 4286097756
-0.65218258 0.25326362 0.93410403 4286097756
-0.64665246 0.25305024 0.93510932 4287952557
-0.64065844 0.25306082 0.93523818 4287952557
-0.63468105 0.25318205 0.93500215 4287952557
-0.6287815 0.2533119 0.93476635 4287952557
-0.62289912 0.2533434 0.934883 4287952557
-0.61700362 0.25336483 0.93500257 4287952557
-0.61110651 0.25338838 0.93511301 4287952557
-0.60520822 0.25341544 0.93520999 4287952557
-0.59930855 0.25344232 0.93530726 4287952557
-0.59340757 0.25347185 0.93539482 4287952557
-0.58750546 0.25350532 0.93546772 4287952557
-0.58156729 0.25352103 0.93549412 4287952557
-0.5755772 0.25351092 0.93544877 4287952557
-0.56947696 0.25342742 0.93531305 4287952557
-0.56337357 0.25335568 0.93511409 4287952557
-0.55727392 0.25329354 0.93488073 4287952557
-0.5511775 0.2532326 0.93464369 4287952557
-0.5450837 0.25316784 0.93442029 4287952557
-0.53899312 0.25310394 0.93419427 4287952557
-0.5329057 0.25304106 0.93396473 4287952557
-0.52682143 0.25297979 0.93372959 4287952557
-0.5207476 0.25292662 0.93349028 4287952557
-0.51464796 0.25285029 0.93323565 4287952557
-0.50855434 0.25277776 0.93297571 4287952557
-0.50247186 0.25271273 0.93271577 4287952557
-0.49639282 0.25264862 0.93245298 4287952557
-0.49031726 0.25258651 0.93218333 4287952557
-0.4842456 0.25252765 0.93190247 4287952557
-0.47814843 0.25244537 0.93160009 4287952557
-0.47203279 0.25234506 0.93127912 4287952557
-0.46592206 0.2522473 0.93094993 4287952557
-0.45981589 0.25214994 0.93061972 4287952557
-0.45371398 0.25205067 0.9302966 4287952557
-0.44762373 0.25195694 0.92998219 4287952557
-0.4415482 0.25187209 0.92967784 4287952557
-0.43548268 0.25179109 0.92938519 4287952557
-0.42942098 0.25170928 0.92909569 4287952557
-0.42336303 0.25162697 0.92880839 4287952557
-0.41730896 0.25154471 0.92852145 4287952557
-0.41125864 0.25146198 0.92823702 4287952557
-0.40521958 0.25138703 0.92795664 4287952557
-0.39919233 0.25131935 0.92768598 4287952557
-0.39317375 0.25125706 0.9274202 4287952557
-0.38715819 0.2511937 0.92715836 4287952557
-0.38114572 0.25112948 0.92689973 4287952557
-0.37513649 0.25106525 0.92664158 4287952557
-0.3691304 0.2510007 0.92638445 4287952557
-0.36312744 0.25093582 0.92612886 4287952557
-0.3571274 0.25087029 0.92587453 4287952557
-0.35112992 0.25080317 0.92562366 4287952557
-0.34513554 0.25073466 0.92537796 4287952557
-0.3391436 0.25066409 0.92513669 4287952557
-0.33315474 0.25059232 0.92489952 4287952557
-0.32716906 0.25052008 0.9246639 4287952557
-0.32118663 0.25044799 0.92442799 4287952557
-0.31520748 0.25037637 0.92419064 4287952557
-0.30923158 0.250305 0.92395246 4287952557
-0.3032589 0.25023347 0.92371517 4287952557
-0.29728934 0.25016156 0.92347944 4287952557
-0.29132298 0.25008991 0.92324322 4287952557
-0.28535992 0.25001928 0.92300391 4287952557
-0.27940166 0.24995233 0.92276061 4287952557
-0.27344856 0.2498901 0.92251199 4287952557
-0.26749542 0.2498243 0.92225564 4287952557
-0.26154539 0.24975927 0.92199475 4287952557
-0.25559887 0.24969557 0.92172903 4287952557
-0.24965559 0.24963252 0.92146176 4287952557
-0.24371575 0.24957038 0.92119193 4287952557
-0.23777921 0.24950893 0.92091966 4287952557
-0.23184292 0.24944265 0.92064327 4287952557
-0.22590038 0.24935909 0.92035943 4287952557
-0.21996166 0.24927603 0.92007387 4287952557
-0.21402675 0.24919288 0.91978937 4287952557
-0.20809576 0.24911034 0.91950279 4287952557
-0.2021686 0.24902765 0.91921723 4287952557
-0.19624504 0.24894376 0.91893572 4287952557
-0.19032511 0.24885848 0.91865939 4287952557
-0.1844127 0.24878092 0.9183889 4287952557
-0.178505 0.2487064 0.91811752 4287952557
-0.17260098 0.24863316 0.91784215 4287952557
-0.16670083 0.24856144 0.91756374 4287952557
-0.16080411 0.24848932 0.91728717 4287952557
-0.15491056 0.24841517 0.91701764 4287952557
-0.1490299 0.24836434 0.91676414 4287952557
-0.1431555 0.24832165 0.91652071 4287952557
-0.1372837 0.24827911 0.91627681 4287952557
-0.13140231 0.24820191 0.9160161 4287952557
-0.12552448 0.24812627 0.91574788 4287952557
-0.11965039 0.24805231 0.91547441 4287952557
-0.11378001 0.24797925 0.91519982 4287952557
-0.10791319 0.2479066 0.91492462 4287952557
-0.10204975 0.24783325 0.91465193 4287952557
-0.096189588 0.24775855 0.91438401 4287952557
-0.09033259 0.24768148 0.91412431 4287952557
-0.084480919 0.24761061 0.91387808 4287952557
-0.078636922 0.24755785 0.91364914 4287952557
-0.072795279 0.24750257 0.9134286 4287952557
-0.066956192 0.2474461 0.91321236 4287952557
-0.061119799 0.24738947 0.91299695 4287952557
-0.055286083 0.24733287 0.91277945 4287952557
-0.049454223 0.24727118 0.91255665 4287952557
-0.043625474 0.24721141 0.91232759 4287952557
-0.037799716 0.24715252 0.91209584 4287952557
-0.031976715 0.24709272 0.91185701 4287952557
-0.02615541 0.2470222 0.91160929 4287952557
-0.020337494 0.24695289 0.91135746 4287952557
-0.014522884 0.24688418 0.91110408 4287952557
-0.0087115522 0.24681582 0.91084963 4287952557
-0.0029034768 0.24674767 0.9105947 4287952557
0.0029015555 0.24667843 0.9103443 4287952557
0.0087031685 0.24661088 0.91009027 4287952557
0.014501587 0.24654327 0.90983671 4287952557
0.020296799 0.2464757 0.90958333 4287952557
0.026088811 0.24640813 0.90933007 4287952557
0.031877611 0.24634071 0.90907663 4287952557
0.037663091 0.24627408 0.90882093 4287952557
0.043445453 0.246207 0.90856683 4287952557
0.049224656 0.24613969 0.90831375 4287952557
0.055000503 0.24606887 0.90805995 4287952557
0.060772784 0.24599665 0.90780246 4287952557
0.066541366 0.24592692 0.90753663 4287952557
0.072306044 0.24586079 0.90725869 4287952557
0.078064524 0.24577329 0.90696084 4287952557
0.083818153 0.24568005 0.90665615 4287952557
0.08956781 0.24558644 0.90635341 4287952557
0.09531346 0.24549322 0.90605009 4287952557
0.10105702 0.24543105 0.9057337 4287952557
0.10679492 0.2453841 0.90537763 4287952557
0.1125168 0.24527664 0.90496194 4287952557
0.11823633 0.24505581 0.90468585 4287952557
0.12397134 0.2448366 0.90441555 4287952557
0.12965539 0.24477787 0.90380031 4287952557
0.13524413 0.24493119 0.90285337 4287952557
0.14054321 0.24524203 0.90092069 4287952557
0.14585096 0.24253321 0.89639753 4287952557
0.14558376 0.23369242 0.86172014 4282643381
0.15062173 0.23226182 0.85923398 4282643381
0.1558883 0.23234586 0.85800374 4282643381
0.16125399 0.2323456 0.85732335 4282643381
0.1666536 0.23229082 0.85690534 4282643381
0.17206359 0.23220561 0.85662597 4282643381
0.17747524 0.23209405 0.85647261 4282643381
0.18287569 0.23201039 0.85621041 4282643381
0.18828179 0.23194288 0.85597706 4282643381
0.1936917 0.23188393 0.85577494 4282643381
0.19916394 0.23193975 0.85564399 4282643381
0.20463412 0.23195775 0.85555124 4282643381
0.21007571 0.2319033 0.85581565 4282643381
0.21559149 0.23197486 0.85639405 4282643381
0.22106412 0.23210274 0.85807419 4282643381
0.22861037 0.23401925 0.86305201 4282643381
-0.73796308 0.24788386 0.89382625 4291520081
-0.7300927 0.24710523 0.89147121 4291520081
-0.72385305 0.24696374 0.89044946 4291520081
-0.71781772 0.24685864 0.889898 4291520081
-0.71177787 0.24673328 0.88944137 4291520081
-0.70577639 0.2466055 0.88909894 4291520081
-0.69981331 0.24650748 0.88869655 4291520081
-0.69385529 0.2464124 0.88828242 4291520081
-0.68788904 0.24638838 0.88757247 4291520081
-0.68186015 0.24634877 0.8869555 4291520081
-0.67587078 0.24623053 0.88668948 4291520081
-0.67042387 0.24604796 0.88744175 4291520081
-0.66591537 0.24596506 0.88900101 4291520081
-0.66274214 0.24691258 0.89186358 4294901760
-0.66012579 0.2490408 0.89700514 4291520081
-0.65985256 0.25094846 0.90448487 4291520081
-0.6601212 0.25307298 0.91240358 4291520081
-0.66065931 0.25521827 0.92054826 4291520081
-0.65980715 0.25740269 0.92813247 4286097756
-0.65701443 0.25992095 0.93324131 4294901760
-0.65309191 0.25967383 0.9354223 4286097756
-0.64776814 0.25935325 0.93672597 4287952557
-0.64170545 0.25938129 0.9368515 4287952557
-0.63569611 0.25942832 0.93679279 4287952557
-0.62971961 0.25959721 0.93637776 4287952557
-0.6238153 0.25962669 0.93646723 4287952557
-0.61791122 0.25964776 0.93658745 4287952557
-0.61200577 0.25966778 0.93671113 4287952557
-0.60609895 0.25968829 0.93683261 4287952557
-0.60020643 0.25972125 0.93695885 4287952557
-0.59432334 0.25976276 0.93709046 4287952557
-0.58843845 0.25981003 0.93720216 4287952557
-0.58255142 0.25986642 0.93728322 4287952557
-0.57666153 0.25993761 0.93730891 4287952557
-0.57059973 0.25988343 0.93722045 4287952557
-0.56449199 0.25980821 0.937051 4287952557
-0.55838782 0.25974983 0.93682551 4287952557
-0.55228752 0.25969487 0.93658936 4287952557
-0.54619002 0.25963819 0.93635947 4287952557
-0.54009527 0.25957879 0.93613887 4287952557
-0.53400344 0.25951996 0.93591648 4287952557
-0.52791446 0.25946197 0.93569165 4287952557
-0.52182657 0.25940374 0.93546122 4287952557
-0.51573873 0.25934461 0.935224 4287952557
-0.50963545 0.25927141 0.93497115 4287952557
-0.50351423 0.25917983 0.93470633 4287952557
-0.49739695 0.25909027 0.93443525 4287952557
-0.49128389 0.25900397 0.93415421 4287952557
-0.48517525 0.25892168 0.93386054 4287952557
-0.47906384 0.25883666 0.93355113 4287952557
-0.47295988 0.25875747 0.93323338 4287952557
-0.46686038 0.25868091 0.93290782 4287952557
-0.4607648 0.25860322 0.93258595 4287952557
-0.45467278 0.25852314 0.93227214 4287952557
-0.44858426 0.25844023 0.93196797 4287952557
-0.44251129 0.25836703 0.93167704 4287952557
-0.43645099 0.25830176 0.93139648 4287952557
-0.43037727 0.25821781 0.93111289 4287952557
-0.42430741 0.25813407 0.93082893 4287952557
-0.41824153 0.25805157 0.9305414 4287952557
-0.41217947 0.25796968 0.93025231 4287952557
-0.40612119 0.2578868 0.92996657 4287952557
-0.4000701 0.25780755 0.92968386 4287952557
-0.39402479 0.25772968 0.92940634 4287952557
-0.3879829 0.25765038 0.92913365 4287952557
-0.3819446 0.25757015 0.92886448 4287952557
-0.37590975 0.25748897 0.92859852 4287952557
-0.36987844 0.25740746 0.9283337 4287952557
-0.36385092 0.25732586 0.92806917 4287952557
-0.3578268 0.25724325 0.92780858 4287952557
-0.35180593 0.25715846 0.92755473 4287952557
-0.34579861 0.25708514 0.92731202 4287952557
-0.33981621 0.25703928 0.92708683 4287952557
-0.33382887 0.25698131 0.92686498 4287952557
-0.32784414 0.25692201 0.92664731 4287952557
-0.32186219 0.25686184 0.92643243 4287952557
-0.31588304 0.25680324 0.92621273 4287952557
-0.30990669 0.25674561 0.92599022 4287952557
-0.30393305 0.25668782 0.92576861 4287952557
-0.29796228 0.2566306 0.92554569 4287952557
-0.29199436 0.25657526 0.92531747 4287952557
-0.28602955 0.2565217 0.92508411 4287952557
-0.28006792 0.25647134 0.92484111 4287952557
-0.27409381 0.25639832 0.92457938 4287952557
-0.26811129 0.2563073 0.92430353 4287952557
-0.26213598 0.25622338 0.924025 4287952557
-0.25616536 0.25614175 0.92374498 4287952557
-0.25019851 0.2560603 0.92346466 4287952557
-0.24423534 0.25597882 0.92318487 4287952557
-0.23827592 0.25589743 0.92290509 4287952557
-0.2323202 0.25581652 0.92262417 4287952557
-0.22636953 0.25573847 0.92234337 4287952557
-0.22042438 0.25566453 0.9220624 4287952557
-0.21448168 0.2555888 0.92177898 4287952557
-0.20854259 0.25551316 0.9214955 4287952557
-0.20260684 0.25543559 0.92121786 4287952557
-0.19667445 0.25535628 0.920946 4287952557
-0.19074532 0.25527444 0.92068243 4287952557
-0.1848195 0.25519094 0.92042387 4287952557
-0.17890364 0.25512516 0.92016238 4287952557
-0.17299373 0.25506678 0.91989821 4287952557
-0.16706821 0.25496331 0.91960824 4287952557
-0.16114706 0.25486112 0.91931474 4287952557
-0.15522994 0.25475755 0.91902602 4287952557
-0.14932503 0.25467446 0.91875356 4287952557
-0.14342874 0.25460374 0.91849536 4287952557
-0.13753565 0.25453243 0.91823912 4287952557
-0.13164602 0.25446281 0.91797805 4287952557
-0.12575603 0.25438333 0.91770548 4287952557
-0.11987095 0.25430927 0.91742891 4287952557
-0.1139895 0.25423589 0.91715056 4287952557
-0.10811161 0.25416255 0.91687232 4287952557
-0.10223728 0.25408882 0.91659588 4287952557
-0.096366301 0.25401384 0.91632342 4287952557
-0.090498544 0.25393653 0.91605836 4287952557
-0.084633917 0.25385612 0.91580319 4287952557
-0.078777395 0.25379542 0.91556674 4287952557
-0.072924145 0.25373524 0.91534024 4287952557
-0.067073435 0.25367296 0.91512007 4287952557
-0.061225355 0.25360969 0.9149031 4287952557
-0.05537999 0.25354627 0.91468656 4287952557
-0.049537458 0.25348401 0.9144665 4287952557
-0.043697909 0.25342372 0.91424066 4287952557
-0.037859507 0.25335139 0.91400212 4287952557
-0.032023057 0.25326955 0.91375065 4287952557
-0.026190229 0.25319052 0.91349095 4287952557
-0.020361252 0.25311306 0.91322702 4287952557
-0.014535909 0.2530365 0.91296172 4287952557
-0.0087147839 0.25296867 0.91269982 4287952557
-0.0028968931 0.25290051 0.91243893 4287952557
0.002917784 0.252832 0.91217941 4287952557
0.0087292381 0.25276357 0.91192138 4287952557
0.014537505 0.25269502 0.91166461 4287952557
0.020342577 0.25262639 0.91140825 4287952557
0.026144456 0.25255761 0.91115242 4287952557
0.031943142 0.25248882 0.91089708 4287952557
0.037738636 0.25241995 0.91064221 4287952557
0.043530758 0.25235119 0.91038716 4287952557
0.049320031 0.25228152 0.91013515 4287952557
0.055106219 0.25221181 0.90988338 4287952557
0.060889117 0.25214368 0.90962708 4287952557
0.066668369 0.25207931 0.90935916 4287952557
0.072443552 0.25201777 0.90907574 4287952557
0.07821124 0.25192425 0.90876341 4287952557
0.083974682 0.25183269 0.90844476 4287952557
0.089733742 0.25174356 0.90811914 4287952557
0.095488548 0.25165591 0.90778881 4287952557
0.10123847 0.25157264 0.90744454 4287952557
0.10698293 0.25151604 0.90706289 4287952557
0.11270719 0.25136939 0.90661037 4287952557
0.11844231 0.25114352 0.90631855 4287952557
0.12420074 0.25091943 0.90603495 4287952557
0.12989132 0.25086191 0.90536815 4287952557
0.13545637 0.25104135 0.90431279 4287952557
0.14063185 0.2515116 0.9021827 4287952557
0.14589277 0.24842697 0.89670438 4287952557
0.14576413 0.23944651 0.86276376 4282643381
0.15081936 0.23803304 0.86039042 4282643381
0.15611114 0.23814023 0.85924429 4282643381
0.16148934 0.23813398 0.85860628 4282643381
0.16689736 0.23807417 0.85820776 4282643381
0.17231339 0.23798512 0.85793424 4282643381
0.17772977 0.23787121 0.85777092 4282643381
0.18313532 0.23778182 0.85750121 4282643381
0.18853717 0.23768683 0.85725689 4282643381
0.19395861 0.23764148 0.85705394 4282643381
0.19942114 0.23767732 0.85689312 4282643381
0.20489661 0.23770967 0.85674781 4282643381
0.21033834 0.23764418 0.85703582 4282643381
0.21583158 0.23770057 0.85763139 4282643381
0.22125497 0.23779207 0.85936511 4282643381
0.22914802 0.24007486 0.86500382 4282643381
-0.73999387 0.25428572 0.8962456 4291520081
-0.73133236 0.25318426 0.89314991 4291520081
-0.72490031 0.25296435 0.89198649 4291520081
-0.71890026 0.25289595 0.89134985 4291520081
-0.71292162 0.2528078 0.89089453 4291520081
-0.70693821 0.25269353 0.89054799 4291520081
-0.7009635 0.25258866 0.89016342 4291520081
-0.69499421 0.25248635 0.88976949 4291520081
-0.68902582 0.2524398 0.88915557 4291520081
-0.68300766 0.25240096 0.8885293 4291520081
-0.67696047 0.25230139 0.88812035 4291520081
-0.67137343 0.25205812 0.8887068 4291520081
-0.66668499 0.25191513 0.89019942 4291520081
-0.66341597 0.25283569 0.8927657 4294901760
-0.66061598 0.2547442 0.89738029 4291520081
-0.65965474 0.25678521 0.90447176 4291520081
-0.65986341 0.25895104 0.9124248 4291520081
-0.66015053 0.26107284 0.9202556 4291520081
-0.66008562 0.26323435 0.92817527 4286097756
-0.65761727 0.26581571 0.93406522 4294901760
-0.65406287 0.26636413 0.93685323 4286097756
-0.64904368 0.2659018 0.93843031 4287952557
-0.64303529 0.26588812 0.93869644 4287952557
-0.63703436 0.26591462 0.93873638 4287952557
-0.63103646 0.26614839 0.93823475 4287952557
-0.62515843 0.2662167 0.93831414 4287952557
-0.6192733 0.26626003 0.93845677 4287952557
-0.61338311 0.26630157 0.93859577 4287952557
-0.60749108 0.26634187 0.9387387 4287952557
-0.60159743 0.2663818 0.93888324 4287952557
-0.59570205 0.26641995 0.93903363 4287952557
-0.58980471 0.26646051 0.93917602 4287952557
-0.58390534 0.2665104 0.9392885 4287952557
-0.57797569 0.26654792 0.9393512 4287952557
-0.57202518 0.26658595 0.93934947 4287952557
-0.56590492 0.26649502 0.93922836 4287952557
-0.55978566 0.26642451 0.93903589 4287952557
-0.55366999 0.26636562 0.93880731 4287952557
-0.54755747 0.26631054 0.93856728 4287952557
-0.54144746 0.2662515 0.93833965 4287952557
-0.5353353 0.2661854 0.93811947 4287952557
-0.52922565 0.26611948 0.93789691 4287952557
-0.52311903 0.26605451 0.93767178 4287952557
-0.51701546 0.26599076 0.93744302 4287952557
-0.51091522 0.26592976 0.93720621 4287952557
-0.50481826 0.26587161 0.93696117 4287952557
-0.49869284 0.26578569 0.9366948 4287952557
-0.49256381 0.2656965 0.93641287 4287952557
-0.48643923 0.26561201 0.93611711 4287952557
0.15436806 0.36364779 0.9139083 4282643381
0.1601045 0.36371803 0.91327167 4282643381
0.16587818 0.36373743 0.91291916 4282643381
0.17165792 0.36368188 0.91267818 4282643381
0.17743802 0.36358631 0.91249681 4282643381
0.18321562 0.36347175 0.91234416 4282643381
0.18898904 0.36340731 0.91211671 4282643381
0.19476061 0.36331457 0.9119314 4282643381
0.20053126 0.36331573 0.91160274 4282643381
0.20631984 0.36325622 0.91150272 4282643381
0.21225907 0.36339468 0.91242051 4282643381
0.21798182 0.36326545 0.91391158 4282643381
-0.71248996 0.38502648 0.95111376 4291520081
-0.70586675 0.38471228 0.95037496 4291520081
-0.69945961 0.3845439 0.94986498 4291520081
-0.69305557 0.38433793 0.94940811 4291520081
-0.68666452 0.38423347 0.94881779 4291520081
-0.68030512 0.3844282 0.94804108 4291520081
-0.67392653 0.38462168 0.94755989 4294901760
-0.66798294 0.38410237 0.94809854 4294901760
-0.66349876 0.38402015 0.95011628 4291520081
-0.66080201 0.38553062 0.95437253 4291520081
-0.65887338 0.38879225 0.96089077 4294901760
-0.65711832 0.39221567 0.96829844 4291520081
-0.65652186 0.39562503 0.97681457 4291520081
-0.65637249 0.39916116 0.98575115 4291520081
-0.65634525 0.40278599 0.99484187 4291520081
-0.65622723 0.40643767 1.0039601 4291520081
-0.65604877 0.4101505 1.0132481 4291520081
-0.65610588 0.41383871 1.0227721 4291520081
-0.65531409 0.41784292 1.0324247 4291520081
-0.65465719 0.42189935 1.0422707 4291520081
-0.6525442 0.42646733 1.0517142 4291520081
-0.65168679 0.43106249 1.0618044 4291520081
0.15092266 0.37197372 0.92244965 4282643381
0.15552682 0.37191749 0.9198491 4282643381
0.16117476 0.37221193 0.91923219 4282643381
0.16699578 0.37218121 0.91895485 4282643381
0.17281547 0.37213632 0.91869622 4282643381
0.17863698 0.37203172 0.91851872 4282643381
0.18445225 0.371943 0.91830754 4282643381
0.19026473 0.37186244 0.91808546 4282643381
0.19607566 0.37176988 0.91788065 4282643381
0.20191512 0.3718003 0.91765022 4282643381
0.20781241 0.37185681 0.91764408 4282643381
0.21364959 0.37164843 0.91845566 4282643381
0.21929303 0.37117368 0.92009878 4282643381
-0.71121025 0.39370111 0.95760894 4291520081
-0.7045818 0.39344209 0.95684737 4291520081
-0.69814247 0.39329398 0.95631927 4291520081
-0.6917212 0.39314976 0.95581549 4291520081
-0.68528581 0.393172 0.95508987 4291520081
-0.67877299 0.39316526 0.95438653 4291520081
-0.67217207 0.3931416 0.95378405 4294901760
-0.66642708 0.39233598 0.9545992 4294901760
-0.66264266 0.39326829 0.95765531 4291520081
-0.66023427 0.39505234 0.96238142 4294901760
-0.65819913 0.39838105 0.9690907 4294901760
-0.656744 0.40198296 0.97699684 4291520081
-0.65610731 0.40550154 0.98563242 4291520081
-0.655743 0.40917712 0.99468505 4291520081
-0.65591443 0.41283685 1.0038648 4291520081
-0.6559186 0.41660506 1.013154 4291520081
-0.65563214 0.42045355 1.0225879 4291520081
-0.65561134 0.42433852 1.032281 4291520081
-0.65477508 0.42838517 1.0419701 4291520081
-0.65412259 0.43267399 1.052194 4291520081
-0.65361971 0.4370729 1.0626391 4291520081
-0.65185153 0.44189635 1.0729986 4291520081
0.15222527 0.38011771 0.92878461 4282643381
0.1568083 0.38005581 0.92645603 4282643381
0.1621453 0.38089764 0.92525363 4282643381
0.16812654 0.38062847 0.92522323 4282643381
0.1740015 0.38036245 0.92521816 4282643381
0.17985708 0.38026211 0.92501408 4282643381
0.18570995 0.38015744 0.92481542 4282643381
0.19155976 0.3800599 0.92460877 4282643381
0.19744006 0.38006791 0.92451316 4282643381
0.20338809 0.38036761 0.92440069 4282643381
0.20930579 0.38029596 0.9247371 4282643381
0.21512087 0.38003111 0.92540032 4282643381
-0.70393986 0.40262955 0.96437156 4291520081
-0.69737172 0.40243649 0.96372122 4291520081
-0.69081241 0.40222618 0.96310002 4291520081
-0.68429589 0.40233788 0.9622187 4291520081
-0.67765945 0.40239596 0.96139371 4291520081
-0.67089772 0.40234512 0.96074218 4294901760
-0.66535503 0.40141317 0.96179312 4294901760
-0.66194582 0.40274221 0.96556896 4294901760
-0.65986443 0.40460911 0.97068727 4294901760
-0.65769559 0.40814817 0.97760314 4294901760
-0.65653551 0.41190574 0.9859274 4291520081
-0.65589088 0.41549811 0.99463022 4291520081
-0.65535659 0.41928059 1.0037146 4291520081
-0.65511113 0.42310956 1.0130131 4291520081
-0.65501159 0.42700538 1.0224708 4291520081
-0.65513599 0.43097258 1.0321259 4291520081
-0.65473926 0.43504217 1.0419167 4291520081
-0.65445715 0.4391959 1.0519578 4291520081
-0.65408039 0.44345313 1.0621945 4291520081
-0.6532709 0.44798142 1.0727966 4291520081
-0.65236419 0.45237803 1.0831617 4291520081
0.15796766 0.38951874 0.93402016 4282643381
0.1636176 0.39003742 0.93336898 4282643381
0.16951846 0.39035538 0.93300742 4282643381
0.17555292 0.3898958 0.93327832 4282643381
0.1814722 0.38980263 0.93313581 4282643381
0.18738875 0.38971245 0.93298954 4282643381
0.19330296 0.38961369 0.9328531 4282643381
0.19925481 0.38969392 0.93276715 4282643381
0.2052494 0.38984367 0.93280333 4282643381
0.21122986 0.38978168 0.93310225 4282643381
-0.69727701 0.41219518 0.97210324 4291520081
-0.69065732 0.41200203 0.97143638 4291520081
-0.68400019 0.41210318 0.97041905 4291520081
-0.67721826 0.41210201 0.96952522 4291520081
-0.67031395 0.41197038 0.96876961 4294901760
-0.66464686 0.41057476 0.96963257 4294901760
-0.66150743 0.41242743 0.97396368 4294901760
-0.65951687 0.41450951 0.97940439 4294901760
-0.65758288 0.41806877 0.98653996 4294901760
-0.65650547 0.42187768 0.9949795 4291520081
-0.65566975 0.4256357 1.0037172 4291520081
-0.65487564 0.42959616 1.012913 4291520081
-0.65423054 0.43362102 1.0223149 4291520081
-0.65438074 0.43759862 1.0320015 4291520081
-0.65433133 0.44171607 1.0418479 4291520081
-0.65431726 0.44592232 1.0519148 4291520081
-0.65372485 0.45027271 1.06212 4291520081
-0.65320164 0.45470697 1.0725399 4291520081
-0.65272802 0.45924565 1.0832026 4291520081
-0.65205359 0.46389607 1.0941238 4291520081
0.15921451 0.39898148 0.94202709 4282643381
0.16506146 0.39941821 0.94150382 4282643381
0.17104355 0.3996146 0.94127285 4282643381
0.1771073 0.39923722 0.94165641 4282643381
0.18310754 0.39923894 0.94162947 4282643381
0.18910763 0.39924082 0.94160247 4282643381
0.19507965 0.39913544 0.94149595 4282643381
0.20109887 0.39923677 0.94149256 4282643381
0.20717695 0.39955163 0.94136715 4282643381
-0.68390727 0.42196926 0.97926414 4291520081
-0.67713308 0.42213926 0.97840416 4294901760
-0.67026353 0.42203712 0.97776634 4294901760
-0.66447866 0.42062941 0.97852463 4294901760
-0.66143256 0.42257157 0.98308712 4294901760
-0.65939015 0.42451531 0.98842919 4294901760
-0.65737754 0.42817581 0.9956485 4294901760
-0.65641868 0.43201602 1.0041084 4291520081
-0.65514058 0.43604204 1.0128933 4291520081
-0.65435749 0.44016537 1.0222527 4291520081
-0.65428376 0.44418278 1.0319589 4291520081
-0.65398496 0.44837713 1.0417975 4291520081
-0.65372604 0.45267475 1.0518376 4291520081
-0.65341139 0.45710915 1.0621331 4291520081
-0.65295261 0.46166289 1.0726702 4291520081
-0.65211642 0.46622223 1.0831747 4291520081
-0.65163434 0.47093415 1.0940965 4291520081
-0.65110159 0.47561413 1.1049793 4291520081
0.17277211 0.40950856 0.95069826 4282643381
0.17885265 0.40923625 0.95093417 4282643381
0.18490872 0.40921766 0.95090353 4282643381
0.1909643 0.40920004 0.95087153 4282643381
0.19702494 0.40918893 0.95087206 4282643381
-0.67750102 0.43259606 0.98805994 4294901760
-0.67057461 0.43241921 0.9874351 4294901760
-0.66482097 0.43138024 0.98835677 4294901760
-0.66174072 0.4333289 0.99306941 4294901760
-0.65974569 0.43517447 0.99842083 4294901760
-0.65778369 0.43854481 1.0053786 4291520081
-0.65616143 0.44257355 1.0136592 4291520081
-0.65524054 0.44646063 1.022413 4291520081
-0.65474749 0.45068401 1.0320026 4291520081
-0.65419942 0.45500043 1.0418035 4291520081
-0.65369511 0.45947105 1.0519357 4291520081
-0.65331435 0.46399504 1.0622705 4291520081
-0.652834 0.46859139 1.0727758 4291520081
-0.65255862 0.473147 1.0833269 4291520081
-0.65204376 0.47788191 1.094149 4291520081
-0.65164387 0.48265094 1.1051123 4291520081
-0.67294967 0.44484946 1.0002129 4294901760
-0.66634285 0.44367635 1.000201 4294901760
-0.6624009 0.44473845 1.0037954 4294901760
-0.65993565 0.44670886 1.0093132 4291520081
-0.65788275 0.44936755 1.0157531 4291520081
-0.65718645 0.45348573 1.024403 4291520081
-0.65615326 0.45764253 1.0333986 4291520081
-0.655415 0.46184012 1.042765 4291520081
-0.65502 0.4661729 1.0526192 4291520081
-0.65436232 0.47065142 1.0626352 4291520081
-0.65357476 0.47536504 1.0729992 4291520081
-0.65336752 0.47999969 1.0835357 4291520081
